{"WorldStates": [{"BuilderPosition": {"Y": 1.0, "X": 0.0, "Yaw": 0.0, "Z": 0.0, "Pitch": 0.0}, "ChatHistory": ["<Builder> Mission has started."], "Timestamp": "2018-04-12 15:10:55", "BlocksInGrid": [], "ScreenshotPath": "0-Builder-chat.png", "BuilderInventory": [{"Index": 0, "Type": "cwc_minecraft_red_rn", "Quantity": 20}, {"Index": 1, "Type": "cwc_minecraft_orange_rn", "Quantity": 20}, {"Index": 2, "Type": "cwc_minecraft_yellow_rn", "Quantity": 20}, {"Index": 3, "Type": "cwc_minecraft_green_rn", "Quantity": 20}, {"Index": 4, "Type": "cwc_minecraft_blue_rn", "Quantity": 20}, {"Index": 5, "Type": "cwc_minecraft_purple_rn", "Quantity": 20}]}, {"BuilderPosition": {"Y": 1.0, "X": 0.0, "Yaw": 0.0, "Z": 0.0, "Pitch": 0.0}, "ChatHistory": ["<Builder> Mission has started.", "<Architect> ok this looks like 3 plus signs"], "Timestamp": "2018-04-12 15:11:03", "BlocksInGrid": [], "ScreenshotPath": "8647-Builder-chat.png", "BuilderInventory": [{"Index": 0, "Type": "cwc_minecraft_red_rn", "Quantity": 20}, {"Index": 1, "Type": "cwc_minecraft_orange_rn", "Quantity": 20}, {"Index": 2, "Type": "cwc_minecraft_yellow_rn", "Quantity": 20}, {"Index": 3, "Type": "cwc_minecraft_green_rn", "Quantity": 20}, {"Index": 4, "Type": "cwc_minecraft_blue_rn", "Quantity": 20}, {"Index": 5, "Type": "cwc_minecraft_purple_rn", "Quantity": 20}]}, {"BuilderPosition": {"Y": 1.0, "X": 0.0, "Yaw": 0.0, "Z": 0.0, "Pitch": 0.0}, "BuilderInventory": [{"Index": 0, "Type": "cwc_minecraft_red_rn", "Quantity": 20}, {"Index": 1, "Type": "cwc_minecraft_orange_rn", "Quantity": 20}, {"Index": 2, "Type": "cwc_minecraft_yellow_rn", "Quantity": 20}, {"Index": 3, "Type": "cwc_minecraft_green_rn", "Quantity": 20}, {"Index": 4, "Type": "cwc_minecraft_blue_rn", "Quantity": 20}, {"Index": 5, "Type": "cwc_minecraft_purple_rn", "Quantity": 20}], "ChatHistory": ["<Builder> Mission has started.", "<Architect> ok this looks like 3 plus signs", "<Architect> start in the center of the board and build a standing blue plus sign that is 3 blocks tall"], "Timestamp": "2018-04-12 15:11:35", "BlocksInGrid": [], "ScreenshotPath": "40175-Builder-chat.png"}, {"BuilderPosition": {"Y": 2.1066668221131923, "X": 1.1316057202001324, "Yaw": 156.00009, "Z": 0.9129428545830693, "Pitch": 77.10002}, "BuilderInventory": [{"Index": 0, "Type": "cwc_minecraft_red_rn", "Quantity": 20}, {"Index": 1, "Type": "cwc_minecraft_orange_rn", "Quantity": 20}, {"Index": 2, "Type": "cwc_minecraft_yellow_rn", "Quantity": 20}, {"Index": 3, "Type": "cwc_minecraft_green_rn", "Quantity": 20}, {"Index": 4, "Type": "cwc_minecraft_blue_rn", "Quantity": 19}, {"Index": 5, "Type": "cwc_minecraft_purple_rn", "Quantity": 20}], "ChatHistory": ["<Builder> Mission has started.", "<Architect> ok this looks like 3 plus signs", "<Architect> start in the center of the board and build a standing blue plus sign that is 3 blocks tall"], "Timestamp": "2018-04-12 15:11:45", "BlocksInGrid": [{"PerspectiveCoordinates": {"Y": 0.17321995309002847, "X": 0.913546096542, "Z": 1.0655648161157465}, "AbsoluteCoordinates": {"Y": 1, "X": 0, "Z": 0}, "Type": "cwc_minecraft_blue_rn"}], "ScreenshotPath": "50524-Builder-putdown.png"}, {"BuilderPosition": {"Y": 2.0435877702996392, "X": 1.8629230959998822, "Yaw": 115.65008, "Z": 0.9510866120744721, "Pitch": 48.750015}, "BuilderInventory": [{"Index": 0, "Type": "cwc_minecraft_red_rn", "Quantity": 20}, {"Index": 1, "Type": "cwc_minecraft_orange_rn", "Quantity": 20}, {"Index": 2, "Type": "cwc_minecraft_yellow_rn", "Quantity": 20}, {"Index": 3, "Type": "cwc_minecraft_green_rn", "Quantity": 20}, {"Index": 4, "Type": "cwc_minecraft_blue_rn", "Quantity": 18}, {"Index": 5, "Type": "cwc_minecraft_purple_rn", "Quantity": 20}], "ChatHistory": ["<Builder> Mission has started.", "<Architect> ok this looks like 3 plus signs", "<Architect> start in the center of the board and build a standing blue plus sign that is 3 blocks tall"], "Timestamp": "2018-04-12 15:11:46", "BlocksInGrid": [{"PerspectiveCoordinates": {"Y": 0.018403924621178864, "X": 0.432873840189, "Z": 1.346210063117177}, "AbsoluteCoordinates": {"Y": 1, "X": 0, "Z": 0}, "Type": "cwc_minecraft_blue_rn"}, {"PerspectiveCoordinates": {"Y": 0.6777495428901789, "X": 0.432873840189, "Z": 0.594370083022177}, "AbsoluteCoordinates": {"Y": 2, "X": 0, "Z": 0}, "Type": "cwc_minecraft_blue_rn"}], "ScreenshotPath": "51223-Builder-putdown.png"}, {"BuilderPosition": {"Y": 2.0435877702996392, "X": 2.5381457861154204, "Yaw": 105.60009, "Z": 1.1825462659591537, "Pitch": 20.250023}, "BuilderInventory": [{"Index": 0, "Type": "cwc_minecraft_red_rn", "Quantity": 20}, {"Index": 1, "Type": "cwc_minecraft_orange_rn", "Quantity": 20}, {"Index": 2, "Type": "cwc_minecraft_yellow_rn", "Quantity": 20}, {"Index": 3, "Type": "cwc_minecraft_green_rn", "Quantity": 20}, {"Index": 4, "Type": "cwc_minecraft_blue_rn", "Quantity": 17}, {"Index": 5, "Type": "cwc_minecraft_purple_rn", "Quantity": 20}], "ChatHistory": ["<Builder> Mission has started.", "<Architect> ok this looks like 3 plus signs", "<Architect> start in the center of the board and build a standing blue plus sign that is 3 blocks tall"], "Timestamp": "2018-04-12 15:11:47", "BlocksInGrid": [{"PerspectiveCoordinates": {"Y": -0.17837841586688816, "X": -0.425319477284, "Z": 2.4056775517499474}, "AbsoluteCoordinates": {"Y": 1, "X": 0, "Z": 0}, "Type": "cwc_minecraft_blue_rn"}, {"PerspectiveCoordinates": {"Y": 0.7598127811151119, "X": -0.425319477284, "Z": 2.0595601180579473}, "AbsoluteCoordinates": {"Y": 2, "X": 0, "Z": 0}, "Type": "cwc_minecraft_blue_rn"}, {"PerspectiveCoordinates": {"Y": 1.698003978097112, "X": -0.425319477284, "Z": 1.7134426843659474}, "AbsoluteCoordinates": {"Y": 3, "X": 0, "Z": 0}, "Type": "cwc_minecraft_blue_rn"}], "ScreenshotPath": "52274-Builder-putdown.png"}, {"BuilderPosition": {"Y": 2.0435877702996392, "X": 2.604147161382485, "Yaw": 111.00009, "Z": 1.1889158600417598, "Pitch": 33.000034}, "BuilderInventory": [{"Index": 0, "Type": "cwc_minecraft_red_rn", "Quantity": 20}, {"Index": 1, "Type": "cwc_minecraft_orange_rn", "Quantity": 20}, {"Index": 2, "Type": "cwc_minecraft_yellow_rn", "Quantity": 20}, {"Index": 3, "Type": "cwc_minecraft_green_rn", "Quantity": 20}, {"Index": 4, "Type": "cwc_minecraft_blue_rn", "Quantity": 16}, {"Index": 5, "Type": "cwc_minecraft_purple_rn", "Quantity": 20}], "ChatHistory": ["<Builder> Mission has started.", "<Architect> ok this looks like 3 plus signs", "<Architect> start in the center of the board and build a standing blue plus sign that is 3 blocks tall"], "Timestamp": "2018-04-12 15:11:48", "BlocksInGrid": [{"PerspectiveCoordinates": {"Y": 0.3734409077709113, "X": -0.21684103155300005, "Z": 2.4111246038809004}, "AbsoluteCoordinates": {"Y": 1, "X": 0, "Z": 0}, "Type": "cwc_minecraft_blue_rn"}, {"PerspectiveCoordinates": {"Y": 1.2121111525209112, "X": -0.21684103155300005, "Z": 1.8664850711889005}, "AbsoluteCoordinates": {"Y": 2, "X": 0, "Z": 0}, "Type": "cwc_minecraft_blue_rn"}, {"PerspectiveCoordinates": {"Y": 0.7036466518938513, "X": -0.575210447563, "Z": 1.0835194185124608}, "AbsoluteCoordinates": {"Y": 2, "X": 1, "Z": 0}, "Type": "cwc_minecraft_blue_rn"}, {"PerspectiveCoordinates": {"Y": 2.050781397270911, "X": -0.21684103155300005, "Z": 1.3218455384969003}, "AbsoluteCoordinates": {"Y": 3, "X": 0, "Z": 0}, "Type": "cwc_minecraft_blue_rn"}], "ScreenshotPath": "53023-Builder-putdown.png"}, {"BuilderPosition": {"Y": 2.0435877702996392, "X": -2.1169043424517167, "Yaw": 225.9001, "Z": 2.189789529532676, "Pitch": 25.200037}, "BuilderInventory": [{"Index": 0, "Type": "cwc_minecraft_red_rn", "Quantity": 20}, {"Index": 1, "Type": "cwc_minecraft_orange_rn", "Quantity": 20}, {"Index": 2, "Type": "cwc_minecraft_yellow_rn", "Quantity": 20}, {"Index": 3, "Type": "cwc_minecraft_green_rn", "Quantity": 20}, {"Index": 4, "Type": "cwc_minecraft_blue_rn", "Quantity": 15}, {"Index": 5, "Type": "cwc_minecraft_purple_rn", "Quantity": 20}], "ChatHistory": ["<Builder> Mission has started.", "<Architect> ok this looks like 3 plus signs", "<Architect> start in the center of the board and build a standing blue plus sign that is 3 blocks tall"], "Timestamp": "2018-04-12 15:11:49", "BlocksInGrid": [{"PerspectiveCoordinates": {"Y": 0.6050762127087939, "X": -0.6514796049540001, "Z": 3.6344816825989654}, "AbsoluteCoordinates": {"Y": 1, "X": 0, "Z": 0}, "Type": "cwc_minecraft_blue_rn"}, {"PerspectiveCoordinates": {"Y": 1.2041387471427198, "X": 0.044431938270000026, "Z": 2.558920803872899}, "AbsoluteCoordinates": {"Y": 2, "X": -1, "Z": 0}, "Type": "cwc_minecraft_blue_rn"}, {"PerspectiveCoordinates": {"Y": 1.5099029902187937, "X": -0.6514796049540001, "Z": 3.2087018067219657}, "AbsoluteCoordinates": {"Y": 2, "X": 0, "Z": 0}, "Type": "cwc_minecraft_blue_rn"}, {"PerspectiveCoordinates": {"Y": 1.8156672332948676, "X": -1.3473911481779999, "Z": 3.8584828095710324}, "AbsoluteCoordinates": {"Y": 2, "X": 1, "Z": 0}, "Type": "cwc_minecraft_blue_rn"}, {"PerspectiveCoordinates": {"Y": 2.4147297677287938, "X": -0.6514796049540001, "Z": 2.7829219308449655}, "AbsoluteCoordinates": {"Y": 3, "X": 0, "Z": 0}, "Type": "cwc_minecraft_blue_rn"}], "ScreenshotPath": "54423-Builder-putdown.png"}, {"BuilderPosition": {"Y": 2.0435877702996392, "X": -0.09988866383508736, "Yaw": 177.15012, "Z": 3.8844258089640604, "Pitch": 24.450031}, "ChatHistory": ["<Builder> Mission has started.", "<Architect> ok this looks like 3 plus signs", "<Architect> start in the center of the board and build a standing blue plus sign that is 3 blocks tall", "<Architect> now delete the center block"], "Timestamp": "2018-04-12 15:11:58", "BlocksInGrid": [{"PerspectiveCoordinates": {"Y": 0.3092613919890368, "X": -1.1479210778897, "Z": 3.0962290920366855}, "AbsoluteCoordinates": {"Y": 1, "X": 0, "Z": 0}, "Type": "cwc_minecraft_blue_rn"}, {"PerspectiveCoordinates": {"Y": 1.2401627658241194, "X": -0.1491578461917, "Z": 2.7275901912117493}, "AbsoluteCoordinates": {"Y": 2, "X": -1, "Z": 0}, "Type": "cwc_minecraft_blue_rn"}, {"PerspectiveCoordinates": {"Y": 1.2195839805150368, "X": -1.1479210778897, "Z": 2.6823296056636856}, "AbsoluteCoordinates": {"Y": 2, "X": 0, "Z": 0}, "Type": "cwc_minecraft_blue_rn"}, {"PerspectiveCoordinates": {"Y": 1.1990051952059544, "X": -2.1466843095877, "Z": 2.637069020115622}, "AbsoluteCoordinates": {"Y": 2, "X": 1, "Z": 0}, "Type": "cwc_minecraft_blue_rn"}, {"PerspectiveCoordinates": {"Y": 2.1299065690410366, "X": -1.1479210778897, "Z": 2.2684301192906853}, "AbsoluteCoordinates": {"Y": 3, "X": 0, "Z": 0}, "Type": "cwc_minecraft_blue_rn"}], "ScreenshotPath": "62939-Builder-chat.png", "BuilderInventory": [{"Index": 0, "Type": "cwc_minecraft_red_rn", "Quantity": 20}, {"Index": 1, "Type": "cwc_minecraft_orange_rn", "Quantity": 20}, {"Index": 2, "Type": "cwc_minecraft_yellow_rn", "Quantity": 20}, {"Index": 3, "Type": "cwc_minecraft_green_rn", "Quantity": 20}, {"Index": 4, "Type": "cwc_minecraft_blue_rn", "Quantity": 15}, {"Index": 5, "Type": "cwc_minecraft_purple_rn", "Quantity": 20}]}, {"BuilderPosition": {"Y": 2.0435877702996392, "X": -0.08148806094451591, "Yaw": 191.4001, "Z": 3.0115645163920206, "Pitch": 25.350029}, "BuilderInventory": [{"Index": 0, "Type": "cwc_minecraft_red_rn", "Quantity": 20}, {"Index": 1, "Type": "cwc_minecraft_orange_rn", "Quantity": 20}, {"Index": 2, "Type": "cwc_minecraft_yellow_rn", "Quantity": 20}, {"Index": 3, "Type": "cwc_minecraft_green_rn", "Quantity": 20}, {"Index": 4, "Type": "cwc_minecraft_blue_rn", "Quantity": 16}, {"Index": 5, "Type": "cwc_minecraft_purple_rn", "Quantity": 20}], "ChatHistory": ["<Builder> Mission has started.", "<Architect> ok this looks like 3 plus signs", "<Architect> start in the center of the board and build a standing blue plus sign that is 3 blocks tall", "<Architect> now delete the center block"], "Timestamp": "2018-04-12 15:11:59", "BlocksInGrid": [{"PerspectiveCoordinates": {"Y": 0.44001849880429517, "X": -0.38729367581800006, "Z": 3.264412248686796}, "AbsoluteCoordinates": {"Y": 1, "X": 0, "Z": 0}, "Type": "cwc_minecraft_blue_rn"}, {"PerspectiveCoordinates": {"Y": 1.2591003941542327, "X": 0.5929771538249999, "Z": 2.657638856669237}, "AbsoluteCoordinates": {"Y": 2, "X": -1, "Z": 0}, "Type": "cwc_minecraft_blue_rn"}, {"PerspectiveCoordinates": {"Y": 1.4283547007823578, "X": -1.3675645054610002, "Z": 3.014891403044355}, "AbsoluteCoordinates": {"Y": 2, "X": 1, "Z": 0}, "Type": "cwc_minecraft_blue_rn"}, {"PerspectiveCoordinates": {"Y": 2.247436596132295, "X": -0.38729367581800006, "Z": 2.408118011026796}, "AbsoluteCoordinates": {"Y": 3, "X": 0, "Z": 0}, "Type": "cwc_minecraft_blue_rn"}], "ScreenshotPath": "64389-Builder-pickup.png"}, {"BuilderPosition": {"Y": 1.0, "X": 0.29387319094492614, "Yaw": 181.9505, "Z": 4.171939821828465, "Pitch": 0.7500456}, "ChatHistory": ["<Builder> Mission has started.", "<Architect> ok this looks like 3 plus signs", "<Architect> start in the center of the board and build a standing blue plus sign that is 3 blocks tall", "<Architect> now delete the center block", "<Architect> ok now right behind it but one space to the left, build the same thing in green"], "Timestamp": "2018-04-12 15:12:29", "BlocksInGrid": [{"PerspectiveCoordinates": {"Y": 0.052331227466526783, "X": 0.136144288374, "Z": 3.9973398873968287}, "AbsoluteCoordinates": {"Y": 1, "X": 0, "Z": 0}, "Type": "cwc_minecraft_blue_rn"}, {"PerspectiveCoordinates": {"Y": 1.051799999118013, "X": 1.135564893423, "Z": 3.950216340237484}, "AbsoluteCoordinates": {"Y": 2, "X": -1, "Z": 0}, "Type": "cwc_minecraft_blue_rn"}, {"PerspectiveCoordinates": {"Y": 1.0526910901270405, "X": -0.8632763166749999, "Z": 4.018282651809573}, "AbsoluteCoordinates": {"Y": 2, "X": 1, "Z": 0}, "Type": "cwc_minecraft_blue_rn"}, {"PerspectiveCoordinates": {"Y": 2.052159861778527, "X": 0.136144288374, "Z": 3.9711591046502286}, "AbsoluteCoordinates": {"Y": 3, "X": 0, "Z": 0}, "Type": "cwc_minecraft_blue_rn"}], "ScreenshotPath": "94233-Builder-chat.png", "BuilderInventory": [{"Index": 0, "Type": "cwc_minecraft_red_rn", "Quantity": 20}, {"Index": 1, "Type": "cwc_minecraft_orange_rn", "Quantity": 20}, {"Index": 2, "Type": "cwc_minecraft_yellow_rn", "Quantity": 20}, {"Index": 3, "Type": "cwc_minecraft_green_rn", "Quantity": 20}, {"Index": 4, "Type": "cwc_minecraft_blue_rn", "Quantity": 16}, {"Index": 5, "Type": "cwc_minecraft_purple_rn", "Quantity": 20}]}, {"BuilderPosition": {"Y": 1.0, "X": 0.612123514018679, "Yaw": 324.30057, "Z": -2.0221701005353347, "Pitch": 47.700066}, "ChatHistory": ["<Builder> Mission has started.", "<Architect> ok this looks like 3 plus signs", "<Architect> start in the center of the board and build a standing blue plus sign that is 3 blocks tall", "<Architect> now delete the center block", "<Architect> ok now right behind it but one space to the left, build the same thing in green"], "Timestamp": "2018-04-12 15:12:38", "BlocksInGrid": [{"PerspectiveCoordinates": {"Y": 1.6328940051227607, "X": -0.3549769326889999, "Z": 1.485815784437949}, "AbsoluteCoordinates": {"Y": 1, "X": 1, "Z": -1}, "Type": "cwc_minecraft_green_rn"}, {"PerspectiveCoordinates": {"Y": 1.8019414545787096, "X": -1.750599397242, "Z": 1.6396367721644254}, "AbsoluteCoordinates": {"Y": 1, "X": 0, "Z": 0}, "Type": "cwc_minecraft_blue_rn"}, {"PerspectiveCoordinates": {"Y": 2.043353414023422, "X": -2.5626887293809997, "Z": 0.5072802989364267}, "AbsoluteCoordinates": {"Y": 2, "X": -1, "Z": 0}, "Type": "cwc_minecraft_blue_rn"}, {"PerspectiveCoordinates": {"Y": 2.9065528181639975, "X": -0.9385100651029998, "Z": 1.292729504926424}, "AbsoluteCoordinates": {"Y": 2, "X": 1, "Z": 0}, "Type": "cwc_minecraft_blue_rn"}, {"PerspectiveCoordinates": {"Y": 3.1479647776087094, "X": -1.750599397242, "Z": 0.16037303169842523}, "AbsoluteCoordinates": {"Y": 3, "X": 0, "Z": 0}, "Type": "cwc_minecraft_blue_rn"}], "ScreenshotPath": "102832-Builder-putdown.png", "BuilderInventory": [{"Index": 0, "Type": "cwc_minecraft_red_rn", "Quantity": 20}, {"Index": 1, "Type": "cwc_minecraft_orange_rn", "Quantity": 20}, {"Index": 2, "Type": "cwc_minecraft_yellow_rn", "Quantity": 20}, {"Index": 3, "Type": "cwc_minecraft_green_rn", "Quantity": 19}, {"Index": 4, "Type": "cwc_minecraft_blue_rn", "Quantity": 16}, {"Index": 5, "Type": "cwc_minecraft_purple_rn", "Quantity": 20}]}, {"BuilderPosition": {"Y": 1.0, "X": 3.2590266634793155, "Yaw": 35.850616, "Z": -2.3540653719330704, "Pitch": 27.000072}, "ChatHistory": ["<Builder> Mission has started.", "<Architect> ok this looks like 3 plus signs", "<Architect> start in the center of the board and build a standing blue plus sign that is 3 blocks tall", "<Architect> now delete the center block", "<Architect> ok now right behind it but one space to the left, build the same thing in green"], "Timestamp": "2018-04-12 15:12:40", "BlocksInGrid": [{"PerspectiveCoordinates": {"Y": 1.2677449887191767, "X": -0.44974557682600014, "Z": 2.488081903736147}, "AbsoluteCoordinates": {"Y": 1, "X": 1, "Z": -1}, "Type": "cwc_minecraft_green_rn"}, {"PerspectiveCoordinates": {"Y": 1.001853922225925, "X": 0.3608011648599999, "Z": 1.9662429244510882}, "AbsoluteCoordinates": {"Y": 1, "X": 2, "Z": -1}, "Type": "cwc_minecraft_green_rn"}, {"PerspectiveCoordinates": {"Y": 1.901617483078765, "X": -0.6746183652390001, "Z": 3.7321228556042207}, "AbsoluteCoordinates": {"Y": 1, "X": 0, "Z": 0}, "Type": "cwc_minecraft_blue_rn"}, {"PerspectiveCoordinates": {"Y": 3.0585145032580168, "X": -1.4851651069250003, "Z": 3.7999702154782797}, "AbsoluteCoordinates": {"Y": 2, "X": -1, "Z": 0}, "Type": "cwc_minecraft_blue_rn"}, {"PerspectiveCoordinates": {"Y": 2.5267323702715134, "X": 0.13592837644699984, "Z": 2.756292256908161}, "AbsoluteCoordinates": {"Y": 2, "X": 1, "Z": 0}, "Type": "cwc_minecraft_blue_rn"}, {"PerspectiveCoordinates": {"Y": 3.683629390450765, "X": -0.6746183652390001, "Z": 2.8241396167822206}, "AbsoluteCoordinates": {"Y": 3, "X": 0, "Z": 0}, "Type": "cwc_minecraft_blue_rn"}], "ScreenshotPath": "105231-Builder-putdown.png", "BuilderInventory": [{"Index": 0, "Type": "cwc_minecraft_red_rn", "Quantity": 20}, {"Index": 1, "Type": "cwc_minecraft_orange_rn", "Quantity": 20}, {"Index": 2, "Type": "cwc_minecraft_yellow_rn", "Quantity": 20}, {"Index": 3, "Type": "cwc_minecraft_green_rn", "Quantity": 18}, {"Index": 4, "Type": "cwc_minecraft_blue_rn", "Quantity": 16}, {"Index": 5, "Type": "cwc_minecraft_purple_rn", "Quantity": 20}]}, {"BuilderPosition": {"Y": 1.0, "X": 3.2590266634793155, "Yaw": 17.700623, "Z": -2.3540653719330704, "Pitch": 21.150074}, "ChatHistory": ["<Builder> Mission has started.", "<Architect> ok this looks like 3 plus signs", "<Architect> start in the center of the board and build a standing blue plus sign that is 3 blocks tall", "<Architect> now delete the center block", "<Architect> ok now right behind it but one space to the left, build the same thing in green"], "Timestamp": "2018-04-12 15:12:41", "BlocksInGrid": [{"PerspectiveCoordinates": {"Y": 0.9068661097129752, "X": -1.297229511492, "Z": 2.3440967244473625}, "AbsoluteCoordinates": {"Y": 1, "X": 1, "Z": -1}, "Type": "cwc_minecraft_green_rn"}, {"PerspectiveCoordinates": {"Y": 0.7971635859734265, "X": -0.34457133616799995, "Z": 2.060534108304529}, "AbsoluteCoordinates": {"Y": 1, "X": 2, "Z": -1}, "Type": "cwc_minecraft_green_rn"}, {"PerspectiveCoordinates": {"Y": 1.3602991645694629, "X": -1.9458442672379996, "Z": 3.5161450866710444}, "AbsoluteCoordinates": {"Y": 1, "X": 0, "Z": 0}, "Type": "cwc_minecraft_blue_rn"}, {"PerspectiveCoordinates": {"Y": 1.7298021431124266, "X": -0.34457133616799995, "Z": 1.699722077273529}, "AbsoluteCoordinates": {"Y": 2, "X": 2, "Z": -1}, "Type": "cwc_minecraft_green_rn"}, {"PerspectiveCoordinates": {"Y": 2.4026402454480116, "X": -2.898502442562, "Z": 3.4388956717828782}, "AbsoluteCoordinates": {"Y": 2, "X": -1, "Z": 0}, "Type": "cwc_minecraft_blue_rn"}, {"PerspectiveCoordinates": {"Y": 2.1832351979689144, "X": -0.9931860919139999, "Z": 2.871770439497211}, "AbsoluteCoordinates": {"Y": 2, "X": 1, "Z": 0}, "Type": "cwc_minecraft_blue_rn"}, {"PerspectiveCoordinates": {"Y": 3.225576278847463, "X": -1.9458442672379996, "Z": 2.794521024609044}, "AbsoluteCoordinates": {"Y": 3, "X": 0, "Z": 0}, "Type": "cwc_minecraft_blue_rn"}], "ScreenshotPath": "105932-Builder-putdown.png", "BuilderInventory": [{"Index": 0, "Type": "cwc_minecraft_red_rn", "Quantity": 20}, {"Index": 1, "Type": "cwc_minecraft_orange_rn", "Quantity": 20}, {"Index": 2, "Type": "cwc_minecraft_yellow_rn", "Quantity": 20}, {"Index": 3, "Type": "cwc_minecraft_green_rn", "Quantity": 17}, {"Index": 4, "Type": "cwc_minecraft_blue_rn", "Quantity": 16}, {"Index": 5, "Type": "cwc_minecraft_purple_rn", "Quantity": 20}]}, {"BuilderPosition": {"Y": 1.0, "X": 2.0746176972077275, "Yaw": 334.50064, "Z": -2.2542367591832164, "Pitch": 37.80008}, "BuilderInventory": [{"Index": 0, "Type": "cwc_minecraft_red_rn", "Quantity": 20}, {"Index": 1, "Type": "cwc_minecraft_orange_rn", "Quantity": 20}, {"Index": 2, "Type": "cwc_minecraft_yellow_rn", "Quantity": 20}, {"Index": 3, "Type": "cwc_minecraft_green_rn", "Quantity": 18}, {"Index": 4, "Type": "cwc_minecraft_blue_rn", "Quantity": 16}, {"Index": 5, "Type": "cwc_minecraft_purple_rn", "Quantity": 20}], "ChatHistory": ["<Builder> Mission has started.", "<Architect> ok this looks like 3 plus signs", "<Architect> start in the center of the board and build a standing blue plus sign that is 3 blocks tall", "<Architect> now delete the center block", "<Architect> ok now right behind it but one space to the left, build the same thing in green"], "Timestamp": "2018-04-12 15:12:42", "BlocksInGrid": [{"PerspectiveCoordinates": {"Y": 0.8425520773507373, "X": -1.7635921227629998, "Z": 1.0862084613381846}, "AbsoluteCoordinates": {"Y": 1, "X": 1, "Z": -1}, "Type": "cwc_minecraft_green_rn"}, {"PerspectiveCoordinates": {"Y": 1.1318993242579778, "X": -3.096683230719, "Z": 1.4592316088732185}, "AbsoluteCoordinates": {"Y": 1, "X": 0, "Z": 0}, "Type": "cwc_minecraft_blue_rn"}, {"PerspectiveCoordinates": {"Y": 1.8965638174819937, "X": -0.861002029614, "Z": 0.8134624706893011}, "AbsoluteCoordinates": {"Y": 2, "X": 2, "Z": -1}, "Type": "cwc_minecraft_green_rn"}, {"PerspectiveCoordinates": {"Y": 1.6581958973167212, "X": -3.9992733238679996, "Z": 0.5061612856881017}, "AbsoluteCoordinates": {"Y": 2, "X": -1, "Z": 0}, "Type": "cwc_minecraft_blue_rn"}, {"PerspectiveCoordinates": {"Y": 2.1859110643892343, "X": -2.19409313757, "Z": 1.186485618224335}, "AbsoluteCoordinates": {"Y": 2, "X": 1, "Z": 0}, "Type": "cwc_minecraft_blue_rn"}, {"PerspectiveCoordinates": {"Y": 2.7122076374479778, "X": -3.096683230719, "Z": 0.23341529503921846}, "AbsoluteCoordinates": {"Y": 3, "X": 0, "Z": 0}, "Type": "cwc_minecraft_blue_rn"}], "ScreenshotPath": "107382-Builder-pickup.png"}, {"BuilderPosition": {"Y": 1.0, "X": 1.5050298997592373, "Yaw": 352.9506, "Z": -1.9891584649853062, "Pitch": 26.100082}, "ChatHistory": ["<Builder> Mission has started.", "<Architect> ok this looks like 3 plus signs", "<Architect> start in the center of the board and build a standing blue plus sign that is 3 blocks tall", "<Architect> now delete the center block", "<Architect> ok now right behind it but one space to the left, build the same thing in green"], "Timestamp": "2018-04-12 15:12:43", "BlocksInGrid": [{"PerspectiveCoordinates": {"Y": 0.4366148166727989, "X": -0.122725063999, "Z": 0.8912384981190469}, "AbsoluteCoordinates": {"Y": 1, "X": 1, "Z": -1}, "Type": "cwc_minecraft_green_rn"}, {"PerspectiveCoordinates": {"Y": 0.8192379128394193, "X": -1.237890835883, "Z": 1.6722665818012175}, "AbsoluteCoordinates": {"Y": 1, "X": 0, "Z": 0}, "Type": "cwc_minecraft_blue_rn"}, {"PerspectiveCoordinates": {"Y": 1.3346417628047988, "X": -0.122725063999, "Z": 0.4512980430330469}, "AbsoluteCoordinates": {"Y": 2, "X": 1, "Z": -1}, "Type": "cwc_minecraft_green_rn"}, {"PerspectiveCoordinates": {"Y": 1.3886334833109775, "X": 0.8697156438860001, "Z": 0.5615084574699231}, "AbsoluteCoordinates": {"Y": 2, "X": 2, "Z": -1}, "Type": "cwc_minecraft_green_rn"}, {"PerspectiveCoordinates": {"Y": 1.6632731384652408, "X": -2.230331543768, "Z": 1.1221157122783414}, "AbsoluteCoordinates": {"Y": 2, "X": -1, "Z": 0}, "Type": "cwc_minecraft_blue_rn"}, {"PerspectiveCoordinates": {"Y": 1.7712565794775978, "X": -0.245450127998, "Z": 1.3425365411520938}, "AbsoluteCoordinates": {"Y": 2, "X": 1, "Z": 0}, "Type": "cwc_minecraft_blue_rn"}, {"PerspectiveCoordinates": {"Y": 2.615291805103419, "X": -1.237890835883, "Z": 0.7923856716292175}, "AbsoluteCoordinates": {"Y": 3, "X": 0, "Z": 0}, "Type": "cwc_minecraft_blue_rn"}], "ScreenshotPath": "108081-Builder-putdown.png", "BuilderInventory": [{"Index": 0, "Type": "cwc_minecraft_red_rn", "Quantity": 20}, {"Index": 1, "Type": "cwc_minecraft_orange_rn", "Quantity": 20}, {"Index": 2, "Type": "cwc_minecraft_yellow_rn", "Quantity": 20}, {"Index": 3, "Type": "cwc_minecraft_green_rn", "Quantity": 17}, {"Index": 4, "Type": "cwc_minecraft_blue_rn", "Quantity": 16}, {"Index": 5, "Type": "cwc_minecraft_purple_rn", "Quantity": 20}]}, {"BuilderPosition": {"Y": 1.0, "X": 0.021891640998897843, "Yaw": 320.40054, "Z": -2.093206111215118, "Pitch": 13.50009}, "ChatHistory": ["<Builder> Mission has started.", "<Architect> ok this looks like 3 plus signs", "<Architect> start in the center of the board and build a standing blue plus sign that is 3 blocks tall", "<Architect> now delete the center block", "<Architect> ok now right behind it but one space to the left, build the same thing in green"], "Timestamp": "2018-04-12 15:12:44", "BlocksInGrid": [{"PerspectiveCoordinates": {"Y": 0.5085536008102057, "X": -0.5043142052870001, "Z": 2.118263538241647}, "AbsoluteCoordinates": {"Y": 1, "X": 1, "Z": -1}, "Type": "cwc_minecraft_green_rn"}, {"PerspectiveCoordinates": {"Y": 0.5396259709094655, "X": -1.912250183412, "Z": 2.2476883786579793}, "AbsoluteCoordinates": {"Y": 1, "X": 0, "Z": 0}, "Type": "cwc_minecraft_blue_rn"}, {"PerspectiveCoordinates": {"Y": 1.332120200973977, "X": -1.274833455608, "Z": 1.2650120278543198}, "AbsoluteCoordinates": {"Y": 2, "X": 0, "Z": -1}, "Type": "cwc_minecraft_green_rn"}, {"PerspectiveCoordinates": {"Y": 1.4809231545112056, "X": -0.5043142052870001, "Z": 1.8848166469906469}, "AbsoluteCoordinates": {"Y": 2, "X": 1, "Z": -1}, "Type": "cwc_minecraft_green_rn"}, {"PerspectiveCoordinates": {"Y": 1.6297261080484344, "X": 0.2662050450339999, "Z": 2.5046212661269744}, "AbsoluteCoordinates": {"Y": 2, "X": 2, "Z": -1}, "Type": "cwc_minecraft_green_rn"}, {"PerspectiveCoordinates": {"Y": 1.3631925710732369, "X": -2.682769433733, "Z": 1.3944368682706523}, "AbsoluteCoordinates": {"Y": 2, "X": -1, "Z": 0}, "Type": "cwc_minecraft_blue_rn"}, {"PerspectiveCoordinates": {"Y": 1.660798478147694, "X": -1.1417309330910002, "Z": 2.6340461065433067}, "AbsoluteCoordinates": {"Y": 2, "X": 1, "Z": 0}, "Type": "cwc_minecraft_blue_rn"}, {"PerspectiveCoordinates": {"Y": 2.4843650783114657, "X": -1.912250183412, "Z": 1.7807945961559795}, "AbsoluteCoordinates": {"Y": 3, "X": 0, "Z": 0}, "Type": "cwc_minecraft_blue_rn"}], "ScreenshotPath": "108881-Builder-putdown.png", "BuilderInventory": [{"Index": 0, "Type": "cwc_minecraft_red_rn", "Quantity": 20}, {"Index": 1, "Type": "cwc_minecraft_orange_rn", "Quantity": 20}, {"Index": 2, "Type": "cwc_minecraft_yellow_rn", "Quantity": 20}, {"Index": 3, "Type": "cwc_minecraft_green_rn", "Quantity": 16}, {"Index": 4, "Type": "cwc_minecraft_blue_rn", "Quantity": 16}, {"Index": 5, "Type": "cwc_minecraft_purple_rn", "Quantity": 20}]}, {"BuilderPosition": {"Y": 3.5135425939552944, "X": 0.021891640998897843, "Yaw": 316.8006, "Z": -2.093206111215118, "Pitch": 45.750095}, "ChatHistory": ["<Builder> Mission has started.", "<Architect> ok this looks like 3 plus signs", "<Architect> start in the center of the board and build a standing blue plus sign that is 3 blocks tall", "<Architect> now delete the center block", "<Architect> ok now right behind it but one space to the left, build the same thing in green"], "Timestamp": "2018-04-12 15:12:46", "BlocksInGrid": [{"PerspectiveCoordinates": {"Y": 0.13909444742141908, "X": -0.640103148358, "Z": 2.9276134810045864}, "AbsoluteCoordinates": {"Y": 1, "X": 1, "Z": -1}, "Type": "cwc_minecraft_green_rn"}, {"PerspectiveCoordinates": {"Y": 0.17092432392418475, "X": -2.05361841645, "Z": 2.9586206710411833}, "AbsoluteCoordinates": {"Y": 1, "X": 0, "Z": 0}, "Type": "cwc_minecraft_blue_rn"}, {"PerspectiveCoordinates": {"Y": 0.3465459733384565, "X": -1.3690789443, "Z": 1.7336460805594556}, "AbsoluteCoordinates": {"Y": 2, "X": 0, "Z": -1}, "Type": "cwc_minecraft_green_rn"}, {"PerspectiveCoordinates": {"Y": 0.8368837195884191, "X": -0.640103148358, "Z": 2.2113103806005863}, "AbsoluteCoordinates": {"Y": 2, "X": 1, "Z": -1}, "Type": "cwc_minecraft_green_rn"}, {"PerspectiveCoordinates": {"Y": 1.3272214658383819, "X": 0.08887264758400004, "Z": 2.688974680641717}, "AbsoluteCoordinates": {"Y": 2, "X": 2, "Z": -1}, "Type": "cwc_minecraft_green_rn"}, {"PerspectiveCoordinates": {"Y": 0.37837584984122213, "X": -2.782594212392, "Z": 1.7646532705960523}, "AbsoluteCoordinates": {"Y": 2, "X": -1, "Z": 0}, "Type": "cwc_minecraft_blue_rn"}, {"PerspectiveCoordinates": {"Y": 1.3590513423411474, "X": -1.324642620508, "Z": 2.719981870678314}, "AbsoluteCoordinates": {"Y": 2, "X": 1, "Z": 0}, "Type": "cwc_minecraft_blue_rn"}, {"PerspectiveCoordinates": {"Y": 1.5346729917554192, "X": -0.640103148358, "Z": 1.4950072801965864}, "AbsoluteCoordinates": {"Y": 3, "X": 1, "Z": -1}, "Type": "cwc_minecraft_green_rn"}, {"PerspectiveCoordinates": {"Y": 1.5665028682581847, "X": -2.05361841645, "Z": 1.5260144702331833}, "AbsoluteCoordinates": {"Y": 3, "X": 0, "Z": 0}, "Type": "cwc_minecraft_blue_rn"}], "ScreenshotPath": "110730-Builder-putdown.png", "BuilderInventory": [{"Index": 0, "Type": "cwc_minecraft_red_rn", "Quantity": 20}, {"Index": 1, "Type": "cwc_minecraft_orange_rn", "Quantity": 20}, {"Index": 2, "Type": "cwc_minecraft_yellow_rn", "Quantity": 20}, {"Index": 3, "Type": "cwc_minecraft_green_rn", "Quantity": 15}, {"Index": 4, "Type": "cwc_minecraft_blue_rn", "Quantity": 16}, {"Index": 5, "Type": "cwc_minecraft_purple_rn", "Quantity": 20}]}, {"BuilderPosition": {"Y": 3.5329282753448883, "X": 0.021891640998897843, "Yaw": 312.6006, "Z": -2.093206111215118, "Pitch": 55.350098}, "BuilderInventory": [{"Index": 0, "Type": "cwc_minecraft_red_rn", "Quantity": 20}, {"Index": 1, "Type": "cwc_minecraft_orange_rn", "Quantity": 20}, {"Index": 2, "Type": "cwc_minecraft_yellow_rn", "Quantity": 20}, {"Index": 3, "Type": "cwc_minecraft_green_rn", "Quantity": 16}, {"Index": 4, "Type": "cwc_minecraft_blue_rn", "Quantity": 16}, {"Index": 5, "Type": "cwc_minecraft_purple_rn", "Quantity": 20}], "ChatHistory": ["<Builder> Mission has started.", "<Architect> ok this looks like 3 plus signs", "<Architect> start in the center of the board and build a standing blue plus sign that is 3 blocks tall", "<Architect> now delete the center block", "<Architect> ok now right behind it but one space to the left, build the same thing in green"], "Timestamp": "2018-04-12 15:12:46", "BlocksInGrid": [{"PerspectiveCoordinates": {"Y": 0.5820824820483341, "X": -0.795296319666, "Z": 2.8334932059240336}, "AbsoluteCoordinates": {"Y": 1, "X": 1, "Z": -1}, "Type": "cwc_minecraft_green_rn"}, {"PerspectiveCoordinates": {"Y": 0.5333769060460022, "X": -2.208269996553, "Z": 2.799830833893389}, "AbsoluteCoordinates": {"Y": 1, "X": 0, "Z": 0}, "Type": "cwc_minecraft_blue_rn"}, {"PerspectiveCoordinates": {"Y": 0.5451047519206681, "X": -1.472179997702, "Z": 1.5923400590952592}, "AbsoluteCoordinates": {"Y": 2, "X": 0, "Z": -1}, "Type": "cwc_minecraft_green_rn"}, {"PerspectiveCoordinates": {"Y": 1.756181099516, "X": -0.11841264162999998, "Z": 2.429363371750808}, "AbsoluteCoordinates": {"Y": 2, "X": 2, "Z": -1}, "Type": "cwc_minecraft_green_rn"}, {"PerspectiveCoordinates": {"Y": 0.4963991759183361, "X": -2.885153674589, "Z": 1.5586776870646144}, "AbsoluteCoordinates": {"Y": 2, "X": -1, "Z": 0}, "Type": "cwc_minecraft_blue_rn"}, {"PerspectiveCoordinates": {"Y": 1.7074755235136683, "X": -1.531386318517, "Z": 2.3957009997201633}, "AbsoluteCoordinates": {"Y": 2, "X": 1, "Z": 0}, "Type": "cwc_minecraft_blue_rn"}, {"PerspectiveCoordinates": {"Y": 1.7192033693883342, "X": -0.795296319666, "Z": 1.1882102249220337}, "AbsoluteCoordinates": {"Y": 3, "X": 1, "Z": -1}, "Type": "cwc_minecraft_green_rn"}, {"PerspectiveCoordinates": {"Y": 1.6704977933860023, "X": -2.208269996553, "Z": 1.1545478528913888}, "AbsoluteCoordinates": {"Y": 3, "X": 0, "Z": 0}, "Type": "cwc_minecraft_blue_rn"}], "ScreenshotPath": "111780-Builder-pickup.png"}, {"BuilderPosition": {"Y": 1.0, "X": 1.7591089402392859, "Yaw": 352.80063, "Z": -2.403229002342662, "Pitch": -21.449879}, "BuilderInventory": [{"Index": 0, "Type": "cwc_minecraft_red_rn", "Quantity": 20}, {"Index": 1, "Type": "cwc_minecraft_orange_rn", "Quantity": 20}, {"Index": 2, "Type": "cwc_minecraft_yellow_rn", "Quantity": 20}, {"Index": 3, "Type": "cwc_minecraft_green_rn", "Quantity": 17}, {"Index": 4, "Type": "cwc_minecraft_blue_rn", "Quantity": 16}, {"Index": 5, "Type": "cwc_minecraft_purple_rn", "Quantity": 20}], "ChatHistory": ["<Builder> Mission has started.", "<Architect> ok this looks like 3 plus signs", "<Architect> start in the center of the board and build a standing blue plus sign that is 3 blocks tall", "<Architect> now delete the center block", "<Architect> ok now right behind it but one space to the left, build the same thing in green"], "Timestamp": "2018-04-12 15:12:58", "BlocksInGrid": [{"PerspectiveCoordinates": {"Y": -0.7256082610019161, "X": -0.250644649372, "Z": 1.8467999110103448}, "AbsoluteCoordinates": {"Y": 1, "X": 1, "Z": -1}, "Type": "cwc_minecraft_green_rn"}, {"PerspectiveCoordinates": {"Y": -1.0425836240977897, "X": -1.368083053423, "Z": 2.653557639415514}, "AbsoluteCoordinates": {"Y": 1, "X": 0, "Z": 0}, "Type": "cwc_minecraft_blue_rn"}, {"PerspectiveCoordinates": {"Y": 0.25095832500216836, "X": -1.242760728737, "Z": 2.095844863109342}, "AbsoluteCoordinates": {"Y": 2, "X": 0, "Z": -1}, "Type": "cwc_minecraft_green_rn"}, {"PerspectiveCoordinates": {"Y": 0.15930079019199933, "X": 0.7414714299930001, "Z": 2.329129317309348}, "AbsoluteCoordinates": {"Y": 2, "X": 2, "Z": -1}, "Type": "cwc_minecraft_green_rn"}, {"PerspectiveCoordinates": {"Y": -0.06601703809370514, "X": -2.360199132788, "Z": 2.9026025915145106}, "AbsoluteCoordinates": {"Y": 2, "X": -1, "Z": 0}, "Type": "cwc_minecraft_blue_rn"}, {"PerspectiveCoordinates": {"Y": -0.15767457290387424, "X": -0.37596697405799995, "Z": 3.1358870457145174}, "AbsoluteCoordinates": {"Y": 2, "X": 1, "Z": 0}, "Type": "cwc_minecraft_blue_rn"}, {"PerspectiveCoordinates": {"Y": 0.8188920131002103, "X": -1.368083053423, "Z": 3.384931997813514}, "AbsoluteCoordinates": {"Y": 3, "X": 0, "Z": 0}, "Type": "cwc_minecraft_blue_rn"}], "ScreenshotPath": "123729-Builder-pickup.png"}, {"BuilderPosition": {"Y": 1.0, "X": 1.791429365888061, "Yaw": 342.15057, "Z": -2.403229002342662, "Pitch": 6.750117}, "BuilderInventory": [{"Index": 0, "Type": "cwc_minecraft_red_rn", "Quantity": 20}, {"Index": 1, "Type": "cwc_minecraft_orange_rn", "Quantity": 20}, {"Index": 2, "Type": "cwc_minecraft_yellow_rn", "Quantity": 20}, {"Index": 3, "Type": "cwc_minecraft_green_rn", "Quantity": 18}, {"Index": 4, "Type": "cwc_minecraft_blue_rn", "Quantity": 16}, {"Index": 5, "Type": "cwc_minecraft_purple_rn", "Quantity": 20}], "ChatHistory": ["<Builder> Mission has started.", "<Architect> ok this looks like 3 plus signs", "<Architect> start in the center of the board and build a standing blue plus sign that is 3 blocks tall", "<Architect> now delete the center block", "<Architect> ok now right behind it but one space to the left, build the same thing in green"], "Timestamp": "2018-04-12 15:12:59", "BlocksInGrid": [{"PerspectiveCoordinates": {"Y": 0.22376340310677073, "X": -0.613033217196, "Z": 1.890534372615787}, "AbsoluteCoordinates": {"Y": 1, "X": 1, "Z": -1}, "Type": "cwc_minecraft_green_rn"}, {"PerspectiveCoordinates": {"Y": 0.2996173186289945, "X": -1.8714151359370002, "Z": 2.531409656961688}, "AbsoluteCoordinates": {"Y": 1, "X": 0, "Z": 0}, "Type": "cwc_minecraft_blue_rn"}, {"PerspectiveCoordinates": {"Y": 1.180803834012609, "X": -1.564898527339, "Z": 1.4686030453157948}, "AbsoluteCoordinates": {"Y": 2, "X": 0, "Z": -1}, "Type": "cwc_minecraft_green_rn"}, {"PerspectiveCoordinates": {"Y": 1.256657749534833, "X": -2.82328044608, "Z": 2.1094783296616963}, "AbsoluteCoordinates": {"Y": 2, "X": -1, "Z": 0}, "Type": "cwc_minecraft_blue_rn"}, {"PerspectiveCoordinates": {"Y": 1.328713321597156, "X": -0.919549825794, "Z": 2.7182621335856805}, "AbsoluteCoordinates": {"Y": 2, "X": 1, "Z": 0}, "Type": "cwc_minecraft_blue_rn"}, {"PerspectiveCoordinates": {"Y": 2.2857537525029943, "X": -1.8714151359370002, "Z": 2.296330806285688}, "AbsoluteCoordinates": {"Y": 3, "X": 0, "Z": 0}, "Type": "cwc_minecraft_blue_rn"}], "ScreenshotPath": "124578-Builder-pickup.png"}, {"BuilderPosition": {"Y": 1.0, "X": 1.791429365888061, "Yaw": 10.800598, "Z": -2.403229002342662, "Pitch": 36.600113}, "BuilderInventory": [{"Index": 0, "Type": "cwc_minecraft_red_rn", "Quantity": 20}, {"Index": 1, "Type": "cwc_minecraft_orange_rn", "Quantity": 20}, {"Index": 2, "Type": "cwc_minecraft_yellow_rn", "Quantity": 20}, {"Index": 3, "Type": "cwc_minecraft_green_rn", "Quantity": 19}, {"Index": 4, "Type": "cwc_minecraft_blue_rn", "Quantity": 16}, {"Index": 5, "Type": "cwc_minecraft_purple_rn", "Quantity": 20}], "ChatHistory": ["<Builder> Mission has started.", "<Architect> ok this looks like 3 plus signs", "<Architect> start in the center of the board and build a standing blue plus sign that is 3 blocks tall", "<Architect> now delete the center block", "<Architect> ok now right behind it but one space to the left, build the same thing in green"], "Timestamp": "2018-04-12 15:13:00", "BlocksInGrid": [{"PerspectiveCoordinates": {"Y": 1.8687212575382928, "X": -0.42011059463800005, "Z": 2.5162249402416164}, "AbsoluteCoordinates": {"Y": 1, "X": 0, "Z": 0}, "Type": "cwc_minecraft_blue_rn"}, {"PerspectiveCoordinates": {"Y": 2.0858730743853147, "X": -0.6075021614130001, "Z": 1.1314038365816474}, "AbsoluteCoordinates": {"Y": 2, "X": 0, "Z": -1}, "Type": "cwc_minecraft_green_rn"}, {"PerspectiveCoordinates": {"Y": 2.7832653670136516, "X": -1.402395889601, "Z": 2.0704394861013258}, "AbsoluteCoordinates": {"Y": 2, "X": -1, "Z": 0}, "Type": "cwc_minecraft_blue_rn"}, {"PerspectiveCoordinates": {"Y": 2.559809746666934, "X": 0.5621747003249999, "Z": 1.7695574777839076}, "AbsoluteCoordinates": {"Y": 2, "X": 1, "Z": 0}, "Type": "cwc_minecraft_blue_rn"}, {"PerspectiveCoordinates": {"Y": 3.474353856142293, "X": -0.42011059463800005, "Z": 1.3237720236436166}, "AbsoluteCoordinates": {"Y": 3, "X": 0, "Z": 0}, "Type": "cwc_minecraft_blue_rn"}], "ScreenshotPath": "125229-Builder-pickup.png"}, {"BuilderPosition": {"Y": 1.0, "X": -0.8258728997979337, "Yaw": 316.80057, "Z": -1.8289214637423545, "Pitch": 11.400109}, "BuilderInventory": [{"Index": 0, "Type": "cwc_minecraft_red_rn", "Quantity": 20}, {"Index": 1, "Type": "cwc_minecraft_orange_rn", "Quantity": 20}, {"Index": 2, "Type": "cwc_minecraft_yellow_rn", "Quantity": 20}, {"Index": 3, "Type": "cwc_minecraft_green_rn", "Quantity": 18}, {"Index": 4, "Type": "cwc_minecraft_blue_rn", "Quantity": 16}, {"Index": 5, "Type": "cwc_minecraft_purple_rn", "Quantity": 20}], "ChatHistory": ["<Builder> Mission has started.", "<Architect> ok this looks like 3 plus signs", "<Architect> start in the center of the board and build a standing blue plus sign that is 3 blocks tall", "<Architect> now delete the center block", "<Architect> ok now right behind it but one space to the left, build the same thing in green"], "Timestamp": "2018-04-12 15:13:01", "BlocksInGrid": [{"PerspectiveCoordinates": {"Y": 0.4234830147358358, "X": -0.6401042701620001, "Z": 2.10022109777766}, "AbsoluteCoordinates": {"Y": 1, "X": 0, "Z": 0}, "Type": "cwc_minecraft_blue_rn"}, {"PerspectiveCoordinates": {"Y": 1.1243595042252237, "X": -0.68453985384, "Z": 0.5169341290369094}, "AbsoluteCoordinates": {"Y": 2, "X": -1, "Z": -1}, "Type": "cwc_minecraft_green_rn"}, {"PerspectiveCoordinates": {"Y": 1.259665107700612, "X": 0.044435583677999935, "Z": 1.1879685582307509}, "AbsoluteCoordinates": {"Y": 2, "X": 0, "Z": -1}, "Type": "cwc_minecraft_green_rn"}, {"PerspectiveCoordinates": {"Y": 1.2684482098554475, "X": -1.36907970768, "Z": 1.2315274633288187}, "AbsoluteCoordinates": {"Y": 2, "X": -1, "Z": 0}, "Type": "cwc_minecraft_blue_rn"}, {"PerspectiveCoordinates": {"Y": 1.5390594168062242, "X": 0.08887116735599987, "Z": 2.5735963217165017}, "AbsoluteCoordinates": {"Y": 2, "X": 1, "Z": 0}, "Type": "cwc_minecraft_blue_rn"}, {"PerspectiveCoordinates": {"Y": 2.384024611925836, "X": -0.6401042701620001, "Z": 1.70490268726766}, "AbsoluteCoordinates": {"Y": 3, "X": 0, "Z": 0}, "Type": "cwc_minecraft_blue_rn"}], "ScreenshotPath": "126228-Builder-putdown.png"}, {"BuilderPosition": {"Y": 1.0, "X": -1.3451793873000462, "Yaw": 339.60052, "Z": -2.382688670602164, "Pitch": 35.250114}, "ChatHistory": ["<Builder> Mission has started.", "<Architect> ok this looks like 3 plus signs", "<Architect> start in the center of the board and build a standing blue plus sign that is 3 blocks tall", "<Architect> now delete the center block", "<Architect> ok now right behind it but one space to the left, build the same thing in green"], "Timestamp": "2018-04-12 15:13:02", "BlocksInGrid": [{"PerspectiveCoordinates": {"Y": 1.2830746187457098, "X": 0.24015807138099998, "Z": 1.8155009290795385}, "AbsoluteCoordinates": {"Y": 1, "X": -1, "Z": -1}, "Type": "cwc_minecraft_green_rn"}, {"PerspectiveCoordinates": {"Y": 2.025198096799698, "X": 0.8288796835679999, "Z": 2.8655769295040923}, "AbsoluteCoordinates": {"Y": 1, "X": 0, "Z": 0}, "Type": "cwc_minecraft_blue_rn"}, {"PerspectiveCoordinates": {"Y": 2.0997150255747097, "X": 0.24015807138099998, "Z": 1.2383541141915384}, "AbsoluteCoordinates": {"Y": 2, "X": -1, "Z": -1}, "Type": "cwc_minecraft_green_rn"}, {"PerspectiveCoordinates": {"Y": 2.300887362936976, "X": 1.177443224374, "Z": 1.523005185961107}, "AbsoluteCoordinates": {"Y": 2, "X": 0, "Z": -1}, "Type": "cwc_minecraft_green_rn"}, {"PerspectiveCoordinates": {"Y": 2.6406661662664317, "X": -0.10840546942500001, "Z": 2.0037790428465234}, "AbsoluteCoordinates": {"Y": 2, "X": -1, "Z": 0}, "Type": "cwc_minecraft_blue_rn"}, {"PerspectiveCoordinates": {"Y": 3.043010840990964, "X": 1.766164836561, "Z": 2.573081186385661}, "AbsoluteCoordinates": {"Y": 2, "X": 1, "Z": 0}, "Type": "cwc_minecraft_blue_rn"}, {"PerspectiveCoordinates": {"Y": 3.658478910457698, "X": 0.8288796835679999, "Z": 1.711283299728092}, "AbsoluteCoordinates": {"Y": 3, "X": 0, "Z": 0}, "Type": "cwc_minecraft_blue_rn"}], "ScreenshotPath": "126879-Builder-putdown.png", "BuilderInventory": [{"Index": 0, "Type": "cwc_minecraft_red_rn", "Quantity": 20}, {"Index": 1, "Type": "cwc_minecraft_orange_rn", "Quantity": 20}, {"Index": 2, "Type": "cwc_minecraft_yellow_rn", "Quantity": 20}, {"Index": 3, "Type": "cwc_minecraft_green_rn", "Quantity": 17}, {"Index": 4, "Type": "cwc_minecraft_blue_rn", "Quantity": 16}, {"Index": 5, "Type": "cwc_minecraft_purple_rn", "Quantity": 20}]}, {"BuilderPosition": {"Y": 1.0, "X": -1.7031008035721296, "Yaw": 346.05035, "Z": -3.392325128449601, "Pitch": 5.40011}, "ChatHistory": ["<Builder> Mission has started.", "<Architect> ok this looks like 3 plus signs", "<Architect> start in the center of the board and build a standing blue plus sign that is 3 blocks tall", "<Architect> now delete the center block", "<Architect> ok now right behind it but one space to the left, build the same thing in green"], "Timestamp": "2018-04-12 15:13:03", "BlocksInGrid": [{"PerspectiveCoordinates": {"Y": 0.29669123272727665, "X": 0.24730054906800003, "Z": 3.1386010818269976}, "AbsoluteCoordinates": {"Y": 1, "X": -1, "Z": -1}, "Type": "cwc_minecraft_green_rn"}, {"PerspectiveCoordinates": {"Y": 0.4107130237719162, "X": 0.9767393628200001, "Z": 4.344800919398593}, "AbsoluteCoordinates": {"Y": 1, "X": 0, "Z": 0}, "Type": "cwc_minecraft_blue_rn"}, {"PerspectiveCoordinates": {"Y": 1.2695659464499558, "X": -0.723207397026, "Z": 2.804491641723003}, "AbsoluteCoordinates": {"Y": 2, "X": -2, "Z": -1}, "Type": "cwc_minecraft_green_rn"}, {"PerspectiveCoordinates": {"Y": 1.2922530166532766, "X": 0.24730054906800003, "Z": 3.0444908571668976}, "AbsoluteCoordinates": {"Y": 2, "X": -1, "Z": -1}, "Type": "cwc_minecraft_green_rn"}, {"PerspectiveCoordinates": {"Y": 1.3149400868565977, "X": 1.217808495162, "Z": 3.284490072610792}, "AbsoluteCoordinates": {"Y": 2, "X": 0, "Z": -1}, "Type": "cwc_minecraft_green_rn"}, {"PerspectiveCoordinates": {"Y": 1.3835877374945953, "X": 0.0062314167260000275, "Z": 4.010691479294598}, "AbsoluteCoordinates": {"Y": 2, "X": -1, "Z": 0}, "Type": "cwc_minecraft_blue_rn"}, {"PerspectiveCoordinates": {"Y": 1.4289618779012372, "X": 1.947247308914, "Z": 4.490689910182387}, "AbsoluteCoordinates": {"Y": 2, "X": 1, "Z": 0}, "Type": "cwc_minecraft_blue_rn"}, {"PerspectiveCoordinates": {"Y": 2.4018365916239164, "X": 0.9767393628200001, "Z": 4.156580470078393}, "AbsoluteCoordinates": {"Y": 3, "X": 0, "Z": 0}, "Type": "cwc_minecraft_blue_rn"}], "ScreenshotPath": "128079-Builder-putdown.png", "BuilderInventory": [{"Index": 0, "Type": "cwc_minecraft_red_rn", "Quantity": 20}, {"Index": 1, "Type": "cwc_minecraft_orange_rn", "Quantity": 20}, {"Index": 2, "Type": "cwc_minecraft_yellow_rn", "Quantity": 20}, {"Index": 3, "Type": "cwc_minecraft_green_rn", "Quantity": 16}, {"Index": 4, "Type": "cwc_minecraft_blue_rn", "Quantity": 16}, {"Index": 5, "Type": "cwc_minecraft_purple_rn", "Quantity": 20}]}, {"BuilderPosition": {"Y": 3.0, "X": -1.4110525612659037, "Yaw": 229.50049, "Z": 0.2366784414793859, "Pitch": 59.250095}, "ChatHistory": ["<Builder> Mission has started.", "<Architect> ok this looks like 3 plus signs", "<Architect> start in the center of the board and build a standing blue plus sign that is 3 blocks tall", "<Architect> now delete the center block", "<Architect> ok now right behind it but one space to the left, build the same thing in green"], "Timestamp": "2018-04-12 15:13:05", "BlocksInGrid": [{"PerspectiveCoordinates": {"Y": 0.18905463625178856, "X": 0.11096997449799995, "Z": 2.439660634037323}, "AbsoluteCoordinates": {"Y": 1, "X": -1, "Z": -1}, "Type": "cwc_minecraft_green_rn"}, {"PerspectiveCoordinates": {"Y": 0.2844230378948229, "X": -1.298883090456, "Z": 2.4963986566336263}, "AbsoluteCoordinates": {"Y": 1, "X": 0, "Z": 0}, "Type": "cwc_minecraft_blue_rn"}, {"PerspectiveCoordinates": {"Y": 0.04684311730437711, "X": 0.760411519726, "Z": 1.19146130572051}, "AbsoluteCoordinates": {"Y": 2, "X": -2, "Z": -1}, "Type": "cwc_minecraft_green_rn"}, {"PerspectiveCoordinates": {"Y": 0.7003462973787885, "X": 0.11096997449799995, "Z": 1.5802533747813228}, "AbsoluteCoordinates": {"Y": 2, "X": -1, "Z": -1}, "Type": "cwc_minecraft_green_rn"}, {"PerspectiveCoordinates": {"Y": 1.3538494774532, "X": -0.5384715707300001, "Z": 1.9690454438421359}, "AbsoluteCoordinates": {"Y": 2, "X": 0, "Z": -1}, "Type": "cwc_minecraft_green_rn"}, {"PerspectiveCoordinates": {"Y": 0.14221151894741146, "X": -0.649441545228, "Z": 1.2481993283168131}, "AbsoluteCoordinates": {"Y": 2, "X": -1, "Z": 0}, "Type": "cwc_minecraft_blue_rn"}, {"PerspectiveCoordinates": {"Y": 1.4492178790962342, "X": -1.948324635684, "Z": 2.025783466438439}, "AbsoluteCoordinates": {"Y": 2, "X": 1, "Z": 0}, "Type": "cwc_minecraft_blue_rn"}, {"PerspectiveCoordinates": {"Y": 1.2116379585057886, "X": 0.11096997449799995, "Z": 0.7208461155253229}, "AbsoluteCoordinates": {"Y": 3, "X": -1, "Z": -1}, "Type": "cwc_minecraft_green_rn"}, {"PerspectiveCoordinates": {"Y": 1.3070063601488229, "X": -1.298883090456, "Z": 0.7775841381216261}, "AbsoluteCoordinates": {"Y": 3, "X": 0, "Z": 0}, "Type": "cwc_minecraft_blue_rn"}], "ScreenshotPath": "129978-Builder-putdown.png", "BuilderInventory": [{"Index": 0, "Type": "cwc_minecraft_red_rn", "Quantity": 20}, {"Index": 1, "Type": "cwc_minecraft_orange_rn", "Quantity": 20}, {"Index": 2, "Type": "cwc_minecraft_yellow_rn", "Quantity": 20}, {"Index": 3, "Type": "cwc_minecraft_green_rn", "Quantity": 15}, {"Index": 4, "Type": "cwc_minecraft_blue_rn", "Quantity": 16}, {"Index": 5, "Type": "cwc_minecraft_purple_rn", "Quantity": 20}]}, {"BuilderPosition": {"Y": 1.0, "X": -1.0767484948831956, "Yaw": 349.80048, "Z": -2.381735742213163, "Pitch": 1.5000955}, "BuilderInventory": [{"Index": 0, "Type": "cwc_minecraft_red_rn", "Quantity": 20}, {"Index": 1, "Type": "cwc_minecraft_orange_rn", "Quantity": 20}, {"Index": 2, "Type": "cwc_minecraft_yellow_rn", "Quantity": 20}, {"Index": 3, "Type": "cwc_minecraft_green_rn", "Quantity": 16}, {"Index": 4, "Type": "cwc_minecraft_blue_rn", "Quantity": 16}, {"Index": 5, "Type": "cwc_minecraft_purple_rn", "Quantity": 20}], "ChatHistory": ["<Builder> Mission has started.", "<Architect> ok this looks like 3 plus signs", "<Architect> start in the center of the board and build a standing blue plus sign that is 3 blocks tall", "<Architect> now delete the center block", "<Architect> ok now right behind it but one space to the left, build the same thing in green"], "Timestamp": "2018-04-12 15:13:06", "BlocksInGrid": [{"PerspectiveCoordinates": {"Y": 0.05616544985871613, "X": 0.630044101204, "Z": 2.144735385258573}, "AbsoluteCoordinates": {"Y": 1, "X": -1, "Z": -1}, "Type": "cwc_minecraft_green_rn"}, {"PerspectiveCoordinates": {"Y": 0.08656598344197328, "X": 1.437164697544, "Z": 3.3056109817465593}, "AbsoluteCoordinates": {"Y": 1, "X": 0, "Z": 0}, "Type": "cwc_minecraft_blue_rn"}, {"PerspectiveCoordinates": {"Y": 1.051187113893918, "X": -0.354152990272, "Z": 1.9415409630150722}, "AbsoluteCoordinates": {"Y": 2, "X": -2, "Z": -1}, "Type": "cwc_minecraft_green_rn"}, {"PerspectiveCoordinates": {"Y": 1.0604583485095143, "X": 1.61424119268, "Z": 2.2955725784498733}, "AbsoluteCoordinates": {"Y": 2, "X": 0, "Z": -1}, "Type": "cwc_minecraft_green_rn"}, {"PerspectiveCoordinates": {"Y": 1.081587647477175, "X": 0.452967606068, "Z": 3.102416559503059}, "AbsoluteCoordinates": {"Y": 2, "X": -1, "Z": 0}, "Type": "cwc_minecraft_blue_rn"}, {"PerspectiveCoordinates": {"Y": 1.0908588820927714, "X": 2.4213617890199997, "Z": 3.4564481749378606}, "AbsoluteCoordinates": {"Y": 2, "X": 1, "Z": 0}, "Type": "cwc_minecraft_blue_rn"}, {"PerspectiveCoordinates": {"Y": 2.055480012544716, "X": 0.630044101204, "Z": 2.092378156206373}, "AbsoluteCoordinates": {"Y": 3, "X": -1, "Z": -1}, "Type": "cwc_minecraft_green_rn"}, {"PerspectiveCoordinates": {"Y": 2.0858805461279735, "X": 1.437164697544, "Z": 3.2532537526943597}, "AbsoluteCoordinates": {"Y": 3, "X": 0, "Z": 0}, "Type": "cwc_minecraft_blue_rn"}], "ScreenshotPath": "131427-Builder-pickup.png"}, {"BuilderPosition": {"Y": 1.0, "X": -0.47656691368720194, "Yaw": 185.4007, "Z": 4.6962189708100475, "Pitch": 10.500093}, "ChatHistory": ["<Builder> Mission has started.", "<Architect> ok this looks like 3 plus signs", "<Architect> start in the center of the board and build a standing blue plus sign that is 3 blocks tall", "<Architect> now delete the center block", "<Architect> ok now right behind it but one space to the left, build the same thing in green", "<Architect> good! now the same thing in purple but behind the green and 2 squares to the right"], "Timestamp": "2018-04-12 15:13:41", "BlocksInGrid": [{"PerspectiveCoordinates": {"Y": 0.9071406856583084, "X": 0.470602381977, "Z": 4.894448812124842}, "AbsoluteCoordinates": {"Y": 1, "X": -1, "Z": -1}, "Type": "cwc_minecraft_green_rn"}, {"PerspectiveCoordinates": {"Y": 0.7428647932161412, "X": -0.6190789091974, "Z": 4.008103442177263}, "AbsoluteCoordinates": {"Y": 1, "X": 0, "Z": 0}, "Type": "cwc_minecraft_blue_rn"}, {"PerspectiveCoordinates": {"Y": 1.873243052734814, "X": 1.466163196756, "Z": 4.619667298179452}, "AbsoluteCoordinates": {"Y": 2, "X": -2, "Z": -1}, "Type": "cwc_minecraft_green_rn"}, {"PerspectiveCoordinates": {"Y": 1.907547542113803, "X": -0.524958432802, "Z": 4.804756083134231}, "AbsoluteCoordinates": {"Y": 2, "X": 0, "Z": -1}, "Type": "cwc_minecraft_green_rn"}, {"PerspectiveCoordinates": {"Y": 1.7089671602926468, "X": 0.3764819055816, "Z": 3.7333219282318733}, "AbsoluteCoordinates": {"Y": 2, "X": -1, "Z": 0}, "Type": "cwc_minecraft_blue_rn"}, {"PerspectiveCoordinates": {"Y": 1.7432716496716358, "X": -1.6146397239764, "Z": 3.918410713186653}, "AbsoluteCoordinates": {"Y": 2, "X": 1, "Z": 0}, "Type": "cwc_minecraft_blue_rn"}, {"PerspectiveCoordinates": {"Y": 2.8736499091903087, "X": 0.470602381977, "Z": 4.529974569188842}, "AbsoluteCoordinates": {"Y": 3, "X": -1, "Z": -1}, "Type": "cwc_minecraft_green_rn"}, {"PerspectiveCoordinates": {"Y": 2.7093740167481415, "X": -0.6190789091974, "Z": 3.6436291992412633}, "AbsoluteCoordinates": {"Y": 3, "X": 0, "Z": 0}, "Type": "cwc_minecraft_blue_rn"}], "ScreenshotPath": "166389-Builder-chat.png", "BuilderInventory": [{"Index": 0, "Type": "cwc_minecraft_red_rn", "Quantity": 20}, {"Index": 1, "Type": "cwc_minecraft_orange_rn", "Quantity": 20}, {"Index": 2, "Type": "cwc_minecraft_yellow_rn", "Quantity": 20}, {"Index": 3, "Type": "cwc_minecraft_green_rn", "Quantity": 16}, {"Index": 4, "Type": "cwc_minecraft_blue_rn", "Quantity": 16}, {"Index": 5, "Type": "cwc_minecraft_purple_rn", "Quantity": 20}]}, {"BuilderPosition": {"Y": 1.0, "X": 1.9133152295134268, "Yaw": 7.80077, "Z": -3.328543009380519, "Pitch": 38.700108}, "ChatHistory": ["<Builder> Mission has started.", "<Architect> ok this looks like 3 plus signs", "<Architect> start in the center of the board and build a standing blue plus sign that is 3 blocks tall", "<Architect> now delete the center block", "<Architect> ok now right behind it but one space to the left, build the same thing in green", "<Architect> good! now the same thing in purple but behind the green and 2 squares to the right"], "Timestamp": "2018-04-12 15:13:48", "BlocksInGrid": [{"PerspectiveCoordinates": {"Y": 1.2389162571399315, "X": 0.271457774234, "Z": 1.546414299145624}, "AbsoluteCoordinates": {"Y": 1, "X": 1, "Z": -2}, "Type": "cwc_minecraft_purple_rn"}, {"PerspectiveCoordinates": {"Y": 2.028101764889767, "X": -1.574305371641, "Z": 2.531475030110755}, "AbsoluteCoordinates": {"Y": 1, "X": -1, "Z": -1}, "Type": "cwc_minecraft_green_rn"}, {"PerspectiveCoordinates": {"Y": 2.5626962038697974, "X": -0.447830468028, "Z": 3.1987553889874074}, "AbsoluteCoordinates": {"Y": 1, "X": 0, "Z": 0}, "Type": "cwc_minecraft_blue_rn"}, {"PerspectiveCoordinates": {"Y": 2.8933946832617017, "X": -2.5650513881370003, "Z": 2.0121576933959147}, "AbsoluteCoordinates": {"Y": 2, "X": -2, "Z": -1}, "Type": "cwc_minecraft_green_rn"}, {"PerspectiveCoordinates": {"Y": 2.723667304081832, "X": -0.583559355145, "Z": 1.8003041120035954}, "AbsoluteCoordinates": {"Y": 2, "X": 0, "Z": -1}, "Type": "cwc_minecraft_green_rn"}, {"PerspectiveCoordinates": {"Y": 3.427989122241733, "X": -1.4385764845239999, "Z": 2.679438052272567}, "AbsoluteCoordinates": {"Y": 2, "X": -1, "Z": 0}, "Type": "cwc_minecraft_blue_rn"}, {"PerspectiveCoordinates": {"Y": 3.2582617430618632, "X": 0.542915548468, "Z": 2.467584470880248}, "AbsoluteCoordinates": {"Y": 2, "X": 1, "Z": 0}, "Type": "cwc_minecraft_blue_rn"}, {"PerspectiveCoordinates": {"Y": 3.588960222453767, "X": -1.574305371641, "Z": 1.280986775288755}, "AbsoluteCoordinates": {"Y": 3, "X": -1, "Z": -1}, "Type": "cwc_minecraft_green_rn"}, {"PerspectiveCoordinates": {"Y": 4.123554661433798, "X": -0.447830468028, "Z": 1.9482671341654072}, "AbsoluteCoordinates": {"Y": 3, "X": 0, "Z": 0}, "Type": "cwc_minecraft_blue_rn"}], "ScreenshotPath": "173088-Builder-putdown.png", "BuilderInventory": [{"Index": 0, "Type": "cwc_minecraft_red_rn", "Quantity": 20}, {"Index": 1, "Type": "cwc_minecraft_orange_rn", "Quantity": 20}, {"Index": 2, "Type": "cwc_minecraft_yellow_rn", "Quantity": 20}, {"Index": 3, "Type": "cwc_minecraft_green_rn", "Quantity": 16}, {"Index": 4, "Type": "cwc_minecraft_blue_rn", "Quantity": 16}, {"Index": 5, "Type": "cwc_minecraft_purple_rn", "Quantity": 19}]}, {"BuilderPosition": {"Y": 1.0, "X": 1.902425739065034, "Yaw": 9.30077, "Z": -3.328543009380519, "Pitch": 22.650106}, "ChatHistory": ["<Builder> Mission has started.", "<Architect> ok this looks like 3 plus signs", "<Architect> start in the center of the board and build a standing blue plus sign that is 3 blocks tall", "<Architect> now delete the center block", "<Architect> ok now right behind it but one space to the left, build the same thing in green", "<Architect> good! now the same thing in purple but behind the green and 2 squares to the right"], "Timestamp": "2018-04-12 15:13:49", "BlocksInGrid": [{"PerspectiveCoordinates": {"Y": 0.7600796062760579, "X": 0.323234166956, "Z": 1.8214825460138349}, "AbsoluteCoordinates": {"Y": 1, "X": 1, "Z": -2}, "Type": "cwc_minecraft_purple_rn"}, {"PerspectiveCoordinates": {"Y": 1.2645977069890744, "X": -1.488855838602, "Z": 3.0305281604583874}, "AbsoluteCoordinates": {"Y": 1, "X": -1, "Z": -1}, "Type": "cwc_minecraft_green_rn"}, {"PerspectiveCoordinates": {"Y": 1.5823983613396095, "X": -0.340385210606, "Z": 3.7921172627464874}, "AbsoluteCoordinates": {"Y": 1, "X": 0, "Z": 0}, "Type": "cwc_minecraft_blue_rn"}, {"PerspectiveCoordinates": {"Y": 1.6829533985080578, "X": 0.323234166956, "Z": 1.4363800095238348}, "AbsoluteCoordinates": {"Y": 2, "X": 1, "Z": -2}, "Type": "cwc_minecraft_purple_rn"}, {"PerspectiveCoordinates": {"Y": 2.2497106480085685, "X": -2.47570938312, "Z": 2.7945777946872052}, "AbsoluteCoordinates": {"Y": 2, "X": -2, "Z": -1}, "Type": "cwc_minecraft_green_rn"}, {"PerspectiveCoordinates": {"Y": 2.125232350433581, "X": -0.502002294084, "Z": 2.4962734532495703}, "AbsoluteCoordinates": {"Y": 2, "X": 0, "Z": -1}, "Type": "cwc_minecraft_green_rn"}, {"PerspectiveCoordinates": {"Y": 2.5675113023591036, "X": -1.3272387551240001, "Z": 3.5561668969753053}, "AbsoluteCoordinates": {"Y": 2, "X": -1, "Z": 0}, "Type": "cwc_minecraft_blue_rn"}, {"PerspectiveCoordinates": {"Y": 2.4430330047841156, "X": 0.646468333912, "Z": 3.25786255553767}, "AbsoluteCoordinates": {"Y": 2, "X": 1, "Z": 0}, "Type": "cwc_minecraft_blue_rn"}, {"PerspectiveCoordinates": {"Y": 3.1103452914530743, "X": -1.488855838602, "Z": 2.2603230874783873}, "AbsoluteCoordinates": {"Y": 3, "X": -1, "Z": -1}, "Type": "cwc_minecraft_green_rn"}, {"PerspectiveCoordinates": {"Y": 3.4281459458036094, "X": -0.340385210606, "Z": 3.0219121897664873}, "AbsoluteCoordinates": {"Y": 3, "X": 0, "Z": 0}, "Type": "cwc_minecraft_blue_rn"}], "ScreenshotPath": "174037-Builder-putdown.png", "BuilderInventory": [{"Index": 0, "Type": "cwc_minecraft_red_rn", "Quantity": 20}, {"Index": 1, "Type": "cwc_minecraft_orange_rn", "Quantity": 20}, {"Index": 2, "Type": "cwc_minecraft_yellow_rn", "Quantity": 20}, {"Index": 3, "Type": "cwc_minecraft_green_rn", "Quantity": 16}, {"Index": 4, "Type": "cwc_minecraft_blue_rn", "Quantity": 16}, {"Index": 5, "Type": "cwc_minecraft_purple_rn", "Quantity": 18}]}, {"BuilderPosition": {"Y": 3.103519203788464, "X": 1.902425739065034, "Yaw": 10.650769, "Z": -3.328543009380519, "Pitch": 42.300114}, "ChatHistory": ["<Builder> Mission has started.", "<Architect> ok this looks like 3 plus signs", "<Architect> start in the center of the board and build a standing blue plus sign that is 3 blocks tall", "<Architect> now delete the center block", "<Architect> ok now right behind it but one space to the left, build the same thing in green", "<Architect> good! now the same thing in purple but behind the green and 2 squares to the right"], "Timestamp": "2018-04-12 15:13:50", "BlocksInGrid": [{"PerspectiveCoordinates": {"Y": -0.156420956442527, "X": 0.36964448748, "Z": 2.799802749706131}, "AbsoluteCoordinates": {"Y": 1, "X": 1, "Z": -2}, "Type": "cwc_minecraft_purple_rn"}, {"PerspectiveCoordinates": {"Y": 0.7537742308389391, "X": -1.411077201862, "Z": 3.800090201470179}, "AbsoluteCoordinates": {"Y": 1, "X": -1, "Z": -1}, "Type": "cwc_minecraft_green_rn"}, {"PerspectiveCoordinates": {"Y": 1.2908055537178111, "X": -0.24348299158099995, "Z": 4.390277560166754}, "AbsoluteCoordinates": {"Y": 1, "X": 0, "Z": 0}, "Type": "cwc_minecraft_blue_rn"}, {"PerspectiveCoordinates": {"Y": 0.583208799458473, "X": 0.36964448748, "Z": 2.1267887645721313}, "AbsoluteCoordinates": {"Y": 2, "X": 1, "Z": -2}, "Type": "cwc_minecraft_purple_rn"}, {"PerspectiveCoordinates": {"Y": 1.6177919415408042, "X": -2.3938491684030003, "Z": 3.2637762473586704}, "AbsoluteCoordinates": {"Y": 2, "X": -2, "Z": -1}, "Type": "cwc_minecraft_green_rn"}, {"PerspectiveCoordinates": {"Y": 1.3690160319390745, "X": -0.42830523532099996, "Z": 2.990376185313688}, "AbsoluteCoordinates": {"Y": 2, "X": 0, "Z": -1}, "Type": "cwc_minecraft_green_rn"}, {"PerspectiveCoordinates": {"Y": 2.1548232644196754, "X": -1.226254958122, "Z": 3.8539636060552445}, "AbsoluteCoordinates": {"Y": 2, "X": -1, "Z": 0}, "Type": "cwc_minecraft_blue_rn"}, {"PerspectiveCoordinates": {"Y": 1.906047354817946, "X": 0.73928897496, "Z": 3.5805635440102623}, "AbsoluteCoordinates": {"Y": 2, "X": 1, "Z": 0}, "Type": "cwc_minecraft_blue_rn"}, {"PerspectiveCoordinates": {"Y": 1.322838555359473, "X": 0.36964448748, "Z": 1.453774779438131}, "AbsoluteCoordinates": {"Y": 3, "X": 1, "Z": -2}, "Type": "cwc_minecraft_purple_rn"}, {"PerspectiveCoordinates": {"Y": 2.2330337426409392, "X": -1.411077201862, "Z": 2.454062231202179}, "AbsoluteCoordinates": {"Y": 3, "X": -1, "Z": -1}, "Type": "cwc_minecraft_green_rn"}, {"PerspectiveCoordinates": {"Y": 2.770065065519811, "X": -0.24348299158099995, "Z": 3.0442495898987536}, "AbsoluteCoordinates": {"Y": 3, "X": 0, "Z": 0}, "Type": "cwc_minecraft_blue_rn"}], "ScreenshotPath": "175036-Builder-putdown.png", "BuilderInventory": [{"Index": 0, "Type": "cwc_minecraft_red_rn", "Quantity": 20}, {"Index": 1, "Type": "cwc_minecraft_orange_rn", "Quantity": 20}, {"Index": 2, "Type": "cwc_minecraft_yellow_rn", "Quantity": 20}, {"Index": 3, "Type": "cwc_minecraft_green_rn", "Quantity": 16}, {"Index": 4, "Type": "cwc_minecraft_blue_rn", "Quantity": 16}, {"Index": 5, "Type": "cwc_minecraft_purple_rn", "Quantity": 17}]}, {"BuilderPosition": {"Y": 3.1165013679281377, "X": 3.2557466629417857, "Yaw": 34.50077, "Z": -3.455221920591074, "Pitch": 43.05011}, "ChatHistory": ["<Builder> Mission has started.", "<Architect> ok this looks like 3 plus signs", "<Architect> start in the center of the board and build a standing blue plus sign that is 3 blocks tall", "<Architect> now delete the center block", "<Architect> ok now right behind it but one space to the left, build the same thing in green", "<Architect> good! now the same thing in purple but behind the green and 2 squares to the right"], "Timestamp": "2018-04-12 15:13:52", "BlocksInGrid": [{"PerspectiveCoordinates": {"Y": 0.43695061111390593, "X": -0.515402528518, "Z": 3.397563008546221}, "AbsoluteCoordinates": {"Y": 1, "X": 1, "Z": -2}, "Type": "cwc_minecraft_purple_rn"}, {"PerspectiveCoordinates": {"Y": 1.772840701659586, "X": -1.597222369371, "Z": 4.827620174507791}, "AbsoluteCoordinates": {"Y": 1, "X": -1, "Z": -1}, "Type": "cwc_minecraft_green_rn"}, {"PerspectiveCoordinates": {"Y": 1.948757307648085, "X": -0.2066864804419999, "Z": 5.015937166141983}, "AbsoluteCoordinates": {"Y": 1, "X": 0, "Z": 0}, "Type": "cwc_minecraft_blue_rn"}, {"PerspectiveCoordinates": {"Y": 1.167707567916906, "X": -0.515402528518, "Z": 2.714925278792221}, "AbsoluteCoordinates": {"Y": 2, "X": 1, "Z": -2}, "Type": "cwc_minecraft_purple_rn"}, {"PerspectiveCoordinates": {"Y": 0.7810497397311791, "X": 0.30871604807600006, "Z": 2.301011887349762}, "AbsoluteCoordinates": {"Y": 2, "X": 2, "Z": -2}, "Type": "cwc_minecraft_purple_rn"}, {"PerspectiveCoordinates": {"Y": 2.890255486648313, "X": -2.4213409459649995, "Z": 4.55889583619625}, "AbsoluteCoordinates": {"Y": 2, "X": -2, "Z": -1}, "Type": "cwc_minecraft_green_rn"}, {"PerspectiveCoordinates": {"Y": 2.116939830276859, "X": -0.7731037927769999, "Z": 3.731069053311332}, "AbsoluteCoordinates": {"Y": 2, "X": 0, "Z": -1}, "Type": "cwc_minecraft_green_rn"}, {"PerspectiveCoordinates": {"Y": 3.066172092636812, "X": -1.030805057036, "Z": 4.747212827830442}, "AbsoluteCoordinates": {"Y": 2, "X": -1, "Z": 0}, "Type": "cwc_minecraft_blue_rn"}, {"PerspectiveCoordinates": {"Y": 2.292856436265358, "X": 0.6174320961520001, "Z": 3.919386044945524}, "AbsoluteCoordinates": {"Y": 2, "X": 1, "Z": 0}, "Type": "cwc_minecraft_blue_rn"}, {"PerspectiveCoordinates": {"Y": 1.898464524719906, "X": -0.515402528518, "Z": 2.032287549038221}, "AbsoluteCoordinates": {"Y": 3, "X": 1, "Z": -2}, "Type": "cwc_minecraft_purple_rn"}, {"PerspectiveCoordinates": {"Y": 3.234354615265586, "X": -1.597222369371, "Z": 3.462344714999791}, "AbsoluteCoordinates": {"Y": 3, "X": -1, "Z": -1}, "Type": "cwc_minecraft_green_rn"}, {"PerspectiveCoordinates": {"Y": 3.410271221254085, "X": -0.2066864804419999, "Z": 3.6506617066339833}, "AbsoluteCoordinates": {"Y": 3, "X": 0, "Z": 0}, "Type": "cwc_minecraft_blue_rn"}], "ScreenshotPath": "177036-Builder-putdown.png", "BuilderInventory": [{"Index": 0, "Type": "cwc_minecraft_red_rn", "Quantity": 20}, {"Index": 1, "Type": "cwc_minecraft_orange_rn", "Quantity": 20}, {"Index": 2, "Type": "cwc_minecraft_yellow_rn", "Quantity": 20}, {"Index": 3, "Type": "cwc_minecraft_green_rn", "Quantity": 16}, {"Index": 4, "Type": "cwc_minecraft_blue_rn", "Quantity": 16}, {"Index": 5, "Type": "cwc_minecraft_purple_rn", "Quantity": 16}]}, {"BuilderPosition": {"Y": 3.1165013679281377, "X": -0.7736631513171929, "Yaw": -40.349228, "Z": -3.719645371442632, "Pitch": 38.100113}, "ChatHistory": ["<Builder> Mission has started.", "<Architect> ok this looks like 3 plus signs", "<Architect> start in the center of the board and build a standing blue plus sign that is 3 blocks tall", "<Architect> now delete the center block", "<Architect> ok now right behind it but one space to the left, build the same thing in green", "<Architect> good! now the same thing in purple but behind the green and 2 squares to the right"], "Timestamp": "2018-04-12 15:13:54", "BlocksInGrid": [{"PerspectiveCoordinates": {"Y": 0.1656314253561794, "X": 0.22933502857199994, "Z": 3.452531198353622}, "AbsoluteCoordinates": {"Y": 1, "X": 1, "Z": -2}, "Type": "cwc_minecraft_purple_rn"}, {"PerspectiveCoordinates": {"Y": -0.16311211150778637, "X": -1.942334454663, "Z": 3.0332707273354935}, "AbsoluteCoordinates": {"Y": 1, "X": -1, "Z": -1}, "Type": "cwc_minecraft_green_rn"}, {"PerspectiveCoordinates": {"Y": 0.7066374061983034, "X": -1.827666940377, "Z": 4.142498899362304}, "AbsoluteCoordinates": {"Y": 1, "X": 0, "Z": 0}, "Type": "cwc_minecraft_blue_rn"}, {"PerspectiveCoordinates": {"Y": 0.5530675455274945, "X": -0.532777303935, "Z": 2.325997556855309}, "AbsoluteCoordinates": {"Y": 2, "X": 0, "Z": -2}, "Type": "cwc_minecraft_purple_rn"}, {"PerspectiveCoordinates": {"Y": 0.9525652303841794, "X": 0.22933502857199994, "Z": 2.835493771203622}, "AbsoluteCoordinates": {"Y": 2, "X": 1, "Z": -2}, "Type": "cwc_minecraft_purple_rn"}, {"PerspectiveCoordinates": {"Y": 1.352062915240865, "X": 0.991447361079, "Z": 3.3449899855519356}, "AbsoluteCoordinates": {"Y": 2, "X": 2, "Z": -2}, "Type": "cwc_minecraft_purple_rn"}, {"PerspectiveCoordinates": {"Y": 0.22432400866352842, "X": -2.7044467871699998, "Z": 1.9067370858371802}, "AbsoluteCoordinates": {"Y": 2, "X": -2, "Z": -1}, "Type": "cwc_minecraft_green_rn"}, {"PerspectiveCoordinates": {"Y": 1.023319378376899, "X": -1.180222122156, "Z": 2.9257295145338067}, "AbsoluteCoordinates": {"Y": 2, "X": 0, "Z": -1}, "Type": "cwc_minecraft_green_rn"}, {"PerspectiveCoordinates": {"Y": 1.0940735263696182, "X": -2.589779272884, "Z": 3.0159652578639915}, "AbsoluteCoordinates": {"Y": 2, "X": -1, "Z": 0}, "Type": "cwc_minecraft_blue_rn"}, {"PerspectiveCoordinates": {"Y": 1.893068896082989, "X": -1.06555460787, "Z": 4.0349576865606185}, "AbsoluteCoordinates": {"Y": 2, "X": 1, "Z": 0}, "Type": "cwc_minecraft_blue_rn"}, {"PerspectiveCoordinates": {"Y": 1.7394990354121795, "X": 0.22933502857199994, "Z": 2.2184563440536222}, "AbsoluteCoordinates": {"Y": 3, "X": 1, "Z": -2}, "Type": "cwc_minecraft_purple_rn"}, {"PerspectiveCoordinates": {"Y": 1.4107554985482138, "X": -1.942334454663, "Z": 1.7991958730354936}, "AbsoluteCoordinates": {"Y": 3, "X": -1, "Z": -1}, "Type": "cwc_minecraft_green_rn"}, {"PerspectiveCoordinates": {"Y": 2.2805050162543035, "X": -1.827666940377, "Z": 2.9084240450623047}, "AbsoluteCoordinates": {"Y": 3, "X": 0, "Z": 0}, "Type": "cwc_minecraft_blue_rn"}], "ScreenshotPath": "178736-Builder-putdown.png", "BuilderInventory": [{"Index": 0, "Type": "cwc_minecraft_red_rn", "Quantity": 20}, {"Index": 1, "Type": "cwc_minecraft_orange_rn", "Quantity": 20}, {"Index": 2, "Type": "cwc_minecraft_yellow_rn", "Quantity": 20}, {"Index": 3, "Type": "cwc_minecraft_green_rn", "Quantity": 16}, {"Index": 4, "Type": "cwc_minecraft_blue_rn", "Quantity": 16}, {"Index": 5, "Type": "cwc_minecraft_purple_rn", "Quantity": 15}]}, {"BuilderPosition": {"Y": 3.1165013679281377, "X": -0.6663702215821008, "Yaw": -49.199234, "Z": -3.719645371442632, "Pitch": 39.45011}, "BuilderInventory": [{"Index": 0, "Type": "cwc_minecraft_red_rn", "Quantity": 20}, {"Index": 1, "Type": "cwc_minecraft_orange_rn", "Quantity": 20}, {"Index": 2, "Type": "cwc_minecraft_yellow_rn", "Quantity": 20}, {"Index": 3, "Type": "cwc_minecraft_green_rn", "Quantity": 16}, {"Index": 4, "Type": "cwc_minecraft_blue_rn", "Quantity": 16}, {"Index": 5, "Type": "cwc_minecraft_purple_rn", "Quantity": 16}], "ChatHistory": ["<Builder> Mission has started.", "<Architect> ok this looks like 3 plus signs", "<Architect> start in the center of the board and build a standing blue plus sign that is 3 blocks tall", "<Architect> now delete the center block", "<Architect> ok now right behind it but one space to the left, build the same thing in green", "<Architect> good! now the same thing in purple but behind the green and 2 squares to the right"], "Timestamp": "2018-04-12 15:13:54", "BlocksInGrid": [{"PerspectiveCoordinates": {"Y": 0.2480188568049879, "X": -0.207111190984, "Z": 3.4489986374662704}, "AbsoluteCoordinates": {"Y": 1, "X": 1, "Z": -2}, "Type": "cwc_minecraft_purple_rn"}, {"PerspectiveCoordinates": {"Y": -0.2987747179083911, "X": -2.270958959577, "Z": 2.784506971056323}, "AbsoluteCoordinates": {"Y": 1, "X": -1, "Z": -1}, "Type": "cwc_minecraft_green_rn"}, {"PerspectiveCoordinates": {"Y": 0.5974128630701029, "X": -2.374514555069, "Z": 3.873600198628458}, "AbsoluteCoordinates": {"Y": 1, "X": 0, "Z": 0}, "Type": "cwc_minecraft_blue_rn"}, {"PerspectiveCoordinates": {"Y": 0.5392032908170301, "X": -0.860541915351, "Z": 2.2290642483112424}, "AbsoluteCoordinates": {"Y": 2, "X": 0, "Z": -2}, "Type": "cwc_minecraft_purple_rn"}, {"PerspectiveCoordinates": {"Y": 1.5011907279449457, "X": 0.4463195333830001, "Z": 3.398120844299298}, "AbsoluteCoordinates": {"Y": 2, "X": 2, "Z": -2}, "Type": "cwc_minecraft_purple_rn"}, {"PerspectiveCoordinates": {"Y": -0.007590283896348833, "X": -2.924389683944, "Z": 1.564572581901295}, "AbsoluteCoordinates": {"Y": 2, "X": -2, "Z": -1}, "Type": "cwc_minecraft_green_rn"}, {"PerspectiveCoordinates": {"Y": 0.9543971532315666, "X": -1.61752823521, "Z": 2.7336291778893504}, "AbsoluteCoordinates": {"Y": 2, "X": 0, "Z": -1}, "Type": "cwc_minecraft_green_rn"}, {"PerspectiveCoordinates": {"Y": 0.8885972970821451, "X": -3.027945279436, "Z": 2.6536658094734302}, "AbsoluteCoordinates": {"Y": 2, "X": -1, "Z": 0}, "Type": "cwc_minecraft_blue_rn"}, {"PerspectiveCoordinates": {"Y": 1.8505847342100603, "X": -1.721083830702, "Z": 3.822722405461485}, "AbsoluteCoordinates": {"Y": 2, "X": 1, "Z": 0}, "Type": "cwc_minecraft_blue_rn"}, {"PerspectiveCoordinates": {"Y": 1.7923751619569879, "X": -0.207111190984, "Z": 2.1781864551442705}, "AbsoluteCoordinates": {"Y": 3, "X": 1, "Z": -2}, "Type": "cwc_minecraft_purple_rn"}, {"PerspectiveCoordinates": {"Y": 1.245581587243609, "X": -2.270958959577, "Z": 1.5136947887343226}, "AbsoluteCoordinates": {"Y": 3, "X": -1, "Z": -1}, "Type": "cwc_minecraft_green_rn"}, {"PerspectiveCoordinates": {"Y": 2.141769168222103, "X": -2.374514555069, "Z": 2.602788016306458}, "AbsoluteCoordinates": {"Y": 3, "X": 0, "Z": 0}, "Type": "cwc_minecraft_blue_rn"}], "ScreenshotPath": "179636-Builder-pickup.png"}], "NumFixedViewers": 4, "TimeElapsed": 197.13714790344238}