{"WorldStates": [{"Timestamp": "2018-04-12 15:10:55", "Chat": ["<Builder> Mission has started."], "ScreenshotPath": "0-Builder-chat.png"}, {"BuilderGridAbsolute": [], "XPos": 0.0, "TimeAlive": 120, "ZPos": 0.0, "Timestamp": "2018-04-12 15:10:55", "Yaw": 0.0, "YPos": 1.0, "BuilderGridRelative": [], "DistanceTravelled": 0, "BuilderInventory": [{"Index": 0, "Type": "cwc_minecraft_red_rn", "Quantity": 20}, {"Index": 1, "Type": "cwc_minecraft_orange_rn", "Quantity": 20}, {"Index": 2, "Type": "cwc_minecraft_yellow_rn", "Quantity": 20}, {"Index": 3, "Type": "cwc_minecraft_green_rn", "Quantity": 20}, {"Index": 4, "Type": "cwc_minecraft_blue_rn", "Quantity": 20}, {"Index": 5, "Type": "cwc_minecraft_purple_rn", "Quantity": 20}], "Pitch": 0.0}, {"Timestamp": "2018-04-12 15:11:03", "Chat": ["<Architect> ok this looks like 3 plus signs"], "ScreenshotPath": "8647-Builder-chat.png"}, {"BuilderGridAbsolute": [], "XPos": 0.0, "TimeAlive": 293, "ZPos": 0.0, "Timestamp": "2018-04-12 15:11:03", "Yaw": 0.0, "YPos": 1.0, "BuilderGridRelative": [], "DistanceTravelled": 0, "BuilderInventory": [{"Index": 0, "Type": "cwc_minecraft_red_rn", "Quantity": 20}, {"Index": 1, "Type": "cwc_minecraft_orange_rn", "Quantity": 20}, {"Index": 2, "Type": "cwc_minecraft_yellow_rn", "Quantity": 20}, {"Index": 3, "Type": "cwc_minecraft_green_rn", "Quantity": 20}, {"Index": 4, "Type": "cwc_minecraft_blue_rn", "Quantity": 20}, {"Index": 5, "Type": "cwc_minecraft_purple_rn", "Quantity": 20}], "Pitch": 0.0}, {"Timestamp": "2018-04-12 15:11:35", "Chat": ["<Architect> start in the center of the board and build a standing blue plus sign that is 3 blocks tall"]}, {"BuilderGridAbsolute": [], "XPos": 0.0, "TimeAlive": 923, "ZPos": 0.0, "Timestamp": "2018-04-12 15:11:35", "Yaw": 0.0, "YPos": 1.0, "ScreenshotPath": "40175-Builder-chat.png", "BuilderGridRelative": [], "DistanceTravelled": 0, "BuilderInventory": [{"Index": 0, "Type": "cwc_minecraft_red_rn", "Quantity": 20}, {"Index": 1, "Type": "cwc_minecraft_orange_rn", "Quantity": 20}, {"Index": 2, "Type": "cwc_minecraft_yellow_rn", "Quantity": 20}, {"Index": 3, "Type": "cwc_minecraft_green_rn", "Quantity": 20}, {"Index": 4, "Type": "cwc_minecraft_blue_rn", "Quantity": 20}, {"Index": 5, "Type": "cwc_minecraft_purple_rn", "Quantity": 20}], "Pitch": 0.0}, {"BuilderGridAbsolute": [{"Y": 1, "X": 0, "Z": 0, "Type": "cwc_minecraft_blue_rn"}], "XPos": 1.1316057202001324, "TimeAlive": 1129, "ZPos": 0.9129428545830693, "Timestamp": "2018-04-12 15:11:45", "Yaw": 156.00009, "YPos": 2.1066668221131923, "BuilderGridRelative": [{"Y": -1, "X": -1, "Z": 0, "Type": "cwc_minecraft_blue_rn"}], "DistanceTravelled": 776, "BuilderInventory": [{"Index": 0, "Type": "cwc_minecraft_red_rn", "Quantity": 20}, {"Index": 1, "Type": "cwc_minecraft_orange_rn", "Quantity": 20}, {"Index": 2, "Type": "cwc_minecraft_yellow_rn", "Quantity": 20}, {"Index": 3, "Type": "cwc_minecraft_green_rn", "Quantity": 20}, {"Index": 4, "Type": "cwc_minecraft_blue_rn", "Quantity": 19}, {"Index": 5, "Type": "cwc_minecraft_purple_rn", "Quantity": 20}], "Pitch": 77.10002}, {"Timestamp": "2018-04-12 15:11:45", "ScreenshotPath": "50524-Builder-putdown.png"}, {"BuilderGridAbsolute": [{"Y": 1, "X": 0, "Z": 0, "Type": "cwc_minecraft_blue_rn"}, {"Y": 2, "X": 0, "Z": 0, "Type": "cwc_minecraft_blue_rn"}], "XPos": 1.8629230959998822, "TimeAlive": 1143, "ZPos": 0.9510866120744721, "Timestamp": "2018-04-12 15:11:46", "Yaw": 115.65008, "YPos": 2.0435877702996392, "BuilderGridRelative": [{"Y": -1, "X": -1, "Z": 0, "Type": "cwc_minecraft_blue_rn"}, {"Y": 0, "X": -1, "Z": 0, "Type": "cwc_minecraft_blue_rn"}], "DistanceTravelled": 776, "BuilderInventory": [{"Index": 0, "Type": "cwc_minecraft_red_rn", "Quantity": 20}, {"Index": 1, "Type": "cwc_minecraft_orange_rn", "Quantity": 20}, {"Index": 2, "Type": "cwc_minecraft_yellow_rn", "Quantity": 20}, {"Index": 3, "Type": "cwc_minecraft_green_rn", "Quantity": 20}, {"Index": 4, "Type": "cwc_minecraft_blue_rn", "Quantity": 18}, {"Index": 5, "Type": "cwc_minecraft_purple_rn", "Quantity": 20}], "Pitch": 48.750015}, {"Timestamp": "2018-04-12 15:11:46", "ScreenshotPath": "51223-Builder-putdown.png"}, {"BuilderGridAbsolute": [{"Y": 1, "X": 0, "Z": 0, "Type": "cwc_minecraft_blue_rn"}, {"Y": 2, "X": 0, "Z": 0, "Type": "cwc_minecraft_blue_rn"}, {"Y": 3, "X": 0, "Z": 0, "Type": "cwc_minecraft_blue_rn"}], "XPos": 2.5381457861154204, "TimeAlive": 1164, "ZPos": 1.1825462659591537, "Timestamp": "2018-04-12 15:11:47", "Yaw": 105.60009, "YPos": 2.0435877702996392, "BuilderGridRelative": [{"Y": -1, "X": -2, "Z": -1, "Type": "cwc_minecraft_blue_rn"}, {"Y": 0, "X": -2, "Z": -1, "Type": "cwc_minecraft_blue_rn"}, {"Y": 1, "X": -2, "Z": -1, "Type": "cwc_minecraft_blue_rn"}], "DistanceTravelled": 776, "BuilderInventory": [{"Index": 0, "Type": "cwc_minecraft_red_rn", "Quantity": 20}, {"Index": 1, "Type": "cwc_minecraft_orange_rn", "Quantity": 20}, {"Index": 2, "Type": "cwc_minecraft_yellow_rn", "Quantity": 20}, {"Index": 3, "Type": "cwc_minecraft_green_rn", "Quantity": 20}, {"Index": 4, "Type": "cwc_minecraft_blue_rn", "Quantity": 17}, {"Index": 5, "Type": "cwc_minecraft_purple_rn", "Quantity": 20}], "Pitch": 20.250023}, {"Timestamp": "2018-04-12 15:11:47", "ScreenshotPath": "52274-Builder-putdown.png"}, {"BuilderGridAbsolute": [{"Y": 1, "X": 0, "Z": 0, "Type": "cwc_minecraft_blue_rn"}, {"Y": 2, "X": 0, "Z": 0, "Type": "cwc_minecraft_blue_rn"}, {"Y": 2, "X": 1, "Z": 0, "Type": "cwc_minecraft_blue_rn"}, {"Y": 3, "X": 0, "Z": 0, "Type": "cwc_minecraft_blue_rn"}], "XPos": 2.604147161382485, "TimeAlive": 1179, "ZPos": 1.1889158600417598, "Timestamp": "2018-04-12 15:11:48", "Yaw": 111.00009, "YPos": 2.0435877702996392, "BuilderGridRelative": [{"Y": -1, "X": -2, "Z": -1, "Type": "cwc_minecraft_blue_rn"}, {"Y": 0, "X": -2, "Z": -1, "Type": "cwc_minecraft_blue_rn"}, {"Y": 0, "X": -1, "Z": -1, "Type": "cwc_minecraft_blue_rn"}, {"Y": 1, "X": -2, "Z": -1, "Type": "cwc_minecraft_blue_rn"}], "DistanceTravelled": 776, "BuilderInventory": [{"Index": 0, "Type": "cwc_minecraft_red_rn", "Quantity": 20}, {"Index": 1, "Type": "cwc_minecraft_orange_rn", "Quantity": 20}, {"Index": 2, "Type": "cwc_minecraft_yellow_rn", "Quantity": 20}, {"Index": 3, "Type": "cwc_minecraft_green_rn", "Quantity": 20}, {"Index": 4, "Type": "cwc_minecraft_blue_rn", "Quantity": 16}, {"Index": 5, "Type": "cwc_minecraft_purple_rn", "Quantity": 20}], "Pitch": 33.000034}, {"Timestamp": "2018-04-12 15:11:48", "ScreenshotPath": "53023-Builder-putdown.png"}, {"BuilderGridAbsolute": [{"Y": 1, "X": 0, "Z": 0, "Type": "cwc_minecraft_blue_rn"}, {"Y": 2, "X": -1, "Z": 0, "Type": "cwc_minecraft_blue_rn"}, {"Y": 2, "X": 0, "Z": 0, "Type": "cwc_minecraft_blue_rn"}, {"Y": 2, "X": 1, "Z": 0, "Type": "cwc_minecraft_blue_rn"}, {"Y": 3, "X": 0, "Z": 0, "Type": "cwc_minecraft_blue_rn"}], "XPos": -2.1169043424517167, "TimeAlive": 1207, "ZPos": 2.189789529532676, "Timestamp": "2018-04-12 15:11:49", "Yaw": 225.9001, "YPos": 2.0435877702996392, "BuilderGridRelative": [{"Y": -1, "X": 3, "Z": -2, "Type": "cwc_minecraft_blue_rn"}, {"Y": 0, "X": 2, "Z": -2, "Type": "cwc_minecraft_blue_rn"}, {"Y": 0, "X": 3, "Z": -2, "Type": "cwc_minecraft_blue_rn"}, {"Y": 0, "X": 4, "Z": -2, "Type": "cwc_minecraft_blue_rn"}, {"Y": 1, "X": 3, "Z": -2, "Type": "cwc_minecraft_blue_rn"}], "DistanceTravelled": 776, "BuilderInventory": [{"Index": 0, "Type": "cwc_minecraft_red_rn", "Quantity": 20}, {"Index": 1, "Type": "cwc_minecraft_orange_rn", "Quantity": 20}, {"Index": 2, "Type": "cwc_minecraft_yellow_rn", "Quantity": 20}, {"Index": 3, "Type": "cwc_minecraft_green_rn", "Quantity": 20}, {"Index": 4, "Type": "cwc_minecraft_blue_rn", "Quantity": 15}, {"Index": 5, "Type": "cwc_minecraft_purple_rn", "Quantity": 20}], "Pitch": 25.200037}, {"Timestamp": "2018-04-12 15:11:49", "ScreenshotPath": "54423-Builder-putdown.png"}, {"Timestamp": "2018-04-12 15:11:58", "Chat": ["<Architect> now delete the center block"], "ScreenshotPath": "62939-Builder-chat.png"}, {"BuilderGridAbsolute": [{"Y": 1, "X": 0, "Z": 0, "Type": "cwc_minecraft_blue_rn"}, {"Y": 2, "X": -1, "Z": 0, "Type": "cwc_minecraft_blue_rn"}, {"Y": 2, "X": 0, "Z": 0, "Type": "cwc_minecraft_blue_rn"}, {"Y": 2, "X": 1, "Z": 0, "Type": "cwc_minecraft_blue_rn"}, {"Y": 3, "X": 0, "Z": 0, "Type": "cwc_minecraft_blue_rn"}], "XPos": -0.09988866383508736, "TimeAlive": 1379, "ZPos": 3.8844258089640604, "Timestamp": "2018-04-12 15:11:58", "Yaw": 177.15012, "YPos": 2.0435877702996392, "BuilderGridRelative": [{"Y": -1, "X": 1, "Z": -3, "Type": "cwc_minecraft_blue_rn"}, {"Y": 0, "X": 0, "Z": -3, "Type": "cwc_minecraft_blue_rn"}, {"Y": 0, "X": 1, "Z": -3, "Type": "cwc_minecraft_blue_rn"}, {"Y": 0, "X": 2, "Z": -3, "Type": "cwc_minecraft_blue_rn"}, {"Y": 1, "X": 1, "Z": -3, "Type": "cwc_minecraft_blue_rn"}], "DistanceTravelled": 776, "BuilderInventory": [{"Index": 0, "Type": "cwc_minecraft_red_rn", "Quantity": 20}, {"Index": 1, "Type": "cwc_minecraft_orange_rn", "Quantity": 20}, {"Index": 2, "Type": "cwc_minecraft_yellow_rn", "Quantity": 20}, {"Index": 3, "Type": "cwc_minecraft_green_rn", "Quantity": 20}, {"Index": 4, "Type": "cwc_minecraft_blue_rn", "Quantity": 15}, {"Index": 5, "Type": "cwc_minecraft_purple_rn", "Quantity": 20}], "Pitch": 24.450031}, {"BuilderGridAbsolute": [{"Y": 1, "X": 0, "Z": 0, "Type": "cwc_minecraft_blue_rn"}, {"Y": 2, "X": -1, "Z": 0, "Type": "cwc_minecraft_blue_rn"}, {"Y": 2, "X": 1, "Z": 0, "Type": "cwc_minecraft_blue_rn"}, {"Y": 3, "X": 0, "Z": 0, "Type": "cwc_minecraft_blue_rn"}], "XPos": -0.08148806094451591, "TimeAlive": 1406, "ZPos": 3.0115645163920206, "Timestamp": "2018-04-12 15:11:59", "Yaw": 191.4001, "YPos": 2.0435877702996392, "BuilderGridRelative": [{"Y": -1, "X": 1, "Z": -3, "Type": "cwc_minecraft_blue_rn"}, {"Y": 0, "X": 0, "Z": -3, "Type": "cwc_minecraft_blue_rn"}, {"Y": 0, "X": 2, "Z": -3, "Type": "cwc_minecraft_blue_rn"}, {"Y": 1, "X": 1, "Z": -3, "Type": "cwc_minecraft_blue_rn"}], "DistanceTravelled": 776, "BuilderInventory": [{"Index": 0, "Type": "cwc_minecraft_red_rn", "Quantity": 20}, {"Index": 1, "Type": "cwc_minecraft_orange_rn", "Quantity": 20}, {"Index": 2, "Type": "cwc_minecraft_yellow_rn", "Quantity": 20}, {"Index": 3, "Type": "cwc_minecraft_green_rn", "Quantity": 20}, {"Index": 4, "Type": "cwc_minecraft_blue_rn", "Quantity": 16}, {"Index": 5, "Type": "cwc_minecraft_purple_rn", "Quantity": 20}], "Pitch": 25.350029}, {"Timestamp": "2018-04-12 15:11:59", "ScreenshotPath": "64389-Builder-pickup.png"}, {"Timestamp": "2018-04-12 15:12:29", "Chat": ["<Architect> ok now right behind it but one space to the left, build the same thing in green"], "ScreenshotPath": "94233-Builder-chat.png"}, {"BuilderGridAbsolute": [{"Y": 1, "X": 0, "Z": 0, "Type": "cwc_minecraft_blue_rn"}, {"Y": 2, "X": -1, "Z": 0, "Type": "cwc_minecraft_blue_rn"}, {"Y": 2, "X": 1, "Z": 0, "Type": "cwc_minecraft_blue_rn"}, {"Y": 3, "X": 0, "Z": 0, "Type": "cwc_minecraft_blue_rn"}], "XPos": 0.29387319094492614, "TimeAlive": 2005, "ZPos": 4.171939821828465, "Timestamp": "2018-04-12 15:12:29", "Yaw": 181.9505, "YPos": 1.0, "BuilderGridRelative": [{"Y": 0, "X": 0, "Z": -4, "Type": "cwc_minecraft_blue_rn"}, {"Y": 1, "X": -1, "Z": -4, "Type": "cwc_minecraft_blue_rn"}, {"Y": 1, "X": 1, "Z": -4, "Type": "cwc_minecraft_blue_rn"}, {"Y": 2, "X": 0, "Z": -4, "Type": "cwc_minecraft_blue_rn"}], "DistanceTravelled": 822, "BuilderInventory": [{"Index": 0, "Type": "cwc_minecraft_red_rn", "Quantity": 20}, {"Index": 1, "Type": "cwc_minecraft_orange_rn", "Quantity": 20}, {"Index": 2, "Type": "cwc_minecraft_yellow_rn", "Quantity": 20}, {"Index": 3, "Type": "cwc_minecraft_green_rn", "Quantity": 20}, {"Index": 4, "Type": "cwc_minecraft_blue_rn", "Quantity": 16}, {"Index": 5, "Type": "cwc_minecraft_purple_rn", "Quantity": 20}], "Pitch": 0.7500456}, {"BuilderGridAbsolute": [{"Y": 1, "X": 1, "Z": -1, "Type": "cwc_minecraft_green_rn"}, {"Y": 1, "X": 0, "Z": 0, "Type": "cwc_minecraft_blue_rn"}, {"Y": 2, "X": -1, "Z": 0, "Type": "cwc_minecraft_blue_rn"}, {"Y": 2, "X": 1, "Z": 0, "Type": "cwc_minecraft_blue_rn"}, {"Y": 3, "X": 0, "Z": 0, "Type": "cwc_minecraft_blue_rn"}], "XPos": 0.612123514018679, "TimeAlive": 2176, "ZPos": -2.0221701005353347, "Timestamp": "2018-04-12 15:12:38", "Yaw": 324.30057, "YPos": 1.0, "ScreenshotPath": "102832-Builder-putdown.png", "BuilderGridRelative": [{"Y": 0, "X": 1, "Z": 2, "Type": "cwc_minecraft_green_rn"}, {"Y": 0, "X": 0, "Z": 3, "Type": "cwc_minecraft_blue_rn"}, {"Y": 1, "X": -1, "Z": 3, "Type": "cwc_minecraft_blue_rn"}, {"Y": 1, "X": 1, "Z": 3, "Type": "cwc_minecraft_blue_rn"}, {"Y": 2, "X": 0, "Z": 3, "Type": "cwc_minecraft_blue_rn"}], "DistanceTravelled": 2377, "BuilderInventory": [{"Index": 0, "Type": "cwc_minecraft_red_rn", "Quantity": 20}, {"Index": 1, "Type": "cwc_minecraft_orange_rn", "Quantity": 20}, {"Index": 2, "Type": "cwc_minecraft_yellow_rn", "Quantity": 20}, {"Index": 3, "Type": "cwc_minecraft_green_rn", "Quantity": 19}, {"Index": 4, "Type": "cwc_minecraft_blue_rn", "Quantity": 16}, {"Index": 5, "Type": "cwc_minecraft_purple_rn", "Quantity": 20}], "Pitch": 47.700066}, {"BuilderGridAbsolute": [{"Y": 1, "X": 1, "Z": -1, "Type": "cwc_minecraft_green_rn"}, {"Y": 1, "X": 2, "Z": -1, "Type": "cwc_minecraft_green_rn"}, {"Y": 1, "X": 0, "Z": 0, "Type": "cwc_minecraft_blue_rn"}, {"Y": 2, "X": -1, "Z": 0, "Type": "cwc_minecraft_blue_rn"}, {"Y": 2, "X": 1, "Z": 0, "Type": "cwc_minecraft_blue_rn"}, {"Y": 3, "X": 0, "Z": 0, "Type": "cwc_minecraft_blue_rn"}], "XPos": 3.2590266634793155, "TimeAlive": 2224, "ZPos": -2.3540653719330704, "Timestamp": "2018-04-12 15:12:40", "Yaw": 35.850616, "YPos": 1.0, "ScreenshotPath": "105231-Builder-putdown.png", "BuilderGridRelative": [{"Y": 0, "X": -2, "Z": 2, "Type": "cwc_minecraft_green_rn"}, {"Y": 0, "X": -1, "Z": 2, "Type": "cwc_minecraft_green_rn"}, {"Y": 0, "X": -3, "Z": 3, "Type": "cwc_minecraft_blue_rn"}, {"Y": 1, "X": -4, "Z": 3, "Type": "cwc_minecraft_blue_rn"}, {"Y": 1, "X": -2, "Z": 3, "Type": "cwc_minecraft_blue_rn"}, {"Y": 2, "X": -3, "Z": 3, "Type": "cwc_minecraft_blue_rn"}], "DistanceTravelled": 2692, "BuilderInventory": [{"Index": 0, "Type": "cwc_minecraft_red_rn", "Quantity": 20}, {"Index": 1, "Type": "cwc_minecraft_orange_rn", "Quantity": 20}, {"Index": 2, "Type": "cwc_minecraft_yellow_rn", "Quantity": 20}, {"Index": 3, "Type": "cwc_minecraft_green_rn", "Quantity": 18}, {"Index": 4, "Type": "cwc_minecraft_blue_rn", "Quantity": 16}, {"Index": 5, "Type": "cwc_minecraft_purple_rn", "Quantity": 20}], "Pitch": 27.000072}, {"BuilderGridAbsolute": [{"Y": 1, "X": 1, "Z": -1, "Type": "cwc_minecraft_green_rn"}, {"Y": 1, "X": 2, "Z": -1, "Type": "cwc_minecraft_green_rn"}, {"Y": 1, "X": 0, "Z": 0, "Type": "cwc_minecraft_blue_rn"}, {"Y": 2, "X": 2, "Z": -1, "Type": "cwc_minecraft_green_rn"}, {"Y": 2, "X": -1, "Z": 0, "Type": "cwc_minecraft_blue_rn"}, {"Y": 2, "X": 1, "Z": 0, "Type": "cwc_minecraft_blue_rn"}, {"Y": 3, "X": 0, "Z": 0, "Type": "cwc_minecraft_blue_rn"}], "XPos": 3.2590266634793155, "TimeAlive": 2238, "ZPos": -2.3540653719330704, "Timestamp": "2018-04-12 15:12:41", "Yaw": 17.700623, "YPos": 1.0, "ScreenshotPath": "105932-Builder-putdown.png", "BuilderGridRelative": [{"Y": 0, "X": -2, "Z": 2, "Type": "cwc_minecraft_green_rn"}, {"Y": 0, "X": -1, "Z": 2, "Type": "cwc_minecraft_green_rn"}, {"Y": 0, "X": -3, "Z": 3, "Type": "cwc_minecraft_blue_rn"}, {"Y": 1, "X": -1, "Z": 2, "Type": "cwc_minecraft_green_rn"}, {"Y": 1, "X": -4, "Z": 3, "Type": "cwc_minecraft_blue_rn"}, {"Y": 1, "X": -2, "Z": 3, "Type": "cwc_minecraft_blue_rn"}, {"Y": 2, "X": -3, "Z": 3, "Type": "cwc_minecraft_blue_rn"}], "DistanceTravelled": 2692, "BuilderInventory": [{"Index": 0, "Type": "cwc_minecraft_red_rn", "Quantity": 20}, {"Index": 1, "Type": "cwc_minecraft_orange_rn", "Quantity": 20}, {"Index": 2, "Type": "cwc_minecraft_yellow_rn", "Quantity": 20}, {"Index": 3, "Type": "cwc_minecraft_green_rn", "Quantity": 17}, {"Index": 4, "Type": "cwc_minecraft_blue_rn", "Quantity": 16}, {"Index": 5, "Type": "cwc_minecraft_purple_rn", "Quantity": 20}], "Pitch": 21.150074}, {"BuilderGridAbsolute": [{"Y": 1, "X": 1, "Z": -1, "Type": "cwc_minecraft_green_rn"}, {"Y": 1, "X": 0, "Z": 0, "Type": "cwc_minecraft_blue_rn"}, {"Y": 2, "X": 2, "Z": -1, "Type": "cwc_minecraft_green_rn"}, {"Y": 2, "X": -1, "Z": 0, "Type": "cwc_minecraft_blue_rn"}, {"Y": 2, "X": 1, "Z": 0, "Type": "cwc_minecraft_blue_rn"}, {"Y": 3, "X": 0, "Z": 0, "Type": "cwc_minecraft_blue_rn"}], "XPos": 2.0746176972077275, "TimeAlive": 2265, "ZPos": -2.2542367591832164, "Timestamp": "2018-04-12 15:12:42", "Yaw": 334.50064, "YPos": 1.0, "BuilderGridRelative": [{"Y": 0, "X": -1, "Z": 2, "Type": "cwc_minecraft_green_rn"}, {"Y": 0, "X": -2, "Z": 3, "Type": "cwc_minecraft_blue_rn"}, {"Y": 1, "X": 0, "Z": 2, "Type": "cwc_minecraft_green_rn"}, {"Y": 1, "X": -3, "Z": 3, "Type": "cwc_minecraft_blue_rn"}, {"Y": 1, "X": -1, "Z": 3, "Type": "cwc_minecraft_blue_rn"}, {"Y": 2, "X": -2, "Z": 3, "Type": "cwc_minecraft_blue_rn"}], "DistanceTravelled": 2816, "BuilderInventory": [{"Index": 0, "Type": "cwc_minecraft_red_rn", "Quantity": 20}, {"Index": 1, "Type": "cwc_minecraft_orange_rn", "Quantity": 20}, {"Index": 2, "Type": "cwc_minecraft_yellow_rn", "Quantity": 20}, {"Index": 3, "Type": "cwc_minecraft_green_rn", "Quantity": 18}, {"Index": 4, "Type": "cwc_minecraft_blue_rn", "Quantity": 16}, {"Index": 5, "Type": "cwc_minecraft_purple_rn", "Quantity": 20}], "Pitch": 37.80008}, {"Timestamp": "2018-04-12 15:12:42", "ScreenshotPath": "107382-Builder-pickup.png"}, {"BuilderGridAbsolute": [{"Y": 1, "X": 1, "Z": -1, "Type": "cwc_minecraft_green_rn"}, {"Y": 1, "X": 0, "Z": 0, "Type": "cwc_minecraft_blue_rn"}, {"Y": 2, "X": 1, "Z": -1, "Type": "cwc_minecraft_green_rn"}, {"Y": 2, "X": 2, "Z": -1, "Type": "cwc_minecraft_green_rn"}, {"Y": 2, "X": -1, "Z": 0, "Type": "cwc_minecraft_blue_rn"}, {"Y": 2, "X": 1, "Z": 0, "Type": "cwc_minecraft_blue_rn"}, {"Y": 3, "X": 0, "Z": 0, "Type": "cwc_minecraft_blue_rn"}], "XPos": 1.5050298997592373, "TimeAlive": 2281, "ZPos": -1.9891584649853062, "Timestamp": "2018-04-12 15:12:43", "Yaw": 352.9506, "YPos": 1.0, "ScreenshotPath": "108081-Builder-putdown.png", "BuilderGridRelative": [{"Y": 0, "X": 0, "Z": 1, "Type": "cwc_minecraft_green_rn"}, {"Y": 0, "X": -1, "Z": 2, "Type": "cwc_minecraft_blue_rn"}, {"Y": 1, "X": 0, "Z": 1, "Type": "cwc_minecraft_green_rn"}, {"Y": 1, "X": 1, "Z": 1, "Type": "cwc_minecraft_green_rn"}, {"Y": 1, "X": -2, "Z": 2, "Type": "cwc_minecraft_blue_rn"}, {"Y": 1, "X": 0, "Z": 2, "Type": "cwc_minecraft_blue_rn"}, {"Y": 2, "X": -1, "Z": 2, "Type": "cwc_minecraft_blue_rn"}], "DistanceTravelled": 2879, "BuilderInventory": [{"Index": 0, "Type": "cwc_minecraft_red_rn", "Quantity": 20}, {"Index": 1, "Type": "cwc_minecraft_orange_rn", "Quantity": 20}, {"Index": 2, "Type": "cwc_minecraft_yellow_rn", "Quantity": 20}, {"Index": 3, "Type": "cwc_minecraft_green_rn", "Quantity": 17}, {"Index": 4, "Type": "cwc_minecraft_blue_rn", "Quantity": 16}, {"Index": 5, "Type": "cwc_minecraft_purple_rn", "Quantity": 20}], "Pitch": 26.100082}, {"BuilderGridAbsolute": [{"Y": 1, "X": 1, "Z": -1, "Type": "cwc_minecraft_green_rn"}, {"Y": 1, "X": 0, "Z": 0, "Type": "cwc_minecraft_blue_rn"}, {"Y": 2, "X": 0, "Z": -1, "Type": "cwc_minecraft_green_rn"}, {"Y": 2, "X": 1, "Z": -1, "Type": "cwc_minecraft_green_rn"}, {"Y": 2, "X": 2, "Z": -1, "Type": "cwc_minecraft_green_rn"}, {"Y": 2, "X": -1, "Z": 0, "Type": "cwc_minecraft_blue_rn"}, {"Y": 2, "X": 1, "Z": 0, "Type": "cwc_minecraft_blue_rn"}, {"Y": 3, "X": 0, "Z": 0, "Type": "cwc_minecraft_blue_rn"}], "XPos": 0.021891640998897843, "TimeAlive": 2297, "ZPos": -2.093206111215118, "Timestamp": "2018-04-12 15:12:44", "Yaw": 320.40054, "YPos": 1.0, "ScreenshotPath": "108881-Builder-putdown.png", "BuilderGridRelative": [{"Y": 0, "X": 1, "Z": 2, "Type": "cwc_minecraft_green_rn"}, {"Y": 0, "X": 0, "Z": 3, "Type": "cwc_minecraft_blue_rn"}, {"Y": 1, "X": 0, "Z": 2, "Type": "cwc_minecraft_green_rn"}, {"Y": 1, "X": 1, "Z": 2, "Type": "cwc_minecraft_green_rn"}, {"Y": 1, "X": 2, "Z": 2, "Type": "cwc_minecraft_green_rn"}, {"Y": 1, "X": -1, "Z": 3, "Type": "cwc_minecraft_blue_rn"}, {"Y": 1, "X": 1, "Z": 3, "Type": "cwc_minecraft_blue_rn"}, {"Y": 2, "X": 0, "Z": 3, "Type": "cwc_minecraft_blue_rn"}], "DistanceTravelled": 3029, "BuilderInventory": [{"Index": 0, "Type": "cwc_minecraft_red_rn", "Quantity": 20}, {"Index": 1, "Type": "cwc_minecraft_orange_rn", "Quantity": 20}, {"Index": 2, "Type": "cwc_minecraft_yellow_rn", "Quantity": 20}, {"Index": 3, "Type": "cwc_minecraft_green_rn", "Quantity": 16}, {"Index": 4, "Type": "cwc_minecraft_blue_rn", "Quantity": 16}, {"Index": 5, "Type": "cwc_minecraft_purple_rn", "Quantity": 20}], "Pitch": 13.50009}, {"BuilderGridAbsolute": [{"Y": 1, "X": 1, "Z": -1, "Type": "cwc_minecraft_green_rn"}, {"Y": 1, "X": 0, "Z": 0, "Type": "cwc_minecraft_blue_rn"}, {"Y": 2, "X": 0, "Z": -1, "Type": "cwc_minecraft_green_rn"}, {"Y": 2, "X": 1, "Z": -1, "Type": "cwc_minecraft_green_rn"}, {"Y": 2, "X": 2, "Z": -1, "Type": "cwc_minecraft_green_rn"}, {"Y": 2, "X": -1, "Z": 0, "Type": "cwc_minecraft_blue_rn"}, {"Y": 2, "X": 1, "Z": 0, "Type": "cwc_minecraft_blue_rn"}, {"Y": 3, "X": 1, "Z": -1, "Type": "cwc_minecraft_green_rn"}, {"Y": 3, "X": 0, "Z": 0, "Type": "cwc_minecraft_blue_rn"}], "XPos": 0.021891640998897843, "TimeAlive": 2334, "ZPos": -2.093206111215118, "Timestamp": "2018-04-12 15:12:46", "Yaw": 316.8006, "YPos": 3.5135425939552944, "ScreenshotPath": "110730-Builder-putdown.png", "BuilderGridRelative": [{"Y": -2, "X": 1, "Z": 2, "Type": "cwc_minecraft_green_rn"}, {"Y": -2, "X": 0, "Z": 3, "Type": "cwc_minecraft_blue_rn"}, {"Y": -1, "X": 0, "Z": 2, "Type": "cwc_minecraft_green_rn"}, {"Y": -1, "X": 1, "Z": 2, "Type": "cwc_minecraft_green_rn"}, {"Y": -1, "X": 2, "Z": 2, "Type": "cwc_minecraft_green_rn"}, {"Y": -1, "X": -1, "Z": 3, "Type": "cwc_minecraft_blue_rn"}, {"Y": -1, "X": 1, "Z": 3, "Type": "cwc_minecraft_blue_rn"}, {"Y": 0, "X": 1, "Z": 2, "Type": "cwc_minecraft_green_rn"}, {"Y": 0, "X": 0, "Z": 3, "Type": "cwc_minecraft_blue_rn"}], "DistanceTravelled": 3029, "BuilderInventory": [{"Index": 0, "Type": "cwc_minecraft_red_rn", "Quantity": 20}, {"Index": 1, "Type": "cwc_minecraft_orange_rn", "Quantity": 20}, {"Index": 2, "Type": "cwc_minecraft_yellow_rn", "Quantity": 20}, {"Index": 3, "Type": "cwc_minecraft_green_rn", "Quantity": 15}, {"Index": 4, "Type": "cwc_minecraft_blue_rn", "Quantity": 16}, {"Index": 5, "Type": "cwc_minecraft_purple_rn", "Quantity": 20}], "Pitch": 45.750095}, {"BuilderGridAbsolute": [{"Y": 1, "X": 1, "Z": -1, "Type": "cwc_minecraft_green_rn"}, {"Y": 1, "X": 0, "Z": 0, "Type": "cwc_minecraft_blue_rn"}, {"Y": 2, "X": 0, "Z": -1, "Type": "cwc_minecraft_green_rn"}, {"Y": 2, "X": 2, "Z": -1, "Type": "cwc_minecraft_green_rn"}, {"Y": 2, "X": -1, "Z": 0, "Type": "cwc_minecraft_blue_rn"}, {"Y": 2, "X": 1, "Z": 0, "Type": "cwc_minecraft_blue_rn"}, {"Y": 3, "X": 1, "Z": -1, "Type": "cwc_minecraft_green_rn"}, {"Y": 3, "X": 0, "Z": 0, "Type": "cwc_minecraft_blue_rn"}], "XPos": 0.021891640998897843, "TimeAlive": 2353, "ZPos": -2.093206111215118, "Timestamp": "2018-04-12 15:12:46", "Yaw": 312.6006, "YPos": 3.5329282753448883, "BuilderGridRelative": [{"Y": -2, "X": 1, "Z": 2, "Type": "cwc_minecraft_green_rn"}, {"Y": -2, "X": 0, "Z": 3, "Type": "cwc_minecraft_blue_rn"}, {"Y": -1, "X": 0, "Z": 2, "Type": "cwc_minecraft_green_rn"}, {"Y": -1, "X": 2, "Z": 2, "Type": "cwc_minecraft_green_rn"}, {"Y": -1, "X": -1, "Z": 3, "Type": "cwc_minecraft_blue_rn"}, {"Y": -1, "X": 1, "Z": 3, "Type": "cwc_minecraft_blue_rn"}, {"Y": 0, "X": 1, "Z": 2, "Type": "cwc_minecraft_green_rn"}, {"Y": 0, "X": 0, "Z": 3, "Type": "cwc_minecraft_blue_rn"}], "DistanceTravelled": 3029, "BuilderInventory": [{"Index": 0, "Type": "cwc_minecraft_red_rn", "Quantity": 20}, {"Index": 1, "Type": "cwc_minecraft_orange_rn", "Quantity": 20}, {"Index": 2, "Type": "cwc_minecraft_yellow_rn", "Quantity": 20}, {"Index": 3, "Type": "cwc_minecraft_green_rn", "Quantity": 16}, {"Index": 4, "Type": "cwc_minecraft_blue_rn", "Quantity": 16}, {"Index": 5, "Type": "cwc_minecraft_purple_rn", "Quantity": 20}], "Pitch": 55.350098}, {"Timestamp": "2018-04-12 15:12:47", "ScreenshotPath": "111780-Builder-pickup.png"}, {"BuilderGridAbsolute": [{"Y": 1, "X": 1, "Z": -1, "Type": "cwc_minecraft_green_rn"}, {"Y": 1, "X": 0, "Z": 0, "Type": "cwc_minecraft_blue_rn"}, {"Y": 2, "X": 0, "Z": -1, "Type": "cwc_minecraft_green_rn"}, {"Y": 2, "X": 2, "Z": -1, "Type": "cwc_minecraft_green_rn"}, {"Y": 2, "X": -1, "Z": 0, "Type": "cwc_minecraft_blue_rn"}, {"Y": 2, "X": 1, "Z": 0, "Type": "cwc_minecraft_blue_rn"}, {"Y": 3, "X": 0, "Z": 0, "Type": "cwc_minecraft_blue_rn"}], "XPos": 1.7591089402392859, "TimeAlive": 2592, "ZPos": -2.403229002342662, "Timestamp": "2018-04-12 15:12:58", "Yaw": 352.80063, "YPos": 1.0, "BuilderGridRelative": [{"Y": 0, "X": 0, "Z": 2, "Type": "cwc_minecraft_green_rn"}, {"Y": 0, "X": -1, "Z": 3, "Type": "cwc_minecraft_blue_rn"}, {"Y": 1, "X": -1, "Z": 2, "Type": "cwc_minecraft_green_rn"}, {"Y": 1, "X": 1, "Z": 2, "Type": "cwc_minecraft_green_rn"}, {"Y": 1, "X": -2, "Z": 3, "Type": "cwc_minecraft_blue_rn"}, {"Y": 1, "X": 0, "Z": 3, "Type": "cwc_minecraft_blue_rn"}, {"Y": 2, "X": -1, "Z": 3, "Type": "cwc_minecraft_blue_rn"}], "DistanceTravelled": 3116, "BuilderInventory": [{"Index": 0, "Type": "cwc_minecraft_red_rn", "Quantity": 20}, {"Index": 1, "Type": "cwc_minecraft_orange_rn", "Quantity": 20}, {"Index": 2, "Type": "cwc_minecraft_yellow_rn", "Quantity": 20}, {"Index": 3, "Type": "cwc_minecraft_green_rn", "Quantity": 17}, {"Index": 4, "Type": "cwc_minecraft_blue_rn", "Quantity": 16}, {"Index": 5, "Type": "cwc_minecraft_purple_rn", "Quantity": 20}], "Pitch": -21.449879}, {"Timestamp": "2018-04-12 15:12:58", "ScreenshotPath": "123729-Builder-pickup.png"}, {"BuilderGridAbsolute": [{"Y": 1, "X": 1, "Z": -1, "Type": "cwc_minecraft_green_rn"}, {"Y": 1, "X": 0, "Z": 0, "Type": "cwc_minecraft_blue_rn"}, {"Y": 2, "X": 0, "Z": -1, "Type": "cwc_minecraft_green_rn"}, {"Y": 2, "X": -1, "Z": 0, "Type": "cwc_minecraft_blue_rn"}, {"Y": 2, "X": 1, "Z": 0, "Type": "cwc_minecraft_blue_rn"}, {"Y": 3, "X": 0, "Z": 0, "Type": "cwc_minecraft_blue_rn"}], "XPos": 1.791429365888061, "TimeAlive": 2609, "ZPos": -2.403229002342662, "Timestamp": "2018-04-12 15:12:59", "Yaw": 342.15057, "YPos": 1.0, "BuilderGridRelative": [{"Y": 0, "X": 0, "Z": 2, "Type": "cwc_minecraft_green_rn"}, {"Y": 0, "X": -1, "Z": 3, "Type": "cwc_minecraft_blue_rn"}, {"Y": 1, "X": -1, "Z": 2, "Type": "cwc_minecraft_green_rn"}, {"Y": 1, "X": -2, "Z": 3, "Type": "cwc_minecraft_blue_rn"}, {"Y": 1, "X": 0, "Z": 3, "Type": "cwc_minecraft_blue_rn"}, {"Y": 2, "X": -1, "Z": 3, "Type": "cwc_minecraft_blue_rn"}], "DistanceTravelled": 3119, "BuilderInventory": [{"Index": 0, "Type": "cwc_minecraft_red_rn", "Quantity": 20}, {"Index": 1, "Type": "cwc_minecraft_orange_rn", "Quantity": 20}, {"Index": 2, "Type": "cwc_minecraft_yellow_rn", "Quantity": 20}, {"Index": 3, "Type": "cwc_minecraft_green_rn", "Quantity": 18}, {"Index": 4, "Type": "cwc_minecraft_blue_rn", "Quantity": 16}, {"Index": 5, "Type": "cwc_minecraft_purple_rn", "Quantity": 20}], "Pitch": 6.750117}, {"Timestamp": "2018-04-12 15:12:59", "ScreenshotPath": "124578-Builder-pickup.png"}, {"BuilderGridAbsolute": [{"Y": 1, "X": 0, "Z": 0, "Type": "cwc_minecraft_blue_rn"}, {"Y": 2, "X": 0, "Z": -1, "Type": "cwc_minecraft_green_rn"}, {"Y": 2, "X": -1, "Z": 0, "Type": "cwc_minecraft_blue_rn"}, {"Y": 2, "X": 1, "Z": 0, "Type": "cwc_minecraft_blue_rn"}, {"Y": 3, "X": 0, "Z": 0, "Type": "cwc_minecraft_blue_rn"}], "XPos": 1.791429365888061, "TimeAlive": 2622, "ZPos": -2.403229002342662, "Timestamp": "2018-04-12 15:13:00", "Yaw": 10.800598, "YPos": 1.0, "BuilderGridRelative": [{"Y": 0, "X": -1, "Z": 3, "Type": "cwc_minecraft_blue_rn"}, {"Y": 1, "X": -1, "Z": 2, "Type": "cwc_minecraft_green_rn"}, {"Y": 1, "X": -2, "Z": 3, "Type": "cwc_minecraft_blue_rn"}, {"Y": 1, "X": 0, "Z": 3, "Type": "cwc_minecraft_blue_rn"}, {"Y": 2, "X": -1, "Z": 3, "Type": "cwc_minecraft_blue_rn"}], "DistanceTravelled": 3119, "BuilderInventory": [{"Index": 0, "Type": "cwc_minecraft_red_rn", "Quantity": 20}, {"Index": 1, "Type": "cwc_minecraft_orange_rn", "Quantity": 20}, {"Index": 2, "Type": "cwc_minecraft_yellow_rn", "Quantity": 20}, {"Index": 3, "Type": "cwc_minecraft_green_rn", "Quantity": 19}, {"Index": 4, "Type": "cwc_minecraft_blue_rn", "Quantity": 16}, {"Index": 5, "Type": "cwc_minecraft_purple_rn", "Quantity": 20}], "Pitch": 36.600113}, {"Timestamp": "2018-04-12 15:13:00", "ScreenshotPath": "125229-Builder-pickup.png"}, {"BuilderGridAbsolute": [{"Y": 1, "X": 0, "Z": 0, "Type": "cwc_minecraft_blue_rn"}, {"Y": 2, "X": -1, "Z": -1, "Type": "cwc_minecraft_green_rn"}, {"Y": 2, "X": 0, "Z": -1, "Type": "cwc_minecraft_green_rn"}, {"Y": 2, "X": -1, "Z": 0, "Type": "cwc_minecraft_blue_rn"}, {"Y": 2, "X": 1, "Z": 0, "Type": "cwc_minecraft_blue_rn"}, {"Y": 3, "X": 0, "Z": 0, "Type": "cwc_minecraft_blue_rn"}], "XPos": -0.8258728997979337, "TimeAlive": 2643, "ZPos": -1.8289214637423545, "Timestamp": "2018-04-12 15:13:01", "Yaw": 316.80057, "YPos": 1.0, "BuilderGridRelative": [{"Y": 0, "X": 1, "Z": 2, "Type": "cwc_minecraft_blue_rn"}, {"Y": 1, "X": 0, "Z": 1, "Type": "cwc_minecraft_green_rn"}, {"Y": 1, "X": 1, "Z": 1, "Type": "cwc_minecraft_green_rn"}, {"Y": 1, "X": 0, "Z": 2, "Type": "cwc_minecraft_blue_rn"}, {"Y": 1, "X": 2, "Z": 2, "Type": "cwc_minecraft_blue_rn"}, {"Y": 2, "X": 1, "Z": 2, "Type": "cwc_minecraft_blue_rn"}], "DistanceTravelled": 3402, "BuilderInventory": [{"Index": 0, "Type": "cwc_minecraft_red_rn", "Quantity": 20}, {"Index": 1, "Type": "cwc_minecraft_orange_rn", "Quantity": 20}, {"Index": 2, "Type": "cwc_minecraft_yellow_rn", "Quantity": 20}, {"Index": 3, "Type": "cwc_minecraft_green_rn", "Quantity": 18}, {"Index": 4, "Type": "cwc_minecraft_blue_rn", "Quantity": 16}, {"Index": 5, "Type": "cwc_minecraft_purple_rn", "Quantity": 20}], "Pitch": 11.400109}, {"Timestamp": "2018-04-12 15:13:01", "ScreenshotPath": "126228-Builder-putdown.png"}, {"BuilderGridAbsolute": [{"Y": 1, "X": -1, "Z": -1, "Type": "cwc_minecraft_green_rn"}, {"Y": 1, "X": 0, "Z": 0, "Type": "cwc_minecraft_blue_rn"}, {"Y": 2, "X": -1, "Z": -1, "Type": "cwc_minecraft_green_rn"}, {"Y": 2, "X": 0, "Z": -1, "Type": "cwc_minecraft_green_rn"}, {"Y": 2, "X": -1, "Z": 0, "Type": "cwc_minecraft_blue_rn"}, {"Y": 2, "X": 1, "Z": 0, "Type": "cwc_minecraft_blue_rn"}, {"Y": 3, "X": 0, "Z": 0, "Type": "cwc_minecraft_blue_rn"}], "XPos": -1.3451793873000462, "TimeAlive": 2657, "ZPos": -2.382688670602164, "Timestamp": "2018-04-12 15:13:02", "Yaw": 339.60052, "YPos": 1.0, "ScreenshotPath": "126879-Builder-putdown.png", "BuilderGridRelative": [{"Y": 0, "X": 1, "Z": 2, "Type": "cwc_minecraft_green_rn"}, {"Y": 0, "X": 2, "Z": 3, "Type": "cwc_minecraft_blue_rn"}, {"Y": 1, "X": 1, "Z": 2, "Type": "cwc_minecraft_green_rn"}, {"Y": 1, "X": 2, "Z": 2, "Type": "cwc_minecraft_green_rn"}, {"Y": 1, "X": 1, "Z": 3, "Type": "cwc_minecraft_blue_rn"}, {"Y": 1, "X": 3, "Z": 3, "Type": "cwc_minecraft_blue_rn"}, {"Y": 2, "X": 2, "Z": 3, "Type": "cwc_minecraft_blue_rn"}], "DistanceTravelled": 3478, "BuilderInventory": [{"Index": 0, "Type": "cwc_minecraft_red_rn", "Quantity": 20}, {"Index": 1, "Type": "cwc_minecraft_orange_rn", "Quantity": 20}, {"Index": 2, "Type": "cwc_minecraft_yellow_rn", "Quantity": 20}, {"Index": 3, "Type": "cwc_minecraft_green_rn", "Quantity": 17}, {"Index": 4, "Type": "cwc_minecraft_blue_rn", "Quantity": 16}, {"Index": 5, "Type": "cwc_minecraft_purple_rn", "Quantity": 20}], "Pitch": 35.250114}, {"BuilderGridAbsolute": [{"Y": 1, "X": -1, "Z": -1, "Type": "cwc_minecraft_green_rn"}, {"Y": 1, "X": 0, "Z": 0, "Type": "cwc_minecraft_blue_rn"}, {"Y": 2, "X": -2, "Z": -1, "Type": "cwc_minecraft_green_rn"}, {"Y": 2, "X": -1, "Z": -1, "Type": "cwc_minecraft_green_rn"}, {"Y": 2, "X": 0, "Z": -1, "Type": "cwc_minecraft_green_rn"}, {"Y": 2, "X": -1, "Z": 0, "Type": "cwc_minecraft_blue_rn"}, {"Y": 2, "X": 1, "Z": 0, "Type": "cwc_minecraft_blue_rn"}, {"Y": 3, "X": 0, "Z": 0, "Type": "cwc_minecraft_blue_rn"}], "XPos": -1.7031008035721296, "TimeAlive": 2681, "ZPos": -3.392325128449601, "Timestamp": "2018-04-12 15:13:03", "Yaw": 346.05035, "YPos": 1.0, "ScreenshotPath": "128079-Builder-putdown.png", "BuilderGridRelative": [{"Y": 0, "X": 1, "Z": 3, "Type": "cwc_minecraft_green_rn"}, {"Y": 0, "X": 2, "Z": 4, "Type": "cwc_minecraft_blue_rn"}, {"Y": 1, "X": 0, "Z": 3, "Type": "cwc_minecraft_green_rn"}, {"Y": 1, "X": 1, "Z": 3, "Type": "cwc_minecraft_green_rn"}, {"Y": 1, "X": 2, "Z": 3, "Type": "cwc_minecraft_green_rn"}, {"Y": 1, "X": 1, "Z": 4, "Type": "cwc_minecraft_blue_rn"}, {"Y": 1, "X": 3, "Z": 4, "Type": "cwc_minecraft_blue_rn"}, {"Y": 2, "X": 2, "Z": 4, "Type": "cwc_minecraft_blue_rn"}], "DistanceTravelled": 3585, "BuilderInventory": [{"Index": 0, "Type": "cwc_minecraft_red_rn", "Quantity": 20}, {"Index": 1, "Type": "cwc_minecraft_orange_rn", "Quantity": 20}, {"Index": 2, "Type": "cwc_minecraft_yellow_rn", "Quantity": 20}, {"Index": 3, "Type": "cwc_minecraft_green_rn", "Quantity": 16}, {"Index": 4, "Type": "cwc_minecraft_blue_rn", "Quantity": 16}, {"Index": 5, "Type": "cwc_minecraft_purple_rn", "Quantity": 20}], "Pitch": 5.40011}, {"BuilderGridAbsolute": [{"Y": 1, "X": -1, "Z": -1, "Type": "cwc_minecraft_green_rn"}, {"Y": 1, "X": 0, "Z": 0, "Type": "cwc_minecraft_blue_rn"}, {"Y": 2, "X": -2, "Z": -1, "Type": "cwc_minecraft_green_rn"}, {"Y": 2, "X": -1, "Z": -1, "Type": "cwc_minecraft_green_rn"}, {"Y": 2, "X": 0, "Z": -1, "Type": "cwc_minecraft_green_rn"}, {"Y": 2, "X": -1, "Z": 0, "Type": "cwc_minecraft_blue_rn"}, {"Y": 2, "X": 1, "Z": 0, "Type": "cwc_minecraft_blue_rn"}, {"Y": 3, "X": -1, "Z": -1, "Type": "cwc_minecraft_green_rn"}, {"Y": 3, "X": 0, "Z": 0, "Type": "cwc_minecraft_blue_rn"}], "XPos": -1.4110525612659037, "TimeAlive": 2719, "ZPos": 0.2366784414793859, "Timestamp": "2018-04-12 15:13:05", "Yaw": 229.50049, "YPos": 3.0, "ScreenshotPath": "129978-Builder-putdown.png", "BuilderGridRelative": [{"Y": -2, "X": 1, "Z": -1, "Type": "cwc_minecraft_green_rn"}, {"Y": -2, "X": 2, "Z": 0, "Type": "cwc_minecraft_blue_rn"}, {"Y": -1, "X": 0, "Z": -1, "Type": "cwc_minecraft_green_rn"}, {"Y": -1, "X": 1, "Z": -1, "Type": "cwc_minecraft_green_rn"}, {"Y": -1, "X": 2, "Z": -1, "Type": "cwc_minecraft_green_rn"}, {"Y": -1, "X": 1, "Z": 0, "Type": "cwc_minecraft_blue_rn"}, {"Y": -1, "X": 3, "Z": 0, "Type": "cwc_minecraft_blue_rn"}, {"Y": 0, "X": 1, "Z": -1, "Type": "cwc_minecraft_green_rn"}, {"Y": 0, "X": 2, "Z": 0, "Type": "cwc_minecraft_blue_rn"}], "DistanceTravelled": 3812, "BuilderInventory": [{"Index": 0, "Type": "cwc_minecraft_red_rn", "Quantity": 20}, {"Index": 1, "Type": "cwc_minecraft_orange_rn", "Quantity": 20}, {"Index": 2, "Type": "cwc_minecraft_yellow_rn", "Quantity": 20}, {"Index": 3, "Type": "cwc_minecraft_green_rn", "Quantity": 15}, {"Index": 4, "Type": "cwc_minecraft_blue_rn", "Quantity": 16}, {"Index": 5, "Type": "cwc_minecraft_purple_rn", "Quantity": 20}], "Pitch": 59.250095}, {"BuilderGridAbsolute": [{"Y": 1, "X": -1, "Z": -1, "Type": "cwc_minecraft_green_rn"}, {"Y": 1, "X": 0, "Z": 0, "Type": "cwc_minecraft_blue_rn"}, {"Y": 2, "X": -2, "Z": -1, "Type": "cwc_minecraft_green_rn"}, {"Y": 2, "X": 0, "Z": -1, "Type": "cwc_minecraft_green_rn"}, {"Y": 2, "X": -1, "Z": 0, "Type": "cwc_minecraft_blue_rn"}, {"Y": 2, "X": 1, "Z": 0, "Type": "cwc_minecraft_blue_rn"}, {"Y": 3, "X": -1, "Z": -1, "Type": "cwc_minecraft_green_rn"}, {"Y": 3, "X": 0, "Z": 0, "Type": "cwc_minecraft_blue_rn"}], "XPos": -1.0767484948831956, "TimeAlive": 2746, "ZPos": -2.381735742213163, "Timestamp": "2018-04-12 15:13:06", "Yaw": 349.80048, "YPos": 1.0, "BuilderGridRelative": [{"Y": 0, "X": 1, "Z": 2, "Type": "cwc_minecraft_green_rn"}, {"Y": 0, "X": 2, "Z": 3, "Type": "cwc_minecraft_blue_rn"}, {"Y": 1, "X": 0, "Z": 2, "Type": "cwc_minecraft_green_rn"}, {"Y": 1, "X": 2, "Z": 2, "Type": "cwc_minecraft_green_rn"}, {"Y": 1, "X": 1, "Z": 3, "Type": "cwc_minecraft_blue_rn"}, {"Y": 1, "X": 3, "Z": 3, "Type": "cwc_minecraft_blue_rn"}, {"Y": 2, "X": 1, "Z": 2, "Type": "cwc_minecraft_green_rn"}, {"Y": 2, "X": 2, "Z": 3, "Type": "cwc_minecraft_blue_rn"}], "DistanceTravelled": 4065, "BuilderInventory": [{"Index": 0, "Type": "cwc_minecraft_red_rn", "Quantity": 20}, {"Index": 1, "Type": "cwc_minecraft_orange_rn", "Quantity": 20}, {"Index": 2, "Type": "cwc_minecraft_yellow_rn", "Quantity": 20}, {"Index": 3, "Type": "cwc_minecraft_green_rn", "Quantity": 16}, {"Index": 4, "Type": "cwc_minecraft_blue_rn", "Quantity": 16}, {"Index": 5, "Type": "cwc_minecraft_purple_rn", "Quantity": 20}], "Pitch": 1.5000955}, {"Timestamp": "2018-04-12 15:13:06", "ScreenshotPath": "131427-Builder-pickup.png"}, {"Timestamp": "2018-04-12 15:13:41", "Chat": ["<Architect> good! now the same thing in purple but behind the green and 2 squares to the right"], "ScreenshotPath": "166389-Builder-chat.png"}, {"BuilderGridAbsolute": [{"Y": 1, "X": -1, "Z": -1, "Type": "cwc_minecraft_green_rn"}, {"Y": 1, "X": 0, "Z": 0, "Type": "cwc_minecraft_blue_rn"}, {"Y": 2, "X": -2, "Z": -1, "Type": "cwc_minecraft_green_rn"}, {"Y": 2, "X": 0, "Z": -1, "Type": "cwc_minecraft_green_rn"}, {"Y": 2, "X": -1, "Z": 0, "Type": "cwc_minecraft_blue_rn"}, {"Y": 2, "X": 1, "Z": 0, "Type": "cwc_minecraft_blue_rn"}, {"Y": 3, "X": -1, "Z": -1, "Type": "cwc_minecraft_green_rn"}, {"Y": 3, "X": 0, "Z": 0, "Type": "cwc_minecraft_blue_rn"}], "XPos": -0.47656691368720194, "TimeAlive": 3448, "ZPos": 4.6962189708100475, "Timestamp": "2018-04-12 15:13:41", "Yaw": 185.4007, "YPos": 1.0, "BuilderGridRelative": [{"Y": 0, "X": 0, "Z": -5, "Type": "cwc_minecraft_green_rn"}, {"Y": 0, "X": 1, "Z": -4, "Type": "cwc_minecraft_blue_rn"}, {"Y": 1, "X": -1, "Z": -5, "Type": "cwc_minecraft_green_rn"}, {"Y": 1, "X": 1, "Z": -5, "Type": "cwc_minecraft_green_rn"}, {"Y": 1, "X": 0, "Z": -4, "Type": "cwc_minecraft_blue_rn"}, {"Y": 1, "X": 2, "Z": -4, "Type": "cwc_minecraft_blue_rn"}, {"Y": 2, "X": 0, "Z": -5, "Type": "cwc_minecraft_green_rn"}, {"Y": 2, "X": 1, "Z": -4, "Type": "cwc_minecraft_blue_rn"}], "DistanceTravelled": 4976, "BuilderInventory": [{"Index": 0, "Type": "cwc_minecraft_red_rn", "Quantity": 20}, {"Index": 1, "Type": "cwc_minecraft_orange_rn", "Quantity": 20}, {"Index": 2, "Type": "cwc_minecraft_yellow_rn", "Quantity": 20}, {"Index": 3, "Type": "cwc_minecraft_green_rn", "Quantity": 16}, {"Index": 4, "Type": "cwc_minecraft_blue_rn", "Quantity": 16}, {"Index": 5, "Type": "cwc_minecraft_purple_rn", "Quantity": 20}], "Pitch": 10.500093}, {"BuilderGridAbsolute": [{"Y": 1, "X": 1, "Z": -2, "Type": "cwc_minecraft_purple_rn"}, {"Y": 1, "X": -1, "Z": -1, "Type": "cwc_minecraft_green_rn"}, {"Y": 1, "X": 0, "Z": 0, "Type": "cwc_minecraft_blue_rn"}, {"Y": 2, "X": -2, "Z": -1, "Type": "cwc_minecraft_green_rn"}, {"Y": 2, "X": 0, "Z": -1, "Type": "cwc_minecraft_green_rn"}, {"Y": 2, "X": -1, "Z": 0, "Type": "cwc_minecraft_blue_rn"}, {"Y": 2, "X": 1, "Z": 0, "Type": "cwc_minecraft_blue_rn"}, {"Y": 3, "X": -1, "Z": -1, "Type": "cwc_minecraft_green_rn"}, {"Y": 3, "X": 0, "Z": 0, "Type": "cwc_minecraft_blue_rn"}], "XPos": 1.9133152295134268, "TimeAlive": 3581, "ZPos": -3.328543009380519, "Timestamp": "2018-04-12 15:13:48", "Yaw": 7.80077, "YPos": 1.0, "ScreenshotPath": "173088-Builder-putdown.png", "BuilderGridRelative": [{"Y": 0, "X": 0, "Z": 2, "Type": "cwc_minecraft_purple_rn"}, {"Y": 0, "X": -2, "Z": 3, "Type": "cwc_minecraft_green_rn"}, {"Y": 0, "X": -1, "Z": 4, "Type": "cwc_minecraft_blue_rn"}, {"Y": 1, "X": -3, "Z": 3, "Type": "cwc_minecraft_green_rn"}, {"Y": 1, "X": -1, "Z": 3, "Type": "cwc_minecraft_green_rn"}, {"Y": 1, "X": -2, "Z": 4, "Type": "cwc_minecraft_blue_rn"}, {"Y": 1, "X": 0, "Z": 4, "Type": "cwc_minecraft_blue_rn"}, {"Y": 2, "X": -2, "Z": 3, "Type": "cwc_minecraft_green_rn"}, {"Y": 2, "X": -1, "Z": 4, "Type": "cwc_minecraft_blue_rn"}], "DistanceTravelled": 5948, "BuilderInventory": [{"Index": 0, "Type": "cwc_minecraft_red_rn", "Quantity": 20}, {"Index": 1, "Type": "cwc_minecraft_orange_rn", "Quantity": 20}, {"Index": 2, "Type": "cwc_minecraft_yellow_rn", "Quantity": 20}, {"Index": 3, "Type": "cwc_minecraft_green_rn", "Quantity": 16}, {"Index": 4, "Type": "cwc_minecraft_blue_rn", "Quantity": 16}, {"Index": 5, "Type": "cwc_minecraft_purple_rn", "Quantity": 19}], "Pitch": 38.700108}, {"BuilderGridAbsolute": [{"Y": 1, "X": 1, "Z": -2, "Type": "cwc_minecraft_purple_rn"}, {"Y": 1, "X": -1, "Z": -1, "Type": "cwc_minecraft_green_rn"}, {"Y": 1, "X": 0, "Z": 0, "Type": "cwc_minecraft_blue_rn"}, {"Y": 2, "X": 1, "Z": -2, "Type": "cwc_minecraft_purple_rn"}, {"Y": 2, "X": -2, "Z": -1, "Type": "cwc_minecraft_green_rn"}, {"Y": 2, "X": 0, "Z": -1, "Type": "cwc_minecraft_green_rn"}, {"Y": 2, "X": -1, "Z": 0, "Type": "cwc_minecraft_blue_rn"}, {"Y": 2, "X": 1, "Z": 0, "Type": "cwc_minecraft_blue_rn"}, {"Y": 3, "X": -1, "Z": -1, "Type": "cwc_minecraft_green_rn"}, {"Y": 3, "X": 0, "Z": 0, "Type": "cwc_minecraft_blue_rn"}], "XPos": 1.902425739065034, "TimeAlive": 3600, "ZPos": -3.328543009380519, "Timestamp": "2018-04-12 15:13:49", "Yaw": 9.30077, "YPos": 1.0, "ScreenshotPath": "174037-Builder-putdown.png", "BuilderGridRelative": [{"Y": 0, "X": 0, "Z": 2, "Type": "cwc_minecraft_purple_rn"}, {"Y": 0, "X": -2, "Z": 3, "Type": "cwc_minecraft_green_rn"}, {"Y": 0, "X": -1, "Z": 4, "Type": "cwc_minecraft_blue_rn"}, {"Y": 1, "X": 0, "Z": 2, "Type": "cwc_minecraft_purple_rn"}, {"Y": 1, "X": -3, "Z": 3, "Type": "cwc_minecraft_green_rn"}, {"Y": 1, "X": -1, "Z": 3, "Type": "cwc_minecraft_green_rn"}, {"Y": 1, "X": -2, "Z": 4, "Type": "cwc_minecraft_blue_rn"}, {"Y": 1, "X": 0, "Z": 4, "Type": "cwc_minecraft_blue_rn"}, {"Y": 2, "X": -2, "Z": 3, "Type": "cwc_minecraft_green_rn"}, {"Y": 2, "X": -1, "Z": 4, "Type": "cwc_minecraft_blue_rn"}], "DistanceTravelled": 5949, "BuilderInventory": [{"Index": 0, "Type": "cwc_minecraft_red_rn", "Quantity": 20}, {"Index": 1, "Type": "cwc_minecraft_orange_rn", "Quantity": 20}, {"Index": 2, "Type": "cwc_minecraft_yellow_rn", "Quantity": 20}, {"Index": 3, "Type": "cwc_minecraft_green_rn", "Quantity": 16}, {"Index": 4, "Type": "cwc_minecraft_blue_rn", "Quantity": 16}, {"Index": 5, "Type": "cwc_minecraft_purple_rn", "Quantity": 18}], "Pitch": 22.650106}, {"BuilderGridAbsolute": [{"Y": 1, "X": 1, "Z": -2, "Type": "cwc_minecraft_purple_rn"}, {"Y": 1, "X": -1, "Z": -1, "Type": "cwc_minecraft_green_rn"}, {"Y": 1, "X": 0, "Z": 0, "Type": "cwc_minecraft_blue_rn"}, {"Y": 2, "X": 1, "Z": -2, "Type": "cwc_minecraft_purple_rn"}, {"Y": 2, "X": -2, "Z": -1, "Type": "cwc_minecraft_green_rn"}, {"Y": 2, "X": 0, "Z": -1, "Type": "cwc_minecraft_green_rn"}, {"Y": 2, "X": -1, "Z": 0, "Type": "cwc_minecraft_blue_rn"}, {"Y": 2, "X": 1, "Z": 0, "Type": "cwc_minecraft_blue_rn"}, {"Y": 3, "X": 1, "Z": -2, "Type": "cwc_minecraft_purple_rn"}, {"Y": 3, "X": -1, "Z": -1, "Type": "cwc_minecraft_green_rn"}, {"Y": 3, "X": 0, "Z": 0, "Type": "cwc_minecraft_blue_rn"}], "XPos": 1.902425739065034, "TimeAlive": 3620, "ZPos": -3.328543009380519, "Timestamp": "2018-04-12 15:13:50", "Yaw": 10.650769, "YPos": 3.103519203788464, "ScreenshotPath": "175036-Builder-putdown.png", "BuilderGridRelative": [{"Y": -2, "X": 0, "Z": 2, "Type": "cwc_minecraft_purple_rn"}, {"Y": -2, "X": -2, "Z": 3, "Type": "cwc_minecraft_green_rn"}, {"Y": -2, "X": -1, "Z": 4, "Type": "cwc_minecraft_blue_rn"}, {"Y": -1, "X": 0, "Z": 2, "Type": "cwc_minecraft_purple_rn"}, {"Y": -1, "X": -3, "Z": 3, "Type": "cwc_minecraft_green_rn"}, {"Y": -1, "X": -1, "Z": 3, "Type": "cwc_minecraft_green_rn"}, {"Y": -1, "X": -2, "Z": 4, "Type": "cwc_minecraft_blue_rn"}, {"Y": -1, "X": 0, "Z": 4, "Type": "cwc_minecraft_blue_rn"}, {"Y": 0, "X": 0, "Z": 2, "Type": "cwc_minecraft_purple_rn"}, {"Y": 0, "X": -2, "Z": 3, "Type": "cwc_minecraft_green_rn"}, {"Y": 0, "X": -1, "Z": 4, "Type": "cwc_minecraft_blue_rn"}], "DistanceTravelled": 5949, "BuilderInventory": [{"Index": 0, "Type": "cwc_minecraft_red_rn", "Quantity": 20}, {"Index": 1, "Type": "cwc_minecraft_orange_rn", "Quantity": 20}, {"Index": 2, "Type": "cwc_minecraft_yellow_rn", "Quantity": 20}, {"Index": 3, "Type": "cwc_minecraft_green_rn", "Quantity": 16}, {"Index": 4, "Type": "cwc_minecraft_blue_rn", "Quantity": 16}, {"Index": 5, "Type": "cwc_minecraft_purple_rn", "Quantity": 17}], "Pitch": 42.300114}, {"BuilderGridAbsolute": [{"Y": 1, "X": 1, "Z": -2, "Type": "cwc_minecraft_purple_rn"}, {"Y": 1, "X": -1, "Z": -1, "Type": "cwc_minecraft_green_rn"}, {"Y": 1, "X": 0, "Z": 0, "Type": "cwc_minecraft_blue_rn"}, {"Y": 2, "X": 1, "Z": -2, "Type": "cwc_minecraft_purple_rn"}, {"Y": 2, "X": 2, "Z": -2, "Type": "cwc_minecraft_purple_rn"}, {"Y": 2, "X": -2, "Z": -1, "Type": "cwc_minecraft_green_rn"}, {"Y": 2, "X": 0, "Z": -1, "Type": "cwc_minecraft_green_rn"}, {"Y": 2, "X": -1, "Z": 0, "Type": "cwc_minecraft_blue_rn"}, {"Y": 2, "X": 1, "Z": 0, "Type": "cwc_minecraft_blue_rn"}, {"Y": 3, "X": 1, "Z": -2, "Type": "cwc_minecraft_purple_rn"}, {"Y": 3, "X": -1, "Z": -1, "Type": "cwc_minecraft_green_rn"}, {"Y": 3, "X": 0, "Z": 0, "Type": "cwc_minecraft_blue_rn"}], "XPos": 3.2557466629417857, "TimeAlive": 3660, "ZPos": -3.455221920591074, "Timestamp": "2018-04-12 15:13:52", "Yaw": 34.50077, "YPos": 3.1165013679281377, "ScreenshotPath": "177036-Builder-putdown.png", "BuilderGridRelative": [{"Y": -2, "X": -2, "Z": 2, "Type": "cwc_minecraft_purple_rn"}, {"Y": -2, "X": -4, "Z": 3, "Type": "cwc_minecraft_green_rn"}, {"Y": -2, "X": -3, "Z": 4, "Type": "cwc_minecraft_blue_rn"}, {"Y": -1, "X": -2, "Z": 2, "Type": "cwc_minecraft_purple_rn"}, {"Y": -1, "X": -1, "Z": 2, "Type": "cwc_minecraft_purple_rn"}, {"Y": -1, "X": -5, "Z": 3, "Type": "cwc_minecraft_green_rn"}, {"Y": -1, "X": -3, "Z": 3, "Type": "cwc_minecraft_green_rn"}, {"Y": -1, "X": -4, "Z": 4, "Type": "cwc_minecraft_blue_rn"}, {"Y": -1, "X": -2, "Z": 4, "Type": "cwc_minecraft_blue_rn"}, {"Y": 0, "X": -2, "Z": 2, "Type": "cwc_minecraft_purple_rn"}, {"Y": 0, "X": -4, "Z": 3, "Type": "cwc_minecraft_green_rn"}, {"Y": 0, "X": -3, "Z": 4, "Type": "cwc_minecraft_blue_rn"}], "DistanceTravelled": 5949, "BuilderInventory": [{"Index": 0, "Type": "cwc_minecraft_red_rn", "Quantity": 20}, {"Index": 1, "Type": "cwc_minecraft_orange_rn", "Quantity": 20}, {"Index": 2, "Type": "cwc_minecraft_yellow_rn", "Quantity": 20}, {"Index": 3, "Type": "cwc_minecraft_green_rn", "Quantity": 16}, {"Index": 4, "Type": "cwc_minecraft_blue_rn", "Quantity": 16}, {"Index": 5, "Type": "cwc_minecraft_purple_rn", "Quantity": 16}], "Pitch": 43.05011}, {"BuilderGridAbsolute": [{"Y": 1, "X": 1, "Z": -2, "Type": "cwc_minecraft_purple_rn"}, {"Y": 1, "X": -1, "Z": -1, "Type": "cwc_minecraft_green_rn"}, {"Y": 1, "X": 0, "Z": 0, "Type": "cwc_minecraft_blue_rn"}, {"Y": 2, "X": 0, "Z": -2, "Type": "cwc_minecraft_purple_rn"}, {"Y": 2, "X": 1, "Z": -2, "Type": "cwc_minecraft_purple_rn"}, {"Y": 2, "X": 2, "Z": -2, "Type": "cwc_minecraft_purple_rn"}, {"Y": 2, "X": -2, "Z": -1, "Type": "cwc_minecraft_green_rn"}, {"Y": 2, "X": 0, "Z": -1, "Type": "cwc_minecraft_green_rn"}, {"Y": 2, "X": -1, "Z": 0, "Type": "cwc_minecraft_blue_rn"}, {"Y": 2, "X": 1, "Z": 0, "Type": "cwc_minecraft_blue_rn"}, {"Y": 3, "X": 1, "Z": -2, "Type": "cwc_minecraft_purple_rn"}, {"Y": 3, "X": -1, "Z": -1, "Type": "cwc_minecraft_green_rn"}, {"Y": 3, "X": 0, "Z": 0, "Type": "cwc_minecraft_blue_rn"}], "XPos": -0.7736631513171929, "TimeAlive": 3694, "ZPos": -3.719645371442632, "Timestamp": "2018-04-12 15:13:54", "Yaw": -40.349228, "YPos": 3.1165013679281377, "ScreenshotPath": "178736-Builder-putdown.png", "BuilderGridRelative": [{"Y": -2, "X": 2, "Z": 2, "Type": "cwc_minecraft_purple_rn"}, {"Y": -2, "X": 0, "Z": 3, "Type": "cwc_minecraft_green_rn"}, {"Y": -2, "X": 1, "Z": 4, "Type": "cwc_minecraft_blue_rn"}, {"Y": -1, "X": 1, "Z": 2, "Type": "cwc_minecraft_purple_rn"}, {"Y": -1, "X": 2, "Z": 2, "Type": "cwc_minecraft_purple_rn"}, {"Y": -1, "X": 3, "Z": 2, "Type": "cwc_minecraft_purple_rn"}, {"Y": -1, "X": -1, "Z": 3, "Type": "cwc_minecraft_green_rn"}, {"Y": -1, "X": 1, "Z": 3, "Type": "cwc_minecraft_green_rn"}, {"Y": -1, "X": 0, "Z": 4, "Type": "cwc_minecraft_blue_rn"}, {"Y": -1, "X": 2, "Z": 4, "Type": "cwc_minecraft_blue_rn"}, {"Y": 0, "X": 2, "Z": 2, "Type": "cwc_minecraft_purple_rn"}, {"Y": 0, "X": 0, "Z": 3, "Type": "cwc_minecraft_green_rn"}, {"Y": 0, "X": 1, "Z": 4, "Type": "cwc_minecraft_blue_rn"}], "DistanceTravelled": 5949, "BuilderInventory": [{"Index": 0, "Type": "cwc_minecraft_red_rn", "Quantity": 20}, {"Index": 1, "Type": "cwc_minecraft_orange_rn", "Quantity": 20}, {"Index": 2, "Type": "cwc_minecraft_yellow_rn", "Quantity": 20}, {"Index": 3, "Type": "cwc_minecraft_green_rn", "Quantity": 16}, {"Index": 4, "Type": "cwc_minecraft_blue_rn", "Quantity": 16}, {"Index": 5, "Type": "cwc_minecraft_purple_rn", "Quantity": 15}], "Pitch": 38.100113}, {"BuilderGridAbsolute": [{"Y": 1, "X": 1, "Z": -2, "Type": "cwc_minecraft_purple_rn"}, {"Y": 1, "X": -1, "Z": -1, "Type": "cwc_minecraft_green_rn"}, {"Y": 1, "X": 0, "Z": 0, "Type": "cwc_minecraft_blue_rn"}, {"Y": 2, "X": 0, "Z": -2, "Type": "cwc_minecraft_purple_rn"}, {"Y": 2, "X": 2, "Z": -2, "Type": "cwc_minecraft_purple_rn"}, {"Y": 2, "X": -2, "Z": -1, "Type": "cwc_minecraft_green_rn"}, {"Y": 2, "X": 0, "Z": -1, "Type": "cwc_minecraft_green_rn"}, {"Y": 2, "X": -1, "Z": 0, "Type": "cwc_minecraft_blue_rn"}, {"Y": 2, "X": 1, "Z": 0, "Type": "cwc_minecraft_blue_rn"}, {"Y": 3, "X": 1, "Z": -2, "Type": "cwc_minecraft_purple_rn"}, {"Y": 3, "X": -1, "Z": -1, "Type": "cwc_minecraft_green_rn"}, {"Y": 3, "X": 0, "Z": 0, "Type": "cwc_minecraft_blue_rn"}], "XPos": -0.6663702215821008, "TimeAlive": 3711, "ZPos": -3.719645371442632, "Timestamp": "2018-04-12 15:13:54", "Yaw": -49.199234, "YPos": 3.1165013679281377, "BuilderGridRelative": [{"Y": -2, "X": 2, "Z": 2, "Type": "cwc_minecraft_purple_rn"}, {"Y": -2, "X": 0, "Z": 3, "Type": "cwc_minecraft_green_rn"}, {"Y": -2, "X": 1, "Z": 4, "Type": "cwc_minecraft_blue_rn"}, {"Y": -1, "X": 1, "Z": 2, "Type": "cwc_minecraft_purple_rn"}, {"Y": -1, "X": 3, "Z": 2, "Type": "cwc_minecraft_purple_rn"}, {"Y": -1, "X": -1, "Z": 3, "Type": "cwc_minecraft_green_rn"}, {"Y": -1, "X": 1, "Z": 3, "Type": "cwc_minecraft_green_rn"}, {"Y": -1, "X": 0, "Z": 4, "Type": "cwc_minecraft_blue_rn"}, {"Y": -1, "X": 2, "Z": 4, "Type": "cwc_minecraft_blue_rn"}, {"Y": 0, "X": 2, "Z": 2, "Type": "cwc_minecraft_purple_rn"}, {"Y": 0, "X": 0, "Z": 3, "Type": "cwc_minecraft_green_rn"}, {"Y": 0, "X": 1, "Z": 4, "Type": "cwc_minecraft_blue_rn"}], "DistanceTravelled": 5949, "BuilderInventory": [{"Index": 0, "Type": "cwc_minecraft_red_rn", "Quantity": 20}, {"Index": 1, "Type": "cwc_minecraft_orange_rn", "Quantity": 20}, {"Index": 2, "Type": "cwc_minecraft_yellow_rn", "Quantity": 20}, {"Index": 3, "Type": "cwc_minecraft_green_rn", "Quantity": 16}, {"Index": 4, "Type": "cwc_minecraft_blue_rn", "Quantity": 16}, {"Index": 5, "Type": "cwc_minecraft_purple_rn", "Quantity": 16}], "Pitch": 39.45011}, {"Timestamp": "2018-04-12 15:13:55", "ScreenshotPath": "179636-Builder-pickup.png"}], "NumFixedViewers": 4, "TimeElapsed": 197.13714790344238}