{"WorldStates": [{"BuilderPosition": {"Y": 1.0, "X": 0.0, "Yaw": 0.0, "Z": 0.0, "Pitch": 0.0}, "ChatHistory": ["<Builder> Mission has started."], "Timestamp": "2018-04-13 20:06:45", "BlocksInGrid": [], "ScreenshotPath": "0-Builder-chat.png", "BuilderInventory": [{"Index": 0, "Type": "cwc_minecraft_red_rn", "Quantity": 20}, {"Index": 1, "Type": "cwc_minecraft_orange_rn", "Quantity": 20}, {"Index": 2, "Type": "cwc_minecraft_yellow_rn", "Quantity": 20}, {"Index": 3, "Type": "cwc_minecraft_green_rn", "Quantity": 20}, {"Index": 4, "Type": "cwc_minecraft_blue_rn", "Quantity": 20}, {"Index": 5, "Type": "cwc_minecraft_purple_rn", "Quantity": 20}]}, {"BuilderPosition": {"Y": 1.0, "X": 0.0, "Yaw": 0.0, "Z": 0.0, "Pitch": 0.0}, "ChatHistory": ["<Builder> Mission has started.", "<Architect> Hello"], "Timestamp": "2018-04-13 20:07:04", "BlocksInGrid": [], "ScreenshotPath": "19042-Builder-chat.png", "BuilderInventory": [{"Index": 0, "Type": "cwc_minecraft_red_rn", "Quantity": 20}, {"Index": 1, "Type": "cwc_minecraft_orange_rn", "Quantity": 20}, {"Index": 2, "Type": "cwc_minecraft_yellow_rn", "Quantity": 20}, {"Index": 3, "Type": "cwc_minecraft_green_rn", "Quantity": 20}, {"Index": 4, "Type": "cwc_minecraft_blue_rn", "Quantity": 20}, {"Index": 5, "Type": "cwc_minecraft_purple_rn", "Quantity": 20}]}, {"BuilderPosition": {"Y": 1.0, "X": -0.15162385568668196, "Yaw": 0.0, "Z": -1.0127195586764968, "Pitch": 0.0}, "ChatHistory": ["<Builder> Mission has started.", "<Architect> Hello", "<Builder> hi"], "Timestamp": "2018-04-13 20:07:12", "BlocksInGrid": [], "ScreenshotPath": "27141-Builder-chat.png", "BuilderInventory": [{"Index": 0, "Type": "cwc_minecraft_red_rn", "Quantity": 20}, {"Index": 1, "Type": "cwc_minecraft_orange_rn", "Quantity": 20}, {"Index": 2, "Type": "cwc_minecraft_yellow_rn", "Quantity": 20}, {"Index": 3, "Type": "cwc_minecraft_green_rn", "Quantity": 20}, {"Index": 4, "Type": "cwc_minecraft_blue_rn", "Quantity": 20}, {"Index": 5, "Type": "cwc_minecraft_purple_rn", "Quantity": 20}]}, {"BuilderPosition": {"Y": 1.0, "X": 0.6158268123941522, "Yaw": 2.1000078, "Z": -2.1021426695918994, "Pitch": 21.449997}, "ChatHistory": ["<Builder> Mission has started.", "<Architect> Hello", "<Builder> hi", "<Architect> We will build something very simple. It looks like a small 'L'"], "Timestamp": "2018-04-13 20:07:29", "BlocksInGrid": [], "ScreenshotPath": "44039-Builder-chat.png", "BuilderInventory": [{"Index": 0, "Type": "cwc_minecraft_red_rn", "Quantity": 20}, {"Index": 1, "Type": "cwc_minecraft_orange_rn", "Quantity": 20}, {"Index": 2, "Type": "cwc_minecraft_yellow_rn", "Quantity": 20}, {"Index": 3, "Type": "cwc_minecraft_green_rn", "Quantity": 20}, {"Index": 4, "Type": "cwc_minecraft_blue_rn", "Quantity": 20}, {"Index": 5, "Type": "cwc_minecraft_purple_rn", "Quantity": 20}]}, {"BuilderPosition": {"Y": 1.0, "X": 0.6158268123941522, "Yaw": 2.1000078, "Z": -2.1021426695918994, "Pitch": 21.449997}, "ChatHistory": ["<Builder> Mission has started.", "<Architect> Hello", "<Builder> hi", "<Architect> We will build something very simple. It looks like a small 'L'", "<Builder> alright"], "Timestamp": "2018-04-13 20:07:35", "BlocksInGrid": [], "ScreenshotPath": "49788-Builder-chat.png", "BuilderInventory": [{"Index": 0, "Type": "cwc_minecraft_red_rn", "Quantity": 20}, {"Index": 1, "Type": "cwc_minecraft_orange_rn", "Quantity": 20}, {"Index": 2, "Type": "cwc_minecraft_yellow_rn", "Quantity": 20}, {"Index": 3, "Type": "cwc_minecraft_green_rn", "Quantity": 20}, {"Index": 4, "Type": "cwc_minecraft_blue_rn", "Quantity": 20}, {"Index": 5, "Type": "cwc_minecraft_purple_rn", "Quantity": 20}]}, {"BuilderPosition": {"Y": 1.0, "X": 0.6158268123941522, "Yaw": 2.1000078, "Z": -2.1021426695918994, "Pitch": 21.449997}, "ChatHistory": ["<Builder> Mission has started.", "<Architect> Hello", "<Builder> hi", "<Architect> We will build something very simple. It looks like a small 'L'", "<Builder> alright", "<Architect> It will be made entirely out of blue blocks"], "Timestamp": "2018-04-13 20:07:39", "BlocksInGrid": [], "ScreenshotPath": "53837-Builder-chat.png", "BuilderInventory": [{"Index": 0, "Type": "cwc_minecraft_red_rn", "Quantity": 20}, {"Index": 1, "Type": "cwc_minecraft_orange_rn", "Quantity": 20}, {"Index": 2, "Type": "cwc_minecraft_yellow_rn", "Quantity": 20}, {"Index": 3, "Type": "cwc_minecraft_green_rn", "Quantity": 20}, {"Index": 4, "Type": "cwc_minecraft_blue_rn", "Quantity": 20}, {"Index": 5, "Type": "cwc_minecraft_purple_rn", "Quantity": 20}]}, {"BuilderPosition": {"Y": 1.0, "X": 0.6158268123941522, "Yaw": 2.1000078, "Z": -2.1021426695918994, "Pitch": 21.449997}, "ChatHistory": ["<Builder> Mission has started.", "<Architect> Hello", "<Builder> hi", "<Architect> We will build something very simple. It looks like a small 'L'", "<Builder> alright", "<Architect> It will be made entirely out of blue blocks", "<Builder> do you want to do something like an x-y coordinate system?"], "Timestamp": "2018-04-13 20:07:48", "BlocksInGrid": [], "ScreenshotPath": "63035-Builder-chat.png", "BuilderInventory": [{"Index": 0, "Type": "cwc_minecraft_red_rn", "Quantity": 20}, {"Index": 1, "Type": "cwc_minecraft_orange_rn", "Quantity": 20}, {"Index": 2, "Type": "cwc_minecraft_yellow_rn", "Quantity": 20}, {"Index": 3, "Type": "cwc_minecraft_green_rn", "Quantity": 20}, {"Index": 4, "Type": "cwc_minecraft_blue_rn", "Quantity": 20}, {"Index": 5, "Type": "cwc_minecraft_purple_rn", "Quantity": 20}]}, {"BuilderPosition": {"Y": 1.0, "X": 0.6158268123941522, "Yaw": 2.1000078, "Z": -2.1021426695918994, "Pitch": 21.449997}, "BuilderInventory": [{"Index": 0, "Type": "cwc_minecraft_red_rn", "Quantity": 20}, {"Index": 1, "Type": "cwc_minecraft_orange_rn", "Quantity": 20}, {"Index": 2, "Type": "cwc_minecraft_yellow_rn", "Quantity": 20}, {"Index": 3, "Type": "cwc_minecraft_green_rn", "Quantity": 20}, {"Index": 4, "Type": "cwc_minecraft_blue_rn", "Quantity": 20}, {"Index": 5, "Type": "cwc_minecraft_purple_rn", "Quantity": 20}], "ChatHistory": ["<Builder> Mission has started.", "<Architect> Hello", "<Builder> hi", "<Architect> We will build something very simple. It looks like a small 'L'", "<Builder> alright", "<Architect> It will be made entirely out of blue blocks", "<Builder> do you want to do something like an x-y coordinate system?", "<Architect> Place two blocks next to one another on the ground"], "Timestamp": "2018-04-13 20:07:51", "BlocksInGrid": [], "ScreenshotPath": "66235-Builder-chat.png"}, {"BuilderPosition": {"Y": 1.0, "X": 0.6158268123941522, "Yaw": -11.699992, "Z": -2.1021426695918994, "Pitch": 32.39999}, "BuilderInventory": [{"Index": 0, "Type": "cwc_minecraft_red_rn", "Quantity": 20}, {"Index": 1, "Type": "cwc_minecraft_orange_rn", "Quantity": 20}, {"Index": 2, "Type": "cwc_minecraft_yellow_rn", "Quantity": 20}, {"Index": 3, "Type": "cwc_minecraft_green_rn", "Quantity": 20}, {"Index": 4, "Type": "cwc_minecraft_blue_rn", "Quantity": 19}, {"Index": 5, "Type": "cwc_minecraft_purple_rn", "Quantity": 20}], "ChatHistory": ["<Builder> Mission has started.", "<Architect> Hello", "<Builder> hi", "<Architect> We will build something very simple. It looks like a small 'L'", "<Builder> alright", "<Architect> It will be made entirely out of blue blocks", "<Builder> do you want to do something like an x-y coordinate system?", "<Architect> Place two blocks next to one another on the ground"], "Timestamp": "2018-04-13 20:07:56", "BlocksInGrid": [{"PerspectiveCoordinates": {"Y": 1.6827398365571202, "X": 0.37086136304300005, "Z": 2.651574719266667}, "AbsoluteCoordinates": {"Y": 1, "X": 1, "Z": 0}, "Type": "cwc_minecraft_blue_rn"}], "ScreenshotPath": "71334-Builder-putdown.png"}, {"BuilderPosition": {"Y": 1.0, "X": 0.6158268123941522, "Yaw": 0.1500082, "Z": -2.1021426695918994, "Pitch": 32.39999}, "BuilderInventory": [{"Index": 0, "Type": "cwc_minecraft_red_rn", "Quantity": 20}, {"Index": 1, "Type": "cwc_minecraft_orange_rn", "Quantity": 20}, {"Index": 2, "Type": "cwc_minecraft_yellow_rn", "Quantity": 20}, {"Index": 3, "Type": "cwc_minecraft_green_rn", "Quantity": 20}, {"Index": 4, "Type": "cwc_minecraft_blue_rn", "Quantity": 18}, {"Index": 5, "Type": "cwc_minecraft_purple_rn", "Quantity": 20}], "ChatHistory": ["<Builder> Mission has started.", "<Architect> Hello", "<Builder> hi", "<Architect> We will build something very simple. It looks like a small 'L'", "<Builder> alright", "<Architect> It will be made entirely out of blue blocks", "<Builder> do you want to do something like an x-y coordinate system?", "<Architect> Place two blocks next to one another on the ground"], "Timestamp": "2018-04-13 20:07:56", "BlocksInGrid": [{"PerspectiveCoordinates": {"Y": 1.6074744335014497, "X": 0.00785440201179, "Z": 2.5329753757186144}, "AbsoluteCoordinates": {"Y": 1, "X": 0, "Z": 0}, "Type": "cwc_minecraft_blue_rn"}, {"PerspectiveCoordinates": {"Y": 1.6060715675351143, "X": 1.00785097469279, "Z": 2.5307648118215447}, "AbsoluteCoordinates": {"Y": 1, "X": 1, "Z": 0}, "Type": "cwc_minecraft_blue_rn"}], "ScreenshotPath": "71684-Builder-putdown.png"}, {"BuilderPosition": {"Y": 1.0, "X": 0.6158268123941522, "Yaw": 0.9000076, "Z": -2.1021426695918994, "Pitch": 26.999996}, "BuilderInventory": [{"Index": 0, "Type": "cwc_minecraft_red_rn", "Quantity": 20}, {"Index": 1, "Type": "cwc_minecraft_orange_rn", "Quantity": 20}, {"Index": 2, "Type": "cwc_minecraft_yellow_rn", "Quantity": 20}, {"Index": 3, "Type": "cwc_minecraft_green_rn", "Quantity": 20}, {"Index": 4, "Type": "cwc_minecraft_blue_rn", "Quantity": 18}, {"Index": 5, "Type": "cwc_minecraft_purple_rn", "Quantity": 20}], "ChatHistory": ["<Builder> Mission has started.", "<Architect> Hello", "<Builder> hi", "<Architect> We will build something very simple. It looks like a small 'L'", "<Builder> alright", "<Architect> It will be made entirely out of blue blocks", "<Builder> do you want to do something like an x-y coordinate system?", "<Architect> Place two blocks next to one another on the ground", "<Architect> No, no x-y coordinate system"], "Timestamp": "2018-04-13 20:08:02", "BlocksInGrid": [{"PerspectiveCoordinates": {"Y": 1.361803286749228, "X": 0.0471223498215, "Z": 2.672689898276464}, "AbsoluteCoordinates": {"Y": 1, "X": 0, "Z": 0}, "Type": "cwc_minecraft_blue_rn"}, {"PerspectiveCoordinates": {"Y": 1.3546722546781658, "X": 1.0469989802195, "Z": 2.6586944574032745}, "AbsoluteCoordinates": {"Y": 1, "X": 1, "Z": 0}, "Type": "cwc_minecraft_blue_rn"}], "ScreenshotPath": "77584-Builder-chat.png"}, {"BuilderPosition": {"Y": 1.0, "X": 0.6158268123941522, "Yaw": 0.9000076, "Z": -2.1021426695918994, "Pitch": 26.999996}, "BuilderInventory": [{"Index": 0, "Type": "cwc_minecraft_red_rn", "Quantity": 20}, {"Index": 1, "Type": "cwc_minecraft_orange_rn", "Quantity": 20}, {"Index": 2, "Type": "cwc_minecraft_yellow_rn", "Quantity": 20}, {"Index": 3, "Type": "cwc_minecraft_green_rn", "Quantity": 20}, {"Index": 4, "Type": "cwc_minecraft_blue_rn", "Quantity": 18}, {"Index": 5, "Type": "cwc_minecraft_purple_rn", "Quantity": 20}], "ChatHistory": ["<Builder> Mission has started.", "<Architect> Hello", "<Builder> hi", "<Architect> We will build something very simple. It looks like a small 'L'", "<Builder> alright", "<Architect> It will be made entirely out of blue blocks", "<Builder> do you want to do something like an x-y coordinate system?", "<Architect> Place two blocks next to one another on the ground", "<Architect> No, no x-y coordinate system", "<Architect> Perfect, not on top of the left block, put another blue block"], "Timestamp": "2018-04-13 20:08:16", "BlocksInGrid": [{"PerspectiveCoordinates": {"Y": 1.361803286749228, "X": 0.0471223498215, "Z": 2.672689898276464}, "AbsoluteCoordinates": {"Y": 1, "X": 0, "Z": 0}, "Type": "cwc_minecraft_blue_rn"}, {"PerspectiveCoordinates": {"Y": 1.3546722546781658, "X": 1.0469989802195, "Z": 2.6586944574032745}, "AbsoluteCoordinates": {"Y": 1, "X": 1, "Z": 0}, "Type": "cwc_minecraft_blue_rn"}], "ScreenshotPath": "91532-Builder-chat.png"}, {"BuilderPosition": {"Y": 1.0, "X": 1.4682972858449168, "Yaw": 3.150008, "Z": -1.4678327722476041, "Pitch": 20.250002}, "BuilderInventory": [{"Index": 0, "Type": "cwc_minecraft_red_rn", "Quantity": 20}, {"Index": 1, "Type": "cwc_minecraft_orange_rn", "Quantity": 20}, {"Index": 2, "Type": "cwc_minecraft_yellow_rn", "Quantity": 20}, {"Index": 3, "Type": "cwc_minecraft_green_rn", "Quantity": 20}, {"Index": 4, "Type": "cwc_minecraft_blue_rn", "Quantity": 17}, {"Index": 5, "Type": "cwc_minecraft_purple_rn", "Quantity": 20}], "ChatHistory": ["<Builder> Mission has started.", "<Architect> Hello", "<Builder> hi", "<Architect> We will build something very simple. It looks like a small 'L'", "<Builder> alright", "<Architect> It will be made entirely out of blue blocks", "<Builder> do you want to do something like an x-y coordinate system?", "<Architect> Place two blocks next to one another on the ground", "<Architect> No, no x-y coordinate system", "<Architect> Perfect, not on top of the left block, put another blue block"], "Timestamp": "2018-04-13 20:08:24", "BlocksInGrid": [{"PerspectiveCoordinates": {"Y": 0.7102075205667454, "X": -0.8885884511224, "Z": 1.925101514794868}, "AbsoluteCoordinates": {"Y": 1, "X": 0, "Z": 0}, "Type": "cwc_minecraft_blue_rn"}, {"PerspectiveCoordinates": {"Y": 0.691188275955943, "X": 0.1099006386556, "Z": 1.8735476019592339}, "AbsoluteCoordinates": {"Y": 1, "X": 1, "Z": 0}, "Type": "cwc_minecraft_blue_rn"}, {"PerspectiveCoordinates": {"Y": 1.629379599796943, "X": 0.1099006386556, "Z": 1.5274305121322338}, "AbsoluteCoordinates": {"Y": 2, "X": 1, "Z": 0}, "Type": "cwc_minecraft_blue_rn"}], "ScreenshotPath": "99631-Builder-putdown.png"}, {"BuilderPosition": {"Y": 3.117661460852316, "X": 1.1073240532835316, "Yaw": 0.9000081, "Z": -3.0995913353065103, "Pitch": 30.450006}, "BuilderInventory": [{"Index": 0, "Type": "cwc_minecraft_red_rn", "Quantity": 20}, {"Index": 1, "Type": "cwc_minecraft_orange_rn", "Quantity": 20}, {"Index": 2, "Type": "cwc_minecraft_yellow_rn", "Quantity": 20}, {"Index": 3, "Type": "cwc_minecraft_green_rn", "Quantity": 20}, {"Index": 4, "Type": "cwc_minecraft_blue_rn", "Quantity": 17}, {"Index": 5, "Type": "cwc_minecraft_purple_rn", "Quantity": 20}], "ChatHistory": ["<Builder> Mission has started.", "<Architect> Hello", "<Builder> hi", "<Architect> We will build something very simple. It looks like a small 'L'", "<Builder> alright", "<Architect> It will be made entirely out of blue blocks", "<Builder> do you want to do something like an x-y coordinate system?", "<Architect> Place two blocks next to one another on the ground", "<Architect> No, no x-y coordinate system", "<Architect> Perfect, not on top of the left block, put another blue block", "<Architect> Perfect! We're done with this warm up"], "Timestamp": "2018-04-13 20:08:34", "BlocksInGrid": [{"PerspectiveCoordinates": {"Y": 0.3107122443333224, "X": -0.9370467955970001, "Z": 4.474974994798317}, "AbsoluteCoordinates": {"Y": 1, "X": 0, "Z": 0}, "Type": "cwc_minecraft_blue_rn"}, {"PerspectiveCoordinates": {"Y": 0.30275191873867235, "X": 0.062829834664, "Z": 4.461434039360419}, "AbsoluteCoordinates": {"Y": 1, "X": 1, "Z": 0}, "Type": "cwc_minecraft_blue_rn"}, {"PerspectiveCoordinates": {"Y": 1.1648236087446724, "X": 0.062829834664, "Z": 3.954647692573419}, "AbsoluteCoordinates": {"Y": 2, "X": 1, "Z": 0}, "Type": "cwc_minecraft_blue_rn"}], "ScreenshotPath": "109729-Builder-chat.png"}], "NumFixedViewers": 4, "TimeElapsed": 137.26689505577087}