{"WorldStates": [{"Timestamp": "2018-04-13 20:06:45", "Chat": ["<Builder> Mission has started."], "ScreenshotPath": "0-Builder-chat.png"}, {"BuilderGridAbsolute": [], "XPos": 0.0, "TimeAlive": 325, "ZPos": 0.0, "Timestamp": "2018-04-13 20:06:45", "Yaw": 0.0, "YPos": 1.0, "BuilderGridRelative": [], "DistanceTravelled": 0, "BuilderInventory": [{"Index": 0, "Type": "cwc_minecraft_red_rn", "Quantity": 20}, {"Index": 1, "Type": "cwc_minecraft_orange_rn", "Quantity": 20}, {"Index": 2, "Type": "cwc_minecraft_yellow_rn", "Quantity": 20}, {"Index": 3, "Type": "cwc_minecraft_green_rn", "Quantity": 20}, {"Index": 4, "Type": "cwc_minecraft_blue_rn", "Quantity": 20}, {"Index": 5, "Type": "cwc_minecraft_purple_rn", "Quantity": 20}], "Pitch": 0.0}, {"Timestamp": "2018-04-13 20:07:04", "Chat": ["<Architect> Hello"], "ScreenshotPath": "19042-Builder-chat.png"}, {"BuilderGridAbsolute": [], "XPos": 0.0, "TimeAlive": 706, "ZPos": 0.0, "Timestamp": "2018-04-13 20:07:04", "Yaw": 0.0, "YPos": 1.0, "BuilderGridRelative": [], "DistanceTravelled": 0, "BuilderInventory": [{"Index": 0, "Type": "cwc_minecraft_red_rn", "Quantity": 20}, {"Index": 1, "Type": "cwc_minecraft_orange_rn", "Quantity": 20}, {"Index": 2, "Type": "cwc_minecraft_yellow_rn", "Quantity": 20}, {"Index": 3, "Type": "cwc_minecraft_green_rn", "Quantity": 20}, {"Index": 4, "Type": "cwc_minecraft_blue_rn", "Quantity": 20}, {"Index": 5, "Type": "cwc_minecraft_purple_rn", "Quantity": 20}], "Pitch": 0.0}, {"Timestamp": "2018-04-13 20:07:12", "Chat": ["<Builder> hi"], "ScreenshotPath": "27141-Builder-chat.png"}, {"BuilderGridAbsolute": [], "XPos": -0.15162385568668196, "TimeAlive": 868, "ZPos": -1.0127195586764968, "Timestamp": "2018-04-13 20:07:12", "Yaw": 0.0, "YPos": 1.0, "BuilderGridRelative": [], "DistanceTravelled": 103, "BuilderInventory": [{"Index": 0, "Type": "cwc_minecraft_red_rn", "Quantity": 20}, {"Index": 1, "Type": "cwc_minecraft_orange_rn", "Quantity": 20}, {"Index": 2, "Type": "cwc_minecraft_yellow_rn", "Quantity": 20}, {"Index": 3, "Type": "cwc_minecraft_green_rn", "Quantity": 20}, {"Index": 4, "Type": "cwc_minecraft_blue_rn", "Quantity": 20}, {"Index": 5, "Type": "cwc_minecraft_purple_rn", "Quantity": 20}], "Pitch": 0.0}, {"Timestamp": "2018-04-13 20:07:29", "Chat": ["<Architect> We will build something very simple. It looks like a small 'L'"], "ScreenshotPath": "44039-Builder-chat.png"}, {"BuilderGridAbsolute": [], "XPos": 0.6158268123941522, "TimeAlive": 1206, "ZPos": -2.1021426695918994, "Timestamp": "2018-04-13 20:07:29", "Yaw": 2.1000078, "YPos": 1.0, "BuilderGridRelative": [], "DistanceTravelled": 314, "BuilderInventory": [{"Index": 0, "Type": "cwc_minecraft_red_rn", "Quantity": 20}, {"Index": 1, "Type": "cwc_minecraft_orange_rn", "Quantity": 20}, {"Index": 2, "Type": "cwc_minecraft_yellow_rn", "Quantity": 20}, {"Index": 3, "Type": "cwc_minecraft_green_rn", "Quantity": 20}, {"Index": 4, "Type": "cwc_minecraft_blue_rn", "Quantity": 20}, {"Index": 5, "Type": "cwc_minecraft_purple_rn", "Quantity": 20}], "Pitch": 21.449997}, {"Timestamp": "2018-04-13 20:07:35", "Chat": ["<Builder> alright"], "ScreenshotPath": "49788-Builder-chat.png"}, {"BuilderGridAbsolute": [], "XPos": 0.6158268123941522, "TimeAlive": 1321, "ZPos": -2.1021426695918994, "Timestamp": "2018-04-13 20:07:35", "Yaw": 2.1000078, "YPos": 1.0, "BuilderGridRelative": [], "DistanceTravelled": 314, "BuilderInventory": [{"Index": 0, "Type": "cwc_minecraft_red_rn", "Quantity": 20}, {"Index": 1, "Type": "cwc_minecraft_orange_rn", "Quantity": 20}, {"Index": 2, "Type": "cwc_minecraft_yellow_rn", "Quantity": 20}, {"Index": 3, "Type": "cwc_minecraft_green_rn", "Quantity": 20}, {"Index": 4, "Type": "cwc_minecraft_blue_rn", "Quantity": 20}, {"Index": 5, "Type": "cwc_minecraft_purple_rn", "Quantity": 20}], "Pitch": 21.449997}, {"Timestamp": "2018-04-13 20:07:39", "Chat": ["<Architect> It will be made entirely out of blue blocks"], "ScreenshotPath": "53837-Builder-chat.png"}, {"BuilderGridAbsolute": [], "XPos": 0.6158268123941522, "TimeAlive": 1402, "ZPos": -2.1021426695918994, "Timestamp": "2018-04-13 20:07:39", "Yaw": 2.1000078, "YPos": 1.0, "BuilderGridRelative": [], "DistanceTravelled": 314, "BuilderInventory": [{"Index": 0, "Type": "cwc_minecraft_red_rn", "Quantity": 20}, {"Index": 1, "Type": "cwc_minecraft_orange_rn", "Quantity": 20}, {"Index": 2, "Type": "cwc_minecraft_yellow_rn", "Quantity": 20}, {"Index": 3, "Type": "cwc_minecraft_green_rn", "Quantity": 20}, {"Index": 4, "Type": "cwc_minecraft_blue_rn", "Quantity": 20}, {"Index": 5, "Type": "cwc_minecraft_purple_rn", "Quantity": 20}], "Pitch": 21.449997}, {"Timestamp": "2018-04-13 20:07:48", "Chat": ["<Builder> do you want to do something like an x-y coordinate system?"], "ScreenshotPath": "63035-Builder-chat.png"}, {"BuilderGridAbsolute": [], "XPos": 0.6158268123941522, "TimeAlive": 1586, "ZPos": -2.1021426695918994, "Timestamp": "2018-04-13 20:07:48", "Yaw": 2.1000078, "YPos": 1.0, "BuilderGridRelative": [], "DistanceTravelled": 314, "BuilderInventory": [{"Index": 0, "Type": "cwc_minecraft_red_rn", "Quantity": 20}, {"Index": 1, "Type": "cwc_minecraft_orange_rn", "Quantity": 20}, {"Index": 2, "Type": "cwc_minecraft_yellow_rn", "Quantity": 20}, {"Index": 3, "Type": "cwc_minecraft_green_rn", "Quantity": 20}, {"Index": 4, "Type": "cwc_minecraft_blue_rn", "Quantity": 20}, {"Index": 5, "Type": "cwc_minecraft_purple_rn", "Quantity": 20}], "Pitch": 21.449997}, {"Timestamp": "2018-04-13 20:07:51", "Chat": ["<Architect> Place two blocks next to one another on the ground"]}, {"BuilderGridAbsolute": [], "XPos": 0.6158268123941522, "TimeAlive": 1649, "ZPos": -2.1021426695918994, "Timestamp": "2018-04-13 20:07:51", "Yaw": 2.1000078, "YPos": 1.0, "ScreenshotPath": "66235-Builder-chat.png", "BuilderGridRelative": [], "DistanceTravelled": 314, "BuilderInventory": [{"Index": 0, "Type": "cwc_minecraft_red_rn", "Quantity": 20}, {"Index": 1, "Type": "cwc_minecraft_orange_rn", "Quantity": 20}, {"Index": 2, "Type": "cwc_minecraft_yellow_rn", "Quantity": 20}, {"Index": 3, "Type": "cwc_minecraft_green_rn", "Quantity": 20}, {"Index": 4, "Type": "cwc_minecraft_blue_rn", "Quantity": 20}, {"Index": 5, "Type": "cwc_minecraft_purple_rn", "Quantity": 20}], "Pitch": 21.449997}, {"BuilderGridAbsolute": [{"Y": 1, "X": 1, "Z": 0, "Type": "cwc_minecraft_blue_rn"}], "XPos": 0.6158268123941522, "TimeAlive": 1750, "ZPos": -2.1021426695918994, "Timestamp": "2018-04-13 20:07:56", "Yaw": -11.699992, "YPos": 1.0, "BuilderGridRelative": [{"Y": 0, "X": 1, "Z": 3, "Type": "cwc_minecraft_blue_rn"}], "DistanceTravelled": 314, "BuilderInventory": [{"Index": 0, "Type": "cwc_minecraft_red_rn", "Quantity": 20}, {"Index": 1, "Type": "cwc_minecraft_orange_rn", "Quantity": 20}, {"Index": 2, "Type": "cwc_minecraft_yellow_rn", "Quantity": 20}, {"Index": 3, "Type": "cwc_minecraft_green_rn", "Quantity": 20}, {"Index": 4, "Type": "cwc_minecraft_blue_rn", "Quantity": 19}, {"Index": 5, "Type": "cwc_minecraft_purple_rn", "Quantity": 20}], "Pitch": 32.39999}, {"Timestamp": "2018-04-13 20:07:56", "ScreenshotPath": "71334-Builder-putdown.png"}, {"BuilderGridAbsolute": [{"Y": 1, "X": 0, "Z": 0, "Type": "cwc_minecraft_blue_rn"}, {"Y": 1, "X": 1, "Z": 0, "Type": "cwc_minecraft_blue_rn"}], "XPos": 0.6158268123941522, "TimeAlive": 1757, "ZPos": -2.1021426695918994, "Timestamp": "2018-04-13 20:07:56", "Yaw": 0.1500082, "YPos": 1.0, "BuilderGridRelative": [{"Y": 0, "X": 0, "Z": 3, "Type": "cwc_minecraft_blue_rn"}, {"Y": 0, "X": 1, "Z": 3, "Type": "cwc_minecraft_blue_rn"}], "DistanceTravelled": 314, "BuilderInventory": [{"Index": 0, "Type": "cwc_minecraft_red_rn", "Quantity": 20}, {"Index": 1, "Type": "cwc_minecraft_orange_rn", "Quantity": 20}, {"Index": 2, "Type": "cwc_minecraft_yellow_rn", "Quantity": 20}, {"Index": 3, "Type": "cwc_minecraft_green_rn", "Quantity": 20}, {"Index": 4, "Type": "cwc_minecraft_blue_rn", "Quantity": 18}, {"Index": 5, "Type": "cwc_minecraft_purple_rn", "Quantity": 20}], "Pitch": 32.39999}, {"Timestamp": "2018-04-13 20:07:56", "ScreenshotPath": "71684-Builder-putdown.png"}, {"Timestamp": "2018-04-13 20:08:02", "Chat": ["<Architect> No, no x-y coordinate system"]}, {"BuilderGridAbsolute": [{"Y": 1, "X": 0, "Z": 0, "Type": "cwc_minecraft_blue_rn"}, {"Y": 1, "X": 1, "Z": 0, "Type": "cwc_minecraft_blue_rn"}], "XPos": 0.6158268123941522, "TimeAlive": 1876, "ZPos": -2.1021426695918994, "Timestamp": "2018-04-13 20:08:02", "Yaw": 0.9000076, "YPos": 1.0, "ScreenshotPath": "77584-Builder-chat.png", "BuilderGridRelative": [{"Y": 0, "X": 0, "Z": 3, "Type": "cwc_minecraft_blue_rn"}, {"Y": 0, "X": 1, "Z": 3, "Type": "cwc_minecraft_blue_rn"}], "DistanceTravelled": 314, "BuilderInventory": [{"Index": 0, "Type": "cwc_minecraft_red_rn", "Quantity": 20}, {"Index": 1, "Type": "cwc_minecraft_orange_rn", "Quantity": 20}, {"Index": 2, "Type": "cwc_minecraft_yellow_rn", "Quantity": 20}, {"Index": 3, "Type": "cwc_minecraft_green_rn", "Quantity": 20}, {"Index": 4, "Type": "cwc_minecraft_blue_rn", "Quantity": 18}, {"Index": 5, "Type": "cwc_minecraft_purple_rn", "Quantity": 20}], "Pitch": 26.999996}, {"Timestamp": "2018-04-13 20:08:16", "Chat": ["<Architect> Perfect, not on top of the left block, put another blue block"]}, {"BuilderGridAbsolute": [{"Y": 1, "X": 0, "Z": 0, "Type": "cwc_minecraft_blue_rn"}, {"Y": 1, "X": 1, "Z": 0, "Type": "cwc_minecraft_blue_rn"}], "XPos": 0.6158268123941522, "TimeAlive": 2155, "ZPos": -2.1021426695918994, "Timestamp": "2018-04-13 20:08:16", "Yaw": 0.9000076, "YPos": 1.0, "ScreenshotPath": "91532-Builder-chat.png", "BuilderGridRelative": [{"Y": 0, "X": 0, "Z": 3, "Type": "cwc_minecraft_blue_rn"}, {"Y": 0, "X": 1, "Z": 3, "Type": "cwc_minecraft_blue_rn"}], "DistanceTravelled": 314, "BuilderInventory": [{"Index": 0, "Type": "cwc_minecraft_red_rn", "Quantity": 20}, {"Index": 1, "Type": "cwc_minecraft_orange_rn", "Quantity": 20}, {"Index": 2, "Type": "cwc_minecraft_yellow_rn", "Quantity": 20}, {"Index": 3, "Type": "cwc_minecraft_green_rn", "Quantity": 20}, {"Index": 4, "Type": "cwc_minecraft_blue_rn", "Quantity": 18}, {"Index": 5, "Type": "cwc_minecraft_purple_rn", "Quantity": 20}], "Pitch": 26.999996}, {"BuilderGridAbsolute": [{"Y": 1, "X": 0, "Z": 0, "Type": "cwc_minecraft_blue_rn"}, {"Y": 1, "X": 1, "Z": 0, "Type": "cwc_minecraft_blue_rn"}, {"Y": 2, "X": 1, "Z": 0, "Type": "cwc_minecraft_blue_rn"}], "XPos": 1.4682972858449168, "TimeAlive": 2316, "ZPos": -1.4678327722476041, "Timestamp": "2018-04-13 20:08:24", "Yaw": 3.150008, "YPos": 1.0, "BuilderGridRelative": [{"Y": 0, "X": -1, "Z": 2, "Type": "cwc_minecraft_blue_rn"}, {"Y": 0, "X": 0, "Z": 2, "Type": "cwc_minecraft_blue_rn"}, {"Y": 1, "X": 0, "Z": 2, "Type": "cwc_minecraft_blue_rn"}], "DistanceTravelled": 463, "BuilderInventory": [{"Index": 0, "Type": "cwc_minecraft_red_rn", "Quantity": 20}, {"Index": 1, "Type": "cwc_minecraft_orange_rn", "Quantity": 20}, {"Index": 2, "Type": "cwc_minecraft_yellow_rn", "Quantity": 20}, {"Index": 3, "Type": "cwc_minecraft_green_rn", "Quantity": 20}, {"Index": 4, "Type": "cwc_minecraft_blue_rn", "Quantity": 17}, {"Index": 5, "Type": "cwc_minecraft_purple_rn", "Quantity": 20}], "Pitch": 20.250002}, {"Timestamp": "2018-04-13 20:08:24", "ScreenshotPath": "99631-Builder-putdown.png"}, {"Timestamp": "2018-04-13 20:08:34", "Chat": ["<Architect> Perfect! We're done with this warm up"]}, {"BuilderGridAbsolute": [{"Y": 1, "X": 0, "Z": 0, "Type": "cwc_minecraft_blue_rn"}, {"Y": 1, "X": 1, "Z": 0, "Type": "cwc_minecraft_blue_rn"}, {"Y": 2, "X": 1, "Z": 0, "Type": "cwc_minecraft_blue_rn"}], "XPos": 1.1073240532835316, "TimeAlive": 2519, "ZPos": -3.0995913353065103, "Timestamp": "2018-04-13 20:08:35", "Yaw": 0.9000081, "YPos": 3.117661460852316, "ScreenshotPath": "109729-Builder-chat.png", "BuilderGridRelative": [{"Y": -2, "X": -1, "Z": 4, "Type": "cwc_minecraft_blue_rn"}, {"Y": -2, "X": 0, "Z": 4, "Type": "cwc_minecraft_blue_rn"}, {"Y": -1, "X": 0, "Z": 4, "Type": "cwc_minecraft_blue_rn"}], "DistanceTravelled": 540, "BuilderInventory": [{"Index": 0, "Type": "cwc_minecraft_red_rn", "Quantity": 20}, {"Index": 1, "Type": "cwc_minecraft_orange_rn", "Quantity": 20}, {"Index": 2, "Type": "cwc_minecraft_yellow_rn", "Quantity": 20}, {"Index": 3, "Type": "cwc_minecraft_green_rn", "Quantity": 20}, {"Index": 4, "Type": "cwc_minecraft_blue_rn", "Quantity": 17}, {"Index": 5, "Type": "cwc_minecraft_purple_rn", "Quantity": 20}], "Pitch": 30.450006}], "NumFixedViewers": 4, "TimeElapsed": 137.26689505577087}