<DrawBlock type="cwcmod:cwc_minecraft_green_rn" x="96" y="1" z="100"/>
<DrawBlock type="cwcmod:cwc_minecraft_green_rn" x="97" y="1" z="100"/>
<DrawBlock type="cwcmod:cwc_minecraft_green_rn" x="98" y="1" z="100"/>
<DrawBlock type="cwcmod:cwc_minecraft_green_rn" x="99" y="1" z="100"/>
<DrawBlock type="cwcmod:cwc_minecraft_green_rn" x="96" y="2" z="100"/>
<DrawBlock type="cwcmod:cwc_minecraft_yellow_rn" x="98" y="2" z="100"/>
<DrawBlock type="cwcmod:cwc_minecraft_yellow_rn" x="99" y="2" z="100"/>
<DrawBlock type="cwcmod:cwc_minecraft_yellow_rn" x="100" y="2" z="100"/>
<DrawBlock type="cwcmod:cwc_minecraft_yellow_rn" x="101" y="2" z="100"/>
<DrawBlock type="cwcmod:cwc_minecraft_red_rn" x="102" y="2" z="100"/>
<DrawBlock type="cwcmod:cwc_minecraft_red_rn" x="103" y="2" z="100"/>
<DrawBlock type="cwcmod:cwc_minecraft_red_rn" x="104" y="2" z="100"/>
<DrawBlock type="cwcmod:cwc_minecraft_red_rn" x="105" y="2" z="100"/>
<DrawBlock type="cwcmod:cwc_minecraft_green_rn" x="96" y="3" z="100"/>
<DrawBlock type="cwcmod:cwc_minecraft_yellow_rn" x="98" y="3" z="100"/>
<DrawBlock type="cwcmod:cwc_minecraft_green_rn" x="99" y="3" z="100"/>
<DrawBlock type="cwcmod:cwc_minecraft_yellow_rn" x="101" y="3" z="100"/>
<DrawBlock type="cwcmod:cwc_minecraft_red_rn" x="102" y="3" z="100"/>
<DrawBlock type="cwcmod:cwc_minecraft_red_rn" x="105" y="3" z="100"/>
<DrawBlock type="cwcmod:cwc_minecraft_green_rn" x="96" y="4" z="100"/>
<DrawBlock type="cwcmod:cwc_minecraft_green_rn" x="97" y="4" z="100"/>
<DrawBlock type="cwcmod:cwc_minecraft_yellow_rn" x="98" y="4" z="100"/>
<DrawBlock type="cwcmod:cwc_minecraft_green_rn" x="99" y="4" z="100"/>
<DrawBlock type="cwcmod:cwc_minecraft_orange_rn" x="100" y="4" z="100"/>
<DrawBlock type="cwcmod:cwc_minecraft_orange_rn" x="101" y="4" z="100"/>
<DrawBlock type="cwcmod:cwc_minecraft_red_rn" x="102" y="4" z="100"/>
<DrawBlock type="cwcmod:cwc_minecraft_orange_rn" x="103" y="4" z="100"/>
<DrawBlock type="cwcmod:cwc_minecraft_red_rn" x="105" y="4" z="100"/>
<DrawBlock type="cwcmod:cwc_minecraft_yellow_rn" x="98" y="5" z="100"/>
<DrawBlock type="cwcmod:cwc_minecraft_yellow_rn" x="99" y="5" z="100"/>
<DrawBlock type="cwcmod:cwc_minecraft_orange_rn" x="100" y="5" z="100"/>
<DrawBlock type="cwcmod:cwc_minecraft_yellow_rn" x="101" y="5" z="100"/>
<DrawBlock type="cwcmod:cwc_minecraft_red_rn" x="102" y="5" z="100"/>
<DrawBlock type="cwcmod:cwc_minecraft_red_rn" x="103" y="5" z="100"/>
<DrawBlock type="cwcmod:cwc_minecraft_red_rn" x="104" y="5" z="100"/>
<DrawBlock type="cwcmod:cwc_minecraft_red_rn" x="105" y="5" z="100"/>
<DrawBlock type="cwcmod:cwc_minecraft_orange_rn" x="100" y="6" z="100"/>
<DrawBlock type="cwcmod:cwc_minecraft_orange_rn" x="103" y="6" z="100"/>
<DrawBlock type="cwcmod:cwc_minecraft_orange_rn" x="100" y="7" z="100"/>
<DrawBlock type="cwcmod:cwc_minecraft_orange_rn" x="101" y="7" z="100"/>
<DrawBlock type="cwcmod:cwc_minecraft_orange_rn" x="102" y="7" z="100"/>
<DrawBlock type="cwcmod:cwc_minecraft_orange_rn" x="103" y="7" z="100"/>
