<DrawBlock type="cwcmod:cwc_minecraft_green_rn" x="99" y="1" z="99"/>
<DrawBlock type="cwcmod:cwc_minecraft_green_rn" x="101" y="1" z="99"/>
<DrawBlock type="cwcmod:cwc_minecraft_green_rn" x="100" y="1" z="101"/>
<DrawBlock type="cwcmod:cwc_minecraft_green_rn" x="100" y="2" z="100"/>
<DrawBlock type="cwcmod:cwc_minecraft_green_rn" x="99" y="3" z="99"/>
<DrawBlock type="cwcmod:cwc_minecraft_green_rn" x="100" y="3" z="99"/>
<DrawBlock type="cwcmod:cwc_minecraft_green_rn" x="101" y="3" z="99"/>
<DrawBlock type="cwcmod:cwc_minecraft_green_rn" x="99" y="3" z="100"/>
<DrawBlock type="cwcmod:cwc_minecraft_green_rn" x="100" y="3" z="100"/>
<DrawBlock type="cwcmod:cwc_minecraft_green_rn" x="101" y="3" z="100"/>
<DrawBlock type="cwcmod:cwc_minecraft_green_rn" x="99" y="3" z="101"/>
<DrawBlock type="cwcmod:cwc_minecraft_green_rn" x="100" y="3" z="101"/>
<DrawBlock type="cwcmod:cwc_minecraft_green_rn" x="101" y="3" z="101"/>
<DrawBlock type="cwcmod:cwc_minecraft_green_rn" x="99" y="4" z="101"/>
<DrawBlock type="cwcmod:cwc_minecraft_green_rn" x="100" y="4" z="101"/>
<DrawBlock type="cwcmod:cwc_minecraft_green_rn" x="101" y="4" z="101"/>
<DrawBlock type="cwcmod:cwc_minecraft_green_rn" x="99" y="5" z="101"/>
<DrawBlock type="cwcmod:cwc_minecraft_green_rn" x="100" y="5" z="101"/>
<DrawBlock type="cwcmod:cwc_minecraft_green_rn" x="101" y="5" z="101"/>
