<DrawBlock type="cwcmod:cwc_minecraft_red_rn" x="100" y="1" z="101"/>
<DrawBlock type="cwcmod:cwc_minecraft_red_rn" x="100" y="2" z="101"/>
<DrawBlock type="cwcmod:cwc_minecraft_red_rn" x="99" y="3" z="101"/>
<DrawBlock type="cwcmod:cwc_minecraft_red_rn" x="100" y="3" z="101"/>
<DrawBlock type="cwcmod:cwc_minecraft_red_rn" x="101" y="3" z="101"/>
<DrawBlock type="cwcmod:cwc_minecraft_green_rn" x="97" y="4" z="100"/>
<DrawBlock type="cwcmod:cwc_minecraft_green_rn" x="98" y="4" z="100"/>
<DrawBlock type="cwcmod:cwc_minecraft_green_rn" x="96" y="4" z="101"/>
<DrawBlock type="cwcmod:cwc_minecraft_green_rn" x="97" y="4" z="101"/>
<DrawBlock type="cwcmod:cwc_minecraft_green_rn" x="98" y="4" z="101"/>
<DrawBlock type="cwcmod:cwc_minecraft_red_rn" x="99" y="4" z="101"/>
<DrawBlock type="cwcmod:cwc_minecraft_red_rn" x="102" y="4" z="101"/>
<DrawBlock type="cwcmod:cwc_minecraft_green_rn" x="97" y="4" z="102"/>
<DrawBlock type="cwcmod:cwc_minecraft_green_rn" x="98" y="5" z="101"/>
<DrawBlock type="cwcmod:cwc_minecraft_red_rn" x="99" y="5" z="101"/>
<DrawBlock type="cwcmod:cwc_minecraft_green_rn" x="103" y="5" z="101"/>
<DrawBlock type="cwcmod:cwc_minecraft_red_rn" x="98" y="6" z="101"/>
<DrawBlock type="cwcmod:cwc_minecraft_green_rn" x="97" y="7" z="101"/>
