<DrawBlock type="cwcmod:cwc_minecraft_red_rn" x="100" y="1" z="98"/>
<DrawBlock type="cwcmod:cwc_minecraft_orange_rn" x="100" y="1" z="101"/>
<DrawBlock type="cwcmod:cwc_minecraft_red_rn" x="100" y="2" z="98"/>
<DrawBlock type="cwcmod:cwc_minecraft_orange_rn" x="100" y="2" z="101"/>
<DrawBlock type="cwcmod:cwc_minecraft_red_rn" x="100" y="3" z="99"/>
<DrawBlock type="cwcmod:cwc_minecraft_orange_rn" x="100" y="3" z="100"/>
<DrawBlock type="cwcmod:cwc_minecraft_orange_rn" x="100" y="4" z="99"/>
<DrawBlock type="cwcmod:cwc_minecraft_red_rn" x="100" y="4" z="100"/>
<DrawBlock type="cwcmod:cwc_minecraft_orange_rn" x="100" y="5" z="98"/>
<DrawBlock type="cwcmod:cwc_minecraft_red_rn" x="100" y="5" z="101"/>
<DrawBlock type="cwcmod:cwc_minecraft_yellow_rn" x="100" y="6" z="96"/>
<DrawBlock type="cwcmod:cwc_minecraft_yellow_rn" x="100" y="6" z="97"/>
<DrawBlock type="cwcmod:cwc_minecraft_orange_rn" x="100" y="6" z="98"/>
<DrawBlock type="cwcmod:cwc_minecraft_red_rn" x="100" y="6" z="101"/>
<DrawBlock type="cwcmod:cwc_minecraft_yellow_rn" x="100" y="6" z="102"/>
<DrawBlock type="cwcmod:cwc_minecraft_yellow_rn" x="100" y="6" z="103"/>
<DrawBlock type="cwcmod:cwc_minecraft_orange_rn" x="100" y="7" z="99"/>
<DrawBlock type="cwcmod:cwc_minecraft_red_rn" x="100" y="7" z="100"/>
<DrawBlock type="cwcmod:cwc_minecraft_red_rn" x="100" y="8" z="99"/>
<DrawBlock type="cwcmod:cwc_minecraft_orange_rn" x="100" y="8" z="100"/>
