<DrawBlock type="cwcmod:cwc_minecraft_orange_rn" x="99" y="2" z="101"/>
<DrawBlock type="cwcmod:cwc_minecraft_red_rn" x="100" y="2" z="101"/>
<DrawBlock type="cwcmod:cwc_minecraft_red_rn" x="101" y="2" z="101"/>
<DrawBlock type="cwcmod:cwc_minecraft_green_rn" x="99" y="2" z="102"/>
<DrawBlock type="cwcmod:cwc_minecraft_red_rn" x="101" y="2" z="102"/>
<DrawBlock type="cwcmod:cwc_minecraft_green_rn" x="99" y="2" z="103"/>
<DrawBlock type="cwcmod:cwc_minecraft_green_rn" x="100" y="2" z="103"/>
<DrawBlock type="cwcmod:cwc_minecraft_yellow_rn" x="101" y="2" z="103"/>
<DrawBlock type="cwcmod:cwc_minecraft_orange_rn" x="99" y="3" z="101"/>
<DrawBlock type="cwcmod:cwc_minecraft_orange_rn" x="100" y="3" z="101"/>
<DrawBlock type="cwcmod:cwc_minecraft_red_rn" x="101" y="3" z="101"/>
<DrawBlock type="cwcmod:cwc_minecraft_orange_rn" x="99" y="3" z="102"/>
<DrawBlock type="cwcmod:cwc_minecraft_yellow_rn" x="101" y="3" z="102"/>
<DrawBlock type="cwcmod:cwc_minecraft_green_rn" x="99" y="3" z="103"/>
<DrawBlock type="cwcmod:cwc_minecraft_yellow_rn" x="100" y="3" z="103"/>
<DrawBlock type="cwcmod:cwc_minecraft_yellow_rn" x="101" y="3" z="103"/>
