<DrawBlock type="cwcmod:cwc_minecraft_red_rn" x="99" y="1" z="96"/>
<DrawBlock type="cwcmod:cwc_minecraft_red_rn" x="97" y="1" z="97"/>
<DrawBlock type="cwcmod:cwc_minecraft_red_rn" x="98" y="1" z="97"/>
<DrawBlock type="cwcmod:cwc_minecraft_red_rn" x="99" y="1" z="97"/>
<DrawBlock type="cwcmod:cwc_minecraft_orange_rn" x="97" y="1" z="99"/>
<DrawBlock type="cwcmod:cwc_minecraft_orange_rn" x="98" y="1" z="99"/>
<DrawBlock type="cwcmod:cwc_minecraft_orange_rn" x="99" y="1" z="99"/>
<DrawBlock type="cwcmod:cwc_minecraft_green_rn" x="97" y="1" z="101"/>
<DrawBlock type="cwcmod:cwc_minecraft_green_rn" x="98" y="1" z="101"/>
<DrawBlock type="cwcmod:cwc_minecraft_green_rn" x="99" y="1" z="101"/>
<DrawBlock type="cwcmod:cwc_minecraft_green_rn" x="97" y="1" z="102"/>
<DrawBlock type="cwcmod:cwc_minecraft_green_rn" x="97" y="1" z="103"/>
<DrawBlock type="cwcmod:cwc_minecraft_blue_rn" x="99" y="1" z="103"/>
<DrawBlock type="cwcmod:cwc_minecraft_blue_rn" x="99" y="1" z="104"/>
<DrawBlock type="cwcmod:cwc_minecraft_red_rn" x="97" y="2" z="97"/>
<DrawBlock type="cwcmod:cwc_minecraft_yellow_rn" x="97" y="2" z="99"/>
<DrawBlock type="cwcmod:cwc_minecraft_orange_rn" x="99" y="2" z="99"/>
<DrawBlock type="cwcmod:cwc_minecraft_yellow_rn" x="99" y="2" z="101"/>
<DrawBlock type="cwcmod:cwc_minecraft_green_rn" x="97" y="2" z="103"/>
<DrawBlock type="cwcmod:cwc_minecraft_blue_rn" x="99" y="2" z="103"/>
<DrawBlock type="cwcmod:cwc_minecraft_red_rn" x="97" y="3" z="97"/>
<DrawBlock type="cwcmod:cwc_minecraft_red_rn" x="98" y="3" z="97"/>
<DrawBlock type="cwcmod:cwc_minecraft_red_rn" x="99" y="3" z="97"/>
<DrawBlock type="cwcmod:cwc_minecraft_orange_rn" x="99" y="3" z="98"/>
<DrawBlock type="cwcmod:cwc_minecraft_yellow_rn" x="97" y="3" z="99"/>
<DrawBlock type="cwcmod:cwc_minecraft_orange_rn" x="99" y="3" z="99"/>
<DrawBlock type="cwcmod:cwc_minecraft_yellow_rn" x="97" y="3" z="100"/>
<DrawBlock type="cwcmod:cwc_minecraft_yellow_rn" x="97" y="3" z="101"/>
<DrawBlock type="cwcmod:cwc_minecraft_yellow_rn" x="98" y="3" z="101"/>
<DrawBlock type="cwcmod:cwc_minecraft_yellow_rn" x="99" y="3" z="101"/>
<DrawBlock type="cwcmod:cwc_minecraft_green_rn" x="97" y="3" z="103"/>
<DrawBlock type="cwcmod:cwc_minecraft_green_rn" x="98" y="3" z="103"/>
<DrawBlock type="cwcmod:cwc_minecraft_blue_rn" x="99" y="3" z="103"/>
