<DrawBlock type="cwcmod:cwc_minecraft_red_rn" x="100" y="1" z="99"/>
<DrawBlock type="cwcmod:cwc_minecraft_red_rn" x="102" y="1" z="99"/>
<DrawBlock type="cwcmod:cwc_minecraft_red_rn" x="100" y="2" z="99"/>
<DrawBlock type="cwcmod:cwc_minecraft_red_rn" x="102" y="2" z="99"/>
<DrawBlock type="cwcmod:cwc_minecraft_orange_rn" x="100" y="3" z="99"/>
<DrawBlock type="cwcmod:cwc_minecraft_orange_rn" x="101" y="3" z="99"/>
<DrawBlock type="cwcmod:cwc_minecraft_orange_rn" x="102" y="3" z="99"/>
<DrawBlock type="cwcmod:cwc_minecraft_orange_rn" x="100" y="4" z="99"/>
<DrawBlock type="cwcmod:cwc_minecraft_orange_rn" x="101" y="4" z="99"/>
<DrawBlock type="cwcmod:cwc_minecraft_orange_rn" x="102" y="4" z="99"/>
<DrawBlock type="cwcmod:cwc_minecraft_orange_rn" x="104" y="4" z="99"/>
<DrawBlock type="cwcmod:cwc_minecraft_orange_rn" x="100" y="5" z="99"/>
<DrawBlock type="cwcmod:cwc_minecraft_orange_rn" x="101" y="5" z="99"/>
<DrawBlock type="cwcmod:cwc_minecraft_orange_rn" x="102" y="5" z="99"/>
<DrawBlock type="cwcmod:cwc_minecraft_orange_rn" x="103" y="5" z="99"/>
<DrawBlock type="cwcmod:cwc_minecraft_orange_rn" x="99" y="6" z="99"/>
<DrawBlock type="cwcmod:cwc_minecraft_orange_rn" x="98" y="7" z="99"/>
<DrawBlock type="cwcmod:cwc_minecraft_yellow_rn" x="96" y="8" z="99"/>
<DrawBlock type="cwcmod:cwc_minecraft_orange_rn" x="97" y="8" z="99"/>
