<DrawBlock type="cwcmod:cwc_minecraft_purple_rn" x="101" y="1" z="99"/>
<DrawBlock type="cwcmod:cwc_minecraft_purple_rn" x="101" y="2" z="99"/>
<DrawBlock type="cwcmod:cwc_minecraft_purple_rn" x="99" y="3" z="99"/>
<DrawBlock type="cwcmod:cwc_minecraft_purple_rn" x="101" y="3" z="99"/>
<DrawBlock type="cwcmod:cwc_minecraft_purple_rn" x="98" y="4" z="99"/>
<DrawBlock type="cwcmod:cwc_minecraft_purple_rn" x="101" y="4" z="99"/>
<DrawBlock type="cwcmod:cwc_minecraft_purple_rn" x="97" y="5" z="99"/>
<DrawBlock type="cwcmod:cwc_minecraft_purple_rn" x="98" y="5" z="99"/>
<DrawBlock type="cwcmod:cwc_minecraft_purple_rn" x="99" y="5" z="99"/>
<DrawBlock type="cwcmod:cwc_minecraft_purple_rn" x="100" y="5" z="99"/>
<DrawBlock type="cwcmod:cwc_minecraft_purple_rn" x="101" y="5" z="99"/>
<DrawBlock type="cwcmod:cwc_minecraft_purple_rn" x="98" y="6" z="99"/>
<DrawBlock type="cwcmod:cwc_minecraft_purple_rn" x="99" y="7" z="99"/>
