<DrawBlock type="cwcmod:cwc_minecraft_purple_rn" x="102" y="1" z="98"/>
<DrawBlock type="cwcmod:cwc_minecraft_purple_rn" x="101" y="1" z="99"/>
<DrawBlock type="cwcmod:cwc_minecraft_purple_rn" x="101" y="1" z="101"/>
<DrawBlock type="cwcmod:cwc_minecraft_purple_rn" x="102" y="1" z="101"/>
<DrawBlock type="cwcmod:cwc_minecraft_purple_rn" x="101" y="2" z="99"/>
<DrawBlock type="cwcmod:cwc_minecraft_purple_rn" x="101" y="2" z="101"/>
<DrawBlock type="cwcmod:cwc_minecraft_purple_rn" x="101" y="3" z="99"/>
<DrawBlock type="cwcmod:cwc_minecraft_purple_rn" x="101" y="3" z="101"/>
<DrawBlock type="cwcmod:cwc_minecraft_orange_rn" x="101" y="4" z="100"/>
<DrawBlock type="cwcmod:cwc_minecraft_orange_rn" x="101" y="5" z="100"/>
<DrawBlock type="cwcmod:cwc_minecraft_blue_rn" x="101" y="5" z="101"/>
<DrawBlock type="cwcmod:cwc_minecraft_orange_rn" x="101" y="6" z="100"/>
<DrawBlock type="cwcmod:cwc_minecraft_blue_rn" x="101" y="6" z="102"/>
<DrawBlock type="cwcmod:cwc_minecraft_blue_rn" x="101" y="7" z="99"/>
<DrawBlock type="cwcmod:cwc_minecraft_blue_rn" x="101" y="7" z="101"/>
<DrawBlock type="cwcmod:cwc_minecraft_blue_rn" x="101" y="8" z="98"/>
<DrawBlock type="cwcmod:cwc_minecraft_yellow_rn" x="101" y="8" z="100"/>
<DrawBlock type="cwcmod:cwc_minecraft_blue_rn" x="101" y="9" z="98"/>
