<DrawBlock type="cwcmod:cwc_minecraft_blue_rn" x="97" y="1" z="97"/>
<DrawBlock type="cwcmod:cwc_minecraft_blue_rn" x="97" y="1" z="98"/>
<DrawBlock type="cwcmod:cwc_minecraft_blue_rn" x="97" y="1" z="99"/>
<DrawBlock type="cwcmod:cwc_minecraft_purple_rn" x="97" y="1" z="101"/>
<DrawBlock type="cwcmod:cwc_minecraft_purple_rn" x="97" y="1" z="104"/>
<DrawBlock type="cwcmod:cwc_minecraft_blue_rn" x="97" y="2" z="96"/>
<DrawBlock type="cwcmod:cwc_minecraft_blue_rn" x="97" y="2" z="97"/>
<DrawBlock type="cwcmod:cwc_minecraft_blue_rn" x="97" y="2" z="99"/>
<DrawBlock type="cwcmod:cwc_minecraft_purple_rn" x="97" y="2" z="101"/>
<DrawBlock type="cwcmod:cwc_minecraft_purple_rn" x="97" y="2" z="103"/>
<DrawBlock type="cwcmod:cwc_minecraft_purple_rn" x="97" y="2" z="105"/>
<DrawBlock type="cwcmod:cwc_minecraft_blue_rn" x="97" y="3" z="95"/>
<DrawBlock type="cwcmod:cwc_minecraft_blue_rn" x="97" y="3" z="97"/>
<DrawBlock type="cwcmod:cwc_minecraft_blue_rn" x="97" y="3" z="98"/>
<DrawBlock type="cwcmod:cwc_minecraft_blue_rn" x="97" y="3" z="99"/>
<DrawBlock type="cwcmod:cwc_minecraft_purple_rn" x="97" y="3" z="101"/>
<DrawBlock type="cwcmod:cwc_minecraft_purple_rn" x="97" y="3" z="102"/>
<DrawBlock type="cwcmod:cwc_minecraft_blue_rn" x="97" y="4" z="100"/>
<DrawBlock type="cwcmod:cwc_minecraft_purple_rn" x="97" y="4" z="101"/>
<DrawBlock type="cwcmod:cwc_minecraft_purple_rn" x="97" y="4" z="103"/>
<DrawBlock type="cwcmod:cwc_minecraft_purple_rn" x="97" y="5" z="101"/>
<DrawBlock type="cwcmod:cwc_minecraft_purple_rn" x="97" y="5" z="104"/>
<DrawBlock type="cwcmod:cwc_minecraft_purple_rn" x="97" y="6" z="101"/>
<DrawBlock type="cwcmod:cwc_minecraft_purple_rn" x="97" y="6" z="102"/>
<DrawBlock type="cwcmod:cwc_minecraft_purple_rn" x="97" y="7" z="101"/>
<DrawBlock type="cwcmod:cwc_minecraft_purple_rn" x="97" y="7" z="103"/>
<DrawBlock type="cwcmod:cwc_minecraft_purple_rn" x="97" y="8" z="102"/>
