<DrawBlock type="cwcmod:cwc_minecraft_blue_rn" x="104" y="2" z="101"/>
<DrawBlock type="cwcmod:cwc_minecraft_blue_rn" x="103" y="3" z="101"/>
<DrawBlock type="cwcmod:cwc_minecraft_blue_rn" x="104" y="3" z="101"/>
<DrawBlock type="cwcmod:cwc_minecraft_blue_rn" x="102" y="4" z="101"/>
<DrawBlock type="cwcmod:cwc_minecraft_blue_rn" x="103" y="4" z="101"/>
<DrawBlock type="cwcmod:cwc_minecraft_blue_rn" x="103" y="6" z="101"/>
<DrawBlock type="cwcmod:cwc_minecraft_blue_rn" x="98" y="7" z="100"/>
<DrawBlock type="cwcmod:cwc_minecraft_blue_rn" x="102" y="7" z="101"/>
<DrawBlock type="cwcmod:cwc_minecraft_blue_rn" x="103" y="7" z="101"/>
<DrawBlock type="cwcmod:cwc_minecraft_orange_rn" x="99" y="7" z="104"/>
<DrawBlock type="cwcmod:cwc_minecraft_orange_rn" x="100" y="7" z="104"/>
<DrawBlock type="cwcmod:cwc_minecraft_orange_rn" x="101" y="7" z="104"/>
<DrawBlock type="cwcmod:cwc_minecraft_blue_rn" x="97" y="8" z="100"/>
<DrawBlock type="cwcmod:cwc_minecraft_blue_rn" x="98" y="8" z="100"/>
<DrawBlock type="cwcmod:cwc_minecraft_blue_rn" x="101" y="8" z="101"/>
<DrawBlock type="cwcmod:cwc_minecraft_blue_rn" x="102" y="8" z="101"/>
<DrawBlock type="cwcmod:cwc_minecraft_orange_rn" x="99" y="8" z="104"/>
<DrawBlock type="cwcmod:cwc_minecraft_orange_rn" x="100" y="8" z="104"/>
<DrawBlock type="cwcmod:cwc_minecraft_orange_rn" x="101" y="8" z="104"/>
<DrawBlock type="cwcmod:cwc_minecraft_blue_rn" x="96" y="9" z="100"/>
<DrawBlock type="cwcmod:cwc_minecraft_blue_rn" x="97" y="9" z="100"/>
<DrawBlock type="cwcmod:cwc_minecraft_orange_rn" x="99" y="9" z="104"/>
<DrawBlock type="cwcmod:cwc_minecraft_orange_rn" x="100" y="9" z="104"/>
<DrawBlock type="cwcmod:cwc_minecraft_orange_rn" x="101" y="9" z="104"/>
