<DrawBlock type="cwcmod:cwc_minecraft_yellow_rn" x="102" y="1" z="98"/>
<DrawBlock type="cwcmod:cwc_minecraft_blue_rn" x="101" y="1" z="99"/>
<DrawBlock type="cwcmod:cwc_minecraft_yellow_rn" x="102" y="2" z="98"/>
<DrawBlock type="cwcmod:cwc_minecraft_blue_rn" x="101" y="2" z="99"/>
<DrawBlock type="cwcmod:cwc_minecraft_yellow_rn" x="101" y="3" z="98"/>
<DrawBlock type="cwcmod:cwc_minecraft_yellow_rn" x="102" y="3" z="98"/>
<DrawBlock type="cwcmod:cwc_minecraft_yellow_rn" x="103" y="3" z="98"/>
<DrawBlock type="cwcmod:cwc_minecraft_red_rn" x="104" y="3" z="98"/>
<DrawBlock type="cwcmod:cwc_minecraft_blue_rn" x="101" y="3" z="99"/>
<DrawBlock type="cwcmod:cwc_minecraft_green_rn" x="101" y="3" z="100"/>
<DrawBlock type="cwcmod:cwc_minecraft_green_rn" x="102" y="3" z="100"/>
<DrawBlock type="cwcmod:cwc_minecraft_green_rn" x="103" y="3" z="100"/>
<DrawBlock type="cwcmod:cwc_minecraft_green_rn" x="104" y="3" z="100"/>
<DrawBlock type="cwcmod:cwc_minecraft_green_rn" x="105" y="3" z="100"/>
<DrawBlock type="cwcmod:cwc_minecraft_blue_rn" x="101" y="4" z="98"/>
<DrawBlock type="cwcmod:cwc_minecraft_red_rn" x="104" y="4" z="98"/>
<DrawBlock type="cwcmod:cwc_minecraft_blue_rn" x="101" y="4" z="99"/>
<DrawBlock type="cwcmod:cwc_minecraft_red_rn" x="104" y="4" z="99"/>
<DrawBlock type="cwcmod:cwc_minecraft_blue_rn" x="101" y="4" z="100"/>
<DrawBlock type="cwcmod:cwc_minecraft_green_rn" x="103" y="4" z="100"/>
<DrawBlock type="cwcmod:cwc_minecraft_red_rn" x="104" y="4" z="100"/>
<DrawBlock type="cwcmod:cwc_minecraft_red_rn" x="104" y="4" z="101"/>
<DrawBlock type="cwcmod:cwc_minecraft_red_rn" x="104" y="5" z="98"/>
<DrawBlock type="cwcmod:cwc_minecraft_green_rn" x="103" y="5" z="100"/>
<DrawBlock type="cwcmod:cwc_minecraft_green_rn" x="103" y="6" z="100"/>
