<DrawBlock type="cwcmod:cwc_red_rn" x="99" y="1" z="95"/>
<DrawBlock type="cwcmod:cwc_red_rn" x="100" y="1" z="95"/>
<DrawBlock type="cwcmod:cwc_red_rn" x="101" y="1" z="95"/>
<DrawBlock type="cwcmod:cwc_red_rn" x="99" y="1" z="96"/>
<DrawBlock type="cwcmod:cwc_red_rn" x="99" y="1" z="97"/>
<DrawBlock type="cwcmod:cwc_red_rn" x="99" y="1" z="98"/>
<DrawBlock type="cwcmod:cwc_yellow_rn" x="100" y="1" z="98"/>
<DrawBlock type="cwcmod:cwc_green_rn" x="101" y="1" z="98"/>
<DrawBlock type="cwcmod:cwc_green_rn" x="101" y="1" z="99"/>
<DrawBlock type="cwcmod:cwc_green_rn" x="101" y="1" z="100"/>
<DrawBlock type="cwcmod:cwc_green_rn" x="99" y="1" z="101"/>
<DrawBlock type="cwcmod:cwc_green_rn" x="100" y="1" z="101"/>
<DrawBlock type="cwcmod:cwc_green_rn" x="101" y="1" z="101"/>
