<DrawBlock type="cwcmod:cwc_minecraft_green_rn" x="100" y="1" z="98"/>
<DrawBlock type="cwcmod:cwc_minecraft_blue_rn" x="102" y="1" z="103"/>
<DrawBlock type="cwcmod:cwc_minecraft_green_rn" x="100" y="2" z="98"/>
<DrawBlock type="cwcmod:cwc_minecraft_blue_rn" x="102" y="2" z="103"/>
<DrawBlock type="cwcmod:cwc_minecraft_green_rn" x="100" y="3" z="98"/>
<DrawBlock type="cwcmod:cwc_minecraft_blue_rn" x="102" y="3" z="103"/>
<DrawBlock type="cwcmod:cwc_minecraft_green_rn" x="100" y="4" z="98"/>
<DrawBlock type="cwcmod:cwc_minecraft_yellow_rn" x="99" y="4" z="100"/>
<DrawBlock type="cwcmod:cwc_minecraft_yellow_rn" x="100" y="4" z="100"/>
<DrawBlock type="cwcmod:cwc_minecraft_yellow_rn" x="101" y="4" z="100"/>
<DrawBlock type="cwcmod:cwc_minecraft_blue_rn" x="102" y="4" z="103"/>
<DrawBlock type="cwcmod:cwc_minecraft_green_rn" x="100" y="5" z="98"/>
<DrawBlock type="cwcmod:cwc_minecraft_yellow_rn" x="99" y="5" z="100"/>
<DrawBlock type="cwcmod:cwc_minecraft_yellow_rn" x="100" y="5" z="100"/>
<DrawBlock type="cwcmod:cwc_minecraft_yellow_rn" x="101" y="5" z="100"/>
<DrawBlock type="cwcmod:cwc_minecraft_yellow_rn" x="100" y="5" z="102"/>
<DrawBlock type="cwcmod:cwc_minecraft_yellow_rn" x="100" y="5" z="103"/>
<DrawBlock type="cwcmod:cwc_minecraft_blue_rn" x="102" y="5" z="103"/>
<DrawBlock type="cwcmod:cwc_minecraft_yellow_rn" x="100" y="5" z="104"/>
<DrawBlock type="cwcmod:cwc_minecraft_green_rn" x="100" y="6" z="98"/>
<DrawBlock type="cwcmod:cwc_minecraft_green_rn" x="100" y="6" z="99"/>
<DrawBlock type="cwcmod:cwc_minecraft_green_rn" x="100" y="6" z="100"/>
<DrawBlock type="cwcmod:cwc_minecraft_yellow_rn" x="100" y="6" z="102"/>
<DrawBlock type="cwcmod:cwc_minecraft_yellow_rn" x="100" y="6" z="103"/>
<DrawBlock type="cwcmod:cwc_minecraft_blue_rn" x="102" y="6" z="103"/>
<DrawBlock type="cwcmod:cwc_minecraft_yellow_rn" x="100" y="6" z="104"/>
<DrawBlock type="cwcmod:cwc_minecraft_blue_rn" x="100" y="7" z="103"/>
<DrawBlock type="cwcmod:cwc_minecraft_blue_rn" x="102" y="7" z="103"/>
<DrawBlock type="cwcmod:cwc_minecraft_blue_rn" x="100" y="8" z="103"/>
<DrawBlock type="cwcmod:cwc_minecraft_blue_rn" x="101" y="8" z="103"/>
<DrawBlock type="cwcmod:cwc_minecraft_blue_rn" x="102" y="8" z="103"/>
