<DrawBlock type="cwcmod:cwc_green_rn" x="97" y="1" z="98"/>
<DrawBlock type="cwcmod:cwc_red_rn" x="103" y="1" z="98"/>
<DrawBlock type="cwcmod:cwc_green_rn" x="97" y="1" z="99"/>
<DrawBlock type="cwcmod:cwc_red_rn" x="103" y="1" z="99"/>
<DrawBlock type="cwcmod:cwc_green_rn" x="97" y="1" z="100"/>
<DrawBlock type="cwcmod:cwc_red_rn" x="103" y="1" z="100"/>
<DrawBlock type="cwcmod:cwc_green_rn" x="97" y="1" z="101"/>
<DrawBlock type="cwcmod:cwc_red_rn" x="103" y="1" z="101"/>
<DrawBlock type="cwcmod:cwc_blue_rn" x="97" y="2" z="98"/>
<DrawBlock type="cwcmod:cwc_orange_rn" x="103" y="2" z="98"/>
<DrawBlock type="cwcmod:cwc_purple_rn" x="97" y="2" z="99"/>
<DrawBlock type="cwcmod:cwc_yellow_rn" x="103" y="2" z="99"/>
<DrawBlock type="cwcmod:cwc_purple_rn" x="97" y="2" z="100"/>
<DrawBlock type="cwcmod:cwc_yellow_rn" x="103" y="2" z="100"/>
<DrawBlock type="cwcmod:cwc_blue_rn" x="97" y="2" z="101"/>
<DrawBlock type="cwcmod:cwc_orange_rn" x="103" y="2" z="101"/>
<DrawBlock type="cwcmod:cwc_blue_rn" x="97" y="3" z="98"/>
<DrawBlock type="cwcmod:cwc_orange_rn" x="103" y="3" z="98"/>
<DrawBlock type="cwcmod:cwc_green_rn" x="97" y="3" z="99"/>
<DrawBlock type="cwcmod:cwc_red_rn" x="103" y="3" z="99"/>
<DrawBlock type="cwcmod:cwc_purple_rn" x="97" y="3" z="100"/>
<DrawBlock type="cwcmod:cwc_yellow_rn" x="103" y="3" z="100"/>
<DrawBlock type="cwcmod:cwc_blue_rn" x="97" y="3" z="101"/>
<DrawBlock type="cwcmod:cwc_orange_rn" x="103" y="3" z="101"/>
<DrawBlock type="cwcmod:cwc_blue_rn" x="97" y="4" z="98"/>
<DrawBlock type="cwcmod:cwc_orange_rn" x="103" y="4" z="98"/>
<DrawBlock type="cwcmod:cwc_purple_rn" x="97" y="4" z="99"/>
<DrawBlock type="cwcmod:cwc_yellow_rn" x="103" y="4" z="99"/>
<DrawBlock type="cwcmod:cwc_purple_rn" x="97" y="4" z="100"/>
<DrawBlock type="cwcmod:cwc_yellow_rn" x="103" y="4" z="100"/>
<DrawBlock type="cwcmod:cwc_blue_rn" x="97" y="4" z="101"/>
<DrawBlock type="cwcmod:cwc_orange_rn" x="103" y="4" z="101"/>
<DrawBlock type="cwcmod:cwc_blue_rn" x="97" y="5" z="98"/>
<DrawBlock type="cwcmod:cwc_orange_rn" x="103" y="5" z="98"/>
<DrawBlock type="cwcmod:cwc_purple_rn" x="97" y="5" z="99"/>
<DrawBlock type="cwcmod:cwc_yellow_rn" x="103" y="5" z="99"/>
<DrawBlock type="cwcmod:cwc_green_rn" x="97" y="5" z="100"/>
<DrawBlock type="cwcmod:cwc_red_rn" x="103" y="5" z="100"/>
<DrawBlock type="cwcmod:cwc_blue_rn" x="97" y="5" z="101"/>
<DrawBlock type="cwcmod:cwc_orange_rn" x="103" y="5" z="101"/>
<DrawBlock type="cwcmod:cwc_blue_rn" x="97" y="6" z="98"/>
<DrawBlock type="cwcmod:cwc_orange_rn" x="103" y="6" z="98"/>
<DrawBlock type="cwcmod:cwc_purple_rn" x="97" y="6" z="99"/>
<DrawBlock type="cwcmod:cwc_yellow_rn" x="103" y="6" z="99"/>
<DrawBlock type="cwcmod:cwc_purple_rn" x="97" y="6" z="100"/>
<DrawBlock type="cwcmod:cwc_yellow_rn" x="103" y="6" z="100"/>
<DrawBlock type="cwcmod:cwc_blue_rn" x="97" y="6" z="101"/>
<DrawBlock type="cwcmod:cwc_orange_rn" x="103" y="6" z="101"/>
<DrawBlock type="cwcmod:cwc_green_rn" x="97" y="7" z="98"/>
<DrawBlock type="cwcmod:cwc_red_rn" x="103" y="7" z="98"/>
<DrawBlock type="cwcmod:cwc_green_rn" x="97" y="7" z="99"/>
<DrawBlock type="cwcmod:cwc_red_rn" x="103" y="7" z="99"/>
<DrawBlock type="cwcmod:cwc_green_rn" x="97" y="7" z="100"/>
<DrawBlock type="cwcmod:cwc_red_rn" x="103" y="7" z="100"/>
<DrawBlock type="cwcmod:cwc_green_rn" x="97" y="7" z="101"/>
<DrawBlock type="cwcmod:cwc_red_rn" x="103" y="7" z="101"/>
