<DrawBlock type="cwcmod:cwc_green_rn" x="100" y="1" z="97"/>
<DrawBlock type="cwcmod:cwc_green_rn" x="99" y="1" z="98"/>
<DrawBlock type="cwcmod:cwc_green_rn" x="100" y="1" z="98"/>
<DrawBlock type="cwcmod:cwc_green_rn" x="101" y="1" z="98"/>
<DrawBlock type="cwcmod:cwc_green_rn" x="98" y="1" z="99"/>
<DrawBlock type="cwcmod:cwc_green_rn" x="100" y="1" z="99"/>
<DrawBlock type="cwcmod:cwc_green_rn" x="102" y="1" z="99"/>
<DrawBlock type="cwcmod:cwc_green_rn" x="100" y="1" z="100"/>
<DrawBlock type="cwcmod:cwc_orange_rn" x="99" y="1" z="101"/>
<DrawBlock type="cwcmod:cwc_yellow_rn" x="100" y="1" z="101"/>
<DrawBlock type="cwcmod:cwc_orange_rn" x="101" y="1" z="101"/>
<DrawBlock type="cwcmod:cwc_yellow_rn" x="99" y="1" z="102"/>
<DrawBlock type="cwcmod:cwc_red_rn" x="100" y="1" z="102"/>
<DrawBlock type="cwcmod:cwc_yellow_rn" x="101" y="1" z="102"/>
<DrawBlock type="cwcmod:cwc_orange_rn" x="99" y="1" z="103"/>
<DrawBlock type="cwcmod:cwc_yellow_rn" x="100" y="1" z="103"/>
<DrawBlock type="cwcmod:cwc_orange_rn" x="101" y="1" z="103"/>
