<DrawBlock type="cwcmod:cwc_blue_rn" x="97" y="1" z="98"/>
<DrawBlock type="cwcmod:cwc_blue_rn" x="98" y="1" z="98"/>
<DrawBlock type="cwcmod:cwc_green_rn" x="103" y="1" z="98"/>
<DrawBlock type="cwcmod:cwc_green_rn" x="104" y="1" z="98"/>
<DrawBlock type="cwcmod:cwc_green_rn" x="105" y="1" z="98"/>
<DrawBlock type="cwcmod:cwc_blue_rn" x="97" y="1" z="99"/>
<DrawBlock type="cwcmod:cwc_purple_rn" x="100" y="1" z="99"/>
<DrawBlock type="cwcmod:cwc_purple_rn" x="101" y="1" z="99"/>
<DrawBlock type="cwcmod:cwc_green_rn" x="105" y="1" z="99"/>
<DrawBlock type="cwcmod:cwc_blue_rn" x="97" y="1" z="100"/>
<DrawBlock type="cwcmod:cwc_blue_rn" x="98" y="1" z="100"/>
<DrawBlock type="cwcmod:cwc_green_rn" x="105" y="1" z="100"/>
<DrawBlock type="cwcmod:cwc_blue_rn" x="98" y="1" z="101"/>
<DrawBlock type="cwcmod:cwc_purple_rn" x="100" y="1" z="101"/>
<DrawBlock type="cwcmod:cwc_purple_rn" x="101" y="1" z="101"/>
<DrawBlock type="cwcmod:cwc_green_rn" x="105" y="1" z="101"/>
<DrawBlock type="cwcmod:cwc_blue_rn" x="97" y="1" z="102"/>
<DrawBlock type="cwcmod:cwc_blue_rn" x="98" y="1" z="102"/>
<DrawBlock type="cwcmod:cwc_green_rn" x="105" y="1" z="102"/>
