<DrawBlock type="cwcmod:cwc_blue_rn" x="99" y="1" z="97"/>
<DrawBlock type="cwcmod:cwc_blue_rn" x="100" y="1" z="97"/>
<DrawBlock type="cwcmod:cwc_blue_rn" x="101" y="1" z="97"/>
<DrawBlock type="cwcmod:cwc_green_rn" x="98" y="1" z="98"/>
<DrawBlock type="cwcmod:cwc_green_rn" x="99" y="1" z="98"/>
<DrawBlock type="cwcmod:cwc_green_rn" x="100" y="1" z="98"/>
<DrawBlock type="cwcmod:cwc_blue_rn" x="101" y="1" z="98"/>
<DrawBlock type="cwcmod:cwc_green_rn" x="98" y="1" z="99"/>
<DrawBlock type="cwcmod:cwc_blue_rn" x="99" y="1" z="99"/>
<DrawBlock type="cwcmod:cwc_blue_rn" x="100" y="1" z="99"/>
<DrawBlock type="cwcmod:cwc_blue_rn" x="101" y="1" z="99"/>
<DrawBlock type="cwcmod:cwc_green_rn" x="98" y="1" z="100"/>
<DrawBlock type="cwcmod:cwc_green_rn" x="99" y="1" z="100"/>
<DrawBlock type="cwcmod:cwc_green_rn" x="100" y="1" z="100"/>
