<DrawBlock type="cwcmod:cwc_minecraft_green_rn" x="98" y="1" z="97"/>
<DrawBlock type="cwcmod:cwc_minecraft_green_rn" x="99" y="1" z="97"/>
<DrawBlock type="cwcmod:cwc_minecraft_blue_rn" x="100" y="1" z="98"/>
<DrawBlock type="cwcmod:cwc_minecraft_green_rn" x="98" y="2" z="97"/>
<DrawBlock type="cwcmod:cwc_minecraft_blue_rn" x="100" y="2" z="98"/>
<DrawBlock type="cwcmod:cwc_minecraft_green_rn" x="98" y="3" z="97"/>
<DrawBlock type="cwcmod:cwc_minecraft_green_rn" x="99" y="3" z="97"/>
<DrawBlock type="cwcmod:cwc_minecraft_blue_rn" x="100" y="3" z="97"/>
<DrawBlock type="cwcmod:cwc_minecraft_blue_rn" x="100" y="3" z="98"/>
<DrawBlock type="cwcmod:cwc_minecraft_blue_rn" x="100" y="3" z="99"/>
<DrawBlock type="cwcmod:cwc_minecraft_blue_rn" x="100" y="3" z="100"/>
<DrawBlock type="cwcmod:cwc_minecraft_green_rn" x="99" y="4" z="97"/>
<DrawBlock type="cwcmod:cwc_minecraft_green_rn" x="100" y="4" z="97"/>
<DrawBlock type="cwcmod:cwc_minecraft_blue_rn" x="100" y="4" z="98"/>
<DrawBlock type="cwcmod:cwc_minecraft_blue_rn" x="100" y="4" z="100"/>
<DrawBlock type="cwcmod:cwc_minecraft_blue_rn" x="100" y="5" z="98"/>
<DrawBlock type="cwcmod:cwc_minecraft_blue_rn" x="100" y="5" z="100"/>
