<DrawBlock type="cwcmod:cwc_minecraft_red_rn" x="97" y="1" z="98"/>
<DrawBlock type="cwcmod:cwc_minecraft_red_rn" x="101" y="1" z="98"/>
<DrawBlock type="cwcmod:cwc_minecraft_red_rn" x="97" y="1" z="102"/>
<DrawBlock type="cwcmod:cwc_minecraft_red_rn" x="101" y="1" z="102"/>
<DrawBlock type="cwcmod:cwc_minecraft_red_rn" x="97" y="2" z="98"/>
<DrawBlock type="cwcmod:cwc_minecraft_red_rn" x="101" y="2" z="98"/>
<DrawBlock type="cwcmod:cwc_minecraft_red_rn" x="97" y="2" z="102"/>
<DrawBlock type="cwcmod:cwc_minecraft_red_rn" x="101" y="2" z="102"/>
<DrawBlock type="cwcmod:cwc_minecraft_red_rn" x="97" y="3" z="98"/>
<DrawBlock type="cwcmod:cwc_minecraft_red_rn" x="101" y="3" z="98"/>
<DrawBlock type="cwcmod:cwc_minecraft_orange_rn" x="97" y="3" z="102"/>
<DrawBlock type="cwcmod:cwc_minecraft_green_rn" x="98" y="3" z="102"/>
<DrawBlock type="cwcmod:cwc_minecraft_green_rn" x="99" y="3" z="102"/>
<DrawBlock type="cwcmod:cwc_minecraft_green_rn" x="100" y="3" z="102"/>
<DrawBlock type="cwcmod:cwc_minecraft_orange_rn" x="101" y="3" z="102"/>
<DrawBlock type="cwcmod:cwc_minecraft_orange_rn" x="97" y="4" z="98"/>
<DrawBlock type="cwcmod:cwc_minecraft_yellow_rn" x="98" y="4" z="98"/>
<DrawBlock type="cwcmod:cwc_minecraft_yellow_rn" x="99" y="4" z="98"/>
<DrawBlock type="cwcmod:cwc_minecraft_yellow_rn" x="100" y="4" z="98"/>
<DrawBlock type="cwcmod:cwc_minecraft_orange_rn" x="101" y="4" z="98"/>
