<DrawBlock type="cwcmod:cwc_minecraft_red_rn" x="100" y="1" z="100"/>
<DrawBlock type="cwcmod:cwc_minecraft_red_rn" x="100" y="2" z="100"/>
<DrawBlock type="cwcmod:cwc_minecraft_red_rn" x="100" y="3" z="100"/>
<DrawBlock type="cwcmod:cwc_minecraft_red_rn" x="100" y="4" z="100"/>
<DrawBlock type="cwcmod:cwc_minecraft_red_rn" x="99" y="5" z="100"/>
<DrawBlock type="cwcmod:cwc_minecraft_red_rn" x="100" y="5" z="100"/>
<DrawBlock type="cwcmod:cwc_minecraft_red_rn" x="101" y="5" z="100"/>
<DrawBlock type="cwcmod:cwc_minecraft_red_rn" x="98" y="6" z="100"/>
<DrawBlock type="cwcmod:cwc_minecraft_red_rn" x="99" y="6" z="100"/>
<DrawBlock type="cwcmod:cwc_minecraft_red_rn" x="100" y="6" z="100"/>
<DrawBlock type="cwcmod:cwc_minecraft_red_rn" x="101" y="6" z="100"/>
<DrawBlock type="cwcmod:cwc_minecraft_red_rn" x="102" y="6" z="100"/>
<DrawBlock type="cwcmod:cwc_minecraft_orange_rn" x="99" y="7" z="100"/>
<DrawBlock type="cwcmod:cwc_minecraft_orange_rn" x="100" y="7" z="100"/>
<DrawBlock type="cwcmod:cwc_minecraft_orange_rn" x="101" y="7" z="100"/>
<DrawBlock type="cwcmod:cwc_minecraft_orange_rn" x="99" y="8" z="100"/>
<DrawBlock type="cwcmod:cwc_minecraft_orange_rn" x="100" y="8" z="100"/>
<DrawBlock type="cwcmod:cwc_minecraft_orange_rn" x="99" y="9" z="100"/>
