<DrawBlock type="cwcmod:cwc_minecraft_green_rn" x="103" y="1" z="99"/>
<DrawBlock type="cwcmod:cwc_minecraft_green_rn" x="104" y="1" z="99"/>
<DrawBlock type="cwcmod:cwc_minecraft_green_rn" x="105" y="1" z="99"/>
<DrawBlock type="cwcmod:cwc_minecraft_purple_rn" x="96" y="2" z="99"/>
<DrawBlock type="cwcmod:cwc_minecraft_purple_rn" x="98" y="2" z="99"/>
<DrawBlock type="cwcmod:cwc_minecraft_yellow_rn" x="100" y="2" z="99"/>
<DrawBlock type="cwcmod:cwc_minecraft_yellow_rn" x="101" y="2" z="99"/>
<DrawBlock type="cwcmod:cwc_minecraft_green_rn" x="105" y="2" z="99"/>
<DrawBlock type="cwcmod:cwc_minecraft_purple_rn" x="97" y="3" z="99"/>
<DrawBlock type="cwcmod:cwc_minecraft_green_rn" x="103" y="3" z="99"/>
<DrawBlock type="cwcmod:cwc_minecraft_green_rn" x="104" y="3" z="99"/>
<DrawBlock type="cwcmod:cwc_minecraft_green_rn" x="105" y="3" z="99"/>
<DrawBlock type="cwcmod:cwc_minecraft_purple_rn" x="96" y="4" z="99"/>
<DrawBlock type="cwcmod:cwc_minecraft_purple_rn" x="98" y="4" z="99"/>
<DrawBlock type="cwcmod:cwc_minecraft_yellow_rn" x="100" y="4" z="99"/>
<DrawBlock type="cwcmod:cwc_minecraft_yellow_rn" x="101" y="4" z="99"/>
<DrawBlock type="cwcmod:cwc_minecraft_green_rn" x="103" y="4" z="99"/>
<DrawBlock type="cwcmod:cwc_minecraft_green_rn" x="105" y="4" z="99"/>
