<DrawBlock type="cwcmod:cwc_minecraft_orange_rn" x="103" y="1" z="97"/>
<DrawBlock type="cwcmod:cwc_minecraft_red_rn" x="98" y="1" z="101"/>
<DrawBlock type="cwcmod:cwc_minecraft_orange_rn" x="103" y="1" z="101"/>
<DrawBlock type="cwcmod:cwc_minecraft_purple_rn" x="100" y="1" z="103"/>
<DrawBlock type="cwcmod:cwc_minecraft_orange_rn" x="102" y="2" z="98"/>
<DrawBlock type="cwcmod:cwc_minecraft_orange_rn" x="103" y="2" z="98"/>
<DrawBlock type="cwcmod:cwc_minecraft_green_rn" x="101" y="2" z="99"/>
<DrawBlock type="cwcmod:cwc_minecraft_orange_rn" x="102" y="2" z="99"/>
<DrawBlock type="cwcmod:cwc_minecraft_orange_rn" x="102" y="2" z="100"/>
<DrawBlock type="cwcmod:cwc_minecraft_orange_rn" x="103" y="2" z="100"/>
<DrawBlock type="cwcmod:cwc_minecraft_red_rn" x="98" y="2" z="102"/>
<DrawBlock type="cwcmod:cwc_minecraft_purple_rn" x="100" y="2" z="102"/>
<DrawBlock type="cwcmod:cwc_minecraft_green_rn" x="100" y="3" z="99"/>
<DrawBlock type="cwcmod:cwc_minecraft_green_rn" x="99" y="4" z="99"/>
