<DrawBlock type="cwcmod:cwc_minecraft_orange_rn" x="100" y="1" z="99"/>
<DrawBlock type="cwcmod:cwc_minecraft_orange_rn" x="102" y="1" z="99"/>
<DrawBlock type="cwcmod:cwc_minecraft_orange_rn" x="100" y="1" z="101"/>
<DrawBlock type="cwcmod:cwc_minecraft_orange_rn" x="102" y="1" z="101"/>
<DrawBlock type="cwcmod:cwc_minecraft_red_rn" x="100" y="2" z="99"/>
<DrawBlock type="cwcmod:cwc_minecraft_red_rn" x="101" y="2" z="99"/>
<DrawBlock type="cwcmod:cwc_minecraft_red_rn" x="102" y="2" z="99"/>
<DrawBlock type="cwcmod:cwc_minecraft_red_rn" x="100" y="2" z="100"/>
<DrawBlock type="cwcmod:cwc_minecraft_red_rn" x="102" y="2" z="100"/>
<DrawBlock type="cwcmod:cwc_minecraft_red_rn" x="100" y="2" z="101"/>
<DrawBlock type="cwcmod:cwc_minecraft_red_rn" x="101" y="2" z="101"/>
<DrawBlock type="cwcmod:cwc_minecraft_red_rn" x="102" y="2" z="101"/>
