<DrawBlock type="cwcmod:cwc_minecraft_orange_rn" x="103" y="1" z="100"/>
<DrawBlock type="cwcmod:cwc_minecraft_orange_rn" x="104" y="1" z="100"/>
<DrawBlock type="cwcmod:cwc_minecraft_orange_rn" x="99" y="2" z="100"/>
<DrawBlock type="cwcmod:cwc_minecraft_orange_rn" x="102" y="2" z="100"/>
<DrawBlock type="cwcmod:cwc_minecraft_orange_rn" x="103" y="2" z="100"/>
<DrawBlock type="cwcmod:cwc_minecraft_orange_rn" x="97" y="3" z="100"/>
<DrawBlock type="cwcmod:cwc_minecraft_orange_rn" x="101" y="3" z="100"/>
<DrawBlock type="cwcmod:cwc_minecraft_orange_rn" x="102" y="3" z="100"/>
<DrawBlock type="cwcmod:cwc_minecraft_orange_rn" x="97" y="5" z="100"/>
<DrawBlock type="cwcmod:cwc_minecraft_orange_rn" x="99" y="6" z="100"/>
