<DrawBlock type="cwcmod:cwc_minecraft_blue_rn" x="103" y="2" z="99"/>
<DrawBlock type="cwcmod:cwc_minecraft_blue_rn" x="99" y="2" z="100"/>
<DrawBlock type="cwcmod:cwc_minecraft_orange_rn" x="99" y="2" z="103"/>
<DrawBlock type="cwcmod:cwc_minecraft_orange_rn" x="100" y="2" z="103"/>
<DrawBlock type="cwcmod:cwc_minecraft_orange_rn" x="101" y="2" z="103"/>
<DrawBlock type="cwcmod:cwc_minecraft_blue_rn" x="102" y="3" z="99"/>
<DrawBlock type="cwcmod:cwc_minecraft_blue_rn" x="103" y="3" z="99"/>
<DrawBlock type="cwcmod:cwc_minecraft_blue_rn" x="98" y="3" z="100"/>
<DrawBlock type="cwcmod:cwc_minecraft_blue_rn" x="99" y="3" z="100"/>
<DrawBlock type="cwcmod:cwc_minecraft_orange_rn" x="99" y="3" z="103"/>
<DrawBlock type="cwcmod:cwc_minecraft_orange_rn" x="100" y="3" z="103"/>
<DrawBlock type="cwcmod:cwc_minecraft_orange_rn" x="101" y="3" z="103"/>
<DrawBlock type="cwcmod:cwc_minecraft_blue_rn" x="101" y="4" z="99"/>
<DrawBlock type="cwcmod:cwc_minecraft_blue_rn" x="102" y="4" z="99"/>
<DrawBlock type="cwcmod:cwc_minecraft_blue_rn" x="97" y="4" z="100"/>
<DrawBlock type="cwcmod:cwc_minecraft_blue_rn" x="98" y="4" z="100"/>
<DrawBlock type="cwcmod:cwc_minecraft_orange_rn" x="99" y="4" z="103"/>
<DrawBlock type="cwcmod:cwc_minecraft_orange_rn" x="100" y="4" z="103"/>
<DrawBlock type="cwcmod:cwc_minecraft_orange_rn" x="101" y="4" z="103"/>
