<DrawBlock type="cwcmod:cwc_minecraft_red_rn" x="99" y="1" z="97"/>
<DrawBlock type="cwcmod:cwc_minecraft_red_rn" x="100" y="1" z="97"/>
<DrawBlock type="cwcmod:cwc_minecraft_red_rn" x="99" y="1" z="98"/>
<DrawBlock type="cwcmod:cwc_minecraft_red_rn" x="100" y="1" z="98"/>
<DrawBlock type="cwcmod:cwc_minecraft_orange_rn" x="98" y="2" z="96"/>
<DrawBlock type="cwcmod:cwc_minecraft_orange_rn" x="99" y="2" z="96"/>
<DrawBlock type="cwcmod:cwc_minecraft_orange_rn" x="100" y="2" z="96"/>
<DrawBlock type="cwcmod:cwc_minecraft_orange_rn" x="101" y="2" z="96"/>
<DrawBlock type="cwcmod:cwc_minecraft_orange_rn" x="98" y="2" z="97"/>
<DrawBlock type="cwcmod:cwc_minecraft_orange_rn" x="101" y="2" z="97"/>
<DrawBlock type="cwcmod:cwc_minecraft_orange_rn" x="98" y="2" z="98"/>
<DrawBlock type="cwcmod:cwc_minecraft_orange_rn" x="101" y="2" z="98"/>
<DrawBlock type="cwcmod:cwc_minecraft_orange_rn" x="98" y="2" z="99"/>
<DrawBlock type="cwcmod:cwc_minecraft_orange_rn" x="99" y="2" z="99"/>
<DrawBlock type="cwcmod:cwc_minecraft_orange_rn" x="100" y="2" z="99"/>
<DrawBlock type="cwcmod:cwc_minecraft_orange_rn" x="101" y="2" z="99"/>
<DrawBlock type="cwcmod:cwc_minecraft_purple_rn" x="99" y="4" z="97"/>
<DrawBlock type="cwcmod:cwc_minecraft_purple_rn" x="100" y="4" z="97"/>
<DrawBlock type="cwcmod:cwc_minecraft_purple_rn" x="99" y="4" z="98"/>
<DrawBlock type="cwcmod:cwc_minecraft_purple_rn" x="100" y="4" z="98"/>
<DrawBlock type="cwcmod:cwc_minecraft_purple_rn" x="98" y="6" z="96"/>
<DrawBlock type="cwcmod:cwc_minecraft_purple_rn" x="97" y="6" z="97"/>
<DrawBlock type="cwcmod:cwc_minecraft_purple_rn" x="98" y="6" z="97"/>
<DrawBlock type="cwcmod:cwc_minecraft_purple_rn" x="99" y="6" z="97"/>
<DrawBlock type="cwcmod:cwc_minecraft_purple_rn" x="98" y="6" z="98"/>
<DrawBlock type="cwcmod:cwc_minecraft_purple_rn" x="98" y="7" z="97"/>
