<DrawBlock type="cwcmod:cwc_minecraft_green_rn" x="95" y="1" z="95"/>
<DrawBlock type="cwcmod:cwc_minecraft_green_rn" x="96" y="1" z="95"/>
<DrawBlock type="cwcmod:cwc_minecraft_purple_rn" x="104" y="1" z="95"/>
<DrawBlock type="cwcmod:cwc_minecraft_purple_rn" x="105" y="1" z="95"/>
<DrawBlock type="cwcmod:cwc_minecraft_green_rn" x="95" y="1" z="96"/>
<DrawBlock type="cwcmod:cwc_minecraft_purple_rn" x="105" y="1" z="96"/>
<DrawBlock type="cwcmod:cwc_minecraft_yellow_rn" x="95" y="1" z="104"/>
<DrawBlock type="cwcmod:cwc_minecraft_red_rn" x="105" y="1" z="104"/>
<DrawBlock type="cwcmod:cwc_minecraft_yellow_rn" x="95" y="1" z="105"/>
<DrawBlock type="cwcmod:cwc_minecraft_yellow_rn" x="96" y="1" z="105"/>
<DrawBlock type="cwcmod:cwc_minecraft_red_rn" x="104" y="1" z="105"/>
<DrawBlock type="cwcmod:cwc_minecraft_red_rn" x="105" y="1" z="105"/>
<DrawBlock type="cwcmod:cwc_minecraft_green_rn" x="95" y="2" z="95"/>
<DrawBlock type="cwcmod:cwc_minecraft_purple_rn" x="105" y="2" z="95"/>
<DrawBlock type="cwcmod:cwc_minecraft_yellow_rn" x="95" y="2" z="105"/>
<DrawBlock type="cwcmod:cwc_minecraft_red_rn" x="105" y="2" z="105"/>
