{"WorldStates": [{"BuilderPosition": {"Y": 1.0, "X": 0.0, "Yaw": 0.0, "Z": 0.0, "Pitch": 0.0}, "ChatHistory": ["<Builder> Mission has started."], "Timestamp": "2018-04-13 21:04:02", "BlocksInGrid": [], "ScreenshotPath": "0-Builder-chat.png", "BuilderInventory": [{"Index": 0, "Type": "cwc_minecraft_red_rn", "Quantity": 20}, {"Index": 1, "Type": "cwc_minecraft_orange_rn", "Quantity": 20}, {"Index": 2, "Type": "cwc_minecraft_yellow_rn", "Quantity": 20}, {"Index": 3, "Type": "cwc_minecraft_green_rn", "Quantity": 20}, {"Index": 4, "Type": "cwc_minecraft_blue_rn", "Quantity": 20}, {"Index": 5, "Type": "cwc_minecraft_purple_rn", "Quantity": 20}]}, {"BuilderPosition": {"Y": 1.0, "X": 0.0, "Yaw": 0.0, "Z": 0.0, "Pitch": 0.0}, "ChatHistory": ["<Builder> Mission has started.", "<Architect> Back to basics, this one looks easy"], "Timestamp": "2018-04-13 21:04:16", "BlocksInGrid": [], "ScreenshotPath": "14214-Builder-chat.png", "BuilderInventory": [{"Index": 0, "Type": "cwc_minecraft_red_rn", "Quantity": 20}, {"Index": 1, "Type": "cwc_minecraft_orange_rn", "Quantity": 20}, {"Index": 2, "Type": "cwc_minecraft_yellow_rn", "Quantity": 20}, {"Index": 3, "Type": "cwc_minecraft_green_rn", "Quantity": 20}, {"Index": 4, "Type": "cwc_minecraft_blue_rn", "Quantity": 20}, {"Index": 5, "Type": "cwc_minecraft_purple_rn", "Quantity": 20}]}, {"BuilderPosition": {"Y": 1.0, "X": 0.0, "Yaw": 0.0, "Z": 0.0, "Pitch": 0.0}, "BuilderInventory": [{"Index": 0, "Type": "cwc_minecraft_red_rn", "Quantity": 20}, {"Index": 1, "Type": "cwc_minecraft_orange_rn", "Quantity": 20}, {"Index": 2, "Type": "cwc_minecraft_yellow_rn", "Quantity": 20}, {"Index": 3, "Type": "cwc_minecraft_green_rn", "Quantity": 20}, {"Index": 4, "Type": "cwc_minecraft_blue_rn", "Quantity": 20}, {"Index": 5, "Type": "cwc_minecraft_purple_rn", "Quantity": 20}], "ChatHistory": ["<Builder> Mission has started.", "<Architect> Back to basics, this one looks easy", "<Builder> nice"], "Timestamp": "2018-04-13 21:04:21", "BlocksInGrid": [], "ScreenshotPath": "19228-Builder-chat.png"}, {"BuilderPosition": {"Y": 3.1165013679281377, "X": 0.22246042817622175, "Yaw": -1.3500003, "Z": -6.541091028565285, "Pitch": 31.799978}, "BuilderInventory": [{"Index": 0, "Type": "cwc_minecraft_red_rn", "Quantity": 20}, {"Index": 1, "Type": "cwc_minecraft_orange_rn", "Quantity": 20}, {"Index": 2, "Type": "cwc_minecraft_yellow_rn", "Quantity": 20}, {"Index": 3, "Type": "cwc_minecraft_green_rn", "Quantity": 20}, {"Index": 4, "Type": "cwc_minecraft_blue_rn", "Quantity": 20}, {"Index": 5, "Type": "cwc_minecraft_purple_rn", "Quantity": 20}], "ChatHistory": ["<Builder> Mission has started.", "<Architect> Back to basics, this one looks easy", "<Builder> nice", "<Architect> In the middle, build a tower of red blocks three high"], "Timestamp": "2018-04-13 21:04:30", "BlocksInGrid": [], "ScreenshotPath": "28427-Builder-chat.png"}, {"BuilderPosition": {"Y": 3.1165013679281377, "X": 0.12355765668618102, "Yaw": -10.95, "Z": -0.8820838412700113, "Pitch": 82.649994}, "ChatHistory": ["<Builder> Mission has started.", "<Architect> Back to basics, this one looks easy", "<Builder> nice", "<Architect> In the middle, build a tower of red blocks three high"], "Timestamp": "2018-04-13 21:04:34", "BlocksInGrid": [{"PerspectiveCoordinates": {"Y": -0.255860510322, "X": 0.0, "Z": 1.983566333466}, "AbsoluteCoordinates": {"Y": 1, "X": 0, "Z": -1}, "Type": "cwc_minecraft_red_rn"}], "ScreenshotPath": "32378-Builder-putdown.png", "BuilderInventory": [{"Index": 0, "Type": "cwc_minecraft_red_rn", "Quantity": 19}, {"Index": 1, "Type": "cwc_minecraft_orange_rn", "Quantity": 20}, {"Index": 2, "Type": "cwc_minecraft_yellow_rn", "Quantity": 20}, {"Index": 3, "Type": "cwc_minecraft_green_rn", "Quantity": 20}, {"Index": 4, "Type": "cwc_minecraft_blue_rn", "Quantity": 20}, {"Index": 5, "Type": "cwc_minecraft_purple_rn", "Quantity": 20}]}, {"BuilderPosition": {"Y": 3.1165013679281377, "X": 0.0761776278163481, "Yaw": -11.849999, "Z": -0.6847048226356873, "Pitch": 81.59999}, "ChatHistory": ["<Builder> Mission has started.", "<Architect> Back to basics, this one looks easy", "<Builder> nice", "<Architect> In the middle, build a tower of red blocks three high"], "Timestamp": "2018-04-13 21:04:35", "BlocksInGrid": [{"PerspectiveCoordinates": {"Y": -0.292166402446, "X": 0.0, "Z": 1.978544614934}, "AbsoluteCoordinates": {"Y": 1, "X": 0, "Z": -1}, "Type": "cwc_minecraft_red_rn"}, {"PerspectiveCoordinates": {"Y": -0.146083201223, "X": 0.0, "Z": 0.989272307467}, "AbsoluteCoordinates": {"Y": 2, "X": 0, "Z": -1}, "Type": "cwc_minecraft_red_rn"}], "ScreenshotPath": "32827-Builder-putdown.png", "BuilderInventory": [{"Index": 0, "Type": "cwc_minecraft_red_rn", "Quantity": 18}, {"Index": 1, "Type": "cwc_minecraft_orange_rn", "Quantity": 20}, {"Index": 2, "Type": "cwc_minecraft_yellow_rn", "Quantity": 20}, {"Index": 3, "Type": "cwc_minecraft_green_rn", "Quantity": 20}, {"Index": 4, "Type": "cwc_minecraft_blue_rn", "Quantity": 20}, {"Index": 5, "Type": "cwc_minecraft_purple_rn", "Quantity": 20}]}, {"BuilderPosition": {"Y": 3.1165013679281377, "X": -0.2950081064500969, "Yaw": -30.449997, "Z": -1.697133729469545, "Pitch": 51.74999}, "ChatHistory": ["<Builder> Mission has started.", "<Architect> Back to basics, this one looks easy", "<Builder> nice", "<Architect> In the middle, build a tower of red blocks three high"], "Timestamp": "2018-04-13 21:04:36", "BlocksInGrid": [{"PerspectiveCoordinates": {"Y": -0.16320097221610894, "X": 0.3552855582390001, "Z": 2.418085526768298}, "AbsoluteCoordinates": {"Y": 1, "X": 0, "Z": -1}, "Type": "cwc_minecraft_red_rn"}, {"PerspectiveCoordinates": {"Y": 0.4558931141568911, "X": 0.3552855582390001, "Z": 1.632768703940298}, "AbsoluteCoordinates": {"Y": 2, "X": 0, "Z": -1}, "Type": "cwc_minecraft_red_rn"}, {"PerspectiveCoordinates": {"Y": 1.074987200529891, "X": 0.3552855582390001, "Z": 0.8474518811122981}, "AbsoluteCoordinates": {"Y": 3, "X": 0, "Z": -1}, "Type": "cwc_minecraft_red_rn"}], "ScreenshotPath": "33829-Builder-putdown.png", "BuilderInventory": [{"Index": 0, "Type": "cwc_minecraft_red_rn", "Quantity": 17}, {"Index": 1, "Type": "cwc_minecraft_orange_rn", "Quantity": 20}, {"Index": 2, "Type": "cwc_minecraft_yellow_rn", "Quantity": 20}, {"Index": 3, "Type": "cwc_minecraft_green_rn", "Quantity": 20}, {"Index": 4, "Type": "cwc_minecraft_blue_rn", "Quantity": 20}, {"Index": 5, "Type": "cwc_minecraft_purple_rn", "Quantity": 20}]}, {"BuilderPosition": {"Y": 3.1165013679281377, "X": -0.010613002009991296, "Yaw": -3.8999968, "Z": -3.5326218873274637, "Pitch": 34.95}, "ChatHistory": ["<Builder> Mission has started.", "<Architect> Back to basics, this one looks easy", "<Builder> nice", "<Architect> In the middle, build a tower of red blocks three high", "<Architect> To the right of the bottom block, place another red block so it makes an 'L' shape"], "Timestamp": "2018-04-13 21:04:51", "BlocksInGrid": [{"PerspectiveCoordinates": {"Y": 0.11426312050734722, "X": 0.793638577802, "Z": 3.6547341554645225}, "AbsoluteCoordinates": {"Y": 1, "X": 0, "Z": -1}, "Type": "cwc_minecraft_red_rn"}, {"PerspectiveCoordinates": {"Y": 0.9339153926893472, "X": 0.793638577802, "Z": 3.0818727824365224}, "AbsoluteCoordinates": {"Y": 2, "X": 0, "Z": -1}, "Type": "cwc_minecraft_red_rn"}, {"PerspectiveCoordinates": {"Y": 1.7535676648713472, "X": 0.793638577802, "Z": 2.5090114094085223}, "AbsoluteCoordinates": {"Y": 3, "X": 0, "Z": -1}, "Type": "cwc_minecraft_red_rn"}], "ScreenshotPath": "48674-Builder-chat.png", "BuilderInventory": [{"Index": 0, "Type": "cwc_minecraft_red_rn", "Quantity": 17}, {"Index": 1, "Type": "cwc_minecraft_orange_rn", "Quantity": 20}, {"Index": 2, "Type": "cwc_minecraft_yellow_rn", "Quantity": 20}, {"Index": 3, "Type": "cwc_minecraft_green_rn", "Quantity": 20}, {"Index": 4, "Type": "cwc_minecraft_blue_rn", "Quantity": 20}, {"Index": 5, "Type": "cwc_minecraft_purple_rn", "Quantity": 20}]}, {"BuilderPosition": {"Y": 3.1165013679281377, "X": -0.5954967218847462, "Yaw": -2.2499952, "Z": -2.5193482687523736, "Pitch": 62.250065}, "ChatHistory": ["<Builder> Mission has started.", "<Architect> Back to basics, this one looks easy", "<Builder> nice", "<Architect> In the middle, build a tower of red blocks three high", "<Architect> To the right of the bottom block, place another red block so it makes an 'L' shape"], "Timestamp": "2018-04-13 21:04:56", "BlocksInGrid": [{"PerspectiveCoordinates": {"Y": 0.8373847169096781, "X": -0.0785194640958, "Z": 2.7004854248152115}, "AbsoluteCoordinates": {"Y": 1, "X": -1, "Z": -1}, "Type": "cwc_minecraft_red_rn"}, {"PerspectiveCoordinates": {"Y": 0.8721291151600336, "X": 0.9207095754342, "Z": 2.7187652867045218}, "AbsoluteCoordinates": {"Y": 1, "X": 0, "Z": -1}, "Type": "cwc_minecraft_red_rn"}, {"PerspectiveCoordinates": {"Y": 1.3377426314980336, "X": 0.9207095754342, "Z": 1.8337771210195217}, "AbsoluteCoordinates": {"Y": 2, "X": 0, "Z": -1}, "Type": "cwc_minecraft_red_rn"}, {"PerspectiveCoordinates": {"Y": 1.8033561478360336, "X": 0.9207095754342, "Z": 0.9487889553345217}, "AbsoluteCoordinates": {"Y": 3, "X": 0, "Z": -1}, "Type": "cwc_minecraft_red_rn"}], "ScreenshotPath": "53973-Builder-putdown.png", "BuilderInventory": [{"Index": 0, "Type": "cwc_minecraft_red_rn", "Quantity": 16}, {"Index": 1, "Type": "cwc_minecraft_orange_rn", "Quantity": 20}, {"Index": 2, "Type": "cwc_minecraft_yellow_rn", "Quantity": 20}, {"Index": 3, "Type": "cwc_minecraft_green_rn", "Quantity": 20}, {"Index": 4, "Type": "cwc_minecraft_blue_rn", "Quantity": 20}, {"Index": 5, "Type": "cwc_minecraft_purple_rn", "Quantity": 20}]}, {"BuilderPosition": {"Y": 3.1165013679281377, "X": -0.13803983801036132, "Yaw": 0.7500049, "Z": -3.8226841977281936, "Pitch": 35.55005}, "ChatHistory": ["<Builder> Mission has started.", "<Architect> Back to basics, this one looks easy", "<Builder> nice", "<Architect> In the middle, build a tower of red blocks three high", "<Architect> To the right of the bottom block, place another red block so it makes an 'L' shape", "<Architect> Nice. Behind that red block, build a tower of yellow blocks three high"], "Timestamp": "2018-04-13 21:05:07", "BlocksInGrid": [{"PerspectiveCoordinates": {"Y": 0.11687636336868212, "X": 0.0392690432556, "Z": 3.603442500990075}, "AbsoluteCoordinates": {"Y": 1, "X": -1, "Z": -1}, "Type": "cwc_minecraft_red_rn"}, {"PerspectiveCoordinates": {"Y": 0.10926584091343744, "X": 1.0391833697106, "Z": 3.592792632499312}, "AbsoluteCoordinates": {"Y": 1, "X": 0, "Z": -1}, "Type": "cwc_minecraft_red_rn"}, {"PerspectiveCoordinates": {"Y": 0.9228737830354375, "X": 1.0391833697106, "Z": 3.011378738172312}, "AbsoluteCoordinates": {"Y": 2, "X": 0, "Z": -1}, "Type": "cwc_minecraft_red_rn"}, {"PerspectiveCoordinates": {"Y": 1.7364817251574376, "X": 1.0391833697106, "Z": 2.429964843845312}, "AbsoluteCoordinates": {"Y": 3, "X": 0, "Z": -1}, "Type": "cwc_minecraft_red_rn"}], "ScreenshotPath": "64972-Builder-chat.png", "BuilderInventory": [{"Index": 0, "Type": "cwc_minecraft_red_rn", "Quantity": 16}, {"Index": 1, "Type": "cwc_minecraft_orange_rn", "Quantity": 20}, {"Index": 2, "Type": "cwc_minecraft_yellow_rn", "Quantity": 20}, {"Index": 3, "Type": "cwc_minecraft_green_rn", "Quantity": 20}, {"Index": 4, "Type": "cwc_minecraft_blue_rn", "Quantity": 20}, {"Index": 5, "Type": "cwc_minecraft_purple_rn", "Quantity": 20}]}, {"BuilderPosition": {"Y": 3.1165013679281377, "X": -0.13803983801036132, "Yaw": 0.7500049, "Z": -3.8226841977281936, "Pitch": 35.55005}, "ChatHistory": ["<Builder> Mission has started.", "<Architect> Back to basics, this one looks easy", "<Builder> nice", "<Architect> In the middle, build a tower of red blocks three high", "<Architect> To the right of the bottom block, place another red block so it makes an 'L' shape", "<Architect> Nice. Behind that red block, build a tower of yellow blocks three high", "<Builder> I think we are getting the hang of this"], "Timestamp": "2018-04-13 21:05:11", "BlocksInGrid": [{"PerspectiveCoordinates": {"Y": 0.11687636336868212, "X": 0.0392690432556, "Z": 3.603442500990075}, "AbsoluteCoordinates": {"Y": 1, "X": -1, "Z": -1}, "Type": "cwc_minecraft_red_rn"}, {"PerspectiveCoordinates": {"Y": 0.10926584091343744, "X": 1.0391833697106, "Z": 3.592792632499312}, "AbsoluteCoordinates": {"Y": 1, "X": 0, "Z": -1}, "Type": "cwc_minecraft_red_rn"}, {"PerspectiveCoordinates": {"Y": 0.9228737830354375, "X": 1.0391833697106, "Z": 3.011378738172312}, "AbsoluteCoordinates": {"Y": 2, "X": 0, "Z": -1}, "Type": "cwc_minecraft_red_rn"}, {"PerspectiveCoordinates": {"Y": 1.7364817251574376, "X": 1.0391833697106, "Z": 2.429964843845312}, "AbsoluteCoordinates": {"Y": 3, "X": 0, "Z": -1}, "Type": "cwc_minecraft_red_rn"}], "ScreenshotPath": "69171-Builder-chat.png", "BuilderInventory": [{"Index": 0, "Type": "cwc_minecraft_red_rn", "Quantity": 16}, {"Index": 1, "Type": "cwc_minecraft_orange_rn", "Quantity": 20}, {"Index": 2, "Type": "cwc_minecraft_yellow_rn", "Quantity": 20}, {"Index": 3, "Type": "cwc_minecraft_green_rn", "Quantity": 20}, {"Index": 4, "Type": "cwc_minecraft_blue_rn", "Quantity": 20}, {"Index": 5, "Type": "cwc_minecraft_purple_rn", "Quantity": 20}]}, {"BuilderPosition": {"Y": 3.1165013679281377, "X": -1.557516223747915, "Yaw": -39.749996, "Z": -0.15237532779338203, "Pitch": 70.800064}, "ChatHistory": ["<Builder> Mission has started.", "<Architect> Back to basics, this one looks easy", "<Builder> nice", "<Architect> In the middle, build a tower of red blocks three high", "<Architect> To the right of the bottom block, place another red block so it makes an 'L' shape", "<Architect> Nice. Behind that red block, build a tower of yellow blocks three high", "<Builder> I think we are getting the hang of this"], "Timestamp": "2018-04-13 21:05:16", "BlocksInGrid": [{"PerspectiveCoordinates": {"Y": -0.05385991583558, "X": 0.768841876715, "Z": 2.0990429433606597}, "AbsoluteCoordinates": {"Y": 1, "X": -1, "Z": -1}, "Type": "cwc_minecraft_red_rn"}, {"PerspectiveCoordinates": {"Y": 0.55001135204884, "X": 1.53768375343, "Z": 2.3093324115533194}, "AbsoluteCoordinates": {"Y": 1, "X": 0, "Z": -1}, "Type": "cwc_minecraft_red_rn"}, {"PerspectiveCoordinates": {"Y": 0.6722164674144917, "X": 0.12940292841, "Z": 2.3518885821932916}, "AbsoluteCoordinates": {"Y": 1, "X": -1, "Z": 0}, "Type": "cwc_minecraft_yellow_rn"}, {"PerspectiveCoordinates": {"Y": 0.87887694390884, "X": 1.53768375343, "Z": 1.3649556739693196}, "AbsoluteCoordinates": {"Y": 2, "X": 0, "Z": -1}, "Type": "cwc_minecraft_red_rn"}, {"PerspectiveCoordinates": {"Y": 1.2077425357688398, "X": 1.53768375343, "Z": 0.4205789363853195}, "AbsoluteCoordinates": {"Y": 3, "X": 0, "Z": -1}, "Type": "cwc_minecraft_red_rn"}], "ScreenshotPath": "74620-Builder-putdown.png", "BuilderInventory": [{"Index": 0, "Type": "cwc_minecraft_red_rn", "Quantity": 16}, {"Index": 1, "Type": "cwc_minecraft_orange_rn", "Quantity": 20}, {"Index": 2, "Type": "cwc_minecraft_yellow_rn", "Quantity": 19}, {"Index": 3, "Type": "cwc_minecraft_green_rn", "Quantity": 20}, {"Index": 4, "Type": "cwc_minecraft_blue_rn", "Quantity": 20}, {"Index": 5, "Type": "cwc_minecraft_purple_rn", "Quantity": 20}]}, {"BuilderPosition": {"Y": 3.1165013679281377, "X": -1.7999106549575434, "Yaw": -72.9, "Z": 0.3491666944384303, "Pitch": 63.000057}, "ChatHistory": ["<Builder> Mission has started.", "<Architect> Back to basics, this one looks easy", "<Builder> nice", "<Architect> In the middle, build a tower of red blocks three high", "<Architect> To the right of the bottom block, place another red block so it makes an 'L' shape", "<Architect> Nice. Behind that red block, build a tower of yellow blocks three high", "<Builder> I think we are getting the hang of this"], "Timestamp": "2018-04-13 21:05:17", "BlocksInGrid": [{"PerspectiveCoordinates": {"Y": -0.3183529639831208, "X": 1.2498333400300001, "Z": 2.082442799327479}, "AbsoluteCoordinates": {"Y": 1, "X": -1, "Z": -1}, "Type": "cwc_minecraft_red_rn"}, {"PerspectiveCoordinates": {"Y": 0.5332652796562626, "X": 1.5438736652620002, "Z": 2.5163629005410497}, "AbsoluteCoordinates": {"Y": 1, "X": 0, "Z": -1}, "Type": "cwc_minecraft_red_rn"}, {"PerspectiveCoordinates": {"Y": -0.05636098302461657, "X": 0.294040325232, "Z": 2.2159340528835707}, "AbsoluteCoordinates": {"Y": 1, "X": -1, "Z": 0}, "Type": "cwc_minecraft_yellow_rn"}, {"PerspectiveCoordinates": {"Y": 0.9872548929882626, "X": 1.5438736652620002, "Z": 1.6253559247060498}, "AbsoluteCoordinates": {"Y": 2, "X": 0, "Z": -1}, "Type": "cwc_minecraft_red_rn"}, {"PerspectiveCoordinates": {"Y": 0.39762863030738343, "X": 0.294040325232, "Z": 1.3249270770485706}, "AbsoluteCoordinates": {"Y": 2, "X": -1, "Z": 0}, "Type": "cwc_minecraft_yellow_rn"}, {"PerspectiveCoordinates": {"Y": 1.4412445063202626, "X": 1.5438736652620002, "Z": 0.73434894887105}, "AbsoluteCoordinates": {"Y": 3, "X": 0, "Z": -1}, "Type": "cwc_minecraft_red_rn"}], "ScreenshotPath": "75386-Builder-putdown.png", "BuilderInventory": [{"Index": 0, "Type": "cwc_minecraft_red_rn", "Quantity": 16}, {"Index": 1, "Type": "cwc_minecraft_orange_rn", "Quantity": 20}, {"Index": 2, "Type": "cwc_minecraft_yellow_rn", "Quantity": 18}, {"Index": 3, "Type": "cwc_minecraft_green_rn", "Quantity": 20}, {"Index": 4, "Type": "cwc_minecraft_blue_rn", "Quantity": 20}, {"Index": 5, "Type": "cwc_minecraft_purple_rn", "Quantity": 20}]}, {"BuilderPosition": {"Y": 3.1165013679281377, "X": -1.8444251880753417, "Yaw": -80.85002, "Z": 0.44127239524678535, "Pitch": 50.40005}, "BuilderInventory": [{"Index": 0, "Type": "cwc_minecraft_red_rn", "Quantity": 16}, {"Index": 1, "Type": "cwc_minecraft_orange_rn", "Quantity": 20}, {"Index": 2, "Type": "cwc_minecraft_yellow_rn", "Quantity": 17}, {"Index": 3, "Type": "cwc_minecraft_green_rn", "Quantity": 20}, {"Index": 4, "Type": "cwc_minecraft_blue_rn", "Quantity": 20}, {"Index": 5, "Type": "cwc_minecraft_purple_rn", "Quantity": 20}], "ChatHistory": ["<Builder> Mission has started.", "<Architect> Back to basics, this one looks easy", "<Builder> nice", "<Architect> In the middle, build a tower of red blocks three high", "<Architect> To the right of the bottom block, place another red block so it makes an 'L' shape", "<Architect> Nice. Behind that red block, build a tower of yellow blocks three high", "<Builder> I think we are getting the hang of this"], "Timestamp": "2018-04-13 21:05:18", "BlocksInGrid": [{"PerspectiveCoordinates": {"Y": -0.6366638620624793, "X": 1.146294810746, "Z": 2.0689773642075586}, "AbsoluteCoordinates": {"Y": 1, "X": -1, "Z": -1}, "Type": "cwc_minecraft_red_rn"}, {"PerspectiveCoordinates": {"Y": 0.12404550897513829, "X": 1.305314154145, "Z": 2.698289767741168}, "AbsoluteCoordinates": {"Y": 1, "X": 0, "Z": -1}, "Type": "cwc_minecraft_red_rn"}, {"PerspectiveCoordinates": {"Y": -0.5141372636603826, "X": 0.159019343399, "Z": 2.1703400015996093}, "AbsoluteCoordinates": {"Y": 1, "X": -1, "Z": 0}, "Type": "cwc_minecraft_yellow_rn"}, {"PerspectiveCoordinates": {"Y": 0.7614688263241384, "X": 1.305314154145, "Z": 1.927775968708168}, "AbsoluteCoordinates": {"Y": 2, "X": 0, "Z": -1}, "Type": "cwc_minecraft_red_rn"}, {"PerspectiveCoordinates": {"Y": 0.12328605368861746, "X": 0.159019343399, "Z": 1.399826202566609}, "AbsoluteCoordinates": {"Y": 2, "X": -1, "Z": 0}, "Type": "cwc_minecraft_yellow_rn"}, {"PerspectiveCoordinates": {"Y": 1.3988921436731383, "X": 1.305314154145, "Z": 1.157262169675168}, "AbsoluteCoordinates": {"Y": 3, "X": 0, "Z": -1}, "Type": "cwc_minecraft_red_rn"}, {"PerspectiveCoordinates": {"Y": 0.7607093710376175, "X": 0.159019343399, "Z": 0.6293124035336091}, "AbsoluteCoordinates": {"Y": 3, "X": -1, "Z": 0}, "Type": "cwc_minecraft_yellow_rn"}], "ScreenshotPath": "76036-Builder-putdown.png"}, {"BuilderPosition": {"Y": 3.1165013679281377, "X": -2.2703852732187233, "Yaw": -26.850025, "Z": -2.3770630809875084, "Pitch": 37.800068}, "BuilderInventory": [{"Index": 0, "Type": "cwc_minecraft_red_rn", "Quantity": 16}, {"Index": 1, "Type": "cwc_minecraft_orange_rn", "Quantity": 20}, {"Index": 2, "Type": "cwc_minecraft_yellow_rn", "Quantity": 17}, {"Index": 3, "Type": "cwc_minecraft_green_rn", "Quantity": 20}, {"Index": 4, "Type": "cwc_minecraft_blue_rn", "Quantity": 20}, {"Index": 5, "Type": "cwc_minecraft_purple_rn", "Quantity": 20}], "ChatHistory": ["<Builder> Mission has started.", "<Architect> Back to basics, this one looks easy", "<Builder> nice", "<Architect> In the middle, build a tower of red blocks three high", "<Architect> To the right of the bottom block, place another red block so it makes an 'L' shape", "<Architect> Nice. Behind that red block, build a tower of yellow blocks three high", "<Builder> I think we are getting the hang of this", "<Architect> Most definitely, this is running very smoothly"], "Timestamp": "2018-04-13 21:05:20", "BlocksInGrid": [{"PerspectiveCoordinates": {"Y": 0.06700240352530491, "X": 0.881070260814, "Z": 3.3495112887438423}, "AbsoluteCoordinates": {"Y": 1, "X": -1, "Z": -1}, "Type": "cwc_minecraft_red_rn"}, {"PerspectiveCoordinates": {"Y": 0.3438263959222384, "X": 1.773262077492, "Z": 3.7063897547326112}, "AbsoluteCoordinates": {"Y": 1, "X": 0, "Z": -1}, "Type": "cwc_minecraft_red_rn"}, {"PerspectiveCoordinates": {"Y": 0.613833897853024, "X": 0.429413574543, "Z": 4.054480475699996}, "AbsoluteCoordinates": {"Y": 1, "X": -1, "Z": 0}, "Type": "cwc_minecraft_yellow_rn"}, {"PerspectiveCoordinates": {"Y": 1.1339806808842385, "X": 1.773262077492, "Z": 3.093481763305611}, "AbsoluteCoordinates": {"Y": 2, "X": 0, "Z": -1}, "Type": "cwc_minecraft_red_rn"}, {"PerspectiveCoordinates": {"Y": 1.403988182815024, "X": 0.429413574543, "Z": 3.4415724842729953}, "AbsoluteCoordinates": {"Y": 2, "X": -1, "Z": 0}, "Type": "cwc_minecraft_yellow_rn"}, {"PerspectiveCoordinates": {"Y": 1.9241349658462386, "X": 1.773262077492, "Z": 2.480573771878611}, "AbsoluteCoordinates": {"Y": 3, "X": 0, "Z": -1}, "Type": "cwc_minecraft_red_rn"}, {"PerspectiveCoordinates": {"Y": 2.194142467777024, "X": 0.429413574543, "Z": 2.8286644928459954}, "AbsoluteCoordinates": {"Y": 3, "X": -1, "Z": 0}, "Type": "cwc_minecraft_yellow_rn"}], "ScreenshotPath": "78887-Builder-chat.png"}, {"BuilderPosition": {"Y": 2.372547955966086, "X": -1.5555604822377949, "Yaw": -7.3500447, "Z": -1.4753333174674506, "Pitch": 58.350082}, "BuilderInventory": [{"Index": 0, "Type": "cwc_minecraft_red_rn", "Quantity": 16}, {"Index": 1, "Type": "cwc_minecraft_orange_rn", "Quantity": 20}, {"Index": 2, "Type": "cwc_minecraft_yellow_rn", "Quantity": 17}, {"Index": 3, "Type": "cwc_minecraft_green_rn", "Quantity": 20}, {"Index": 4, "Type": "cwc_minecraft_blue_rn", "Quantity": 20}, {"Index": 5, "Type": "cwc_minecraft_purple_rn", "Quantity": 20}], "ChatHistory": ["<Builder> Mission has started.", "<Architect> Back to basics, this one looks easy", "<Builder> nice", "<Architect> In the middle, build a tower of red blocks three high", "<Architect> To the right of the bottom block, place another red block so it makes an 'L' shape", "<Architect> Nice. Behind that red block, build a tower of yellow blocks three high", "<Builder> I think we are getting the hang of this", "<Architect> Most definitely, this is running very smoothly", "<Architect> Now look so the yellow is in front of the red"], "Timestamp": "2018-04-13 21:05:32", "BlocksInGrid": [{"PerspectiveCoordinates": {"Y": 0.42845128984347525, "X": 0.86385215527, "Z": 1.4388151187918932}, "AbsoluteCoordinates": {"Y": 1, "X": -1, "Z": -1}, "Type": "cwc_minecraft_red_rn"}, {"PerspectiveCoordinates": {"Y": 0.5373550608095934, "X": 1.855635235593, "Z": 1.505944026531089}, "AbsoluteCoordinates": {"Y": 1, "X": 0, "Z": -1}, "Type": "cwc_minecraft_red_rn"}, {"PerspectiveCoordinates": {"Y": 1.2727265687318323, "X": 0.735921230217, "Z": 1.9592312329465906}, "AbsoluteCoordinates": {"Y": 1, "X": -1, "Z": 0}, "Type": "cwc_minecraft_yellow_rn"}, {"PerspectiveCoordinates": {"Y": 1.0620828208205935, "X": 1.855635235593, "Z": 0.6546739296330891}, "AbsoluteCoordinates": {"Y": 2, "X": 0, "Z": -1}, "Type": "cwc_minecraft_red_rn"}, {"PerspectiveCoordinates": {"Y": 1.7974543287428324, "X": 0.735921230217, "Z": 1.1079611360485906}, "AbsoluteCoordinates": {"Y": 2, "X": -1, "Z": 0}, "Type": "cwc_minecraft_yellow_rn"}, {"PerspectiveCoordinates": {"Y": 1.5868105808315933, "X": 1.855635235593, "Z": -0.19659616726491094}, "AbsoluteCoordinates": {"Y": 3, "X": 0, "Z": -1}, "Type": "cwc_minecraft_red_rn"}, {"PerspectiveCoordinates": {"Y": 2.3221820887538325, "X": 0.735921230217, "Z": 0.2566910391505906}, "AbsoluteCoordinates": {"Y": 3, "X": -1, "Z": 0}, "Type": "cwc_minecraft_yellow_rn"}], "ScreenshotPath": "90886-Builder-chat.png"}, {"BuilderPosition": {"Y": 2.372547955966086, "X": 0.49939787873739006, "Yaw": -179.9999, "Z": 4.142820055960076, "Pitch": 23.250084}, "BuilderInventory": [{"Index": 0, "Type": "cwc_minecraft_red_rn", "Quantity": 16}, {"Index": 1, "Type": "cwc_minecraft_orange_rn", "Quantity": 20}, {"Index": 2, "Type": "cwc_minecraft_yellow_rn", "Quantity": 17}, {"Index": 3, "Type": "cwc_minecraft_green_rn", "Quantity": 20}, {"Index": 4, "Type": "cwc_minecraft_blue_rn", "Quantity": 20}, {"Index": 5, "Type": "cwc_minecraft_purple_rn", "Quantity": 20}], "ChatHistory": ["<Builder> Mission has started.", "<Architect> Back to basics, this one looks easy", "<Builder> nice", "<Architect> In the middle, build a tower of red blocks three high", "<Architect> To the right of the bottom block, place another red block so it makes an 'L' shape", "<Architect> Nice. Behind that red block, build a tower of yellow blocks three high", "<Builder> I think we are getting the hang of this", "<Architect> Most definitely, this is running very smoothly", "<Architect> Now look so the yellow is in front of the red", "<Architect> Make an upside-down 'L' out of yellow"], "Timestamp": "2018-04-13 21:05:54", "BlocksInGrid": [{"PerspectiveCoordinates": {"Y": 1.054934696622702, "X": 1.0000087266442597, "Z": 4.988696756915647}, "AbsoluteCoordinates": {"Y": 1, "X": -1, "Z": -1}, "Type": "cwc_minecraft_red_rn"}, {"PerspectiveCoordinates": {"Y": 1.0549353855830526, "X": 8.72664625955e-06, "Z": 4.988698360507812}, "AbsoluteCoordinates": {"Y": 1, "X": 0, "Z": -1}, "Type": "cwc_minecraft_red_rn"}, {"PerspectiveCoordinates": {"Y": 0.6601894932214916, "X": 1.0000069813150076, "Z": 4.069906125494485}, "AbsoluteCoordinates": {"Y": 1, "X": -1, "Z": 0}, "Type": "cwc_minecraft_yellow_rn"}, {"PerspectiveCoordinates": {"Y": 1.9737260170060524, "X": 8.72664625955e-06, "Z": 4.593953157105812}, "AbsoluteCoordinates": {"Y": 2, "X": 0, "Z": -1}, "Type": "cwc_minecraft_red_rn"}, {"PerspectiveCoordinates": {"Y": 1.5789801246444914, "X": 1.0000069813150076, "Z": 3.6751609220924846}, "AbsoluteCoordinates": {"Y": 2, "X": -1, "Z": 0}, "Type": "cwc_minecraft_yellow_rn"}, {"PerspectiveCoordinates": {"Y": 2.8925166484290523, "X": 8.72664625955e-06, "Z": 4.199207953703812}, "AbsoluteCoordinates": {"Y": 3, "X": 0, "Z": -1}, "Type": "cwc_minecraft_red_rn"}, {"PerspectiveCoordinates": {"Y": 2.4977707560674913, "X": 1.0000069813150076, "Z": 3.2804157186904845}, "AbsoluteCoordinates": {"Y": 3, "X": -1, "Z": 0}, "Type": "cwc_minecraft_yellow_rn"}], "ScreenshotPath": "112431-Builder-chat.png"}, {"BuilderPosition": {"Y": 2.372547955966086, "X": -0.061401631998005954, "Yaw": -178.3499, "Z": 3.7924948424891545, "Pitch": 16.200096}, "BuilderInventory": [{"Index": 0, "Type": "cwc_minecraft_red_rn", "Quantity": 16}, {"Index": 1, "Type": "cwc_minecraft_orange_rn", "Quantity": 20}, {"Index": 2, "Type": "cwc_minecraft_yellow_rn", "Quantity": 17}, {"Index": 3, "Type": "cwc_minecraft_green_rn", "Quantity": 20}, {"Index": 4, "Type": "cwc_minecraft_blue_rn", "Quantity": 20}, {"Index": 5, "Type": "cwc_minecraft_purple_rn", "Quantity": 20}], "ChatHistory": ["<Builder> Mission has started.", "<Architect> Back to basics, this one looks easy", "<Builder> nice", "<Architect> In the middle, build a tower of red blocks three high", "<Architect> To the right of the bottom block, place another red block so it makes an 'L' shape", "<Architect> Nice. Behind that red block, build a tower of yellow blocks three high", "<Builder> I think we are getting the hang of this", "<Architect> Most definitely, this is running very smoothly", "<Architect> Now look so the yellow is in front of the red", "<Architect> Make an upside-down 'L' out of yellow", "<Builder> so do I put one on the left or the right?"], "Timestamp": "2018-04-13 21:06:08", "BlocksInGrid": [{"PerspectiveCoordinates": {"Y": 0.15521486878348414, "X": 0.1151827878952, "Z": 4.118572722422731}, "AbsoluteCoordinates": {"Y": 1, "X": -1, "Z": -1}, "Type": "cwc_minecraft_red_rn"}, {"PerspectiveCoordinates": {"Y": 0.1632486584632706, "X": -0.8844025300418, "Z": 4.146225034940647}, "AbsoluteCoordinates": {"Y": 1, "X": 0, "Z": -1}, "Type": "cwc_minecraft_red_rn"}, {"PerspectiveCoordinates": {"Y": -0.12366215296788688, "X": 0.08638709092140001, "Z": 3.1586777205735483}, "AbsoluteCoordinates": {"Y": 1, "X": -1, "Z": 0}, "Type": "cwc_minecraft_yellow_rn"}, {"PerspectiveCoordinates": {"Y": 1.1235418766852705, "X": -0.8844025300418, "Z": 3.867232319914647}, "AbsoluteCoordinates": {"Y": 2, "X": 0, "Z": -1}, "Type": "cwc_minecraft_red_rn"}, {"PerspectiveCoordinates": {"Y": 0.8366310652541131, "X": 0.08638709092140001, "Z": 2.8796850055475485}, "AbsoluteCoordinates": {"Y": 2, "X": -1, "Z": 0}, "Type": "cwc_minecraft_yellow_rn"}, {"PerspectiveCoordinates": {"Y": 2.0838350949072706, "X": -0.8844025300418, "Z": 3.5882396048886473}, "AbsoluteCoordinates": {"Y": 3, "X": 0, "Z": -1}, "Type": "cwc_minecraft_red_rn"}, {"PerspectiveCoordinates": {"Y": 1.796924283476113, "X": 0.08638709092140001, "Z": 2.600692290521548}, "AbsoluteCoordinates": {"Y": 3, "X": -1, "Z": 0}, "Type": "cwc_minecraft_yellow_rn"}], "ScreenshotPath": "126328-Builder-chat.png"}, {"BuilderPosition": {"Y": 2.372547955966086, "X": 0.49633481507558025, "Yaw": -188.99965, "Z": 3.3268387528858914, "Pitch": 12.000098}, "ChatHistory": ["<Builder> Mission has started.", "<Architect> Back to basics, this one looks easy", "<Builder> nice", "<Architect> In the middle, build a tower of red blocks three high", "<Architect> To the right of the bottom block, place another red block so it makes an 'L' shape", "<Architect> Nice. Behind that red block, build a tower of yellow blocks three high", "<Builder> I think we are getting the hang of this", "<Architect> Most definitely, this is running very smoothly", "<Architect> Now look so the yellow is in front of the red", "<Architect> Make an upside-down 'L' out of yellow", "<Builder> so do I put one on the left or the right?", "<Architect> Sorry, on the right. It will connect to the red block"], "Timestamp": "2018-04-13 21:06:20", "BlocksInGrid": [{"PerspectiveCoordinates": {"Y": -0.12420846761863537, "X": 0.36197556980800005, "Z": 4.225345659639622}, "AbsoluteCoordinates": {"Y": 1, "X": -1, "Z": -1}, "Type": "cwc_minecraft_red_rn"}, {"PerspectiveCoordinates": {"Y": -0.15673202903494918, "X": -0.625713726372, "Z": 4.072335620219112}, "AbsoluteCoordinates": {"Y": 1, "X": 0, "Z": -1}, "Type": "cwc_minecraft_red_rn"}, {"PerspectiveCoordinates": {"Y": -0.3295622716388981, "X": 0.5184040014010001, "Z": 3.259240095550594}, "AbsoluteCoordinates": {"Y": 1, "X": -1, "Z": 0}, "Type": "cwc_minecraft_yellow_rn"}, {"PerspectiveCoordinates": {"Y": 0.8214152160810508, "X": -0.625713726372, "Z": 3.864422256356112}, "AbsoluteCoordinates": {"Y": 2, "X": 0, "Z": -1}, "Type": "cwc_minecraft_red_rn"}, {"PerspectiveCoordinates": {"Y": 0.648584973477102, "X": 0.5184040014010001, "Z": 3.0513267316875936}, "AbsoluteCoordinates": {"Y": 2, "X": -1, "Z": 0}, "Type": "cwc_minecraft_yellow_rn"}, {"PerspectiveCoordinates": {"Y": 1.7995624611970509, "X": -0.625713726372, "Z": 3.656508892493112}, "AbsoluteCoordinates": {"Y": 3, "X": 0, "Z": -1}, "Type": "cwc_minecraft_red_rn"}, {"PerspectiveCoordinates": {"Y": 1.626732218593102, "X": 0.5184040014010001, "Z": 2.8434133678245934}, "AbsoluteCoordinates": {"Y": 3, "X": -1, "Z": 0}, "Type": "cwc_minecraft_yellow_rn"}], "ScreenshotPath": "138376-Builder-chat.png", "BuilderInventory": [{"Index": 0, "Type": "cwc_minecraft_red_rn", "Quantity": 16}, {"Index": 1, "Type": "cwc_minecraft_orange_rn", "Quantity": 20}, {"Index": 2, "Type": "cwc_minecraft_yellow_rn", "Quantity": 17}, {"Index": 3, "Type": "cwc_minecraft_green_rn", "Quantity": 20}, {"Index": 4, "Type": "cwc_minecraft_blue_rn", "Quantity": 20}, {"Index": 5, "Type": "cwc_minecraft_purple_rn", "Quantity": 20}]}, {"BuilderPosition": {"Y": 2.372547955966086, "X": 0.49633481507558025, "Yaw": -188.99965, "Z": 3.3268387528858914, "Pitch": 12.000098}, "ChatHistory": ["<Builder> Mission has started.", "<Architect> Back to basics, this one looks easy", "<Builder> nice", "<Architect> In the middle, build a tower of red blocks three high", "<Architect> To the right of the bottom block, place another red block so it makes an 'L' shape", "<Architect> Nice. Behind that red block, build a tower of yellow blocks three high", "<Builder> I think we are getting the hang of this", "<Architect> Most definitely, this is running very smoothly", "<Architect> Now look so the yellow is in front of the red", "<Architect> Make an upside-down 'L' out of yellow", "<Builder> so do I put one on the left or the right?", "<Architect> Sorry, on the right. It will connect to the red block"], "Timestamp": "2018-04-13 21:06:22", "BlocksInGrid": [{"PerspectiveCoordinates": {"Y": -0.12420846761863537, "X": 0.36197556980800005, "Z": 4.225345659639622}, "AbsoluteCoordinates": {"Y": 1, "X": -1, "Z": -1}, "Type": "cwc_minecraft_red_rn"}, {"PerspectiveCoordinates": {"Y": -0.15673202903494918, "X": -0.625713726372, "Z": 4.072335620219112}, "AbsoluteCoordinates": {"Y": 1, "X": 0, "Z": -1}, "Type": "cwc_minecraft_red_rn"}, {"PerspectiveCoordinates": {"Y": -0.3295622716388981, "X": 0.5184040014010001, "Z": 3.259240095550594}, "AbsoluteCoordinates": {"Y": 1, "X": -1, "Z": 0}, "Type": "cwc_minecraft_yellow_rn"}, {"PerspectiveCoordinates": {"Y": 0.8214152160810508, "X": -0.625713726372, "Z": 3.864422256356112}, "AbsoluteCoordinates": {"Y": 2, "X": 0, "Z": -1}, "Type": "cwc_minecraft_red_rn"}, {"PerspectiveCoordinates": {"Y": 0.648584973477102, "X": 0.5184040014010001, "Z": 3.0513267316875936}, "AbsoluteCoordinates": {"Y": 2, "X": -1, "Z": 0}, "Type": "cwc_minecraft_yellow_rn"}, {"PerspectiveCoordinates": {"Y": 1.7995624611970509, "X": -0.625713726372, "Z": 3.656508892493112}, "AbsoluteCoordinates": {"Y": 3, "X": 0, "Z": -1}, "Type": "cwc_minecraft_red_rn"}, {"PerspectiveCoordinates": {"Y": 1.626732218593102, "X": 0.5184040014010001, "Z": 2.8434133678245934}, "AbsoluteCoordinates": {"Y": 3, "X": -1, "Z": 0}, "Type": "cwc_minecraft_yellow_rn"}, {"PerspectiveCoordinates": {"Y": 1.5942086571767882, "X": -0.46928529477899994, "Z": 2.690403328404084}, "AbsoluteCoordinates": {"Y": 3, "X": 0, "Z": 0}, "Type": "cwc_minecraft_yellow_rn"}], "ScreenshotPath": "139927-Builder-putdown.png", "BuilderInventory": [{"Index": 0, "Type": "cwc_minecraft_red_rn", "Quantity": 16}, {"Index": 1, "Type": "cwc_minecraft_orange_rn", "Quantity": 20}, {"Index": 2, "Type": "cwc_minecraft_yellow_rn", "Quantity": 16}, {"Index": 3, "Type": "cwc_minecraft_green_rn", "Quantity": 20}, {"Index": 4, "Type": "cwc_minecraft_blue_rn", "Quantity": 20}, {"Index": 5, "Type": "cwc_minecraft_purple_rn", "Quantity": 20}]}, {"BuilderPosition": {"Y": 2.372547955966086, "X": 1.302718764721178, "Yaw": -184.19962, "Z": 6.20996457663129, "Pitch": 11.1001}, "ChatHistory": ["<Builder> Mission has started.", "<Architect> Back to basics, this one looks easy", "<Builder> nice", "<Architect> In the middle, build a tower of red blocks three high", "<Architect> To the right of the bottom block, place another red block so it makes an 'L' shape", "<Architect> Nice. Behind that red block, build a tower of yellow blocks three high", "<Builder> I think we are getting the hang of this", "<Architect> Most definitely, this is running very smoothly", "<Architect> Now look so the yellow is in front of the red", "<Architect> Make an upside-down 'L' out of yellow", "<Builder> so do I put one on the left or the right?", "<Architect> Sorry, on the right. It will connect to the red block", "<Architect> Great, let me just double check"], "Timestamp": "2018-04-13 21:06:28", "BlocksInGrid": [{"PerspectiveCoordinates": {"Y": 0.39095252141706766, "X": 1.4820088470726998, "Z": 7.186849511661783}, "AbsoluteCoordinates": {"Y": 1, "X": -1, "Z": -1}, "Type": "cwc_minecraft_red_rn"}, {"PerspectiveCoordinates": {"Y": 0.3768537076844462, "X": 0.4846938841356999, "Z": 7.114987921406495}, "AbsoluteCoordinates": {"Y": 1, "X": 0, "Z": -1}, "Type": "cwc_minecraft_red_rn"}, {"PerspectiveCoordinates": {"Y": 0.19894577542723557, "X": 1.5552404297585998, "Z": 6.208191989955038}, "AbsoluteCoordinates": {"Y": 1, "X": -1, "Z": 0}, "Type": "cwc_minecraft_yellow_rn"}, {"PerspectiveCoordinates": {"Y": 1.358146035661446, "X": 0.4846938841356999, "Z": 6.922464242202495}, "AbsoluteCoordinates": {"Y": 2, "X": 0, "Z": -1}, "Type": "cwc_minecraft_red_rn"}, {"PerspectiveCoordinates": {"Y": 1.1802381034042355, "X": 1.5552404297585998, "Z": 6.015668310751039}, "AbsoluteCoordinates": {"Y": 2, "X": -1, "Z": 0}, "Type": "cwc_minecraft_yellow_rn"}, {"PerspectiveCoordinates": {"Y": 2.339438363638446, "X": 0.4846938841356999, "Z": 6.729940562998495}, "AbsoluteCoordinates": {"Y": 3, "X": 0, "Z": -1}, "Type": "cwc_minecraft_red_rn"}, {"PerspectiveCoordinates": {"Y": 2.1615304313812356, "X": 1.5552404297585998, "Z": 5.823144631547039}, "AbsoluteCoordinates": {"Y": 3, "X": -1, "Z": 0}, "Type": "cwc_minecraft_yellow_rn"}, {"PerspectiveCoordinates": {"Y": 2.147431617648614, "X": 0.5579254668215999, "Z": 5.751283041291751}, "AbsoluteCoordinates": {"Y": 3, "X": 0, "Z": 0}, "Type": "cwc_minecraft_yellow_rn"}], "ScreenshotPath": "146626-Builder-chat.png", "BuilderInventory": [{"Index": 0, "Type": "cwc_minecraft_red_rn", "Quantity": 16}, {"Index": 1, "Type": "cwc_minecraft_orange_rn", "Quantity": 20}, {"Index": 2, "Type": "cwc_minecraft_yellow_rn", "Quantity": 16}, {"Index": 3, "Type": "cwc_minecraft_green_rn", "Quantity": 20}, {"Index": 4, "Type": "cwc_minecraft_blue_rn", "Quantity": 20}, {"Index": 5, "Type": "cwc_minecraft_purple_rn", "Quantity": 20}]}, {"BuilderPosition": {"Y": 2.372547955966086, "X": -3.107983248529404, "Yaw": 201.45016, "Z": 5.650109940672468, "Pitch": 12.3001}, "BuilderInventory": [{"Index": 0, "Type": "cwc_minecraft_red_rn", "Quantity": 16}, {"Index": 1, "Type": "cwc_minecraft_orange_rn", "Quantity": 20}, {"Index": 2, "Type": "cwc_minecraft_yellow_rn", "Quantity": 16}, {"Index": 3, "Type": "cwc_minecraft_green_rn", "Quantity": 20}, {"Index": 4, "Type": "cwc_minecraft_blue_rn", "Quantity": 20}, {"Index": 5, "Type": "cwc_minecraft_purple_rn", "Quantity": 20}], "ChatHistory": ["<Builder> Mission has started.", "<Architect> Back to basics, this one looks easy", "<Builder> nice", "<Architect> In the middle, build a tower of red blocks three high", "<Architect> To the right of the bottom block, place another red block so it makes an 'L' shape", "<Architect> Nice. Behind that red block, build a tower of yellow blocks three high", "<Builder> I think we are getting the hang of this", "<Architect> Most definitely, this is running very smoothly", "<Architect> Now look so the yellow is in front of the red", "<Architect> Make an upside-down 'L' out of yellow", "<Builder> so do I put one on the left or the right?", "<Architect> Sorry, on the right. It will connect to the red block", "<Architect> Great, let me just double check", "<Architect> Cool, looks all good to me"], "Timestamp": "2018-04-13 21:07:08", "BlocksInGrid": [{"PerspectiveCoordinates": {"Y": 0.4463268811725962, "X": -0.5980576120680001, "Z": 6.741151193068661}, "AbsoluteCoordinates": {"Y": 1, "X": -1, "Z": -1}, "Type": "cwc_minecraft_red_rn"}, {"PerspectiveCoordinates": {"Y": 0.5242309582310545, "X": -1.528793637188, "Z": 7.098448557068505}, "AbsoluteCoordinates": {"Y": 1, "X": 0, "Z": -1}, "Type": "cwc_minecraft_red_rn"}, {"PerspectiveCoordinates": {"Y": 0.24805023906872595, "X": -0.9637493559500001, "Z": 5.831780024813973}, "AbsoluteCoordinates": {"Y": 1, "X": -1, "Z": 0}, "Type": "cwc_minecraft_yellow_rn"}, {"PerspectiveCoordinates": {"Y": 1.5012761608570546, "X": -1.528793637188, "Z": 6.885416465527506}, "AbsoluteCoordinates": {"Y": 2, "X": 0, "Z": -1}, "Type": "cwc_minecraft_red_rn"}, {"PerspectiveCoordinates": {"Y": 1.225095441694726, "X": -0.9637493559500001, "Z": 5.618747933272973}, "AbsoluteCoordinates": {"Y": 2, "X": -1, "Z": 0}, "Type": "cwc_minecraft_yellow_rn"}, {"PerspectiveCoordinates": {"Y": 2.4783213634830545, "X": -1.528793637188, "Z": 6.672384373986506}, "AbsoluteCoordinates": {"Y": 3, "X": 0, "Z": -1}, "Type": "cwc_minecraft_red_rn"}, {"PerspectiveCoordinates": {"Y": 2.202140644320726, "X": -0.9637493559500001, "Z": 5.405715841731973}, "AbsoluteCoordinates": {"Y": 3, "X": -1, "Z": 0}, "Type": "cwc_minecraft_yellow_rn"}, {"PerspectiveCoordinates": {"Y": 2.280044721379184, "X": -1.89448538107, "Z": 5.763013205731817}, "AbsoluteCoordinates": {"Y": 3, "X": 0, "Z": 0}, "Type": "cwc_minecraft_yellow_rn"}], "ScreenshotPath": "186886-Builder-chat.png"}, {"BuilderPosition": {"Y": 2.372547955966086, "X": -3.107983248529404, "Yaw": 201.45016, "Z": 5.650109940672468, "Pitch": 12.3001}, "BuilderInventory": [{"Index": 0, "Type": "cwc_minecraft_red_rn", "Quantity": 16}, {"Index": 1, "Type": "cwc_minecraft_orange_rn", "Quantity": 20}, {"Index": 2, "Type": "cwc_minecraft_yellow_rn", "Quantity": 16}, {"Index": 3, "Type": "cwc_minecraft_green_rn", "Quantity": 20}, {"Index": 4, "Type": "cwc_minecraft_blue_rn", "Quantity": 20}, {"Index": 5, "Type": "cwc_minecraft_purple_rn", "Quantity": 20}], "ChatHistory": ["<Builder> Mission has started.", "<Architect> Back to basics, this one looks easy", "<Builder> nice", "<Architect> In the middle, build a tower of red blocks three high", "<Architect> To the right of the bottom block, place another red block so it makes an 'L' shape", "<Architect> Nice. Behind that red block, build a tower of yellow blocks three high", "<Builder> I think we are getting the hang of this", "<Architect> Most definitely, this is running very smoothly", "<Architect> Now look so the yellow is in front of the red", "<Architect> Make an upside-down 'L' out of yellow", "<Builder> so do I put one on the left or the right?", "<Architect> Sorry, on the right. It will connect to the red block", "<Architect> Great, let me just double check", "<Architect> Cool, looks all good to me", "<Builder> neat"], "Timestamp": "2018-04-13 21:07:14", "BlocksInGrid": [{"PerspectiveCoordinates": {"Y": 0.4463268811725962, "X": -0.5980576120680001, "Z": 6.741151193068661}, "AbsoluteCoordinates": {"Y": 1, "X": -1, "Z": -1}, "Type": "cwc_minecraft_red_rn"}, {"PerspectiveCoordinates": {"Y": 0.5242309582310545, "X": -1.528793637188, "Z": 7.098448557068505}, "AbsoluteCoordinates": {"Y": 1, "X": 0, "Z": -1}, "Type": "cwc_minecraft_red_rn"}, {"PerspectiveCoordinates": {"Y": 0.24805023906872595, "X": -0.9637493559500001, "Z": 5.831780024813973}, "AbsoluteCoordinates": {"Y": 1, "X": -1, "Z": 0}, "Type": "cwc_minecraft_yellow_rn"}, {"PerspectiveCoordinates": {"Y": 1.5012761608570546, "X": -1.528793637188, "Z": 6.885416465527506}, "AbsoluteCoordinates": {"Y": 2, "X": 0, "Z": -1}, "Type": "cwc_minecraft_red_rn"}, {"PerspectiveCoordinates": {"Y": 1.225095441694726, "X": -0.9637493559500001, "Z": 5.618747933272973}, "AbsoluteCoordinates": {"Y": 2, "X": -1, "Z": 0}, "Type": "cwc_minecraft_yellow_rn"}, {"PerspectiveCoordinates": {"Y": 2.4783213634830545, "X": -1.528793637188, "Z": 6.672384373986506}, "AbsoluteCoordinates": {"Y": 3, "X": 0, "Z": -1}, "Type": "cwc_minecraft_red_rn"}, {"PerspectiveCoordinates": {"Y": 2.202140644320726, "X": -0.9637493559500001, "Z": 5.405715841731973}, "AbsoluteCoordinates": {"Y": 3, "X": -1, "Z": 0}, "Type": "cwc_minecraft_yellow_rn"}, {"PerspectiveCoordinates": {"Y": 2.280044721379184, "X": -1.89448538107, "Z": 5.763013205731817}, "AbsoluteCoordinates": {"Y": 3, "X": 0, "Z": 0}, "Type": "cwc_minecraft_yellow_rn"}], "ScreenshotPath": "192635-Builder-chat.png"}], "NumFixedViewers": 4, "TimeElapsed": 205.48659801483154}