{"WorldStates": [{"Timestamp": "2018-04-13 21:04:02", "Chat": ["<Builder> Mission has started."], "ScreenshotPath": "0-Builder-chat.png"}, {"BuilderGridAbsolute": [], "XPos": 0.0, "TimeAlive": 133, "ZPos": 0.0, "Timestamp": "2018-04-13 21:04:02", "Yaw": 0.0, "YPos": 1.0, "BuilderGridRelative": [], "DistanceTravelled": 0, "BuilderInventory": [{"Index": 0, "Type": "cwc_minecraft_red_rn", "Quantity": 20}, {"Index": 1, "Type": "cwc_minecraft_orange_rn", "Quantity": 20}, {"Index": 2, "Type": "cwc_minecraft_yellow_rn", "Quantity": 20}, {"Index": 3, "Type": "cwc_minecraft_green_rn", "Quantity": 20}, {"Index": 4, "Type": "cwc_minecraft_blue_rn", "Quantity": 20}, {"Index": 5, "Type": "cwc_minecraft_purple_rn", "Quantity": 20}], "Pitch": 0.0}, {"Timestamp": "2018-04-13 21:04:16", "Chat": ["<Architect> Back to basics, this one looks easy"], "ScreenshotPath": "14214-Builder-chat.png"}, {"BuilderGridAbsolute": [], "XPos": 0.0, "TimeAlive": 417, "ZPos": 0.0, "Timestamp": "2018-04-13 21:04:16", "Yaw": 0.0, "YPos": 1.0, "BuilderGridRelative": [], "DistanceTravelled": 0, "BuilderInventory": [{"Index": 0, "Type": "cwc_minecraft_red_rn", "Quantity": 20}, {"Index": 1, "Type": "cwc_minecraft_orange_rn", "Quantity": 20}, {"Index": 2, "Type": "cwc_minecraft_yellow_rn", "Quantity": 20}, {"Index": 3, "Type": "cwc_minecraft_green_rn", "Quantity": 20}, {"Index": 4, "Type": "cwc_minecraft_blue_rn", "Quantity": 20}, {"Index": 5, "Type": "cwc_minecraft_purple_rn", "Quantity": 20}], "Pitch": 0.0}, {"Timestamp": "2018-04-13 21:04:21", "Chat": ["<Builder> nice"]}, {"BuilderGridAbsolute": [], "XPos": 0.0, "TimeAlive": 517, "ZPos": 0.0, "Timestamp": "2018-04-13 21:04:21", "Yaw": 0.0, "YPos": 1.0, "ScreenshotPath": "19228-Builder-chat.png", "BuilderGridRelative": [], "DistanceTravelled": 0, "BuilderInventory": [{"Index": 0, "Type": "cwc_minecraft_red_rn", "Quantity": 20}, {"Index": 1, "Type": "cwc_minecraft_orange_rn", "Quantity": 20}, {"Index": 2, "Type": "cwc_minecraft_yellow_rn", "Quantity": 20}, {"Index": 3, "Type": "cwc_minecraft_green_rn", "Quantity": 20}, {"Index": 4, "Type": "cwc_minecraft_blue_rn", "Quantity": 20}, {"Index": 5, "Type": "cwc_minecraft_purple_rn", "Quantity": 20}], "Pitch": 0.0}, {"Timestamp": "2018-04-13 21:04:30", "Chat": ["<Architect> In the middle, build a tower of red blocks three high"]}, {"BuilderGridAbsolute": [], "XPos": 0.22246042817622175, "TimeAlive": 701, "ZPos": -6.541091028565285, "Timestamp": "2018-04-13 21:04:30", "Yaw": -1.3500003, "YPos": 3.1165013679281377, "ScreenshotPath": "28427-Builder-chat.png", "BuilderGridRelative": [], "DistanceTravelled": 555, "BuilderInventory": [{"Index": 0, "Type": "cwc_minecraft_red_rn", "Quantity": 20}, {"Index": 1, "Type": "cwc_minecraft_orange_rn", "Quantity": 20}, {"Index": 2, "Type": "cwc_minecraft_yellow_rn", "Quantity": 20}, {"Index": 3, "Type": "cwc_minecraft_green_rn", "Quantity": 20}, {"Index": 4, "Type": "cwc_minecraft_blue_rn", "Quantity": 20}, {"Index": 5, "Type": "cwc_minecraft_purple_rn", "Quantity": 20}], "Pitch": 31.799978}, {"BuilderGridAbsolute": [{"Y": 1, "X": 0, "Z": -1, "Type": "cwc_minecraft_red_rn"}], "XPos": 0.12355765668618102, "TimeAlive": 779, "ZPos": -0.8820838412700113, "Timestamp": "2018-04-13 21:04:34", "Yaw": -10.95, "YPos": 3.1165013679281377, "ScreenshotPath": "32378-Builder-putdown.png", "BuilderGridRelative": [{"Y": -2, "X": 0, "Z": 0, "Type": "cwc_minecraft_red_rn"}], "DistanceTravelled": 555, "BuilderInventory": [{"Index": 0, "Type": "cwc_minecraft_red_rn", "Quantity": 19}, {"Index": 1, "Type": "cwc_minecraft_orange_rn", "Quantity": 20}, {"Index": 2, "Type": "cwc_minecraft_yellow_rn", "Quantity": 20}, {"Index": 3, "Type": "cwc_minecraft_green_rn", "Quantity": 20}, {"Index": 4, "Type": "cwc_minecraft_blue_rn", "Quantity": 20}, {"Index": 5, "Type": "cwc_minecraft_purple_rn", "Quantity": 20}], "Pitch": 82.649994}, {"BuilderGridAbsolute": [{"Y": 1, "X": 0, "Z": -1, "Type": "cwc_minecraft_red_rn"}, {"Y": 2, "X": 0, "Z": -1, "Type": "cwc_minecraft_red_rn"}], "XPos": 0.0761776278163481, "TimeAlive": 788, "ZPos": -0.6847048226356873, "Timestamp": "2018-04-13 21:04:35", "Yaw": -11.849999, "YPos": 3.1165013679281377, "ScreenshotPath": "32827-Builder-putdown.png", "BuilderGridRelative": [{"Y": -2, "X": 0, "Z": 0, "Type": "cwc_minecraft_red_rn"}, {"Y": -1, "X": 0, "Z": 0, "Type": "cwc_minecraft_red_rn"}], "DistanceTravelled": 555, "BuilderInventory": [{"Index": 0, "Type": "cwc_minecraft_red_rn", "Quantity": 18}, {"Index": 1, "Type": "cwc_minecraft_orange_rn", "Quantity": 20}, {"Index": 2, "Type": "cwc_minecraft_yellow_rn", "Quantity": 20}, {"Index": 3, "Type": "cwc_minecraft_green_rn", "Quantity": 20}, {"Index": 4, "Type": "cwc_minecraft_blue_rn", "Quantity": 20}, {"Index": 5, "Type": "cwc_minecraft_purple_rn", "Quantity": 20}], "Pitch": 81.59999}, {"BuilderGridAbsolute": [{"Y": 1, "X": 0, "Z": -1, "Type": "cwc_minecraft_red_rn"}, {"Y": 2, "X": 0, "Z": -1, "Type": "cwc_minecraft_red_rn"}, {"Y": 3, "X": 0, "Z": -1, "Type": "cwc_minecraft_red_rn"}], "XPos": -0.2950081064500969, "TimeAlive": 808, "ZPos": -1.697133729469545, "Timestamp": "2018-04-13 21:04:36", "Yaw": -30.449997, "YPos": 3.1165013679281377, "ScreenshotPath": "33829-Builder-putdown.png", "BuilderGridRelative": [{"Y": -2, "X": 1, "Z": 1, "Type": "cwc_minecraft_red_rn"}, {"Y": -1, "X": 1, "Z": 1, "Type": "cwc_minecraft_red_rn"}, {"Y": 0, "X": 1, "Z": 1, "Type": "cwc_minecraft_red_rn"}], "DistanceTravelled": 555, "BuilderInventory": [{"Index": 0, "Type": "cwc_minecraft_red_rn", "Quantity": 17}, {"Index": 1, "Type": "cwc_minecraft_orange_rn", "Quantity": 20}, {"Index": 2, "Type": "cwc_minecraft_yellow_rn", "Quantity": 20}, {"Index": 3, "Type": "cwc_minecraft_green_rn", "Quantity": 20}, {"Index": 4, "Type": "cwc_minecraft_blue_rn", "Quantity": 20}, {"Index": 5, "Type": "cwc_minecraft_purple_rn", "Quantity": 20}], "Pitch": 51.74999}, {"Timestamp": "2018-04-13 21:04:51", "Chat": ["<Architect> To the right of the bottom block, place another red block so it makes an 'L' shape"], "ScreenshotPath": "48674-Builder-chat.png"}, {"BuilderGridAbsolute": [{"Y": 1, "X": 0, "Z": -1, "Type": "cwc_minecraft_red_rn"}, {"Y": 2, "X": 0, "Z": -1, "Type": "cwc_minecraft_red_rn"}, {"Y": 3, "X": 0, "Z": -1, "Type": "cwc_minecraft_red_rn"}], "XPos": -0.010613002009991296, "TimeAlive": 1106, "ZPos": -3.5326218873274637, "Timestamp": "2018-04-13 21:04:51", "Yaw": -3.8999968, "YPos": 3.1165013679281377, "BuilderGridRelative": [{"Y": -2, "X": 1, "Z": 3, "Type": "cwc_minecraft_red_rn"}, {"Y": -1, "X": 1, "Z": 3, "Type": "cwc_minecraft_red_rn"}, {"Y": 0, "X": 1, "Z": 3, "Type": "cwc_minecraft_red_rn"}], "DistanceTravelled": 555, "BuilderInventory": [{"Index": 0, "Type": "cwc_minecraft_red_rn", "Quantity": 17}, {"Index": 1, "Type": "cwc_minecraft_orange_rn", "Quantity": 20}, {"Index": 2, "Type": "cwc_minecraft_yellow_rn", "Quantity": 20}, {"Index": 3, "Type": "cwc_minecraft_green_rn", "Quantity": 20}, {"Index": 4, "Type": "cwc_minecraft_blue_rn", "Quantity": 20}, {"Index": 5, "Type": "cwc_minecraft_purple_rn", "Quantity": 20}], "Pitch": 34.95}, {"BuilderGridAbsolute": [{"Y": 1, "X": -1, "Z": -1, "Type": "cwc_minecraft_red_rn"}, {"Y": 1, "X": 0, "Z": -1, "Type": "cwc_minecraft_red_rn"}, {"Y": 2, "X": 0, "Z": -1, "Type": "cwc_minecraft_red_rn"}, {"Y": 3, "X": 0, "Z": -1, "Type": "cwc_minecraft_red_rn"}], "XPos": -0.5954967218847462, "TimeAlive": 1211, "ZPos": -2.5193482687523736, "Timestamp": "2018-04-13 21:04:56", "Yaw": -2.2499952, "YPos": 3.1165013679281377, "ScreenshotPath": "53973-Builder-putdown.png", "BuilderGridRelative": [{"Y": -2, "X": 0, "Z": 2, "Type": "cwc_minecraft_red_rn"}, {"Y": -2, "X": 1, "Z": 2, "Type": "cwc_minecraft_red_rn"}, {"Y": -1, "X": 1, "Z": 2, "Type": "cwc_minecraft_red_rn"}, {"Y": 0, "X": 1, "Z": 2, "Type": "cwc_minecraft_red_rn"}], "DistanceTravelled": 555, "BuilderInventory": [{"Index": 0, "Type": "cwc_minecraft_red_rn", "Quantity": 16}, {"Index": 1, "Type": "cwc_minecraft_orange_rn", "Quantity": 20}, {"Index": 2, "Type": "cwc_minecraft_yellow_rn", "Quantity": 20}, {"Index": 3, "Type": "cwc_minecraft_green_rn", "Quantity": 20}, {"Index": 4, "Type": "cwc_minecraft_blue_rn", "Quantity": 20}, {"Index": 5, "Type": "cwc_minecraft_purple_rn", "Quantity": 20}], "Pitch": 62.250065}, {"Timestamp": "2018-04-13 21:05:07", "Chat": ["<Architect> Nice. Behind that red block, build a tower of yellow blocks three high"], "ScreenshotPath": "64972-Builder-chat.png"}, {"BuilderGridAbsolute": [{"Y": 1, "X": -1, "Z": -1, "Type": "cwc_minecraft_red_rn"}, {"Y": 1, "X": 0, "Z": -1, "Type": "cwc_minecraft_red_rn"}, {"Y": 2, "X": 0, "Z": -1, "Type": "cwc_minecraft_red_rn"}, {"Y": 3, "X": 0, "Z": -1, "Type": "cwc_minecraft_red_rn"}], "XPos": -0.13803983801036132, "TimeAlive": 1432, "ZPos": -3.8226841977281936, "Timestamp": "2018-04-13 21:05:07", "Yaw": 0.7500049, "YPos": 3.1165013679281377, "BuilderGridRelative": [{"Y": -2, "X": 0, "Z": 3, "Type": "cwc_minecraft_red_rn"}, {"Y": -2, "X": 1, "Z": 3, "Type": "cwc_minecraft_red_rn"}, {"Y": -1, "X": 1, "Z": 3, "Type": "cwc_minecraft_red_rn"}, {"Y": 0, "X": 1, "Z": 3, "Type": "cwc_minecraft_red_rn"}], "DistanceTravelled": 555, "BuilderInventory": [{"Index": 0, "Type": "cwc_minecraft_red_rn", "Quantity": 16}, {"Index": 1, "Type": "cwc_minecraft_orange_rn", "Quantity": 20}, {"Index": 2, "Type": "cwc_minecraft_yellow_rn", "Quantity": 20}, {"Index": 3, "Type": "cwc_minecraft_green_rn", "Quantity": 20}, {"Index": 4, "Type": "cwc_minecraft_blue_rn", "Quantity": 20}, {"Index": 5, "Type": "cwc_minecraft_purple_rn", "Quantity": 20}], "Pitch": 35.55005}, {"Timestamp": "2018-04-13 21:05:11", "Chat": ["<Builder> I think we are getting the hang of this"], "ScreenshotPath": "69171-Builder-chat.png"}, {"BuilderGridAbsolute": [{"Y": 1, "X": -1, "Z": -1, "Type": "cwc_minecraft_red_rn"}, {"Y": 1, "X": 0, "Z": -1, "Type": "cwc_minecraft_red_rn"}, {"Y": 2, "X": 0, "Z": -1, "Type": "cwc_minecraft_red_rn"}, {"Y": 3, "X": 0, "Z": -1, "Type": "cwc_minecraft_red_rn"}], "XPos": -0.13803983801036132, "TimeAlive": 1516, "ZPos": -3.8226841977281936, "Timestamp": "2018-04-13 21:05:11", "Yaw": 0.7500049, "YPos": 3.1165013679281377, "BuilderGridRelative": [{"Y": -2, "X": 0, "Z": 3, "Type": "cwc_minecraft_red_rn"}, {"Y": -2, "X": 1, "Z": 3, "Type": "cwc_minecraft_red_rn"}, {"Y": -1, "X": 1, "Z": 3, "Type": "cwc_minecraft_red_rn"}, {"Y": 0, "X": 1, "Z": 3, "Type": "cwc_minecraft_red_rn"}], "DistanceTravelled": 555, "BuilderInventory": [{"Index": 0, "Type": "cwc_minecraft_red_rn", "Quantity": 16}, {"Index": 1, "Type": "cwc_minecraft_orange_rn", "Quantity": 20}, {"Index": 2, "Type": "cwc_minecraft_yellow_rn", "Quantity": 20}, {"Index": 3, "Type": "cwc_minecraft_green_rn", "Quantity": 20}, {"Index": 4, "Type": "cwc_minecraft_blue_rn", "Quantity": 20}, {"Index": 5, "Type": "cwc_minecraft_purple_rn", "Quantity": 20}], "Pitch": 35.55005}, {"BuilderGridAbsolute": [{"Y": 1, "X": -1, "Z": -1, "Type": "cwc_minecraft_red_rn"}, {"Y": 1, "X": 0, "Z": -1, "Type": "cwc_minecraft_red_rn"}, {"Y": 1, "X": -1, "Z": 0, "Type": "cwc_minecraft_yellow_rn"}, {"Y": 2, "X": 0, "Z": -1, "Type": "cwc_minecraft_red_rn"}, {"Y": 3, "X": 0, "Z": -1, "Type": "cwc_minecraft_red_rn"}], "XPos": -1.557516223747915, "TimeAlive": 1624, "ZPos": -0.15237532779338203, "Timestamp": "2018-04-13 21:05:16", "Yaw": -39.749996, "YPos": 3.1165013679281377, "ScreenshotPath": "74620-Builder-putdown.png", "BuilderGridRelative": [{"Y": -2, "X": 1, "Z": 0, "Type": "cwc_minecraft_red_rn"}, {"Y": -2, "X": 2, "Z": 0, "Type": "cwc_minecraft_red_rn"}, {"Y": -2, "X": 1, "Z": 1, "Type": "cwc_minecraft_yellow_rn"}, {"Y": -1, "X": 2, "Z": 0, "Type": "cwc_minecraft_red_rn"}, {"Y": 0, "X": 2, "Z": 0, "Type": "cwc_minecraft_red_rn"}], "DistanceTravelled": 555, "BuilderInventory": [{"Index": 0, "Type": "cwc_minecraft_red_rn", "Quantity": 16}, {"Index": 1, "Type": "cwc_minecraft_orange_rn", "Quantity": 20}, {"Index": 2, "Type": "cwc_minecraft_yellow_rn", "Quantity": 19}, {"Index": 3, "Type": "cwc_minecraft_green_rn", "Quantity": 20}, {"Index": 4, "Type": "cwc_minecraft_blue_rn", "Quantity": 20}, {"Index": 5, "Type": "cwc_minecraft_purple_rn", "Quantity": 20}], "Pitch": 70.800064}, {"BuilderGridAbsolute": [{"Y": 1, "X": -1, "Z": -1, "Type": "cwc_minecraft_red_rn"}, {"Y": 1, "X": 0, "Z": -1, "Type": "cwc_minecraft_red_rn"}, {"Y": 1, "X": -1, "Z": 0, "Type": "cwc_minecraft_yellow_rn"}, {"Y": 2, "X": 0, "Z": -1, "Type": "cwc_minecraft_red_rn"}, {"Y": 2, "X": -1, "Z": 0, "Type": "cwc_minecraft_yellow_rn"}, {"Y": 3, "X": 0, "Z": -1, "Type": "cwc_minecraft_red_rn"}], "XPos": -1.7999106549575434, "TimeAlive": 1640, "ZPos": 0.3491666944384303, "Timestamp": "2018-04-13 21:05:17", "Yaw": -72.9, "YPos": 3.1165013679281377, "ScreenshotPath": "75386-Builder-putdown.png", "BuilderGridRelative": [{"Y": -2, "X": 1, "Z": -1, "Type": "cwc_minecraft_red_rn"}, {"Y": -2, "X": 2, "Z": -1, "Type": "cwc_minecraft_red_rn"}, {"Y": -2, "X": 1, "Z": 0, "Type": "cwc_minecraft_yellow_rn"}, {"Y": -1, "X": 2, "Z": -1, "Type": "cwc_minecraft_red_rn"}, {"Y": -1, "X": 1, "Z": 0, "Type": "cwc_minecraft_yellow_rn"}, {"Y": 0, "X": 2, "Z": -1, "Type": "cwc_minecraft_red_rn"}], "DistanceTravelled": 555, "BuilderInventory": [{"Index": 0, "Type": "cwc_minecraft_red_rn", "Quantity": 16}, {"Index": 1, "Type": "cwc_minecraft_orange_rn", "Quantity": 20}, {"Index": 2, "Type": "cwc_minecraft_yellow_rn", "Quantity": 18}, {"Index": 3, "Type": "cwc_minecraft_green_rn", "Quantity": 20}, {"Index": 4, "Type": "cwc_minecraft_blue_rn", "Quantity": 20}, {"Index": 5, "Type": "cwc_minecraft_purple_rn", "Quantity": 20}], "Pitch": 63.000057}, {"BuilderGridAbsolute": [{"Y": 1, "X": -1, "Z": -1, "Type": "cwc_minecraft_red_rn"}, {"Y": 1, "X": 0, "Z": -1, "Type": "cwc_minecraft_red_rn"}, {"Y": 1, "X": -1, "Z": 0, "Type": "cwc_minecraft_yellow_rn"}, {"Y": 2, "X": 0, "Z": -1, "Type": "cwc_minecraft_red_rn"}, {"Y": 2, "X": -1, "Z": 0, "Type": "cwc_minecraft_yellow_rn"}, {"Y": 3, "X": 0, "Z": -1, "Type": "cwc_minecraft_red_rn"}, {"Y": 3, "X": -1, "Z": 0, "Type": "cwc_minecraft_yellow_rn"}], "XPos": -1.8444251880753417, "TimeAlive": 1652, "ZPos": 0.44127239524678535, "Timestamp": "2018-04-13 21:05:18", "Yaw": -80.85002, "YPos": 3.1165013679281377, "BuilderGridRelative": [{"Y": -2, "X": 1, "Z": -1, "Type": "cwc_minecraft_red_rn"}, {"Y": -2, "X": 2, "Z": -1, "Type": "cwc_minecraft_red_rn"}, {"Y": -2, "X": 1, "Z": 0, "Type": "cwc_minecraft_yellow_rn"}, {"Y": -1, "X": 2, "Z": -1, "Type": "cwc_minecraft_red_rn"}, {"Y": -1, "X": 1, "Z": 0, "Type": "cwc_minecraft_yellow_rn"}, {"Y": 0, "X": 2, "Z": -1, "Type": "cwc_minecraft_red_rn"}, {"Y": 0, "X": 1, "Z": 0, "Type": "cwc_minecraft_yellow_rn"}], "DistanceTravelled": 555, "BuilderInventory": [{"Index": 0, "Type": "cwc_minecraft_red_rn", "Quantity": 16}, {"Index": 1, "Type": "cwc_minecraft_orange_rn", "Quantity": 20}, {"Index": 2, "Type": "cwc_minecraft_yellow_rn", "Quantity": 17}, {"Index": 3, "Type": "cwc_minecraft_green_rn", "Quantity": 20}, {"Index": 4, "Type": "cwc_minecraft_blue_rn", "Quantity": 20}, {"Index": 5, "Type": "cwc_minecraft_purple_rn", "Quantity": 20}], "Pitch": 50.40005}, {"Timestamp": "2018-04-13 21:05:18", "ScreenshotPath": "76036-Builder-putdown.png"}, {"Timestamp": "2018-04-13 21:05:20", "Chat": ["<Architect> Most definitely, this is running very smoothly"]}, {"BuilderGridAbsolute": [{"Y": 1, "X": -1, "Z": -1, "Type": "cwc_minecraft_red_rn"}, {"Y": 1, "X": 0, "Z": -1, "Type": "cwc_minecraft_red_rn"}, {"Y": 1, "X": -1, "Z": 0, "Type": "cwc_minecraft_yellow_rn"}, {"Y": 2, "X": 0, "Z": -1, "Type": "cwc_minecraft_red_rn"}, {"Y": 2, "X": -1, "Z": 0, "Type": "cwc_minecraft_yellow_rn"}, {"Y": 3, "X": 0, "Z": -1, "Type": "cwc_minecraft_red_rn"}, {"Y": 3, "X": -1, "Z": 0, "Type": "cwc_minecraft_yellow_rn"}], "XPos": -2.2703852732187233, "TimeAlive": 1710, "ZPos": -2.3770630809875084, "Timestamp": "2018-04-13 21:05:21", "Yaw": -26.850025, "YPos": 3.1165013679281377, "ScreenshotPath": "78887-Builder-chat.png", "BuilderGridRelative": [{"Y": -2, "X": 2, "Z": 2, "Type": "cwc_minecraft_red_rn"}, {"Y": -2, "X": 3, "Z": 2, "Type": "cwc_minecraft_red_rn"}, {"Y": -2, "X": 2, "Z": 3, "Type": "cwc_minecraft_yellow_rn"}, {"Y": -1, "X": 3, "Z": 2, "Type": "cwc_minecraft_red_rn"}, {"Y": -1, "X": 2, "Z": 3, "Type": "cwc_minecraft_yellow_rn"}, {"Y": 0, "X": 3, "Z": 2, "Type": "cwc_minecraft_red_rn"}, {"Y": 0, "X": 2, "Z": 3, "Type": "cwc_minecraft_yellow_rn"}], "DistanceTravelled": 555, "BuilderInventory": [{"Index": 0, "Type": "cwc_minecraft_red_rn", "Quantity": 16}, {"Index": 1, "Type": "cwc_minecraft_orange_rn", "Quantity": 20}, {"Index": 2, "Type": "cwc_minecraft_yellow_rn", "Quantity": 17}, {"Index": 3, "Type": "cwc_minecraft_green_rn", "Quantity": 20}, {"Index": 4, "Type": "cwc_minecraft_blue_rn", "Quantity": 20}, {"Index": 5, "Type": "cwc_minecraft_purple_rn", "Quantity": 20}], "Pitch": 37.800068}, {"Timestamp": "2018-04-13 21:05:32", "Chat": ["<Architect> Now look so the yellow is in front of the red"]}, {"BuilderGridAbsolute": [{"Y": 1, "X": -1, "Z": -1, "Type": "cwc_minecraft_red_rn"}, {"Y": 1, "X": 0, "Z": -1, "Type": "cwc_minecraft_red_rn"}, {"Y": 1, "X": -1, "Z": 0, "Type": "cwc_minecraft_yellow_rn"}, {"Y": 2, "X": 0, "Z": -1, "Type": "cwc_minecraft_red_rn"}, {"Y": 2, "X": -1, "Z": 0, "Type": "cwc_minecraft_yellow_rn"}, {"Y": 3, "X": 0, "Z": -1, "Type": "cwc_minecraft_red_rn"}, {"Y": 3, "X": -1, "Z": 0, "Type": "cwc_minecraft_yellow_rn"}], "XPos": -1.5555604822377949, "TimeAlive": 1950, "ZPos": -1.4753333174674506, "Timestamp": "2018-04-13 21:05:33", "Yaw": -7.3500447, "YPos": 2.372547955966086, "ScreenshotPath": "90886-Builder-chat.png", "BuilderGridRelative": [{"Y": -1, "X": 1, "Z": 1, "Type": "cwc_minecraft_red_rn"}, {"Y": -1, "X": 2, "Z": 1, "Type": "cwc_minecraft_red_rn"}, {"Y": -1, "X": 1, "Z": 2, "Type": "cwc_minecraft_yellow_rn"}, {"Y": 0, "X": 2, "Z": 1, "Type": "cwc_minecraft_red_rn"}, {"Y": 0, "X": 1, "Z": 2, "Type": "cwc_minecraft_yellow_rn"}, {"Y": 1, "X": 2, "Z": 1, "Type": "cwc_minecraft_red_rn"}, {"Y": 1, "X": 1, "Z": 2, "Type": "cwc_minecraft_yellow_rn"}], "DistanceTravelled": 555, "BuilderInventory": [{"Index": 0, "Type": "cwc_minecraft_red_rn", "Quantity": 16}, {"Index": 1, "Type": "cwc_minecraft_orange_rn", "Quantity": 20}, {"Index": 2, "Type": "cwc_minecraft_yellow_rn", "Quantity": 17}, {"Index": 3, "Type": "cwc_minecraft_green_rn", "Quantity": 20}, {"Index": 4, "Type": "cwc_minecraft_blue_rn", "Quantity": 20}, {"Index": 5, "Type": "cwc_minecraft_purple_rn", "Quantity": 20}], "Pitch": 58.350082}, {"Timestamp": "2018-04-13 21:05:54", "Chat": ["<Architect> Make an upside-down 'L' out of yellow"]}, {"BuilderGridAbsolute": [{"Y": 1, "X": -1, "Z": -1, "Type": "cwc_minecraft_red_rn"}, {"Y": 1, "X": 0, "Z": -1, "Type": "cwc_minecraft_red_rn"}, {"Y": 1, "X": -1, "Z": 0, "Type": "cwc_minecraft_yellow_rn"}, {"Y": 2, "X": 0, "Z": -1, "Type": "cwc_minecraft_red_rn"}, {"Y": 2, "X": -1, "Z": 0, "Type": "cwc_minecraft_yellow_rn"}, {"Y": 3, "X": 0, "Z": -1, "Type": "cwc_minecraft_red_rn"}, {"Y": 3, "X": -1, "Z": 0, "Type": "cwc_minecraft_yellow_rn"}], "XPos": 0.49939787873739006, "TimeAlive": 2381, "ZPos": 4.142820055960076, "Timestamp": "2018-04-13 21:05:54", "Yaw": -179.9999, "YPos": 2.372547955966086, "ScreenshotPath": "112431-Builder-chat.png", "BuilderGridRelative": [{"Y": -1, "X": -1, "Z": -5, "Type": "cwc_minecraft_red_rn"}, {"Y": -1, "X": 0, "Z": -5, "Type": "cwc_minecraft_red_rn"}, {"Y": -1, "X": -1, "Z": -4, "Type": "cwc_minecraft_yellow_rn"}, {"Y": 0, "X": 0, "Z": -5, "Type": "cwc_minecraft_red_rn"}, {"Y": 0, "X": -1, "Z": -4, "Type": "cwc_minecraft_yellow_rn"}, {"Y": 1, "X": 0, "Z": -5, "Type": "cwc_minecraft_red_rn"}, {"Y": 1, "X": -1, "Z": -4, "Type": "cwc_minecraft_yellow_rn"}], "DistanceTravelled": 555, "BuilderInventory": [{"Index": 0, "Type": "cwc_minecraft_red_rn", "Quantity": 16}, {"Index": 1, "Type": "cwc_minecraft_orange_rn", "Quantity": 20}, {"Index": 2, "Type": "cwc_minecraft_yellow_rn", "Quantity": 17}, {"Index": 3, "Type": "cwc_minecraft_green_rn", "Quantity": 20}, {"Index": 4, "Type": "cwc_minecraft_blue_rn", "Quantity": 20}, {"Index": 5, "Type": "cwc_minecraft_purple_rn", "Quantity": 20}], "Pitch": 23.250084}, {"Timestamp": "2018-04-13 21:06:08", "Chat": ["<Builder> so do I put one on the left or the right?"]}, {"BuilderGridAbsolute": [{"Y": 1, "X": -1, "Z": -1, "Type": "cwc_minecraft_red_rn"}, {"Y": 1, "X": 0, "Z": -1, "Type": "cwc_minecraft_red_rn"}, {"Y": 1, "X": -1, "Z": 0, "Type": "cwc_minecraft_yellow_rn"}, {"Y": 2, "X": 0, "Z": -1, "Type": "cwc_minecraft_red_rn"}, {"Y": 2, "X": -1, "Z": 0, "Type": "cwc_minecraft_yellow_rn"}, {"Y": 3, "X": 0, "Z": -1, "Type": "cwc_minecraft_red_rn"}, {"Y": 3, "X": -1, "Z": 0, "Type": "cwc_minecraft_yellow_rn"}], "XPos": -0.061401631998005954, "TimeAlive": 2659, "ZPos": 3.7924948424891545, "Timestamp": "2018-04-13 21:06:08", "Yaw": -178.3499, "YPos": 2.372547955966086, "ScreenshotPath": "126328-Builder-chat.png", "BuilderGridRelative": [{"Y": -1, "X": 0, "Z": -4, "Type": "cwc_minecraft_red_rn"}, {"Y": -1, "X": 1, "Z": -4, "Type": "cwc_minecraft_red_rn"}, {"Y": -1, "X": 0, "Z": -3, "Type": "cwc_minecraft_yellow_rn"}, {"Y": 0, "X": 1, "Z": -4, "Type": "cwc_minecraft_red_rn"}, {"Y": 0, "X": 0, "Z": -3, "Type": "cwc_minecraft_yellow_rn"}, {"Y": 1, "X": 1, "Z": -4, "Type": "cwc_minecraft_red_rn"}, {"Y": 1, "X": 0, "Z": -3, "Type": "cwc_minecraft_yellow_rn"}], "DistanceTravelled": 555, "BuilderInventory": [{"Index": 0, "Type": "cwc_minecraft_red_rn", "Quantity": 16}, {"Index": 1, "Type": "cwc_minecraft_orange_rn", "Quantity": 20}, {"Index": 2, "Type": "cwc_minecraft_yellow_rn", "Quantity": 17}, {"Index": 3, "Type": "cwc_minecraft_green_rn", "Quantity": 20}, {"Index": 4, "Type": "cwc_minecraft_blue_rn", "Quantity": 20}, {"Index": 5, "Type": "cwc_minecraft_purple_rn", "Quantity": 20}], "Pitch": 16.200096}, {"Timestamp": "2018-04-13 21:06:20", "Chat": ["<Architect> Sorry, on the right. It will connect to the red block"]}, {"Timestamp": "2018-04-13 21:06:20", "ScreenshotPath": "138376-Builder-chat.png"}, {"BuilderGridAbsolute": [{"Y": 1, "X": -1, "Z": -1, "Type": "cwc_minecraft_red_rn"}, {"Y": 1, "X": 0, "Z": -1, "Type": "cwc_minecraft_red_rn"}, {"Y": 1, "X": -1, "Z": 0, "Type": "cwc_minecraft_yellow_rn"}, {"Y": 2, "X": 0, "Z": -1, "Type": "cwc_minecraft_red_rn"}, {"Y": 2, "X": -1, "Z": 0, "Type": "cwc_minecraft_yellow_rn"}, {"Y": 3, "X": 0, "Z": -1, "Type": "cwc_minecraft_red_rn"}, {"Y": 3, "X": -1, "Z": 0, "Type": "cwc_minecraft_yellow_rn"}], "XPos": 0.49633481507558025, "TimeAlive": 2900, "ZPos": 3.3268387528858914, "Timestamp": "2018-04-13 21:06:20", "Yaw": -188.99965, "YPos": 2.372547955966086, "BuilderGridRelative": [{"Y": -1, "X": -1, "Z": -4, "Type": "cwc_minecraft_red_rn"}, {"Y": -1, "X": 0, "Z": -4, "Type": "cwc_minecraft_red_rn"}, {"Y": -1, "X": -1, "Z": -3, "Type": "cwc_minecraft_yellow_rn"}, {"Y": 0, "X": 0, "Z": -4, "Type": "cwc_minecraft_red_rn"}, {"Y": 0, "X": -1, "Z": -3, "Type": "cwc_minecraft_yellow_rn"}, {"Y": 1, "X": 0, "Z": -4, "Type": "cwc_minecraft_red_rn"}, {"Y": 1, "X": -1, "Z": -3, "Type": "cwc_minecraft_yellow_rn"}], "DistanceTravelled": 555, "BuilderInventory": [{"Index": 0, "Type": "cwc_minecraft_red_rn", "Quantity": 16}, {"Index": 1, "Type": "cwc_minecraft_orange_rn", "Quantity": 20}, {"Index": 2, "Type": "cwc_minecraft_yellow_rn", "Quantity": 17}, {"Index": 3, "Type": "cwc_minecraft_green_rn", "Quantity": 20}, {"Index": 4, "Type": "cwc_minecraft_blue_rn", "Quantity": 20}, {"Index": 5, "Type": "cwc_minecraft_purple_rn", "Quantity": 20}], "Pitch": 12.000098}, {"BuilderGridAbsolute": [{"Y": 1, "X": -1, "Z": -1, "Type": "cwc_minecraft_red_rn"}, {"Y": 1, "X": 0, "Z": -1, "Type": "cwc_minecraft_red_rn"}, {"Y": 1, "X": -1, "Z": 0, "Type": "cwc_minecraft_yellow_rn"}, {"Y": 2, "X": 0, "Z": -1, "Type": "cwc_minecraft_red_rn"}, {"Y": 2, "X": -1, "Z": 0, "Type": "cwc_minecraft_yellow_rn"}, {"Y": 3, "X": 0, "Z": -1, "Type": "cwc_minecraft_red_rn"}, {"Y": 3, "X": -1, "Z": 0, "Type": "cwc_minecraft_yellow_rn"}, {"Y": 3, "X": 0, "Z": 0, "Type": "cwc_minecraft_yellow_rn"}], "XPos": 0.49633481507558025, "TimeAlive": 2930, "ZPos": 3.3268387528858914, "Timestamp": "2018-04-13 21:06:22", "Yaw": -188.99965, "YPos": 2.372547955966086, "ScreenshotPath": "139927-Builder-putdown.png", "BuilderGridRelative": [{"Y": -1, "X": -1, "Z": -4, "Type": "cwc_minecraft_red_rn"}, {"Y": -1, "X": 0, "Z": -4, "Type": "cwc_minecraft_red_rn"}, {"Y": -1, "X": -1, "Z": -3, "Type": "cwc_minecraft_yellow_rn"}, {"Y": 0, "X": 0, "Z": -4, "Type": "cwc_minecraft_red_rn"}, {"Y": 0, "X": -1, "Z": -3, "Type": "cwc_minecraft_yellow_rn"}, {"Y": 1, "X": 0, "Z": -4, "Type": "cwc_minecraft_red_rn"}, {"Y": 1, "X": -1, "Z": -3, "Type": "cwc_minecraft_yellow_rn"}, {"Y": 1, "X": 0, "Z": -3, "Type": "cwc_minecraft_yellow_rn"}], "DistanceTravelled": 555, "BuilderInventory": [{"Index": 0, "Type": "cwc_minecraft_red_rn", "Quantity": 16}, {"Index": 1, "Type": "cwc_minecraft_orange_rn", "Quantity": 20}, {"Index": 2, "Type": "cwc_minecraft_yellow_rn", "Quantity": 16}, {"Index": 3, "Type": "cwc_minecraft_green_rn", "Quantity": 20}, {"Index": 4, "Type": "cwc_minecraft_blue_rn", "Quantity": 20}, {"Index": 5, "Type": "cwc_minecraft_purple_rn", "Quantity": 20}], "Pitch": 12.000098}, {"Timestamp": "2018-04-13 21:06:28", "Chat": ["<Architect> Great, let me just double check"], "ScreenshotPath": "146626-Builder-chat.png"}, {"BuilderGridAbsolute": [{"Y": 1, "X": -1, "Z": -1, "Type": "cwc_minecraft_red_rn"}, {"Y": 1, "X": 0, "Z": -1, "Type": "cwc_minecraft_red_rn"}, {"Y": 1, "X": -1, "Z": 0, "Type": "cwc_minecraft_yellow_rn"}, {"Y": 2, "X": 0, "Z": -1, "Type": "cwc_minecraft_red_rn"}, {"Y": 2, "X": -1, "Z": 0, "Type": "cwc_minecraft_yellow_rn"}, {"Y": 3, "X": 0, "Z": -1, "Type": "cwc_minecraft_red_rn"}, {"Y": 3, "X": -1, "Z": 0, "Type": "cwc_minecraft_yellow_rn"}, {"Y": 3, "X": 0, "Z": 0, "Type": "cwc_minecraft_yellow_rn"}], "XPos": 1.302718764721178, "TimeAlive": 3065, "ZPos": 6.20996457663129, "Timestamp": "2018-04-13 21:06:28", "Yaw": -184.19962, "YPos": 2.372547955966086, "BuilderGridRelative": [{"Y": -1, "X": -2, "Z": -7, "Type": "cwc_minecraft_red_rn"}, {"Y": -1, "X": -1, "Z": -7, "Type": "cwc_minecraft_red_rn"}, {"Y": -1, "X": -2, "Z": -6, "Type": "cwc_minecraft_yellow_rn"}, {"Y": 0, "X": -1, "Z": -7, "Type": "cwc_minecraft_red_rn"}, {"Y": 0, "X": -2, "Z": -6, "Type": "cwc_minecraft_yellow_rn"}, {"Y": 1, "X": -1, "Z": -7, "Type": "cwc_minecraft_red_rn"}, {"Y": 1, "X": -2, "Z": -6, "Type": "cwc_minecraft_yellow_rn"}, {"Y": 1, "X": -1, "Z": -6, "Type": "cwc_minecraft_yellow_rn"}], "DistanceTravelled": 555, "BuilderInventory": [{"Index": 0, "Type": "cwc_minecraft_red_rn", "Quantity": 16}, {"Index": 1, "Type": "cwc_minecraft_orange_rn", "Quantity": 20}, {"Index": 2, "Type": "cwc_minecraft_yellow_rn", "Quantity": 16}, {"Index": 3, "Type": "cwc_minecraft_green_rn", "Quantity": 20}, {"Index": 4, "Type": "cwc_minecraft_blue_rn", "Quantity": 20}, {"Index": 5, "Type": "cwc_minecraft_purple_rn", "Quantity": 20}], "Pitch": 11.1001}, {"Timestamp": "2018-04-13 21:07:08", "Chat": ["<Architect> Cool, looks all good to me"]}, {"BuilderGridAbsolute": [{"Y": 1, "X": -1, "Z": -1, "Type": "cwc_minecraft_red_rn"}, {"Y": 1, "X": 0, "Z": -1, "Type": "cwc_minecraft_red_rn"}, {"Y": 1, "X": -1, "Z": 0, "Type": "cwc_minecraft_yellow_rn"}, {"Y": 2, "X": 0, "Z": -1, "Type": "cwc_minecraft_red_rn"}, {"Y": 2, "X": -1, "Z": 0, "Type": "cwc_minecraft_yellow_rn"}, {"Y": 3, "X": 0, "Z": -1, "Type": "cwc_minecraft_red_rn"}, {"Y": 3, "X": -1, "Z": 0, "Type": "cwc_minecraft_yellow_rn"}, {"Y": 3, "X": 0, "Z": 0, "Type": "cwc_minecraft_yellow_rn"}], "XPos": -3.107983248529404, "TimeAlive": 3870, "ZPos": 5.650109940672468, "Timestamp": "2018-04-13 21:07:09", "Yaw": 201.45016, "YPos": 2.372547955966086, "ScreenshotPath": "186886-Builder-chat.png", "BuilderGridRelative": [{"Y": -1, "X": 3, "Z": -6, "Type": "cwc_minecraft_red_rn"}, {"Y": -1, "X": 4, "Z": -6, "Type": "cwc_minecraft_red_rn"}, {"Y": -1, "X": 3, "Z": -5, "Type": "cwc_minecraft_yellow_rn"}, {"Y": 0, "X": 4, "Z": -6, "Type": "cwc_minecraft_red_rn"}, {"Y": 0, "X": 3, "Z": -5, "Type": "cwc_minecraft_yellow_rn"}, {"Y": 1, "X": 4, "Z": -6, "Type": "cwc_minecraft_red_rn"}, {"Y": 1, "X": 3, "Z": -5, "Type": "cwc_minecraft_yellow_rn"}, {"Y": 1, "X": 4, "Z": -5, "Type": "cwc_minecraft_yellow_rn"}], "DistanceTravelled": 555, "BuilderInventory": [{"Index": 0, "Type": "cwc_minecraft_red_rn", "Quantity": 16}, {"Index": 1, "Type": "cwc_minecraft_orange_rn", "Quantity": 20}, {"Index": 2, "Type": "cwc_minecraft_yellow_rn", "Quantity": 16}, {"Index": 3, "Type": "cwc_minecraft_green_rn", "Quantity": 20}, {"Index": 4, "Type": "cwc_minecraft_blue_rn", "Quantity": 20}, {"Index": 5, "Type": "cwc_minecraft_purple_rn", "Quantity": 20}], "Pitch": 12.3001}, {"Timestamp": "2018-04-13 21:07:14", "Chat": ["<Builder> neat"]}, {"BuilderGridAbsolute": [{"Y": 1, "X": -1, "Z": -1, "Type": "cwc_minecraft_red_rn"}, {"Y": 1, "X": 0, "Z": -1, "Type": "cwc_minecraft_red_rn"}, {"Y": 1, "X": -1, "Z": 0, "Type": "cwc_minecraft_yellow_rn"}, {"Y": 2, "X": 0, "Z": -1, "Type": "cwc_minecraft_red_rn"}, {"Y": 2, "X": -1, "Z": 0, "Type": "cwc_minecraft_yellow_rn"}, {"Y": 3, "X": 0, "Z": -1, "Type": "cwc_minecraft_red_rn"}, {"Y": 3, "X": -1, "Z": 0, "Type": "cwc_minecraft_yellow_rn"}, {"Y": 3, "X": 0, "Z": 0, "Type": "cwc_minecraft_yellow_rn"}], "XPos": -3.107983248529404, "TimeAlive": 3985, "ZPos": 5.650109940672468, "Timestamp": "2018-04-13 21:07:15", "Yaw": 201.45016, "YPos": 2.372547955966086, "ScreenshotPath": "192635-Builder-chat.png", "BuilderGridRelative": [{"Y": -1, "X": 3, "Z": -6, "Type": "cwc_minecraft_red_rn"}, {"Y": -1, "X": 4, "Z": -6, "Type": "cwc_minecraft_red_rn"}, {"Y": -1, "X": 3, "Z": -5, "Type": "cwc_minecraft_yellow_rn"}, {"Y": 0, "X": 4, "Z": -6, "Type": "cwc_minecraft_red_rn"}, {"Y": 0, "X": 3, "Z": -5, "Type": "cwc_minecraft_yellow_rn"}, {"Y": 1, "X": 4, "Z": -6, "Type": "cwc_minecraft_red_rn"}, {"Y": 1, "X": 3, "Z": -5, "Type": "cwc_minecraft_yellow_rn"}, {"Y": 1, "X": 4, "Z": -5, "Type": "cwc_minecraft_yellow_rn"}], "DistanceTravelled": 555, "BuilderInventory": [{"Index": 0, "Type": "cwc_minecraft_red_rn", "Quantity": 16}, {"Index": 1, "Type": "cwc_minecraft_orange_rn", "Quantity": 20}, {"Index": 2, "Type": "cwc_minecraft_yellow_rn", "Quantity": 16}, {"Index": 3, "Type": "cwc_minecraft_green_rn", "Quantity": 20}, {"Index": 4, "Type": "cwc_minecraft_blue_rn", "Quantity": 20}, {"Index": 5, "Type": "cwc_minecraft_purple_rn", "Quantity": 20}], "Pitch": 12.3001}], "NumFixedViewers": 4, "TimeElapsed": 205.48659801483154}