{"WorldStates": [{"Timestamp": "2018-04-13 22:51:16", "Chat": ["<Builder> Mission has started."], "ScreenshotPath": "0-Builder-chat.png"}, {"BuilderGridAbsolute": [], "XPos": 0.0, "TimeAlive": 188, "ZPos": 0.0, "Timestamp": "2018-04-13 22:51:16", "Yaw": -12.45, "YPos": 1.0, "BuilderGridRelative": [], "DistanceTravelled": 0, "BuilderInventory": [{"Index": 0, "Type": "cwc_minecraft_red_rn", "Quantity": 20}, {"Index": 1, "Type": "cwc_minecraft_orange_rn", "Quantity": 20}, {"Index": 2, "Type": "cwc_minecraft_yellow_rn", "Quantity": 20}, {"Index": 3, "Type": "cwc_minecraft_green_rn", "Quantity": 20}, {"Index": 4, "Type": "cwc_minecraft_blue_rn", "Quantity": 20}, {"Index": 5, "Type": "cwc_minecraft_purple_rn", "Quantity": 20}], "Pitch": 36.149994}, {"Timestamp": "2018-04-13 22:51:20", "Chat": ["<Architect> hello"], "ScreenshotPath": "4910-Builder-chat.png"}, {"BuilderGridAbsolute": [], "XPos": 0.0, "TimeAlive": 286, "ZPos": 0.0, "Timestamp": "2018-04-13 22:51:20", "Yaw": -12.75, "YPos": 1.0, "BuilderGridRelative": [], "DistanceTravelled": 0, "BuilderInventory": [{"Index": 0, "Type": "cwc_minecraft_red_rn", "Quantity": 20}, {"Index": 1, "Type": "cwc_minecraft_orange_rn", "Quantity": 20}, {"Index": 2, "Type": "cwc_minecraft_yellow_rn", "Quantity": 20}, {"Index": 3, "Type": "cwc_minecraft_green_rn", "Quantity": 20}, {"Index": 4, "Type": "cwc_minecraft_blue_rn", "Quantity": 20}, {"Index": 5, "Type": "cwc_minecraft_purple_rn", "Quantity": 20}], "Pitch": 21.149996}, {"Timestamp": "2018-04-13 22:51:23", "Chat": ["<Builder> hi again!"], "ScreenshotPath": "7693-Builder-chat.png"}, {"BuilderGridAbsolute": [], "XPos": 0.0, "TimeAlive": 342, "ZPos": 0.0, "Timestamp": "2018-04-13 22:51:23", "Yaw": -12.75, "YPos": 1.0, "BuilderGridRelative": [], "DistanceTravelled": 0, "BuilderInventory": [{"Index": 0, "Type": "cwc_minecraft_red_rn", "Quantity": 20}, {"Index": 1, "Type": "cwc_minecraft_orange_rn", "Quantity": 20}, {"Index": 2, "Type": "cwc_minecraft_yellow_rn", "Quantity": 20}, {"Index": 3, "Type": "cwc_minecraft_green_rn", "Quantity": 20}, {"Index": 4, "Type": "cwc_minecraft_blue_rn", "Quantity": 20}, {"Index": 5, "Type": "cwc_minecraft_purple_rn", "Quantity": 20}], "Pitch": 21.149996}, {"Timestamp": "2018-04-13 22:51:34", "Chat": ["<Architect> so we are building a symetric structure"], "ScreenshotPath": "18275-Builder-chat.png"}, {"BuilderGridAbsolute": [], "XPos": -0.7746579081313355, "TimeAlive": 554, "ZPos": -2.4273996333978363, "Timestamp": "2018-04-13 22:51:34", "Yaw": -17.699999, "YPos": 1.0, "BuilderGridRelative": [], "DistanceTravelled": 256, "BuilderInventory": [{"Index": 0, "Type": "cwc_minecraft_red_rn", "Quantity": 20}, {"Index": 1, "Type": "cwc_minecraft_orange_rn", "Quantity": 20}, {"Index": 2, "Type": "cwc_minecraft_yellow_rn", "Quantity": 20}, {"Index": 3, "Type": "cwc_minecraft_green_rn", "Quantity": 20}, {"Index": 4, "Type": "cwc_minecraft_blue_rn", "Quantity": 20}, {"Index": 5, "Type": "cwc_minecraft_purple_rn", "Quantity": 20}], "Pitch": 39.74999}, {"Timestamp": "2018-04-13 22:51:46", "Chat": ["<Architect> lets start with a red block at some corner"]}, {"BuilderGridAbsolute": [], "XPos": 0.27059965417281606, "TimeAlive": 806, "ZPos": -2.656407632318628, "Timestamp": "2018-04-13 22:51:46", "Yaw": 1.0500242, "YPos": 1.0, "ScreenshotPath": "30922-Builder-chat.png", "BuilderGridRelative": [], "DistanceTravelled": 366, "BuilderInventory": [{"Index": 0, "Type": "cwc_minecraft_red_rn", "Quantity": 20}, {"Index": 1, "Type": "cwc_minecraft_orange_rn", "Quantity": 20}, {"Index": 2, "Type": "cwc_minecraft_yellow_rn", "Quantity": 20}, {"Index": 3, "Type": "cwc_minecraft_green_rn", "Quantity": 20}, {"Index": 4, "Type": "cwc_minecraft_blue_rn", "Quantity": 20}, {"Index": 5, "Type": "cwc_minecraft_purple_rn", "Quantity": 20}], "Pitch": 26.549974}, {"Timestamp": "2018-04-13 22:51:54", "Chat": ["<Architect> any corner is fine"]}, {"BuilderGridAbsolute": [], "XPos": 4.169565694525209, "TimeAlive": 955, "ZPos": 2.310335434772777, "Timestamp": "2018-04-13 22:51:54", "Yaw": -20.999987, "YPos": 1.0, "ScreenshotPath": "38375-Builder-chat.png", "BuilderGridRelative": [], "DistanceTravelled": 1016, "BuilderInventory": [{"Index": 0, "Type": "cwc_minecraft_red_rn", "Quantity": 20}, {"Index": 1, "Type": "cwc_minecraft_orange_rn", "Quantity": 20}, {"Index": 2, "Type": "cwc_minecraft_yellow_rn", "Quantity": 20}, {"Index": 3, "Type": "cwc_minecraft_green_rn", "Quantity": 20}, {"Index": 4, "Type": "cwc_minecraft_blue_rn", "Quantity": 20}, {"Index": 5, "Type": "cwc_minecraft_purple_rn", "Quantity": 20}], "Pitch": 27.14996}, {"BuilderGridAbsolute": [{"Y": 1, "X": 5, "Z": 5, "Type": "cwc_minecraft_red_rn"}], "XPos": 4.169565694525209, "TimeAlive": 972, "ZPos": 2.310335434772777, "Timestamp": "2018-04-13 22:51:55", "Yaw": -20.999987, "YPos": 1.0, "ScreenshotPath": "39271-Builder-putdown.png", "BuilderGridRelative": [{"Y": 0, "X": 1, "Z": 3, "Type": "cwc_minecraft_red_rn"}], "DistanceTravelled": 1016, "BuilderInventory": [{"Index": 0, "Type": "cwc_minecraft_red_rn", "Quantity": 19}, {"Index": 1, "Type": "cwc_minecraft_orange_rn", "Quantity": 20}, {"Index": 2, "Type": "cwc_minecraft_yellow_rn", "Quantity": 20}, {"Index": 3, "Type": "cwc_minecraft_green_rn", "Quantity": 20}, {"Index": 4, "Type": "cwc_minecraft_blue_rn", "Quantity": 20}, {"Index": 5, "Type": "cwc_minecraft_purple_rn", "Quantity": 20}], "Pitch": 27.14996}, {"Timestamp": "2018-04-13 22:52:07", "Chat": ["<Architect> place three more blocks each touching a face of the block you just placed"]}, {"BuilderGridAbsolute": [{"Y": 1, "X": 5, "Z": 5, "Type": "cwc_minecraft_red_rn"}], "XPos": 3.6326412194512088, "TimeAlive": 1227, "ZPos": 0.9060147478707887, "Timestamp": "2018-04-13 22:52:08", "Yaw": -20.999987, "YPos": 1.0, "ScreenshotPath": "51970-Builder-chat.png", "BuilderGridRelative": [{"Y": 0, "X": 2, "Z": 5, "Type": "cwc_minecraft_red_rn"}], "DistanceTravelled": 1166, "BuilderInventory": [{"Index": 0, "Type": "cwc_minecraft_red_rn", "Quantity": 19}, {"Index": 1, "Type": "cwc_minecraft_orange_rn", "Quantity": 20}, {"Index": 2, "Type": "cwc_minecraft_yellow_rn", "Quantity": 20}, {"Index": 3, "Type": "cwc_minecraft_green_rn", "Quantity": 20}, {"Index": 4, "Type": "cwc_minecraft_blue_rn", "Quantity": 20}, {"Index": 5, "Type": "cwc_minecraft_purple_rn", "Quantity": 20}], "Pitch": 27.14996}, {"BuilderGridAbsolute": [{"Y": 1, "X": 5, "Z": 4, "Type": "cwc_minecraft_red_rn"}, {"Y": 1, "X": 5, "Z": 5, "Type": "cwc_minecraft_red_rn"}], "XPos": 3.6326412194512088, "TimeAlive": 1351, "ZPos": 0.9060147478707887, "Timestamp": "2018-04-13 22:52:14", "Yaw": -24.899986, "YPos": 1.0, "ScreenshotPath": "58218-Builder-putdown.png", "BuilderGridRelative": [{"Y": 0, "X": 2, "Z": 4, "Type": "cwc_minecraft_red_rn"}, {"Y": 0, "X": 2, "Z": 5, "Type": "cwc_minecraft_red_rn"}], "DistanceTravelled": 1166, "BuilderInventory": [{"Index": 0, "Type": "cwc_minecraft_red_rn", "Quantity": 18}, {"Index": 1, "Type": "cwc_minecraft_orange_rn", "Quantity": 20}, {"Index": 2, "Type": "cwc_minecraft_yellow_rn", "Quantity": 20}, {"Index": 3, "Type": "cwc_minecraft_green_rn", "Quantity": 20}, {"Index": 4, "Type": "cwc_minecraft_blue_rn", "Quantity": 20}, {"Index": 5, "Type": "cwc_minecraft_purple_rn", "Quantity": 20}], "Pitch": 22.19996}, {"BuilderGridAbsolute": [{"Y": 1, "X": 5, "Z": 3, "Type": "cwc_minecraft_red_rn"}, {"Y": 1, "X": 5, "Z": 4, "Type": "cwc_minecraft_red_rn"}, {"Y": 1, "X": 5, "Z": 5, "Type": "cwc_minecraft_red_rn"}], "XPos": 3.6326412194512088, "TimeAlive": 1373, "ZPos": 0.9060147478707887, "Timestamp": "2018-04-13 22:52:15", "Yaw": -34.49999, "YPos": 1.0, "ScreenshotPath": "59318-Builder-putdown.png", "BuilderGridRelative": [{"Y": 0, "X": 2, "Z": 3, "Type": "cwc_minecraft_red_rn"}, {"Y": 0, "X": 2, "Z": 4, "Type": "cwc_minecraft_red_rn"}, {"Y": 0, "X": 2, "Z": 5, "Type": "cwc_minecraft_red_rn"}], "DistanceTravelled": 1166, "BuilderInventory": [{"Index": 0, "Type": "cwc_minecraft_red_rn", "Quantity": 17}, {"Index": 1, "Type": "cwc_minecraft_orange_rn", "Quantity": 20}, {"Index": 2, "Type": "cwc_minecraft_yellow_rn", "Quantity": 20}, {"Index": 3, "Type": "cwc_minecraft_green_rn", "Quantity": 20}, {"Index": 4, "Type": "cwc_minecraft_blue_rn", "Quantity": 20}, {"Index": 5, "Type": "cwc_minecraft_purple_rn", "Quantity": 20}], "Pitch": 25.79996}, {"BuilderGridAbsolute": [{"Y": 1, "X": 5, "Z": 4, "Type": "cwc_minecraft_red_rn"}, {"Y": 1, "X": 5, "Z": 5, "Type": "cwc_minecraft_red_rn"}], "XPos": 3.6326412194512088, "TimeAlive": 1395, "ZPos": 0.9060147478707887, "Timestamp": "2018-04-13 22:52:16", "Yaw": -34.49999, "YPos": 1.0, "BuilderGridRelative": [{"Y": 0, "X": 2, "Z": 4, "Type": "cwc_minecraft_red_rn"}, {"Y": 0, "X": 2, "Z": 5, "Type": "cwc_minecraft_red_rn"}], "DistanceTravelled": 1166, "BuilderInventory": [{"Index": 0, "Type": "cwc_minecraft_red_rn", "Quantity": 18}, {"Index": 1, "Type": "cwc_minecraft_orange_rn", "Quantity": 20}, {"Index": 2, "Type": "cwc_minecraft_yellow_rn", "Quantity": 20}, {"Index": 3, "Type": "cwc_minecraft_green_rn", "Quantity": 20}, {"Index": 4, "Type": "cwc_minecraft_blue_rn", "Quantity": 20}, {"Index": 5, "Type": "cwc_minecraft_purple_rn", "Quantity": 20}], "Pitch": 25.79996}, {"Timestamp": "2018-04-13 22:52:16", "ScreenshotPath": "60469-Builder-pickup.png"}, {"BuilderGridAbsolute": [{"Y": 1, "X": 5, "Z": 4, "Type": "cwc_minecraft_red_rn"}, {"Y": 1, "X": 4, "Z": 5, "Type": "cwc_minecraft_red_rn"}, {"Y": 1, "X": 5, "Z": 5, "Type": "cwc_minecraft_red_rn"}], "XPos": 3.8731503344123643, "TimeAlive": 1470, "ZPos": 2.3904544456439787, "Timestamp": "2018-04-13 22:52:20", "Yaw": -9.299987, "YPos": 1.0, "ScreenshotPath": "64168-Builder-putdown.png", "BuilderGridRelative": [{"Y": 0, "X": 2, "Z": 2, "Type": "cwc_minecraft_red_rn"}, {"Y": 0, "X": 1, "Z": 3, "Type": "cwc_minecraft_red_rn"}, {"Y": 0, "X": 2, "Z": 3, "Type": "cwc_minecraft_red_rn"}], "DistanceTravelled": 1316, "BuilderInventory": [{"Index": 0, "Type": "cwc_minecraft_red_rn", "Quantity": 17}, {"Index": 1, "Type": "cwc_minecraft_orange_rn", "Quantity": 20}, {"Index": 2, "Type": "cwc_minecraft_yellow_rn", "Quantity": 20}, {"Index": 3, "Type": "cwc_minecraft_green_rn", "Quantity": 20}, {"Index": 4, "Type": "cwc_minecraft_blue_rn", "Quantity": 20}, {"Index": 5, "Type": "cwc_minecraft_purple_rn", "Quantity": 20}], "Pitch": 26.54996}, {"BuilderGridAbsolute": [{"Y": 1, "X": 5, "Z": 4, "Type": "cwc_minecraft_red_rn"}, {"Y": 1, "X": 4, "Z": 5, "Type": "cwc_minecraft_red_rn"}, {"Y": 1, "X": 5, "Z": 5, "Type": "cwc_minecraft_red_rn"}, {"Y": 2, "X": 5, "Z": 5, "Type": "cwc_minecraft_red_rn"}], "XPos": 3.8731503344123643, "TimeAlive": 1515, "ZPos": 2.393491395625298, "Timestamp": "2018-04-13 22:52:22", "Yaw": -26.24999, "YPos": 1.0, "ScreenshotPath": "66417-Builder-putdown.png", "BuilderGridRelative": [{"Y": 0, "X": 2, "Z": 2, "Type": "cwc_minecraft_red_rn"}, {"Y": 0, "X": 1, "Z": 3, "Type": "cwc_minecraft_red_rn"}, {"Y": 0, "X": 2, "Z": 3, "Type": "cwc_minecraft_red_rn"}, {"Y": 1, "X": 2, "Z": 3, "Type": "cwc_minecraft_red_rn"}], "DistanceTravelled": 1316, "BuilderInventory": [{"Index": 0, "Type": "cwc_minecraft_red_rn", "Quantity": 16}, {"Index": 1, "Type": "cwc_minecraft_orange_rn", "Quantity": 20}, {"Index": 2, "Type": "cwc_minecraft_yellow_rn", "Quantity": 20}, {"Index": 3, "Type": "cwc_minecraft_green_rn", "Quantity": 20}, {"Index": 4, "Type": "cwc_minecraft_blue_rn", "Quantity": 20}, {"Index": 5, "Type": "cwc_minecraft_purple_rn", "Quantity": 20}], "Pitch": 11.249959}, {"Timestamp": "2018-04-13 22:52:26", "Chat": ["<Architect> yeah that good"], "ScreenshotPath": "70867-Builder-chat.png"}, {"BuilderGridAbsolute": [{"Y": 1, "X": 5, "Z": 4, "Type": "cwc_minecraft_red_rn"}, {"Y": 1, "X": 4, "Z": 5, "Type": "cwc_minecraft_red_rn"}, {"Y": 1, "X": 5, "Z": 5, "Type": "cwc_minecraft_red_rn"}, {"Y": 2, "X": 5, "Z": 5, "Type": "cwc_minecraft_red_rn"}], "XPos": 3.8731503344123643, "TimeAlive": 1606, "ZPos": 2.393491395625298, "Timestamp": "2018-04-13 22:52:26", "Yaw": -26.24999, "YPos": 1.0, "BuilderGridRelative": [{"Y": 0, "X": 2, "Z": 2, "Type": "cwc_minecraft_red_rn"}, {"Y": 0, "X": 1, "Z": 3, "Type": "cwc_minecraft_red_rn"}, {"Y": 0, "X": 2, "Z": 3, "Type": "cwc_minecraft_red_rn"}, {"Y": 1, "X": 2, "Z": 3, "Type": "cwc_minecraft_red_rn"}], "DistanceTravelled": 1316, "BuilderInventory": [{"Index": 0, "Type": "cwc_minecraft_red_rn", "Quantity": 16}, {"Index": 1, "Type": "cwc_minecraft_orange_rn", "Quantity": 20}, {"Index": 2, "Type": "cwc_minecraft_yellow_rn", "Quantity": 20}, {"Index": 3, "Type": "cwc_minecraft_green_rn", "Quantity": 20}, {"Index": 4, "Type": "cwc_minecraft_blue_rn", "Quantity": 20}, {"Index": 5, "Type": "cwc_minecraft_purple_rn", "Quantity": 20}], "Pitch": 11.249959}, {"Timestamp": "2018-04-13 22:52:29", "Chat": ["<Builder> cool"]}, {"Timestamp": "2018-04-13 22:52:30", "ScreenshotPath": "73915-Builder-chat.png"}, {"BuilderGridAbsolute": [{"Y": 1, "X": 5, "Z": 4, "Type": "cwc_minecraft_red_rn"}, {"Y": 1, "X": 4, "Z": 5, "Type": "cwc_minecraft_red_rn"}, {"Y": 1, "X": 5, "Z": 5, "Type": "cwc_minecraft_red_rn"}, {"Y": 2, "X": 5, "Z": 5, "Type": "cwc_minecraft_red_rn"}], "XPos": 3.8731503344123643, "TimeAlive": 1666, "ZPos": 2.393491395625298, "Timestamp": "2018-04-13 22:52:30", "Yaw": -26.24999, "YPos": 1.0, "BuilderGridRelative": [{"Y": 0, "X": 2, "Z": 2, "Type": "cwc_minecraft_red_rn"}, {"Y": 0, "X": 1, "Z": 3, "Type": "cwc_minecraft_red_rn"}, {"Y": 0, "X": 2, "Z": 3, "Type": "cwc_minecraft_red_rn"}, {"Y": 1, "X": 2, "Z": 3, "Type": "cwc_minecraft_red_rn"}], "DistanceTravelled": 1316, "BuilderInventory": [{"Index": 0, "Type": "cwc_minecraft_red_rn", "Quantity": 16}, {"Index": 1, "Type": "cwc_minecraft_orange_rn", "Quantity": 20}, {"Index": 2, "Type": "cwc_minecraft_yellow_rn", "Quantity": 20}, {"Index": 3, "Type": "cwc_minecraft_green_rn", "Quantity": 20}, {"Index": 4, "Type": "cwc_minecraft_blue_rn", "Quantity": 20}, {"Index": 5, "Type": "cwc_minecraft_purple_rn", "Quantity": 20}], "Pitch": 11.249959}, {"Timestamp": "2018-04-13 22:52:44", "Chat": ["<Architect> no on the opposite side place the same thing with green blocks"], "ScreenshotPath": "88814-Builder-chat.png"}, {"BuilderGridAbsolute": [{"Y": 1, "X": 5, "Z": 4, "Type": "cwc_minecraft_red_rn"}, {"Y": 1, "X": 4, "Z": 5, "Type": "cwc_minecraft_red_rn"}, {"Y": 1, "X": 5, "Z": 5, "Type": "cwc_minecraft_red_rn"}, {"Y": 2, "X": 5, "Z": 5, "Type": "cwc_minecraft_red_rn"}], "XPos": 3.206946024564182, "TimeAlive": 1964, "ZPos": 1.0461323238074058, "Timestamp": "2018-04-13 22:52:44", "Yaw": -18.899984, "YPos": 1.0, "BuilderGridRelative": [{"Y": 0, "X": 2, "Z": 3, "Type": "cwc_minecraft_red_rn"}, {"Y": 0, "X": 1, "Z": 4, "Type": "cwc_minecraft_red_rn"}, {"Y": 0, "X": 2, "Z": 4, "Type": "cwc_minecraft_red_rn"}, {"Y": 1, "X": 2, "Z": 4, "Type": "cwc_minecraft_red_rn"}], "DistanceTravelled": 1466, "BuilderInventory": [{"Index": 0, "Type": "cwc_minecraft_red_rn", "Quantity": 16}, {"Index": 1, "Type": "cwc_minecraft_orange_rn", "Quantity": 20}, {"Index": 2, "Type": "cwc_minecraft_yellow_rn", "Quantity": 20}, {"Index": 3, "Type": "cwc_minecraft_green_rn", "Quantity": 20}, {"Index": 4, "Type": "cwc_minecraft_blue_rn", "Quantity": 20}, {"Index": 5, "Type": "cwc_minecraft_purple_rn", "Quantity": 20}], "Pitch": 16.79996}, {"Timestamp": "2018-04-13 22:52:52", "Chat": ["<Architect> now*"], "ScreenshotPath": "96131-Builder-chat.png"}, {"BuilderGridAbsolute": [{"Y": 1, "X": 5, "Z": 4, "Type": "cwc_minecraft_red_rn"}, {"Y": 1, "X": 4, "Z": 5, "Type": "cwc_minecraft_red_rn"}, {"Y": 1, "X": 5, "Z": 5, "Type": "cwc_minecraft_red_rn"}, {"Y": 2, "X": 5, "Z": 5, "Type": "cwc_minecraft_red_rn"}], "XPos": 3.206946024564182, "TimeAlive": 2111, "ZPos": 1.0461323238074058, "Timestamp": "2018-04-13 22:52:52", "Yaw": 44.55002, "YPos": 1.0, "BuilderGridRelative": [{"Y": 0, "X": 2, "Z": 3, "Type": "cwc_minecraft_red_rn"}, {"Y": 0, "X": 1, "Z": 4, "Type": "cwc_minecraft_red_rn"}, {"Y": 0, "X": 2, "Z": 4, "Type": "cwc_minecraft_red_rn"}, {"Y": 1, "X": 2, "Z": 4, "Type": "cwc_minecraft_red_rn"}], "DistanceTravelled": 1466, "BuilderInventory": [{"Index": 0, "Type": "cwc_minecraft_red_rn", "Quantity": 16}, {"Index": 1, "Type": "cwc_minecraft_orange_rn", "Quantity": 20}, {"Index": 2, "Type": "cwc_minecraft_yellow_rn", "Quantity": 20}, {"Index": 3, "Type": "cwc_minecraft_green_rn", "Quantity": 20}, {"Index": 4, "Type": "cwc_minecraft_blue_rn", "Quantity": 20}, {"Index": 5, "Type": "cwc_minecraft_purple_rn", "Quantity": 20}], "Pitch": 14.399959}, {"BuilderGridAbsolute": [{"Y": 1, "X": 5, "Z": 4, "Type": "cwc_minecraft_red_rn"}, {"Y": 1, "X": -5, "Z": 5, "Type": "cwc_minecraft_green_rn"}, {"Y": 1, "X": 4, "Z": 5, "Type": "cwc_minecraft_red_rn"}, {"Y": 1, "X": 5, "Z": 5, "Type": "cwc_minecraft_red_rn"}, {"Y": 2, "X": 5, "Z": 5, "Type": "cwc_minecraft_red_rn"}], "XPos": -1.6154301268831712, "TimeAlive": 2225, "ZPos": 2.8174916066505578, "Timestamp": "2018-04-13 22:52:57", "Yaw": 46.65003, "YPos": 1.0, "BuilderGridRelative": [{"Y": 0, "X": 7, "Z": 2, "Type": "cwc_minecraft_red_rn"}, {"Y": 0, "X": -3, "Z": 3, "Type": "cwc_minecraft_green_rn"}, {"Y": 0, "X": 6, "Z": 3, "Type": "cwc_minecraft_red_rn"}, {"Y": 0, "X": 7, "Z": 3, "Type": "cwc_minecraft_red_rn"}, {"Y": 1, "X": 7, "Z": 3, "Type": "cwc_minecraft_red_rn"}], "DistanceTravelled": 2152, "BuilderInventory": [{"Index": 0, "Type": "cwc_minecraft_red_rn", "Quantity": 16}, {"Index": 1, "Type": "cwc_minecraft_orange_rn", "Quantity": 20}, {"Index": 2, "Type": "cwc_minecraft_yellow_rn", "Quantity": 20}, {"Index": 3, "Type": "cwc_minecraft_green_rn", "Quantity": 19}, {"Index": 4, "Type": "cwc_minecraft_blue_rn", "Quantity": 20}, {"Index": 5, "Type": "cwc_minecraft_purple_rn", "Quantity": 20}], "Pitch": 22.49995}, {"Timestamp": "2018-04-13 22:52:58", "ScreenshotPath": "101928-Builder-putdown.png"}, {"BuilderGridAbsolute": [{"Y": 1, "X": -5, "Z": 4, "Type": "cwc_minecraft_green_rn"}, {"Y": 1, "X": 5, "Z": 4, "Type": "cwc_minecraft_red_rn"}, {"Y": 1, "X": -5, "Z": 5, "Type": "cwc_minecraft_green_rn"}, {"Y": 1, "X": 4, "Z": 5, "Type": "cwc_minecraft_red_rn"}, {"Y": 1, "X": 5, "Z": 5, "Type": "cwc_minecraft_red_rn"}, {"Y": 2, "X": 5, "Z": 5, "Type": "cwc_minecraft_red_rn"}], "XPos": -1.6154301268831712, "TimeAlive": 2250, "ZPos": 2.8174916066505578, "Timestamp": "2018-04-13 22:52:58", "Yaw": 53.85004, "YPos": 1.0, "BuilderGridRelative": [{"Y": 0, "X": -3, "Z": 2, "Type": "cwc_minecraft_green_rn"}, {"Y": 0, "X": 7, "Z": 2, "Type": "cwc_minecraft_red_rn"}, {"Y": 0, "X": -3, "Z": 3, "Type": "cwc_minecraft_green_rn"}, {"Y": 0, "X": 6, "Z": 3, "Type": "cwc_minecraft_red_rn"}, {"Y": 0, "X": 7, "Z": 3, "Type": "cwc_minecraft_red_rn"}, {"Y": 1, "X": 7, "Z": 3, "Type": "cwc_minecraft_red_rn"}], "DistanceTravelled": 2152, "BuilderInventory": [{"Index": 0, "Type": "cwc_minecraft_red_rn", "Quantity": 16}, {"Index": 1, "Type": "cwc_minecraft_orange_rn", "Quantity": 20}, {"Index": 2, "Type": "cwc_minecraft_yellow_rn", "Quantity": 20}, {"Index": 3, "Type": "cwc_minecraft_green_rn", "Quantity": 18}, {"Index": 4, "Type": "cwc_minecraft_blue_rn", "Quantity": 20}, {"Index": 5, "Type": "cwc_minecraft_purple_rn", "Quantity": 20}], "Pitch": 27.149948}, {"Timestamp": "2018-04-13 22:52:59", "ScreenshotPath": "103177-Builder-putdown.png"}, {"BuilderGridAbsolute": [{"Y": 1, "X": -5, "Z": 4, "Type": "cwc_minecraft_green_rn"}, {"Y": 1, "X": 5, "Z": 4, "Type": "cwc_minecraft_red_rn"}, {"Y": 1, "X": -5, "Z": 5, "Type": "cwc_minecraft_green_rn"}, {"Y": 1, "X": -4, "Z": 5, "Type": "cwc_minecraft_green_rn"}, {"Y": 1, "X": 4, "Z": 5, "Type": "cwc_minecraft_red_rn"}, {"Y": 1, "X": 5, "Z": 5, "Type": "cwc_minecraft_red_rn"}, {"Y": 2, "X": 5, "Z": 5, "Type": "cwc_minecraft_red_rn"}], "XPos": -1.6154301268831712, "TimeAlive": 2271, "ZPos": 2.8174916066505578, "Timestamp": "2018-04-13 22:52:59", "Yaw": 33.15004, "YPos": 1.0, "BuilderGridRelative": [{"Y": 0, "X": -3, "Z": 2, "Type": "cwc_minecraft_green_rn"}, {"Y": 0, "X": 7, "Z": 2, "Type": "cwc_minecraft_red_rn"}, {"Y": 0, "X": -3, "Z": 3, "Type": "cwc_minecraft_green_rn"}, {"Y": 0, "X": -2, "Z": 3, "Type": "cwc_minecraft_green_rn"}, {"Y": 0, "X": 6, "Z": 3, "Type": "cwc_minecraft_red_rn"}, {"Y": 0, "X": 7, "Z": 3, "Type": "cwc_minecraft_red_rn"}, {"Y": 1, "X": 7, "Z": 3, "Type": "cwc_minecraft_red_rn"}], "DistanceTravelled": 2152, "BuilderInventory": [{"Index": 0, "Type": "cwc_minecraft_red_rn", "Quantity": 16}, {"Index": 1, "Type": "cwc_minecraft_orange_rn", "Quantity": 20}, {"Index": 2, "Type": "cwc_minecraft_yellow_rn", "Quantity": 20}, {"Index": 3, "Type": "cwc_minecraft_green_rn", "Quantity": 17}, {"Index": 4, "Type": "cwc_minecraft_blue_rn", "Quantity": 20}, {"Index": 5, "Type": "cwc_minecraft_purple_rn", "Quantity": 20}], "Pitch": 30.149948}, {"Timestamp": "2018-04-13 22:53:00", "ScreenshotPath": "104228-Builder-putdown.png"}, {"Timestamp": "2018-04-13 22:53:01", "Chat": ["<Architect> diagonally opposite sorry"]}, {"BuilderGridAbsolute": [{"Y": 1, "X": -5, "Z": 4, "Type": "cwc_minecraft_green_rn"}, {"Y": 1, "X": 5, "Z": 4, "Type": "cwc_minecraft_red_rn"}, {"Y": 1, "X": -5, "Z": 5, "Type": "cwc_minecraft_green_rn"}, {"Y": 1, "X": -4, "Z": 5, "Type": "cwc_minecraft_green_rn"}, {"Y": 1, "X": 4, "Z": 5, "Type": "cwc_minecraft_red_rn"}, {"Y": 1, "X": 5, "Z": 5, "Type": "cwc_minecraft_red_rn"}, {"Y": 2, "X": 5, "Z": 5, "Type": "cwc_minecraft_red_rn"}], "XPos": -1.6154301268831712, "TimeAlive": 2293, "ZPos": 2.8174916066505578, "Timestamp": "2018-04-13 22:53:01", "Yaw": 44.700043, "YPos": 1.0, "ScreenshotPath": "105277-Builder-chat.png", "BuilderGridRelative": [{"Y": 0, "X": -3, "Z": 2, "Type": "cwc_minecraft_green_rn"}, {"Y": 0, "X": 7, "Z": 2, "Type": "cwc_minecraft_red_rn"}, {"Y": 0, "X": -3, "Z": 3, "Type": "cwc_minecraft_green_rn"}, {"Y": 0, "X": -2, "Z": 3, "Type": "cwc_minecraft_green_rn"}, {"Y": 0, "X": 6, "Z": 3, "Type": "cwc_minecraft_red_rn"}, {"Y": 0, "X": 7, "Z": 3, "Type": "cwc_minecraft_red_rn"}, {"Y": 1, "X": 7, "Z": 3, "Type": "cwc_minecraft_red_rn"}], "DistanceTravelled": 2152, "BuilderInventory": [{"Index": 0, "Type": "cwc_minecraft_red_rn", "Quantity": 16}, {"Index": 1, "Type": "cwc_minecraft_orange_rn", "Quantity": 20}, {"Index": 2, "Type": "cwc_minecraft_yellow_rn", "Quantity": 20}, {"Index": 3, "Type": "cwc_minecraft_green_rn", "Quantity": 17}, {"Index": 4, "Type": "cwc_minecraft_blue_rn", "Quantity": 20}, {"Index": 5, "Type": "cwc_minecraft_purple_rn", "Quantity": 20}], "Pitch": 6.449949}, {"BuilderGridAbsolute": [{"Y": 1, "X": -5, "Z": 4, "Type": "cwc_minecraft_green_rn"}, {"Y": 1, "X": 5, "Z": 4, "Type": "cwc_minecraft_red_rn"}, {"Y": 1, "X": -5, "Z": 5, "Type": "cwc_minecraft_green_rn"}, {"Y": 1, "X": -4, "Z": 5, "Type": "cwc_minecraft_green_rn"}, {"Y": 1, "X": 4, "Z": 5, "Type": "cwc_minecraft_red_rn"}, {"Y": 1, "X": 5, "Z": 5, "Type": "cwc_minecraft_red_rn"}, {"Y": 2, "X": -5, "Z": 5, "Type": "cwc_minecraft_green_rn"}, {"Y": 2, "X": 5, "Z": 5, "Type": "cwc_minecraft_red_rn"}], "XPos": -1.6154301268831712, "TimeAlive": 2305, "ZPos": 2.8174916066505578, "Timestamp": "2018-04-13 22:53:01", "Yaw": 47.25004, "YPos": 1.0, "BuilderGridRelative": [{"Y": 0, "X": -3, "Z": 2, "Type": "cwc_minecraft_green_rn"}, {"Y": 0, "X": 7, "Z": 2, "Type": "cwc_minecraft_red_rn"}, {"Y": 0, "X": -3, "Z": 3, "Type": "cwc_minecraft_green_rn"}, {"Y": 0, "X": -2, "Z": 3, "Type": "cwc_minecraft_green_rn"}, {"Y": 0, "X": 6, "Z": 3, "Type": "cwc_minecraft_red_rn"}, {"Y": 0, "X": 7, "Z": 3, "Type": "cwc_minecraft_red_rn"}, {"Y": 1, "X": -3, "Z": 3, "Type": "cwc_minecraft_green_rn"}, {"Y": 1, "X": 7, "Z": 3, "Type": "cwc_minecraft_red_rn"}], "DistanceTravelled": 2152, "BuilderInventory": [{"Index": 0, "Type": "cwc_minecraft_red_rn", "Quantity": 16}, {"Index": 1, "Type": "cwc_minecraft_orange_rn", "Quantity": 20}, {"Index": 2, "Type": "cwc_minecraft_yellow_rn", "Quantity": 20}, {"Index": 3, "Type": "cwc_minecraft_green_rn", "Quantity": 16}, {"Index": 4, "Type": "cwc_minecraft_blue_rn", "Quantity": 20}, {"Index": 5, "Type": "cwc_minecraft_purple_rn", "Quantity": 20}], "Pitch": 7.949949}, {"Timestamp": "2018-04-13 22:53:02", "ScreenshotPath": "105927-Builder-putdown.png"}, {"BuilderGridAbsolute": [{"Y": 1, "X": -5, "Z": 4, "Type": "cwc_minecraft_green_rn"}, {"Y": 1, "X": 5, "Z": 4, "Type": "cwc_minecraft_red_rn"}, {"Y": 1, "X": -5, "Z": 5, "Type": "cwc_minecraft_green_rn"}, {"Y": 1, "X": -4, "Z": 5, "Type": "cwc_minecraft_green_rn"}, {"Y": 1, "X": 4, "Z": 5, "Type": "cwc_minecraft_red_rn"}, {"Y": 1, "X": 5, "Z": 5, "Type": "cwc_minecraft_red_rn"}, {"Y": 2, "X": 5, "Z": 5, "Type": "cwc_minecraft_red_rn"}], "XPos": -1.6154301268831712, "TimeAlive": 2324, "ZPos": 2.8174916066505578, "Timestamp": "2018-04-13 22:53:02", "Yaw": 47.40004, "YPos": 1.0, "BuilderGridRelative": [{"Y": 0, "X": -3, "Z": 2, "Type": "cwc_minecraft_green_rn"}, {"Y": 0, "X": 7, "Z": 2, "Type": "cwc_minecraft_red_rn"}, {"Y": 0, "X": -3, "Z": 3, "Type": "cwc_minecraft_green_rn"}, {"Y": 0, "X": -2, "Z": 3, "Type": "cwc_minecraft_green_rn"}, {"Y": 0, "X": 6, "Z": 3, "Type": "cwc_minecraft_red_rn"}, {"Y": 0, "X": 7, "Z": 3, "Type": "cwc_minecraft_red_rn"}, {"Y": 1, "X": 7, "Z": 3, "Type": "cwc_minecraft_red_rn"}], "DistanceTravelled": 2152, "BuilderInventory": [{"Index": 0, "Type": "cwc_minecraft_red_rn", "Quantity": 16}, {"Index": 1, "Type": "cwc_minecraft_orange_rn", "Quantity": 20}, {"Index": 2, "Type": "cwc_minecraft_yellow_rn", "Quantity": 20}, {"Index": 3, "Type": "cwc_minecraft_green_rn", "Quantity": 17}, {"Index": 4, "Type": "cwc_minecraft_blue_rn", "Quantity": 20}, {"Index": 5, "Type": "cwc_minecraft_purple_rn", "Quantity": 20}], "Pitch": 7.7999487}, {"Timestamp": "2018-04-13 22:53:03", "ScreenshotPath": "106927-Builder-pickup.png"}, {"BuilderGridAbsolute": [{"Y": 1, "X": -5, "Z": 4, "Type": "cwc_minecraft_green_rn"}, {"Y": 1, "X": 5, "Z": 4, "Type": "cwc_minecraft_red_rn"}, {"Y": 1, "X": -5, "Z": 5, "Type": "cwc_minecraft_green_rn"}, {"Y": 1, "X": 4, "Z": 5, "Type": "cwc_minecraft_red_rn"}, {"Y": 1, "X": 5, "Z": 5, "Type": "cwc_minecraft_red_rn"}, {"Y": 2, "X": 5, "Z": 5, "Type": "cwc_minecraft_red_rn"}], "XPos": -1.6154301268831712, "TimeAlive": 2342, "ZPos": 2.8174916066505578, "Timestamp": "2018-04-13 22:53:03", "Yaw": 47.40004, "YPos": 1.0, "BuilderGridRelative": [{"Y": 0, "X": -3, "Z": 2, "Type": "cwc_minecraft_green_rn"}, {"Y": 0, "X": 7, "Z": 2, "Type": "cwc_minecraft_red_rn"}, {"Y": 0, "X": -3, "Z": 3, "Type": "cwc_minecraft_green_rn"}, {"Y": 0, "X": 6, "Z": 3, "Type": "cwc_minecraft_red_rn"}, {"Y": 0, "X": 7, "Z": 3, "Type": "cwc_minecraft_red_rn"}, {"Y": 1, "X": 7, "Z": 3, "Type": "cwc_minecraft_red_rn"}], "DistanceTravelled": 2152, "BuilderInventory": [{"Index": 0, "Type": "cwc_minecraft_red_rn", "Quantity": 16}, {"Index": 1, "Type": "cwc_minecraft_orange_rn", "Quantity": 20}, {"Index": 2, "Type": "cwc_minecraft_yellow_rn", "Quantity": 20}, {"Index": 3, "Type": "cwc_minecraft_green_rn", "Quantity": 18}, {"Index": 4, "Type": "cwc_minecraft_blue_rn", "Quantity": 20}, {"Index": 5, "Type": "cwc_minecraft_purple_rn", "Quantity": 20}], "Pitch": 16.04995}, {"Timestamp": "2018-04-13 22:53:03", "ScreenshotPath": "107827-Builder-pickup.png"}, {"BuilderGridAbsolute": [{"Y": 1, "X": 5, "Z": 4, "Type": "cwc_minecraft_red_rn"}, {"Y": 1, "X": -5, "Z": 5, "Type": "cwc_minecraft_green_rn"}, {"Y": 1, "X": 4, "Z": 5, "Type": "cwc_minecraft_red_rn"}, {"Y": 1, "X": 5, "Z": 5, "Type": "cwc_minecraft_red_rn"}, {"Y": 2, "X": 5, "Z": 5, "Type": "cwc_minecraft_red_rn"}], "XPos": -1.6154301268831712, "TimeAlive": 2353, "ZPos": 2.8174916066505578, "Timestamp": "2018-04-13 22:53:04", "Yaw": 56.100037, "YPos": 1.0, "BuilderGridRelative": [{"Y": 0, "X": 7, "Z": 2, "Type": "cwc_minecraft_red_rn"}, {"Y": 0, "X": -3, "Z": 3, "Type": "cwc_minecraft_green_rn"}, {"Y": 0, "X": 6, "Z": 3, "Type": "cwc_minecraft_red_rn"}, {"Y": 0, "X": 7, "Z": 3, "Type": "cwc_minecraft_red_rn"}, {"Y": 1, "X": 7, "Z": 3, "Type": "cwc_minecraft_red_rn"}], "DistanceTravelled": 2152, "BuilderInventory": [{"Index": 0, "Type": "cwc_minecraft_red_rn", "Quantity": 16}, {"Index": 1, "Type": "cwc_minecraft_orange_rn", "Quantity": 20}, {"Index": 2, "Type": "cwc_minecraft_yellow_rn", "Quantity": 20}, {"Index": 3, "Type": "cwc_minecraft_green_rn", "Quantity": 19}, {"Index": 4, "Type": "cwc_minecraft_blue_rn", "Quantity": 20}, {"Index": 5, "Type": "cwc_minecraft_purple_rn", "Quantity": 20}], "Pitch": 16.04995}, {"Timestamp": "2018-04-13 22:53:04", "ScreenshotPath": "108377-Builder-pickup.png"}, {"BuilderGridAbsolute": [{"Y": 1, "X": 5, "Z": 4, "Type": "cwc_minecraft_red_rn"}, {"Y": 1, "X": 4, "Z": 5, "Type": "cwc_minecraft_red_rn"}, {"Y": 1, "X": 5, "Z": 5, "Type": "cwc_minecraft_red_rn"}, {"Y": 2, "X": 5, "Z": 5, "Type": "cwc_minecraft_red_rn"}], "XPos": -1.6154301268831712, "TimeAlive": 2370, "ZPos": 2.8174916066505578, "Timestamp": "2018-04-13 22:53:04", "Yaw": 47.40004, "YPos": 1.0, "BuilderGridRelative": [{"Y": 0, "X": 7, "Z": 2, "Type": "cwc_minecraft_red_rn"}, {"Y": 0, "X": 6, "Z": 3, "Type": "cwc_minecraft_red_rn"}, {"Y": 0, "X": 7, "Z": 3, "Type": "cwc_minecraft_red_rn"}, {"Y": 1, "X": 7, "Z": 3, "Type": "cwc_minecraft_red_rn"}], "DistanceTravelled": 2152, "BuilderInventory": [{"Index": 0, "Type": "cwc_minecraft_red_rn", "Quantity": 16}, {"Index": 1, "Type": "cwc_minecraft_orange_rn", "Quantity": 20}, {"Index": 2, "Type": "cwc_minecraft_yellow_rn", "Quantity": 20}, {"Index": 3, "Type": "cwc_minecraft_green_rn", "Quantity": 20}, {"Index": 4, "Type": "cwc_minecraft_blue_rn", "Quantity": 20}, {"Index": 5, "Type": "cwc_minecraft_purple_rn", "Quantity": 20}], "Pitch": 15.29995}, {"Timestamp": "2018-04-13 22:53:05", "ScreenshotPath": "109226-Builder-pickup.png"}, {"BuilderGridAbsolute": [{"Y": 1, "X": 5, "Z": 4, "Type": "cwc_minecraft_red_rn"}, {"Y": 1, "X": -5, "Z": 5, "Type": "cwc_minecraft_green_rn"}, {"Y": 1, "X": 4, "Z": 5, "Type": "cwc_minecraft_red_rn"}, {"Y": 1, "X": 5, "Z": 5, "Type": "cwc_minecraft_red_rn"}, {"Y": 2, "X": 5, "Z": 5, "Type": "cwc_minecraft_red_rn"}], "XPos": -1.6154301268831712, "TimeAlive": 2475, "ZPos": 2.8174916066505578, "Timestamp": "2018-04-13 22:53:10", "Yaw": 48.000183, "YPos": 1.0, "BuilderGridRelative": [{"Y": 0, "X": 7, "Z": 2, "Type": "cwc_minecraft_red_rn"}, {"Y": 0, "X": -3, "Z": 3, "Type": "cwc_minecraft_green_rn"}, {"Y": 0, "X": 6, "Z": 3, "Type": "cwc_minecraft_red_rn"}, {"Y": 0, "X": 7, "Z": 3, "Type": "cwc_minecraft_red_rn"}, {"Y": 1, "X": 7, "Z": 3, "Type": "cwc_minecraft_red_rn"}], "DistanceTravelled": 2152, "BuilderInventory": [{"Index": 0, "Type": "cwc_minecraft_red_rn", "Quantity": 16}, {"Index": 1, "Type": "cwc_minecraft_orange_rn", "Quantity": 20}, {"Index": 2, "Type": "cwc_minecraft_yellow_rn", "Quantity": 20}, {"Index": 3, "Type": "cwc_minecraft_green_rn", "Quantity": 19}, {"Index": 4, "Type": "cwc_minecraft_blue_rn", "Quantity": 20}, {"Index": 5, "Type": "cwc_minecraft_purple_rn", "Quantity": 20}], "Pitch": 22.349949}, {"Timestamp": "2018-04-13 22:53:10", "ScreenshotPath": "114426-Builder-putdown.png"}, {"BuilderGridAbsolute": [{"Y": 1, "X": 5, "Z": 4, "Type": "cwc_minecraft_red_rn"}, {"Y": 1, "X": -5, "Z": 5, "Type": "cwc_minecraft_green_rn"}, {"Y": 1, "X": 4, "Z": 5, "Type": "cwc_minecraft_red_rn"}, {"Y": 1, "X": 5, "Z": 5, "Type": "cwc_minecraft_red_rn"}, {"Y": 2, "X": -5, "Z": 5, "Type": "cwc_minecraft_green_rn"}, {"Y": 2, "X": 5, "Z": 5, "Type": "cwc_minecraft_red_rn"}], "XPos": -1.6154301268831712, "TimeAlive": 2503, "ZPos": 2.8174916066505578, "Timestamp": "2018-04-13 22:53:11", "Yaw": 46.80017, "YPos": 1.0, "BuilderGridRelative": [{"Y": 0, "X": 7, "Z": 2, "Type": "cwc_minecraft_red_rn"}, {"Y": 0, "X": -3, "Z": 3, "Type": "cwc_minecraft_green_rn"}, {"Y": 0, "X": 6, "Z": 3, "Type": "cwc_minecraft_red_rn"}, {"Y": 0, "X": 7, "Z": 3, "Type": "cwc_minecraft_red_rn"}, {"Y": 1, "X": -3, "Z": 3, "Type": "cwc_minecraft_green_rn"}, {"Y": 1, "X": 7, "Z": 3, "Type": "cwc_minecraft_red_rn"}], "DistanceTravelled": 2152, "BuilderInventory": [{"Index": 0, "Type": "cwc_minecraft_red_rn", "Quantity": 16}, {"Index": 1, "Type": "cwc_minecraft_orange_rn", "Quantity": 20}, {"Index": 2, "Type": "cwc_minecraft_yellow_rn", "Quantity": 20}, {"Index": 3, "Type": "cwc_minecraft_green_rn", "Quantity": 18}, {"Index": 4, "Type": "cwc_minecraft_blue_rn", "Quantity": 20}, {"Index": 5, "Type": "cwc_minecraft_purple_rn", "Quantity": 20}], "Pitch": 9.899946}, {"Timestamp": "2018-04-13 22:53:11", "ScreenshotPath": "115826-Builder-putdown.png"}, {"BuilderGridAbsolute": [{"Y": 1, "X": -5, "Z": 4, "Type": "cwc_minecraft_green_rn"}, {"Y": 1, "X": 5, "Z": 4, "Type": "cwc_minecraft_red_rn"}, {"Y": 1, "X": -5, "Z": 5, "Type": "cwc_minecraft_green_rn"}, {"Y": 1, "X": 4, "Z": 5, "Type": "cwc_minecraft_red_rn"}, {"Y": 1, "X": 5, "Z": 5, "Type": "cwc_minecraft_red_rn"}, {"Y": 2, "X": -5, "Z": 5, "Type": "cwc_minecraft_green_rn"}, {"Y": 2, "X": 5, "Z": 5, "Type": "cwc_minecraft_red_rn"}], "XPos": -1.6154301268831712, "TimeAlive": 2529, "ZPos": 2.8174916066505578, "Timestamp": "2018-04-13 22:53:12", "Yaw": 61.35019, "YPos": 1.0, "BuilderGridRelative": [{"Y": 0, "X": -3, "Z": 2, "Type": "cwc_minecraft_green_rn"}, {"Y": 0, "X": 7, "Z": 2, "Type": "cwc_minecraft_red_rn"}, {"Y": 0, "X": -3, "Z": 3, "Type": "cwc_minecraft_green_rn"}, {"Y": 0, "X": 6, "Z": 3, "Type": "cwc_minecraft_red_rn"}, {"Y": 0, "X": 7, "Z": 3, "Type": "cwc_minecraft_red_rn"}, {"Y": 1, "X": -3, "Z": 3, "Type": "cwc_minecraft_green_rn"}, {"Y": 1, "X": 7, "Z": 3, "Type": "cwc_minecraft_red_rn"}], "DistanceTravelled": 2152, "BuilderInventory": [{"Index": 0, "Type": "cwc_minecraft_red_rn", "Quantity": 16}, {"Index": 1, "Type": "cwc_minecraft_orange_rn", "Quantity": 20}, {"Index": 2, "Type": "cwc_minecraft_yellow_rn", "Quantity": 20}, {"Index": 3, "Type": "cwc_minecraft_green_rn", "Quantity": 17}, {"Index": 4, "Type": "cwc_minecraft_blue_rn", "Quantity": 20}, {"Index": 5, "Type": "cwc_minecraft_purple_rn", "Quantity": 20}], "Pitch": 28.04995}, {"Timestamp": "2018-04-13 22:53:13", "ScreenshotPath": "117125-Builder-putdown.png"}, {"BuilderGridAbsolute": [{"Y": 1, "X": -5, "Z": 4, "Type": "cwc_minecraft_green_rn"}, {"Y": 1, "X": 5, "Z": 4, "Type": "cwc_minecraft_red_rn"}, {"Y": 1, "X": -5, "Z": 5, "Type": "cwc_minecraft_green_rn"}, {"Y": 1, "X": -4, "Z": 5, "Type": "cwc_minecraft_green_rn"}, {"Y": 1, "X": 4, "Z": 5, "Type": "cwc_minecraft_red_rn"}, {"Y": 1, "X": 5, "Z": 5, "Type": "cwc_minecraft_red_rn"}, {"Y": 2, "X": -5, "Z": 5, "Type": "cwc_minecraft_green_rn"}, {"Y": 2, "X": 5, "Z": 5, "Type": "cwc_minecraft_red_rn"}], "XPos": -1.6154301268831712, "TimeAlive": 2548, "ZPos": 2.8174916066505578, "Timestamp": "2018-04-13 22:53:13", "Yaw": 33.000214, "YPos": 1.0, "BuilderGridRelative": [{"Y": 0, "X": -3, "Z": 2, "Type": "cwc_minecraft_green_rn"}, {"Y": 0, "X": 7, "Z": 2, "Type": "cwc_minecraft_red_rn"}, {"Y": 0, "X": -3, "Z": 3, "Type": "cwc_minecraft_green_rn"}, {"Y": 0, "X": -2, "Z": 3, "Type": "cwc_minecraft_green_rn"}, {"Y": 0, "X": 6, "Z": 3, "Type": "cwc_minecraft_red_rn"}, {"Y": 0, "X": 7, "Z": 3, "Type": "cwc_minecraft_red_rn"}, {"Y": 1, "X": -3, "Z": 3, "Type": "cwc_minecraft_green_rn"}, {"Y": 1, "X": 7, "Z": 3, "Type": "cwc_minecraft_red_rn"}], "DistanceTravelled": 2152, "BuilderInventory": [{"Index": 0, "Type": "cwc_minecraft_red_rn", "Quantity": 16}, {"Index": 1, "Type": "cwc_minecraft_orange_rn", "Quantity": 20}, {"Index": 2, "Type": "cwc_minecraft_yellow_rn", "Quantity": 20}, {"Index": 3, "Type": "cwc_minecraft_green_rn", "Quantity": 16}, {"Index": 4, "Type": "cwc_minecraft_blue_rn", "Quantity": 20}, {"Index": 5, "Type": "cwc_minecraft_purple_rn", "Quantity": 20}], "Pitch": 28.34995}, {"Timestamp": "2018-04-13 22:53:14", "ScreenshotPath": "118075-Builder-putdown.png"}, {"Timestamp": "2018-04-13 22:54:00", "Chat": ["<Architect> hmm.. can you place those blocks on the diagonally opposite corner of the red blocks?"]}, {"Timestamp": "2018-04-13 22:54:01", "ScreenshotPath": "165118-Builder-chat.png"}, {"BuilderGridAbsolute": [{"Y": 1, "X": -5, "Z": 4, "Type": "cwc_minecraft_green_rn"}, {"Y": 1, "X": 5, "Z": 4, "Type": "cwc_minecraft_red_rn"}, {"Y": 1, "X": -5, "Z": 5, "Type": "cwc_minecraft_green_rn"}, {"Y": 1, "X": -4, "Z": 5, "Type": "cwc_minecraft_green_rn"}, {"Y": 1, "X": 4, "Z": 5, "Type": "cwc_minecraft_red_rn"}, {"Y": 1, "X": 5, "Z": 5, "Type": "cwc_minecraft_red_rn"}, {"Y": 2, "X": -5, "Z": 5, "Type": "cwc_minecraft_green_rn"}, {"Y": 2, "X": 5, "Z": 5, "Type": "cwc_minecraft_red_rn"}], "XPos": -1.6154301268831712, "TimeAlive": 3490, "ZPos": 2.8174916066505578, "Timestamp": "2018-04-13 22:54:01", "Yaw": 63.750336, "YPos": 1.0, "BuilderGridRelative": [{"Y": 0, "X": -3, "Z": 2, "Type": "cwc_minecraft_green_rn"}, {"Y": 0, "X": 7, "Z": 2, "Type": "cwc_minecraft_red_rn"}, {"Y": 0, "X": -3, "Z": 3, "Type": "cwc_minecraft_green_rn"}, {"Y": 0, "X": -2, "Z": 3, "Type": "cwc_minecraft_green_rn"}, {"Y": 0, "X": 6, "Z": 3, "Type": "cwc_minecraft_red_rn"}, {"Y": 0, "X": 7, "Z": 3, "Type": "cwc_minecraft_red_rn"}, {"Y": 1, "X": -3, "Z": 3, "Type": "cwc_minecraft_green_rn"}, {"Y": 1, "X": 7, "Z": 3, "Type": "cwc_minecraft_red_rn"}], "DistanceTravelled": 2152, "BuilderInventory": [{"Index": 0, "Type": "cwc_minecraft_red_rn", "Quantity": 16}, {"Index": 1, "Type": "cwc_minecraft_orange_rn", "Quantity": 20}, {"Index": 2, "Type": "cwc_minecraft_yellow_rn", "Quantity": 20}, {"Index": 3, "Type": "cwc_minecraft_green_rn", "Quantity": 16}, {"Index": 4, "Type": "cwc_minecraft_blue_rn", "Quantity": 20}, {"Index": 5, "Type": "cwc_minecraft_purple_rn", "Quantity": 20}], "Pitch": 18.449955}, {"Timestamp": "2018-04-13 22:54:15", "Chat": ["<Builder> oh, wwo, sorry!"], "ScreenshotPath": "179715-Builder-chat.png"}, {"BuilderGridAbsolute": [{"Y": 1, "X": -5, "Z": 4, "Type": "cwc_minecraft_green_rn"}, {"Y": 1, "X": 5, "Z": 4, "Type": "cwc_minecraft_red_rn"}, {"Y": 1, "X": -5, "Z": 5, "Type": "cwc_minecraft_green_rn"}, {"Y": 1, "X": -4, "Z": 5, "Type": "cwc_minecraft_green_rn"}, {"Y": 1, "X": 4, "Z": 5, "Type": "cwc_minecraft_red_rn"}, {"Y": 1, "X": 5, "Z": 5, "Type": "cwc_minecraft_red_rn"}, {"Y": 2, "X": -5, "Z": 5, "Type": "cwc_minecraft_green_rn"}, {"Y": 2, "X": 5, "Z": 5, "Type": "cwc_minecraft_red_rn"}], "XPos": -1.6154301268831712, "TimeAlive": 3782, "ZPos": 2.8174916066505578, "Timestamp": "2018-04-13 22:54:15", "Yaw": 49.05011, "YPos": 1.0, "BuilderGridRelative": [{"Y": 0, "X": -3, "Z": 2, "Type": "cwc_minecraft_green_rn"}, {"Y": 0, "X": 7, "Z": 2, "Type": "cwc_minecraft_red_rn"}, {"Y": 0, "X": -3, "Z": 3, "Type": "cwc_minecraft_green_rn"}, {"Y": 0, "X": -2, "Z": 3, "Type": "cwc_minecraft_green_rn"}, {"Y": 0, "X": 6, "Z": 3, "Type": "cwc_minecraft_red_rn"}, {"Y": 0, "X": 7, "Z": 3, "Type": "cwc_minecraft_red_rn"}, {"Y": 1, "X": -3, "Z": 3, "Type": "cwc_minecraft_green_rn"}, {"Y": 1, "X": 7, "Z": 3, "Type": "cwc_minecraft_red_rn"}], "DistanceTravelled": 2152, "BuilderInventory": [{"Index": 0, "Type": "cwc_minecraft_red_rn", "Quantity": 16}, {"Index": 1, "Type": "cwc_minecraft_orange_rn", "Quantity": 20}, {"Index": 2, "Type": "cwc_minecraft_yellow_rn", "Quantity": 20}, {"Index": 3, "Type": "cwc_minecraft_green_rn", "Quantity": 16}, {"Index": 4, "Type": "cwc_minecraft_blue_rn", "Quantity": 20}, {"Index": 5, "Type": "cwc_minecraft_purple_rn", "Quantity": 20}], "Pitch": 19.04996}, {"BuilderGridAbsolute": [{"Y": 1, "X": -5, "Z": 4, "Type": "cwc_minecraft_green_rn"}, {"Y": 1, "X": 5, "Z": 4, "Type": "cwc_minecraft_red_rn"}, {"Y": 1, "X": -5, "Z": 5, "Type": "cwc_minecraft_green_rn"}, {"Y": 1, "X": 4, "Z": 5, "Type": "cwc_minecraft_red_rn"}, {"Y": 1, "X": 5, "Z": 5, "Type": "cwc_minecraft_red_rn"}, {"Y": 2, "X": -5, "Z": 5, "Type": "cwc_minecraft_green_rn"}, {"Y": 2, "X": 5, "Z": 5, "Type": "cwc_minecraft_red_rn"}], "XPos": -1.6154301268831712, "TimeAlive": 3810, "ZPos": 2.8174916066505578, "Timestamp": "2018-04-13 22:54:16", "Yaw": 43.500122, "YPos": 1.0, "BuilderGridRelative": [{"Y": 0, "X": -3, "Z": 2, "Type": "cwc_minecraft_green_rn"}, {"Y": 0, "X": 7, "Z": 2, "Type": "cwc_minecraft_red_rn"}, {"Y": 0, "X": -3, "Z": 3, "Type": "cwc_minecraft_green_rn"}, {"Y": 0, "X": 6, "Z": 3, "Type": "cwc_minecraft_red_rn"}, {"Y": 0, "X": 7, "Z": 3, "Type": "cwc_minecraft_red_rn"}, {"Y": 1, "X": -3, "Z": 3, "Type": "cwc_minecraft_green_rn"}, {"Y": 1, "X": 7, "Z": 3, "Type": "cwc_minecraft_red_rn"}], "DistanceTravelled": 2152, "BuilderInventory": [{"Index": 0, "Type": "cwc_minecraft_red_rn", "Quantity": 16}, {"Index": 1, "Type": "cwc_minecraft_orange_rn", "Quantity": 20}, {"Index": 2, "Type": "cwc_minecraft_yellow_rn", "Quantity": 20}, {"Index": 3, "Type": "cwc_minecraft_green_rn", "Quantity": 17}, {"Index": 4, "Type": "cwc_minecraft_blue_rn", "Quantity": 20}, {"Index": 5, "Type": "cwc_minecraft_purple_rn", "Quantity": 20}], "Pitch": 17.099962}, {"Timestamp": "2018-04-13 22:54:17", "ScreenshotPath": "181215-Builder-pickup.png"}, {"BuilderGridAbsolute": [{"Y": 1, "X": 5, "Z": 4, "Type": "cwc_minecraft_red_rn"}, {"Y": 1, "X": -5, "Z": 5, "Type": "cwc_minecraft_green_rn"}, {"Y": 1, "X": 4, "Z": 5, "Type": "cwc_minecraft_red_rn"}, {"Y": 1, "X": 5, "Z": 5, "Type": "cwc_minecraft_red_rn"}, {"Y": 2, "X": -5, "Z": 5, "Type": "cwc_minecraft_green_rn"}, {"Y": 2, "X": 5, "Z": 5, "Type": "cwc_minecraft_red_rn"}], "XPos": -1.6154301268831712, "TimeAlive": 3830, "ZPos": 2.8174916066505578, "Timestamp": "2018-04-13 22:54:17", "Yaw": 63.30011, "YPos": 1.0, "BuilderGridRelative": [{"Y": 0, "X": 7, "Z": 2, "Type": "cwc_minecraft_red_rn"}, {"Y": 0, "X": -3, "Z": 3, "Type": "cwc_minecraft_green_rn"}, {"Y": 0, "X": 6, "Z": 3, "Type": "cwc_minecraft_red_rn"}, {"Y": 0, "X": 7, "Z": 3, "Type": "cwc_minecraft_red_rn"}, {"Y": 1, "X": -3, "Z": 3, "Type": "cwc_minecraft_green_rn"}, {"Y": 1, "X": 7, "Z": 3, "Type": "cwc_minecraft_red_rn"}], "DistanceTravelled": 2152, "BuilderInventory": [{"Index": 0, "Type": "cwc_minecraft_red_rn", "Quantity": 16}, {"Index": 1, "Type": "cwc_minecraft_orange_rn", "Quantity": 20}, {"Index": 2, "Type": "cwc_minecraft_yellow_rn", "Quantity": 20}, {"Index": 3, "Type": "cwc_minecraft_green_rn", "Quantity": 18}, {"Index": 4, "Type": "cwc_minecraft_blue_rn", "Quantity": 20}, {"Index": 5, "Type": "cwc_minecraft_purple_rn", "Quantity": 20}], "Pitch": 19.79996}, {"Timestamp": "2018-04-13 22:54:18", "ScreenshotPath": "182217-Builder-pickup.png"}, {"BuilderGridAbsolute": [{"Y": 1, "X": 5, "Z": 4, "Type": "cwc_minecraft_red_rn"}, {"Y": 1, "X": 4, "Z": 5, "Type": "cwc_minecraft_red_rn"}, {"Y": 1, "X": 5, "Z": 5, "Type": "cwc_minecraft_red_rn"}, {"Y": 2, "X": -5, "Z": 5, "Type": "cwc_minecraft_green_rn"}, {"Y": 2, "X": 5, "Z": 5, "Type": "cwc_minecraft_red_rn"}], "XPos": -1.6154301268831712, "TimeAlive": 3849, "ZPos": 2.8174916066505578, "Timestamp": "2018-04-13 22:54:18", "Yaw": 47.700165, "YPos": 1.0, "BuilderGridRelative": [{"Y": 0, "X": 7, "Z": 2, "Type": "cwc_minecraft_red_rn"}, {"Y": 0, "X": 6, "Z": 3, "Type": "cwc_minecraft_red_rn"}, {"Y": 0, "X": 7, "Z": 3, "Type": "cwc_minecraft_red_rn"}, {"Y": 1, "X": -3, "Z": 3, "Type": "cwc_minecraft_green_rn"}, {"Y": 1, "X": 7, "Z": 3, "Type": "cwc_minecraft_red_rn"}], "DistanceTravelled": 2152, "BuilderInventory": [{"Index": 0, "Type": "cwc_minecraft_red_rn", "Quantity": 16}, {"Index": 1, "Type": "cwc_minecraft_orange_rn", "Quantity": 20}, {"Index": 2, "Type": "cwc_minecraft_yellow_rn", "Quantity": 20}, {"Index": 3, "Type": "cwc_minecraft_green_rn", "Quantity": 19}, {"Index": 4, "Type": "cwc_minecraft_blue_rn", "Quantity": 20}, {"Index": 5, "Type": "cwc_minecraft_purple_rn", "Quantity": 20}], "Pitch": 17.84996}, {"Timestamp": "2018-04-13 22:54:19", "ScreenshotPath": "183167-Builder-pickup.png"}, {"BuilderGridAbsolute": [{"Y": 1, "X": 5, "Z": 4, "Type": "cwc_minecraft_red_rn"}, {"Y": 1, "X": 4, "Z": 5, "Type": "cwc_minecraft_red_rn"}, {"Y": 1, "X": 5, "Z": 5, "Type": "cwc_minecraft_red_rn"}, {"Y": 2, "X": 5, "Z": 5, "Type": "cwc_minecraft_red_rn"}], "XPos": -1.6154301268831712, "TimeAlive": 3878, "ZPos": 2.8174916066505578, "Timestamp": "2018-04-13 22:54:20", "Yaw": 45.900177, "YPos": 1.0, "BuilderGridRelative": [{"Y": 0, "X": 7, "Z": 2, "Type": "cwc_minecraft_red_rn"}, {"Y": 0, "X": 6, "Z": 3, "Type": "cwc_minecraft_red_rn"}, {"Y": 0, "X": 7, "Z": 3, "Type": "cwc_minecraft_red_rn"}, {"Y": 1, "X": 7, "Z": 3, "Type": "cwc_minecraft_red_rn"}], "DistanceTravelled": 2152, "BuilderInventory": [{"Index": 0, "Type": "cwc_minecraft_red_rn", "Quantity": 16}, {"Index": 1, "Type": "cwc_minecraft_orange_rn", "Quantity": 20}, {"Index": 2, "Type": "cwc_minecraft_yellow_rn", "Quantity": 20}, {"Index": 3, "Type": "cwc_minecraft_green_rn", "Quantity": 20}, {"Index": 4, "Type": "cwc_minecraft_blue_rn", "Quantity": 20}, {"Index": 5, "Type": "cwc_minecraft_purple_rn", "Quantity": 20}], "Pitch": 2.6999621}, {"Timestamp": "2018-04-13 22:54:20", "ScreenshotPath": "184616-Builder-pickup.png"}, {"Timestamp": "2018-04-13 22:54:50", "Chat": ["<Builder> here?"]}, {"BuilderGridAbsolute": [{"Y": 1, "X": 5, "Z": 4, "Type": "cwc_minecraft_red_rn"}, {"Y": 1, "X": 4, "Z": 5, "Type": "cwc_minecraft_red_rn"}, {"Y": 1, "X": 5, "Z": 5, "Type": "cwc_minecraft_red_rn"}, {"Y": 2, "X": 5, "Z": 5, "Type": "cwc_minecraft_red_rn"}], "XPos": -4.108183232863809, "TimeAlive": 4491, "ZPos": -0.8215532103989563, "Timestamp": "2018-04-13 22:54:51", "Yaw": 175.35034, "YPos": 1.0, "ScreenshotPath": "215177-Builder-chat.png", "BuilderGridRelative": [{"Y": 0, "X": 10, "Z": 5, "Type": "cwc_minecraft_red_rn"}, {"Y": 0, "X": 9, "Z": 6, "Type": "cwc_minecraft_red_rn"}, {"Y": 0, "X": 10, "Z": 6, "Type": "cwc_minecraft_red_rn"}, {"Y": 1, "X": 10, "Z": 6, "Type": "cwc_minecraft_red_rn"}], "DistanceTravelled": 3568, "BuilderInventory": [{"Index": 0, "Type": "cwc_minecraft_red_rn", "Quantity": 16}, {"Index": 1, "Type": "cwc_minecraft_orange_rn", "Quantity": 20}, {"Index": 2, "Type": "cwc_minecraft_yellow_rn", "Quantity": 20}, {"Index": 3, "Type": "cwc_minecraft_green_rn", "Quantity": 20}, {"Index": 4, "Type": "cwc_minecraft_blue_rn", "Quantity": 20}, {"Index": 5, "Type": "cwc_minecraft_purple_rn", "Quantity": 20}], "Pitch": 23.999962}, {"Timestamp": "2018-04-13 22:54:57", "Chat": ["<Architect> yeah in that corner"]}, {"BuilderGridAbsolute": [{"Y": 1, "X": 5, "Z": 4, "Type": "cwc_minecraft_red_rn"}, {"Y": 1, "X": 4, "Z": 5, "Type": "cwc_minecraft_red_rn"}, {"Y": 1, "X": 5, "Z": 5, "Type": "cwc_minecraft_red_rn"}, {"Y": 2, "X": 5, "Z": 5, "Type": "cwc_minecraft_red_rn"}], "XPos": -4.108183232863809, "TimeAlive": 4628, "ZPos": -0.8215532103989563, "Timestamp": "2018-04-13 22:54:58", "Yaw": 180.60034, "YPos": 3.8671894073592856, "ScreenshotPath": "222028-Builder-chat.png", "BuilderGridRelative": [{"Y": -2, "X": 10, "Z": 5, "Type": "cwc_minecraft_red_rn"}, {"Y": -2, "X": 9, "Z": 6, "Type": "cwc_minecraft_red_rn"}, {"Y": -2, "X": 10, "Z": 6, "Type": "cwc_minecraft_red_rn"}, {"Y": -1, "X": 10, "Z": 6, "Type": "cwc_minecraft_red_rn"}], "DistanceTravelled": 3568, "BuilderInventory": [{"Index": 0, "Type": "cwc_minecraft_red_rn", "Quantity": 16}, {"Index": 1, "Type": "cwc_minecraft_orange_rn", "Quantity": 20}, {"Index": 2, "Type": "cwc_minecraft_yellow_rn", "Quantity": 20}, {"Index": 3, "Type": "cwc_minecraft_green_rn", "Quantity": 20}, {"Index": 4, "Type": "cwc_minecraft_blue_rn", "Quantity": 20}, {"Index": 5, "Type": "cwc_minecraft_purple_rn", "Quantity": 20}], "Pitch": 45.59994}, {"BuilderGridAbsolute": [{"Y": 1, "X": -5, "Z": -5, "Type": "cwc_minecraft_green_rn"}, {"Y": 1, "X": 5, "Z": 4, "Type": "cwc_minecraft_red_rn"}, {"Y": 1, "X": 4, "Z": 5, "Type": "cwc_minecraft_red_rn"}, {"Y": 1, "X": 5, "Z": 5, "Type": "cwc_minecraft_red_rn"}, {"Y": 2, "X": 5, "Z": 5, "Type": "cwc_minecraft_red_rn"}], "XPos": -4.108183232863808, "TimeAlive": 4761, "ZPos": -0.8215532103989571, "Timestamp": "2018-04-13 22:55:04", "Yaw": 178.65033, "YPos": 1.0, "BuilderGridRelative": [{"Y": 0, "X": 0, "Z": -4, "Type": "cwc_minecraft_green_rn"}, {"Y": 0, "X": 10, "Z": 5, "Type": "cwc_minecraft_red_rn"}, {"Y": 0, "X": 9, "Z": 6, "Type": "cwc_minecraft_red_rn"}, {"Y": 0, "X": 10, "Z": 6, "Type": "cwc_minecraft_red_rn"}, {"Y": 1, "X": 10, "Z": 6, "Type": "cwc_minecraft_red_rn"}], "DistanceTravelled": 3568, "BuilderInventory": [{"Index": 0, "Type": "cwc_minecraft_red_rn", "Quantity": 16}, {"Index": 1, "Type": "cwc_minecraft_orange_rn", "Quantity": 20}, {"Index": 2, "Type": "cwc_minecraft_yellow_rn", "Quantity": 20}, {"Index": 3, "Type": "cwc_minecraft_green_rn", "Quantity": 19}, {"Index": 4, "Type": "cwc_minecraft_blue_rn", "Quantity": 20}, {"Index": 5, "Type": "cwc_minecraft_purple_rn", "Quantity": 20}], "Pitch": 26.099932}, {"Timestamp": "2018-04-13 22:55:04", "ScreenshotPath": "228724-Builder-putdown.png"}, {"BuilderGridAbsolute": [{"Y": 1, "X": -5, "Z": -5, "Type": "cwc_minecraft_green_rn"}, {"Y": 1, "X": 5, "Z": 4, "Type": "cwc_minecraft_red_rn"}, {"Y": 1, "X": 4, "Z": 5, "Type": "cwc_minecraft_red_rn"}, {"Y": 1, "X": 5, "Z": 5, "Type": "cwc_minecraft_red_rn"}, {"Y": 2, "X": -5, "Z": -5, "Type": "cwc_minecraft_green_rn"}, {"Y": 2, "X": 5, "Z": 5, "Type": "cwc_minecraft_red_rn"}], "XPos": -4.108183232863808, "TimeAlive": 4807, "ZPos": -0.8215532103989571, "Timestamp": "2018-04-13 22:55:06", "Yaw": 174.30011, "YPos": 1.0, "BuilderGridRelative": [{"Y": 0, "X": 0, "Z": -4, "Type": "cwc_minecraft_green_rn"}, {"Y": 0, "X": 10, "Z": 5, "Type": "cwc_minecraft_red_rn"}, {"Y": 0, "X": 9, "Z": 6, "Type": "cwc_minecraft_red_rn"}, {"Y": 0, "X": 10, "Z": 6, "Type": "cwc_minecraft_red_rn"}, {"Y": 1, "X": 0, "Z": -4, "Type": "cwc_minecraft_green_rn"}, {"Y": 1, "X": 10, "Z": 6, "Type": "cwc_minecraft_red_rn"}], "DistanceTravelled": 3568, "BuilderInventory": [{"Index": 0, "Type": "cwc_minecraft_red_rn", "Quantity": 16}, {"Index": 1, "Type": "cwc_minecraft_orange_rn", "Quantity": 20}, {"Index": 2, "Type": "cwc_minecraft_yellow_rn", "Quantity": 20}, {"Index": 3, "Type": "cwc_minecraft_green_rn", "Quantity": 18}, {"Index": 4, "Type": "cwc_minecraft_blue_rn", "Quantity": 20}, {"Index": 5, "Type": "cwc_minecraft_purple_rn", "Quantity": 20}], "Pitch": 10.199934}, {"Timestamp": "2018-04-13 22:55:07", "ScreenshotPath": "231023-Builder-putdown.png"}, {"BuilderGridAbsolute": [{"Y": 1, "X": -5, "Z": -5, "Type": "cwc_minecraft_green_rn"}, {"Y": 1, "X": -4, "Z": -5, "Type": "cwc_minecraft_green_rn"}, {"Y": 1, "X": 5, "Z": 4, "Type": "cwc_minecraft_red_rn"}, {"Y": 1, "X": 4, "Z": 5, "Type": "cwc_minecraft_red_rn"}, {"Y": 1, "X": 5, "Z": 5, "Type": "cwc_minecraft_red_rn"}, {"Y": 2, "X": -5, "Z": -5, "Type": "cwc_minecraft_green_rn"}, {"Y": 2, "X": 5, "Z": 5, "Type": "cwc_minecraft_red_rn"}], "XPos": -4.108183232863808, "TimeAlive": 4836, "ZPos": -0.8215532103989571, "Timestamp": "2018-04-13 22:55:08", "Yaw": 193.8003, "YPos": 1.0, "BuilderGridRelative": [{"Y": 0, "X": 0, "Z": -4, "Type": "cwc_minecraft_green_rn"}, {"Y": 0, "X": 1, "Z": -4, "Type": "cwc_minecraft_green_rn"}, {"Y": 0, "X": 10, "Z": 5, "Type": "cwc_minecraft_red_rn"}, {"Y": 0, "X": 9, "Z": 6, "Type": "cwc_minecraft_red_rn"}, {"Y": 0, "X": 10, "Z": 6, "Type": "cwc_minecraft_red_rn"}, {"Y": 1, "X": 0, "Z": -4, "Type": "cwc_minecraft_green_rn"}, {"Y": 1, "X": 10, "Z": 6, "Type": "cwc_minecraft_red_rn"}], "DistanceTravelled": 3568, "BuilderInventory": [{"Index": 0, "Type": "cwc_minecraft_red_rn", "Quantity": 16}, {"Index": 1, "Type": "cwc_minecraft_orange_rn", "Quantity": 20}, {"Index": 2, "Type": "cwc_minecraft_yellow_rn", "Quantity": 20}, {"Index": 3, "Type": "cwc_minecraft_green_rn", "Quantity": 17}, {"Index": 4, "Type": "cwc_minecraft_blue_rn", "Quantity": 20}, {"Index": 5, "Type": "cwc_minecraft_purple_rn", "Quantity": 20}], "Pitch": 24.449934}, {"Timestamp": "2018-04-13 22:55:08", "ScreenshotPath": "232475-Builder-putdown.png"}, {"BuilderGridAbsolute": [{"Y": 1, "X": -5, "Z": -5, "Type": "cwc_minecraft_green_rn"}, {"Y": 1, "X": -4, "Z": -5, "Type": "cwc_minecraft_green_rn"}, {"Y": 1, "X": -5, "Z": -4, "Type": "cwc_minecraft_green_rn"}, {"Y": 1, "X": 5, "Z": 4, "Type": "cwc_minecraft_red_rn"}, {"Y": 1, "X": 4, "Z": 5, "Type": "cwc_minecraft_red_rn"}, {"Y": 1, "X": 5, "Z": 5, "Type": "cwc_minecraft_red_rn"}, {"Y": 2, "X": -5, "Z": -5, "Type": "cwc_minecraft_green_rn"}, {"Y": 2, "X": 5, "Z": 5, "Type": "cwc_minecraft_red_rn"}], "XPos": -4.108183232863808, "TimeAlive": 4856, "ZPos": -0.8215532103989571, "Timestamp": "2018-04-13 22:55:09", "Yaw": 165.60034, "YPos": 1.0, "BuilderGridRelative": [{"Y": 0, "X": 0, "Z": -4, "Type": "cwc_minecraft_green_rn"}, {"Y": 0, "X": 1, "Z": -4, "Type": "cwc_minecraft_green_rn"}, {"Y": 0, "X": 0, "Z": -3, "Type": "cwc_minecraft_green_rn"}, {"Y": 0, "X": 10, "Z": 5, "Type": "cwc_minecraft_red_rn"}, {"Y": 0, "X": 9, "Z": 6, "Type": "cwc_minecraft_red_rn"}, {"Y": 0, "X": 10, "Z": 6, "Type": "cwc_minecraft_red_rn"}, {"Y": 1, "X": 0, "Z": -4, "Type": "cwc_minecraft_green_rn"}, {"Y": 1, "X": 10, "Z": 6, "Type": "cwc_minecraft_red_rn"}], "DistanceTravelled": 3568, "BuilderInventory": [{"Index": 0, "Type": "cwc_minecraft_red_rn", "Quantity": 16}, {"Index": 1, "Type": "cwc_minecraft_orange_rn", "Quantity": 20}, {"Index": 2, "Type": "cwc_minecraft_yellow_rn", "Quantity": 20}, {"Index": 3, "Type": "cwc_minecraft_green_rn", "Quantity": 16}, {"Index": 4, "Type": "cwc_minecraft_blue_rn", "Quantity": 20}, {"Index": 5, "Type": "cwc_minecraft_purple_rn", "Quantity": 20}], "Pitch": 32.999924}, {"Timestamp": "2018-04-13 22:55:09", "ScreenshotPath": "233473-Builder-putdown.png"}, {"Timestamp": "2018-04-13 22:55:30", "Chat": ["<Architect> okay now where you had the green blocks before build the same thing but with yellow blocks"]}, {"BuilderGridAbsolute": [{"Y": 1, "X": -5, "Z": -5, "Type": "cwc_minecraft_green_rn"}, {"Y": 1, "X": -4, "Z": -5, "Type": "cwc_minecraft_green_rn"}, {"Y": 1, "X": -5, "Z": -4, "Type": "cwc_minecraft_green_rn"}, {"Y": 1, "X": 5, "Z": 4, "Type": "cwc_minecraft_red_rn"}, {"Y": 1, "X": 4, "Z": 5, "Type": "cwc_minecraft_red_rn"}, {"Y": 1, "X": 5, "Z": 5, "Type": "cwc_minecraft_red_rn"}, {"Y": 2, "X": -5, "Z": -5, "Type": "cwc_minecraft_green_rn"}, {"Y": 2, "X": 5, "Z": 5, "Type": "cwc_minecraft_red_rn"}], "XPos": -4.108183232863808, "TimeAlive": 5287, "ZPos": -0.8215532103989571, "Timestamp": "2018-04-13 22:55:31", "Yaw": 205.20099, "YPos": 1.0, "ScreenshotPath": "254972-Builder-chat.png", "BuilderGridRelative": [{"Y": 0, "X": 0, "Z": -4, "Type": "cwc_minecraft_green_rn"}, {"Y": 0, "X": 1, "Z": -4, "Type": "cwc_minecraft_green_rn"}, {"Y": 0, "X": 0, "Z": -3, "Type": "cwc_minecraft_green_rn"}, {"Y": 0, "X": 10, "Z": 5, "Type": "cwc_minecraft_red_rn"}, {"Y": 0, "X": 9, "Z": 6, "Type": "cwc_minecraft_red_rn"}, {"Y": 0, "X": 10, "Z": 6, "Type": "cwc_minecraft_red_rn"}, {"Y": 1, "X": 0, "Z": -4, "Type": "cwc_minecraft_green_rn"}, {"Y": 1, "X": 10, "Z": 6, "Type": "cwc_minecraft_red_rn"}], "DistanceTravelled": 3568, "BuilderInventory": [{"Index": 0, "Type": "cwc_minecraft_red_rn", "Quantity": 16}, {"Index": 1, "Type": "cwc_minecraft_orange_rn", "Quantity": 20}, {"Index": 2, "Type": "cwc_minecraft_yellow_rn", "Quantity": 20}, {"Index": 3, "Type": "cwc_minecraft_green_rn", "Quantity": 16}, {"Index": 4, "Type": "cwc_minecraft_blue_rn", "Quantity": 20}, {"Index": 5, "Type": "cwc_minecraft_purple_rn", "Quantity": 20}], "Pitch": 23.849924}, {"BuilderGridAbsolute": [{"Y": 1, "X": -5, "Z": -5, "Type": "cwc_minecraft_green_rn"}, {"Y": 1, "X": -4, "Z": -5, "Type": "cwc_minecraft_green_rn"}, {"Y": 1, "X": -5, "Z": -4, "Type": "cwc_minecraft_green_rn"}, {"Y": 1, "X": 5, "Z": 4, "Type": "cwc_minecraft_red_rn"}, {"Y": 1, "X": -5, "Z": 5, "Type": "cwc_minecraft_yellow_rn"}, {"Y": 1, "X": 4, "Z": 5, "Type": "cwc_minecraft_red_rn"}, {"Y": 1, "X": 5, "Z": 5, "Type": "cwc_minecraft_red_rn"}, {"Y": 2, "X": -5, "Z": -5, "Type": "cwc_minecraft_green_rn"}, {"Y": 2, "X": 5, "Z": 5, "Type": "cwc_minecraft_red_rn"}], "XPos": -4.332769384298376, "TimeAlive": 5503, "ZPos": 2.8371209926945733, "Timestamp": "2018-04-13 22:55:41", "Yaw": 3.0010376, "YPos": 1.0, "ScreenshotPath": "265818-Builder-putdown.png", "BuilderGridRelative": [{"Y": 0, "X": 0, "Z": -7, "Type": "cwc_minecraft_green_rn"}, {"Y": 0, "X": 1, "Z": -7, "Type": "cwc_minecraft_green_rn"}, {"Y": 0, "X": 0, "Z": -6, "Type": "cwc_minecraft_green_rn"}, {"Y": 0, "X": 10, "Z": 2, "Type": "cwc_minecraft_red_rn"}, {"Y": 0, "X": 0, "Z": 3, "Type": "cwc_minecraft_yellow_rn"}, {"Y": 0, "X": 9, "Z": 3, "Type": "cwc_minecraft_red_rn"}, {"Y": 0, "X": 10, "Z": 3, "Type": "cwc_minecraft_red_rn"}, {"Y": 1, "X": 0, "Z": -7, "Type": "cwc_minecraft_green_rn"}, {"Y": 1, "X": 10, "Z": 3, "Type": "cwc_minecraft_red_rn"}], "DistanceTravelled": 3938, "BuilderInventory": [{"Index": 0, "Type": "cwc_minecraft_red_rn", "Quantity": 16}, {"Index": 1, "Type": "cwc_minecraft_orange_rn", "Quantity": 20}, {"Index": 2, "Type": "cwc_minecraft_yellow_rn", "Quantity": 19}, {"Index": 3, "Type": "cwc_minecraft_green_rn", "Quantity": 16}, {"Index": 4, "Type": "cwc_minecraft_blue_rn", "Quantity": 20}, {"Index": 5, "Type": "cwc_minecraft_purple_rn", "Quantity": 20}], "Pitch": 34.499916}, {"BuilderGridAbsolute": [{"Y": 1, "X": -5, "Z": -5, "Type": "cwc_minecraft_green_rn"}, {"Y": 1, "X": -4, "Z": -5, "Type": "cwc_minecraft_green_rn"}, {"Y": 1, "X": -5, "Z": -4, "Type": "cwc_minecraft_green_rn"}, {"Y": 1, "X": -5, "Z": 4, "Type": "cwc_minecraft_yellow_rn"}, {"Y": 1, "X": 5, "Z": 4, "Type": "cwc_minecraft_red_rn"}, {"Y": 1, "X": -5, "Z": 5, "Type": "cwc_minecraft_yellow_rn"}, {"Y": 1, "X": 4, "Z": 5, "Type": "cwc_minecraft_red_rn"}, {"Y": 1, "X": 5, "Z": 5, "Type": "cwc_minecraft_red_rn"}, {"Y": 2, "X": -5, "Z": -5, "Type": "cwc_minecraft_green_rn"}, {"Y": 2, "X": 5, "Z": 5, "Type": "cwc_minecraft_red_rn"}], "XPos": -4.332769384298376, "TimeAlive": 5524, "ZPos": 2.8371209926945733, "Timestamp": "2018-04-13 22:55:42", "Yaw": 1.5008545, "YPos": 1.0, "ScreenshotPath": "266870-Builder-putdown.png", "BuilderGridRelative": [{"Y": 0, "X": 0, "Z": -7, "Type": "cwc_minecraft_green_rn"}, {"Y": 0, "X": 1, "Z": -7, "Type": "cwc_minecraft_green_rn"}, {"Y": 0, "X": 0, "Z": -6, "Type": "cwc_minecraft_green_rn"}, {"Y": 0, "X": 0, "Z": 2, "Type": "cwc_minecraft_yellow_rn"}, {"Y": 0, "X": 10, "Z": 2, "Type": "cwc_minecraft_red_rn"}, {"Y": 0, "X": 0, "Z": 3, "Type": "cwc_minecraft_yellow_rn"}, {"Y": 0, "X": 9, "Z": 3, "Type": "cwc_minecraft_red_rn"}, {"Y": 0, "X": 10, "Z": 3, "Type": "cwc_minecraft_red_rn"}, {"Y": 1, "X": 0, "Z": -7, "Type": "cwc_minecraft_green_rn"}, {"Y": 1, "X": 10, "Z": 3, "Type": "cwc_minecraft_red_rn"}], "DistanceTravelled": 3938, "BuilderInventory": [{"Index": 0, "Type": "cwc_minecraft_red_rn", "Quantity": 16}, {"Index": 1, "Type": "cwc_minecraft_orange_rn", "Quantity": 20}, {"Index": 2, "Type": "cwc_minecraft_yellow_rn", "Quantity": 18}, {"Index": 3, "Type": "cwc_minecraft_green_rn", "Quantity": 16}, {"Index": 4, "Type": "cwc_minecraft_blue_rn", "Quantity": 20}, {"Index": 5, "Type": "cwc_minecraft_purple_rn", "Quantity": 20}], "Pitch": 44.849915}, {"BuilderGridAbsolute": [{"Y": 1, "X": -5, "Z": -5, "Type": "cwc_minecraft_green_rn"}, {"Y": 1, "X": -4, "Z": -5, "Type": "cwc_minecraft_green_rn"}, {"Y": 1, "X": -5, "Z": -4, "Type": "cwc_minecraft_green_rn"}, {"Y": 1, "X": -5, "Z": 4, "Type": "cwc_minecraft_yellow_rn"}, {"Y": 1, "X": 5, "Z": 4, "Type": "cwc_minecraft_red_rn"}, {"Y": 1, "X": -5, "Z": 5, "Type": "cwc_minecraft_yellow_rn"}, {"Y": 1, "X": 4, "Z": 5, "Type": "cwc_minecraft_red_rn"}, {"Y": 1, "X": 5, "Z": 5, "Type": "cwc_minecraft_red_rn"}, {"Y": 2, "X": -5, "Z": -5, "Type": "cwc_minecraft_green_rn"}, {"Y": 2, "X": -5, "Z": 5, "Type": "cwc_minecraft_yellow_rn"}, {"Y": 2, "X": 5, "Z": 5, "Type": "cwc_minecraft_red_rn"}], "XPos": -4.332769384298376, "TimeAlive": 5547, "ZPos": 2.8371209926945733, "Timestamp": "2018-04-13 22:55:44", "Yaw": 4.2009277, "YPos": 1.0, "ScreenshotPath": "268017-Builder-putdown.png", "BuilderGridRelative": [{"Y": 0, "X": 0, "Z": -7, "Type": "cwc_minecraft_green_rn"}, {"Y": 0, "X": 1, "Z": -7, "Type": "cwc_minecraft_green_rn"}, {"Y": 0, "X": 0, "Z": -6, "Type": "cwc_minecraft_green_rn"}, {"Y": 0, "X": 0, "Z": 2, "Type": "cwc_minecraft_yellow_rn"}, {"Y": 0, "X": 10, "Z": 2, "Type": "cwc_minecraft_red_rn"}, {"Y": 0, "X": 0, "Z": 3, "Type": "cwc_minecraft_yellow_rn"}, {"Y": 0, "X": 9, "Z": 3, "Type": "cwc_minecraft_red_rn"}, {"Y": 0, "X": 10, "Z": 3, "Type": "cwc_minecraft_red_rn"}, {"Y": 1, "X": 0, "Z": -7, "Type": "cwc_minecraft_green_rn"}, {"Y": 1, "X": 0, "Z": 3, "Type": "cwc_minecraft_yellow_rn"}, {"Y": 1, "X": 10, "Z": 3, "Type": "cwc_minecraft_red_rn"}], "DistanceTravelled": 3938, "BuilderInventory": [{"Index": 0, "Type": "cwc_minecraft_red_rn", "Quantity": 16}, {"Index": 1, "Type": "cwc_minecraft_orange_rn", "Quantity": 20}, {"Index": 2, "Type": "cwc_minecraft_yellow_rn", "Quantity": 17}, {"Index": 3, "Type": "cwc_minecraft_green_rn", "Quantity": 16}, {"Index": 4, "Type": "cwc_minecraft_blue_rn", "Quantity": 20}, {"Index": 5, "Type": "cwc_minecraft_purple_rn", "Quantity": 20}], "Pitch": 12.599915}, {"BuilderGridAbsolute": [{"Y": 1, "X": -5, "Z": -5, "Type": "cwc_minecraft_green_rn"}, {"Y": 1, "X": -4, "Z": -5, "Type": "cwc_minecraft_green_rn"}, {"Y": 1, "X": -5, "Z": -4, "Type": "cwc_minecraft_green_rn"}, {"Y": 1, "X": -5, "Z": 4, "Type": "cwc_minecraft_yellow_rn"}, {"Y": 1, "X": 5, "Z": 4, "Type": "cwc_minecraft_red_rn"}, {"Y": 1, "X": -5, "Z": 5, "Type": "cwc_minecraft_yellow_rn"}, {"Y": 1, "X": -4, "Z": 5, "Type": "cwc_minecraft_yellow_rn"}, {"Y": 1, "X": 4, "Z": 5, "Type": "cwc_minecraft_red_rn"}, {"Y": 1, "X": 5, "Z": 5, "Type": "cwc_minecraft_red_rn"}, {"Y": 2, "X": -5, "Z": -5, "Type": "cwc_minecraft_green_rn"}, {"Y": 2, "X": -5, "Z": 5, "Type": "cwc_minecraft_yellow_rn"}, {"Y": 2, "X": 5, "Z": 5, "Type": "cwc_minecraft_red_rn"}], "XPos": -4.332769384298376, "TimeAlive": 5575, "ZPos": 2.8371209926945733, "Timestamp": "2018-04-13 22:55:45", "Yaw": 339.90082, "YPos": 1.0, "ScreenshotPath": "269417-Builder-putdown.png", "BuilderGridRelative": [{"Y": 0, "X": 0, "Z": -7, "Type": "cwc_minecraft_green_rn"}, {"Y": 0, "X": 1, "Z": -7, "Type": "cwc_minecraft_green_rn"}, {"Y": 0, "X": 0, "Z": -6, "Type": "cwc_minecraft_green_rn"}, {"Y": 0, "X": 0, "Z": 2, "Type": "cwc_minecraft_yellow_rn"}, {"Y": 0, "X": 10, "Z": 2, "Type": "cwc_minecraft_red_rn"}, {"Y": 0, "X": 0, "Z": 3, "Type": "cwc_minecraft_yellow_rn"}, {"Y": 0, "X": 1, "Z": 3, "Type": "cwc_minecraft_yellow_rn"}, {"Y": 0, "X": 9, "Z": 3, "Type": "cwc_minecraft_red_rn"}, {"Y": 0, "X": 10, "Z": 3, "Type": "cwc_minecraft_red_rn"}, {"Y": 1, "X": 0, "Z": -7, "Type": "cwc_minecraft_green_rn"}, {"Y": 1, "X": 0, "Z": 3, "Type": "cwc_minecraft_yellow_rn"}, {"Y": 1, "X": 10, "Z": 3, "Type": "cwc_minecraft_red_rn"}], "DistanceTravelled": 3938, "BuilderInventory": [{"Index": 0, "Type": "cwc_minecraft_red_rn", "Quantity": 16}, {"Index": 1, "Type": "cwc_minecraft_orange_rn", "Quantity": 20}, {"Index": 2, "Type": "cwc_minecraft_yellow_rn", "Quantity": 16}, {"Index": 3, "Type": "cwc_minecraft_green_rn", "Quantity": 16}, {"Index": 4, "Type": "cwc_minecraft_blue_rn", "Quantity": 20}, {"Index": 5, "Type": "cwc_minecraft_purple_rn", "Quantity": 20}], "Pitch": 29.099918}, {"Timestamp": "2018-04-13 22:55:48", "Chat": ["<Architect> and finally the opposite side with purple"], "ScreenshotPath": "272767-Builder-chat.png"}, {"BuilderGridAbsolute": [{"Y": 1, "X": -5, "Z": -5, "Type": "cwc_minecraft_green_rn"}, {"Y": 1, "X": -4, "Z": -5, "Type": "cwc_minecraft_green_rn"}, {"Y": 1, "X": -5, "Z": -4, "Type": "cwc_minecraft_green_rn"}, {"Y": 1, "X": -5, "Z": 4, "Type": "cwc_minecraft_yellow_rn"}, {"Y": 1, "X": 5, "Z": 4, "Type": "cwc_minecraft_red_rn"}, {"Y": 1, "X": -5, "Z": 5, "Type": "cwc_minecraft_yellow_rn"}, {"Y": 1, "X": -4, "Z": 5, "Type": "cwc_minecraft_yellow_rn"}, {"Y": 1, "X": 4, "Z": 5, "Type": "cwc_minecraft_red_rn"}, {"Y": 1, "X": 5, "Z": 5, "Type": "cwc_minecraft_red_rn"}, {"Y": 2, "X": -5, "Z": -5, "Type": "cwc_minecraft_green_rn"}, {"Y": 2, "X": -5, "Z": 5, "Type": "cwc_minecraft_yellow_rn"}, {"Y": 2, "X": 5, "Z": 5, "Type": "cwc_minecraft_red_rn"}], "XPos": -2.2677964261318975, "TimeAlive": 5643, "ZPos": 0.4002179947203374, "Timestamp": "2018-04-13 22:55:48", "Yaw": 220.35077, "YPos": 1.0, "BuilderGridRelative": [{"Y": 0, "X": -2, "Z": -5, "Type": "cwc_minecraft_green_rn"}, {"Y": 0, "X": -1, "Z": -5, "Type": "cwc_minecraft_green_rn"}, {"Y": 0, "X": -2, "Z": -4, "Type": "cwc_minecraft_green_rn"}, {"Y": 0, "X": -2, "Z": 4, "Type": "cwc_minecraft_yellow_rn"}, {"Y": 0, "X": 8, "Z": 4, "Type": "cwc_minecraft_red_rn"}, {"Y": 0, "X": -2, "Z": 5, "Type": "cwc_minecraft_yellow_rn"}, {"Y": 0, "X": -1, "Z": 5, "Type": "cwc_minecraft_yellow_rn"}, {"Y": 0, "X": 7, "Z": 5, "Type": "cwc_minecraft_red_rn"}, {"Y": 0, "X": 8, "Z": 5, "Type": "cwc_minecraft_red_rn"}, {"Y": 1, "X": -2, "Z": -5, "Type": "cwc_minecraft_green_rn"}, {"Y": 1, "X": -2, "Z": 5, "Type": "cwc_minecraft_yellow_rn"}, {"Y": 1, "X": 8, "Z": 5, "Type": "cwc_minecraft_red_rn"}], "DistanceTravelled": 4260, "BuilderInventory": [{"Index": 0, "Type": "cwc_minecraft_red_rn", "Quantity": 16}, {"Index": 1, "Type": "cwc_minecraft_orange_rn", "Quantity": 20}, {"Index": 2, "Type": "cwc_minecraft_yellow_rn", "Quantity": 16}, {"Index": 3, "Type": "cwc_minecraft_green_rn", "Quantity": 16}, {"Index": 4, "Type": "cwc_minecraft_blue_rn", "Quantity": 20}, {"Index": 5, "Type": "cwc_minecraft_purple_rn", "Quantity": 20}], "Pitch": 23.849915}, {"BuilderGridAbsolute": [{"Y": 1, "X": -5, "Z": -5, "Type": "cwc_minecraft_green_rn"}, {"Y": 1, "X": -4, "Z": -5, "Type": "cwc_minecraft_green_rn"}, {"Y": 1, "X": 5, "Z": -5, "Type": "cwc_minecraft_purple_rn"}, {"Y": 1, "X": -5, "Z": -4, "Type": "cwc_minecraft_green_rn"}, {"Y": 1, "X": -5, "Z": 4, "Type": "cwc_minecraft_yellow_rn"}, {"Y": 1, "X": 5, "Z": 4, "Type": "cwc_minecraft_red_rn"}, {"Y": 1, "X": -5, "Z": 5, "Type": "cwc_minecraft_yellow_rn"}, {"Y": 1, "X": -4, "Z": 5, "Type": "cwc_minecraft_yellow_rn"}, {"Y": 1, "X": 4, "Z": 5, "Type": "cwc_minecraft_red_rn"}, {"Y": 1, "X": 5, "Z": 5, "Type": "cwc_minecraft_red_rn"}, {"Y": 2, "X": -5, "Z": -5, "Type": "cwc_minecraft_green_rn"}, {"Y": 2, "X": -5, "Z": 5, "Type": "cwc_minecraft_yellow_rn"}, {"Y": 2, "X": 5, "Z": 5, "Type": "cwc_minecraft_red_rn"}], "XPos": 1.9713666553983331, "TimeAlive": 5734, "ZPos": -2.850627069334842, "Timestamp": "2018-04-13 22:55:53", "Yaw": 245.25085, "YPos": 1.0, "ScreenshotPath": "277366-Builder-putdown.png", "BuilderGridRelative": [{"Y": 0, "X": -6, "Z": -2, "Type": "cwc_minecraft_green_rn"}, {"Y": 0, "X": -5, "Z": -2, "Type": "cwc_minecraft_green_rn"}, {"Y": 0, "X": 4, "Z": -2, "Type": "cwc_minecraft_purple_rn"}, {"Y": 0, "X": -6, "Z": -1, "Type": "cwc_minecraft_green_rn"}, {"Y": 0, "X": -6, "Z": 7, "Type": "cwc_minecraft_yellow_rn"}, {"Y": 0, "X": 4, "Z": 7, "Type": "cwc_minecraft_red_rn"}, {"Y": 0, "X": -6, "Z": 8, "Type": "cwc_minecraft_yellow_rn"}, {"Y": 0, "X": -5, "Z": 8, "Type": "cwc_minecraft_yellow_rn"}, {"Y": 0, "X": 3, "Z": 8, "Type": "cwc_minecraft_red_rn"}, {"Y": 0, "X": 4, "Z": 8, "Type": "cwc_minecraft_red_rn"}, {"Y": 1, "X": -6, "Z": -2, "Type": "cwc_minecraft_green_rn"}, {"Y": 1, "X": -6, "Z": 8, "Type": "cwc_minecraft_yellow_rn"}, {"Y": 1, "X": 4, "Z": 8, "Type": "cwc_minecraft_red_rn"}], "DistanceTravelled": 4809, "BuilderInventory": [{"Index": 0, "Type": "cwc_minecraft_red_rn", "Quantity": 16}, {"Index": 1, "Type": "cwc_minecraft_orange_rn", "Quantity": 20}, {"Index": 2, "Type": "cwc_minecraft_yellow_rn", "Quantity": 16}, {"Index": 3, "Type": "cwc_minecraft_green_rn", "Quantity": 16}, {"Index": 4, "Type": "cwc_minecraft_blue_rn", "Quantity": 20}, {"Index": 5, "Type": "cwc_minecraft_purple_rn", "Quantity": 19}], "Pitch": 24.449915}, {"BuilderGridAbsolute": [{"Y": 1, "X": -5, "Z": -5, "Type": "cwc_minecraft_green_rn"}, {"Y": 1, "X": -4, "Z": -5, "Type": "cwc_minecraft_green_rn"}, {"Y": 1, "X": 5, "Z": -5, "Type": "cwc_minecraft_purple_rn"}, {"Y": 1, "X": -5, "Z": -4, "Type": "cwc_minecraft_green_rn"}, {"Y": 1, "X": 5, "Z": -4, "Type": "cwc_minecraft_purple_rn"}, {"Y": 1, "X": -5, "Z": 4, "Type": "cwc_minecraft_yellow_rn"}, {"Y": 1, "X": 5, "Z": 4, "Type": "cwc_minecraft_red_rn"}, {"Y": 1, "X": -5, "Z": 5, "Type": "cwc_minecraft_yellow_rn"}, {"Y": 1, "X": -4, "Z": 5, "Type": "cwc_minecraft_yellow_rn"}, {"Y": 1, "X": 4, "Z": 5, "Type": "cwc_minecraft_red_rn"}, {"Y": 1, "X": 5, "Z": 5, "Type": "cwc_minecraft_red_rn"}, {"Y": 2, "X": -5, "Z": -5, "Type": "cwc_minecraft_green_rn"}, {"Y": 2, "X": -5, "Z": 5, "Type": "cwc_minecraft_yellow_rn"}, {"Y": 2, "X": 5, "Z": 5, "Type": "cwc_minecraft_red_rn"}], "XPos": 1.9713666553983331, "TimeAlive": 5752, "ZPos": -2.850627069334842, "Timestamp": "2018-04-13 22:55:54", "Yaw": 254.70099, "YPos": 1.0, "ScreenshotPath": "278266-Builder-putdown.png", "BuilderGridRelative": [{"Y": 0, "X": -6, "Z": -2, "Type": "cwc_minecraft_green_rn"}, {"Y": 0, "X": -5, "Z": -2, "Type": "cwc_minecraft_green_rn"}, {"Y": 0, "X": 4, "Z": -2, "Type": "cwc_minecraft_purple_rn"}, {"Y": 0, "X": -6, "Z": -1, "Type": "cwc_minecraft_green_rn"}, {"Y": 0, "X": 4, "Z": -1, "Type": "cwc_minecraft_purple_rn"}, {"Y": 0, "X": -6, "Z": 7, "Type": "cwc_minecraft_yellow_rn"}, {"Y": 0, "X": 4, "Z": 7, "Type": "cwc_minecraft_red_rn"}, {"Y": 0, "X": -6, "Z": 8, "Type": "cwc_minecraft_yellow_rn"}, {"Y": 0, "X": -5, "Z": 8, "Type": "cwc_minecraft_yellow_rn"}, {"Y": 0, "X": 3, "Z": 8, "Type": "cwc_minecraft_red_rn"}, {"Y": 0, "X": 4, "Z": 8, "Type": "cwc_minecraft_red_rn"}, {"Y": 1, "X": -6, "Z": -2, "Type": "cwc_minecraft_green_rn"}, {"Y": 1, "X": -6, "Z": 8, "Type": "cwc_minecraft_yellow_rn"}, {"Y": 1, "X": 4, "Z": 8, "Type": "cwc_minecraft_red_rn"}], "DistanceTravelled": 4809, "BuilderInventory": [{"Index": 0, "Type": "cwc_minecraft_red_rn", "Quantity": 16}, {"Index": 1, "Type": "cwc_minecraft_orange_rn", "Quantity": 20}, {"Index": 2, "Type": "cwc_minecraft_yellow_rn", "Quantity": 16}, {"Index": 3, "Type": "cwc_minecraft_green_rn", "Quantity": 16}, {"Index": 4, "Type": "cwc_minecraft_blue_rn", "Quantity": 20}, {"Index": 5, "Type": "cwc_minecraft_purple_rn", "Quantity": 18}], "Pitch": 25.199913}, {"BuilderGridAbsolute": [{"Y": 1, "X": -5, "Z": -5, "Type": "cwc_minecraft_green_rn"}, {"Y": 1, "X": -4, "Z": -5, "Type": "cwc_minecraft_green_rn"}, {"Y": 1, "X": 5, "Z": -5, "Type": "cwc_minecraft_purple_rn"}, {"Y": 1, "X": -5, "Z": -4, "Type": "cwc_minecraft_green_rn"}, {"Y": 1, "X": 5, "Z": -4, "Type": "cwc_minecraft_purple_rn"}, {"Y": 1, "X": -5, "Z": 4, "Type": "cwc_minecraft_yellow_rn"}, {"Y": 1, "X": 5, "Z": 4, "Type": "cwc_minecraft_red_rn"}, {"Y": 1, "X": -5, "Z": 5, "Type": "cwc_minecraft_yellow_rn"}, {"Y": 1, "X": -4, "Z": 5, "Type": "cwc_minecraft_yellow_rn"}, {"Y": 1, "X": 4, "Z": 5, "Type": "cwc_minecraft_red_rn"}, {"Y": 1, "X": 5, "Z": 5, "Type": "cwc_minecraft_red_rn"}, {"Y": 2, "X": -5, "Z": -5, "Type": "cwc_minecraft_green_rn"}, {"Y": 2, "X": 5, "Z": -5, "Type": "cwc_minecraft_purple_rn"}, {"Y": 2, "X": -5, "Z": 5, "Type": "cwc_minecraft_yellow_rn"}, {"Y": 2, "X": 5, "Z": 5, "Type": "cwc_minecraft_red_rn"}], "XPos": 1.9713666553983331, "TimeAlive": 5787, "ZPos": -2.850627069334842, "Timestamp": "2018-04-13 22:55:56", "Yaw": 245.10095, "YPos": 1.0, "ScreenshotPath": "280015-Builder-putdown.png", "BuilderGridRelative": [{"Y": 0, "X": -6, "Z": -2, "Type": "cwc_minecraft_green_rn"}, {"Y": 0, "X": -5, "Z": -2, "Type": "cwc_minecraft_green_rn"}, {"Y": 0, "X": 4, "Z": -2, "Type": "cwc_minecraft_purple_rn"}, {"Y": 0, "X": -6, "Z": -1, "Type": "cwc_minecraft_green_rn"}, {"Y": 0, "X": 4, "Z": -1, "Type": "cwc_minecraft_purple_rn"}, {"Y": 0, "X": -6, "Z": 7, "Type": "cwc_minecraft_yellow_rn"}, {"Y": 0, "X": 4, "Z": 7, "Type": "cwc_minecraft_red_rn"}, {"Y": 0, "X": -6, "Z": 8, "Type": "cwc_minecraft_yellow_rn"}, {"Y": 0, "X": -5, "Z": 8, "Type": "cwc_minecraft_yellow_rn"}, {"Y": 0, "X": 3, "Z": 8, "Type": "cwc_minecraft_red_rn"}, {"Y": 0, "X": 4, "Z": 8, "Type": "cwc_minecraft_red_rn"}, {"Y": 1, "X": -6, "Z": -2, "Type": "cwc_minecraft_green_rn"}, {"Y": 1, "X": 4, "Z": -2, "Type": "cwc_minecraft_purple_rn"}, {"Y": 1, "X": -6, "Z": 8, "Type": "cwc_minecraft_yellow_rn"}, {"Y": 1, "X": 4, "Z": 8, "Type": "cwc_minecraft_red_rn"}], "DistanceTravelled": 4809, "BuilderInventory": [{"Index": 0, "Type": "cwc_minecraft_red_rn", "Quantity": 16}, {"Index": 1, "Type": "cwc_minecraft_orange_rn", "Quantity": 20}, {"Index": 2, "Type": "cwc_minecraft_yellow_rn", "Quantity": 16}, {"Index": 3, "Type": "cwc_minecraft_green_rn", "Quantity": 16}, {"Index": 4, "Type": "cwc_minecraft_blue_rn", "Quantity": 20}, {"Index": 5, "Type": "cwc_minecraft_purple_rn", "Quantity": 17}], "Pitch": 8.399915}, {"BuilderGridAbsolute": [{"Y": 1, "X": -5, "Z": -5, "Type": "cwc_minecraft_green_rn"}, {"Y": 1, "X": -4, "Z": -5, "Type": "cwc_minecraft_green_rn"}, {"Y": 1, "X": 4, "Z": -5, "Type": "cwc_minecraft_purple_rn"}, {"Y": 1, "X": 5, "Z": -5, "Type": "cwc_minecraft_purple_rn"}, {"Y": 1, "X": -5, "Z": -4, "Type": "cwc_minecraft_green_rn"}, {"Y": 1, "X": 5, "Z": -4, "Type": "cwc_minecraft_purple_rn"}, {"Y": 1, "X": -5, "Z": 4, "Type": "cwc_minecraft_yellow_rn"}, {"Y": 1, "X": 5, "Z": 4, "Type": "cwc_minecraft_red_rn"}, {"Y": 1, "X": -5, "Z": 5, "Type": "cwc_minecraft_yellow_rn"}, {"Y": 1, "X": -4, "Z": 5, "Type": "cwc_minecraft_yellow_rn"}, {"Y": 1, "X": 4, "Z": 5, "Type": "cwc_minecraft_red_rn"}, {"Y": 1, "X": 5, "Z": 5, "Type": "cwc_minecraft_red_rn"}, {"Y": 2, "X": -5, "Z": -5, "Type": "cwc_minecraft_green_rn"}, {"Y": 2, "X": 5, "Z": -5, "Type": "cwc_minecraft_purple_rn"}, {"Y": 2, "X": -5, "Z": 5, "Type": "cwc_minecraft_yellow_rn"}, {"Y": 2, "X": 5, "Z": 5, "Type": "cwc_minecraft_red_rn"}], "XPos": 1.9713666553983331, "TimeAlive": 5818, "ZPos": -2.850627069334842, "Timestamp": "2018-04-13 22:55:57", "Yaw": 239.10101, "YPos": 1.0, "ScreenshotPath": "281566-Builder-putdown.png", "BuilderGridRelative": [{"Y": 0, "X": -6, "Z": -2, "Type": "cwc_minecraft_green_rn"}, {"Y": 0, "X": -5, "Z": -2, "Type": "cwc_minecraft_green_rn"}, {"Y": 0, "X": 3, "Z": -2, "Type": "cwc_minecraft_purple_rn"}, {"Y": 0, "X": 4, "Z": -2, "Type": "cwc_minecraft_purple_rn"}, {"Y": 0, "X": -6, "Z": -1, "Type": "cwc_minecraft_green_rn"}, {"Y": 0, "X": 4, "Z": -1, "Type": "cwc_minecraft_purple_rn"}, {"Y": 0, "X": -6, "Z": 7, "Type": "cwc_minecraft_yellow_rn"}, {"Y": 0, "X": 4, "Z": 7, "Type": "cwc_minecraft_red_rn"}, {"Y": 0, "X": -6, "Z": 8, "Type": "cwc_minecraft_yellow_rn"}, {"Y": 0, "X": -5, "Z": 8, "Type": "cwc_minecraft_yellow_rn"}, {"Y": 0, "X": 3, "Z": 8, "Type": "cwc_minecraft_red_rn"}, {"Y": 0, "X": 4, "Z": 8, "Type": "cwc_minecraft_red_rn"}, {"Y": 1, "X": -6, "Z": -2, "Type": "cwc_minecraft_green_rn"}, {"Y": 1, "X": 4, "Z": -2, "Type": "cwc_minecraft_purple_rn"}, {"Y": 1, "X": -6, "Z": 8, "Type": "cwc_minecraft_yellow_rn"}, {"Y": 1, "X": 4, "Z": 8, "Type": "cwc_minecraft_red_rn"}], "DistanceTravelled": 4809, "BuilderInventory": [{"Index": 0, "Type": "cwc_minecraft_red_rn", "Quantity": 16}, {"Index": 1, "Type": "cwc_minecraft_orange_rn", "Quantity": 20}, {"Index": 2, "Type": "cwc_minecraft_yellow_rn", "Quantity": 16}, {"Index": 3, "Type": "cwc_minecraft_green_rn", "Quantity": 16}, {"Index": 4, "Type": "cwc_minecraft_blue_rn", "Quantity": 20}, {"Index": 5, "Type": "cwc_minecraft_purple_rn", "Quantity": 16}], "Pitch": 32.2499}, {"Timestamp": "2018-04-13 22:56:02", "Chat": ["<Architect> yes thats it :-)"], "ScreenshotPath": "286215-Builder-chat.png"}, {"BuilderGridAbsolute": [{"Y": 1, "X": -5, "Z": -5, "Type": "cwc_minecraft_green_rn"}, {"Y": 1, "X": -4, "Z": -5, "Type": "cwc_minecraft_green_rn"}, {"Y": 1, "X": 4, "Z": -5, "Type": "cwc_minecraft_purple_rn"}, {"Y": 1, "X": 5, "Z": -5, "Type": "cwc_minecraft_purple_rn"}, {"Y": 1, "X": -5, "Z": -4, "Type": "cwc_minecraft_green_rn"}, {"Y": 1, "X": 5, "Z": -4, "Type": "cwc_minecraft_purple_rn"}, {"Y": 1, "X": -5, "Z": 4, "Type": "cwc_minecraft_yellow_rn"}, {"Y": 1, "X": 5, "Z": 4, "Type": "cwc_minecraft_red_rn"}, {"Y": 1, "X": -5, "Z": 5, "Type": "cwc_minecraft_yellow_rn"}, {"Y": 1, "X": -4, "Z": 5, "Type": "cwc_minecraft_yellow_rn"}, {"Y": 1, "X": 4, "Z": 5, "Type": "cwc_minecraft_red_rn"}, {"Y": 1, "X": 5, "Z": 5, "Type": "cwc_minecraft_red_rn"}, {"Y": 2, "X": -5, "Z": -5, "Type": "cwc_minecraft_green_rn"}, {"Y": 2, "X": 5, "Z": -5, "Type": "cwc_minecraft_purple_rn"}, {"Y": 2, "X": -5, "Z": 5, "Type": "cwc_minecraft_yellow_rn"}, {"Y": 2, "X": 5, "Z": 5, "Type": "cwc_minecraft_red_rn"}], "XPos": 1.9713666553983331, "TimeAlive": 5912, "ZPos": -2.850627069334842, "Timestamp": "2018-04-13 22:56:02", "Yaw": 247.80072, "YPos": 1.0, "BuilderGridRelative": [{"Y": 0, "X": -6, "Z": -2, "Type": "cwc_minecraft_green_rn"}, {"Y": 0, "X": -5, "Z": -2, "Type": "cwc_minecraft_green_rn"}, {"Y": 0, "X": 3, "Z": -2, "Type": "cwc_minecraft_purple_rn"}, {"Y": 0, "X": 4, "Z": -2, "Type": "cwc_minecraft_purple_rn"}, {"Y": 0, "X": -6, "Z": -1, "Type": "cwc_minecraft_green_rn"}, {"Y": 0, "X": 4, "Z": -1, "Type": "cwc_minecraft_purple_rn"}, {"Y": 0, "X": -6, "Z": 7, "Type": "cwc_minecraft_yellow_rn"}, {"Y": 0, "X": 4, "Z": 7, "Type": "cwc_minecraft_red_rn"}, {"Y": 0, "X": -6, "Z": 8, "Type": "cwc_minecraft_yellow_rn"}, {"Y": 0, "X": -5, "Z": 8, "Type": "cwc_minecraft_yellow_rn"}, {"Y": 0, "X": 3, "Z": 8, "Type": "cwc_minecraft_red_rn"}, {"Y": 0, "X": 4, "Z": 8, "Type": "cwc_minecraft_red_rn"}, {"Y": 1, "X": -6, "Z": -2, "Type": "cwc_minecraft_green_rn"}, {"Y": 1, "X": 4, "Z": -2, "Type": "cwc_minecraft_purple_rn"}, {"Y": 1, "X": -6, "Z": 8, "Type": "cwc_minecraft_yellow_rn"}, {"Y": 1, "X": 4, "Z": 8, "Type": "cwc_minecraft_red_rn"}], "DistanceTravelled": 4809, "BuilderInventory": [{"Index": 0, "Type": "cwc_minecraft_red_rn", "Quantity": 16}, {"Index": 1, "Type": "cwc_minecraft_orange_rn", "Quantity": 20}, {"Index": 2, "Type": "cwc_minecraft_yellow_rn", "Quantity": 16}, {"Index": 3, "Type": "cwc_minecraft_green_rn", "Quantity": 16}, {"Index": 4, "Type": "cwc_minecraft_blue_rn", "Quantity": 20}, {"Index": 5, "Type": "cwc_minecraft_purple_rn", "Quantity": 16}], "Pitch": 16.649902}, {"Timestamp": "2018-04-13 22:56:24", "Chat": ["<Builder> great! is it that the end? if you, you can quit if you'd like"]}, {"BuilderGridAbsolute": [{"Y": 1, "X": -5, "Z": -5, "Type": "cwc_minecraft_green_rn"}, {"Y": 1, "X": -4, "Z": -5, "Type": "cwc_minecraft_green_rn"}, {"Y": 1, "X": 4, "Z": -5, "Type": "cwc_minecraft_purple_rn"}, {"Y": 1, "X": 5, "Z": -5, "Type": "cwc_minecraft_purple_rn"}, {"Y": 1, "X": -5, "Z": -4, "Type": "cwc_minecraft_green_rn"}, {"Y": 1, "X": 5, "Z": -4, "Type": "cwc_minecraft_purple_rn"}, {"Y": 1, "X": -5, "Z": 4, "Type": "cwc_minecraft_yellow_rn"}, {"Y": 1, "X": 5, "Z": 4, "Type": "cwc_minecraft_red_rn"}, {"Y": 1, "X": -5, "Z": 5, "Type": "cwc_minecraft_yellow_rn"}, {"Y": 1, "X": -4, "Z": 5, "Type": "cwc_minecraft_yellow_rn"}, {"Y": 1, "X": 4, "Z": 5, "Type": "cwc_minecraft_red_rn"}, {"Y": 1, "X": 5, "Z": 5, "Type": "cwc_minecraft_red_rn"}, {"Y": 2, "X": -5, "Z": -5, "Type": "cwc_minecraft_green_rn"}, {"Y": 2, "X": 5, "Z": -5, "Type": "cwc_minecraft_purple_rn"}, {"Y": 2, "X": -5, "Z": 5, "Type": "cwc_minecraft_yellow_rn"}, {"Y": 2, "X": 5, "Z": 5, "Type": "cwc_minecraft_red_rn"}], "XPos": 1.9713666553983331, "TimeAlive": 6363, "ZPos": -2.850627069334842, "Timestamp": "2018-04-13 22:56:24", "Yaw": 247.80072, "YPos": 1.0, "ScreenshotPath": "308777-Builder-chat.png", "BuilderGridRelative": [{"Y": 0, "X": -6, "Z": -2, "Type": "cwc_minecraft_green_rn"}, {"Y": 0, "X": -5, "Z": -2, "Type": "cwc_minecraft_green_rn"}, {"Y": 0, "X": 3, "Z": -2, "Type": "cwc_minecraft_purple_rn"}, {"Y": 0, "X": 4, "Z": -2, "Type": "cwc_minecraft_purple_rn"}, {"Y": 0, "X": -6, "Z": -1, "Type": "cwc_minecraft_green_rn"}, {"Y": 0, "X": 4, "Z": -1, "Type": "cwc_minecraft_purple_rn"}, {"Y": 0, "X": -6, "Z": 7, "Type": "cwc_minecraft_yellow_rn"}, {"Y": 0, "X": 4, "Z": 7, "Type": "cwc_minecraft_red_rn"}, {"Y": 0, "X": -6, "Z": 8, "Type": "cwc_minecraft_yellow_rn"}, {"Y": 0, "X": -5, "Z": 8, "Type": "cwc_minecraft_yellow_rn"}, {"Y": 0, "X": 3, "Z": 8, "Type": "cwc_minecraft_red_rn"}, {"Y": 0, "X": 4, "Z": 8, "Type": "cwc_minecraft_red_rn"}, {"Y": 1, "X": -6, "Z": -2, "Type": "cwc_minecraft_green_rn"}, {"Y": 1, "X": 4, "Z": -2, "Type": "cwc_minecraft_purple_rn"}, {"Y": 1, "X": -6, "Z": 8, "Type": "cwc_minecraft_yellow_rn"}, {"Y": 1, "X": 4, "Z": 8, "Type": "cwc_minecraft_red_rn"}], "DistanceTravelled": 4809, "BuilderInventory": [{"Index": 0, "Type": "cwc_minecraft_red_rn", "Quantity": 16}, {"Index": 1, "Type": "cwc_minecraft_orange_rn", "Quantity": 20}, {"Index": 2, "Type": "cwc_minecraft_yellow_rn", "Quantity": 16}, {"Index": 3, "Type": "cwc_minecraft_green_rn", "Quantity": 16}, {"Index": 4, "Type": "cwc_minecraft_blue_rn", "Quantity": 20}, {"Index": 5, "Type": "cwc_minecraft_purple_rn", "Quantity": 16}], "Pitch": 16.649902}], "NumFixedViewers": 4, "TimeElapsed": 330.21145701408386}