{"WorldStates": [{"BuilderPosition": {"Y": 1.0, "X": 0.0, "Yaw": 0.0, "Z": 0.0, "Pitch": 0.0}, "Timestamp": "2018-04-12 22:44:15", "BlocksInGrid": [], "ScreenshotPath": "0-Builder-chat.png", "ChatHistory": ["<Builder> Mission has started."], "BuilderInventory": [{"Index": 0, "Type": "cwc_minecraft_red_rn", "Quantity": 20}, {"Index": 1, "Type": "cwc_minecraft_orange_rn", "Quantity": 20}, {"Index": 2, "Type": "cwc_minecraft_yellow_rn", "Quantity": 20}, {"Index": 3, "Type": "cwc_minecraft_green_rn", "Quantity": 20}, {"Index": 4, "Type": "cwc_minecraft_blue_rn", "Quantity": 20}, {"Index": 5, "Type": "cwc_minecraft_purple_rn", "Quantity": 20}]}, {"BuilderPosition": {"Y": 1.0, "X": 0.6344239750088618, "Yaw": -0.15000007, "Z": -0.8936366116022381, "Pitch": 20.099997}, "ChatHistory": ["<Builder> Mission has started.", "<Architect> ok this one looks fun"], "Timestamp": "2018-04-12 22:44:25", "BlocksInGrid": [], "ScreenshotPath": "10804-Builder-chat.png", "BuilderInventory": [{"Index": 0, "Type": "cwc_minecraft_red_rn", "Quantity": 20}, {"Index": 1, "Type": "cwc_minecraft_orange_rn", "Quantity": 20}, {"Index": 2, "Type": "cwc_minecraft_yellow_rn", "Quantity": 20}, {"Index": 3, "Type": "cwc_minecraft_green_rn", "Quantity": 20}, {"Index": 4, "Type": "cwc_minecraft_blue_rn", "Quantity": 20}, {"Index": 5, "Type": "cwc_minecraft_purple_rn", "Quantity": 20}]}, {"BuilderPosition": {"Y": 1.0, "X": 0.6344239750088618, "Yaw": -0.15000007, "Z": -0.8936366116022381, "Pitch": 20.099997}, "ChatHistory": ["<Builder> Mission has started.", "<Architect> ok this one looks fun", "<Builder> ready!"], "Timestamp": "2018-04-12 22:44:29", "BlocksInGrid": [], "ScreenshotPath": "13907-Builder-chat.png", "BuilderInventory": [{"Index": 0, "Type": "cwc_minecraft_red_rn", "Quantity": 20}, {"Index": 1, "Type": "cwc_minecraft_orange_rn", "Quantity": 20}, {"Index": 2, "Type": "cwc_minecraft_yellow_rn", "Quantity": 20}, {"Index": 3, "Type": "cwc_minecraft_green_rn", "Quantity": 20}, {"Index": 4, "Type": "cwc_minecraft_blue_rn", "Quantity": 20}, {"Index": 5, "Type": "cwc_minecraft_purple_rn", "Quantity": 20}]}, {"BuilderPosition": {"Y": 1.0, "X": 0.633409247957492, "Yaw": -0.15000007, "Z": -1.7508029580046895, "Pitch": 22.199995}, "BuilderInventory": [{"Index": 0, "Type": "cwc_minecraft_red_rn", "Quantity": 20}, {"Index": 1, "Type": "cwc_minecraft_orange_rn", "Quantity": 20}, {"Index": 2, "Type": "cwc_minecraft_yellow_rn", "Quantity": 20}, {"Index": 3, "Type": "cwc_minecraft_green_rn", "Quantity": 20}, {"Index": 4, "Type": "cwc_minecraft_blue_rn", "Quantity": 20}, {"Index": 5, "Type": "cwc_minecraft_purple_rn", "Quantity": 20}], "ChatHistory": ["<Builder> Mission has started.", "<Architect> ok this one looks fun", "<Builder> ready!", "<Architect> in the top left corner, put 3 red blocks"], "Timestamp": "2018-04-12 22:44:41", "BlocksInGrid": [], "ScreenshotPath": "26973-Builder-chat.png"}, {"BuilderPosition": {"Y": 1.0, "X": 4.6469073762916935, "Yaw": -3.5999973, "Z": 2.7474746118735522, "Pitch": 37.799984}, "BuilderInventory": [{"Index": 0, "Type": "cwc_minecraft_red_rn", "Quantity": 20}, {"Index": 1, "Type": "cwc_minecraft_orange_rn", "Quantity": 20}, {"Index": 2, "Type": "cwc_minecraft_yellow_rn", "Quantity": 20}, {"Index": 3, "Type": "cwc_minecraft_green_rn", "Quantity": 20}, {"Index": 4, "Type": "cwc_minecraft_blue_rn", "Quantity": 20}, {"Index": 5, "Type": "cwc_minecraft_purple_rn", "Quantity": 20}], "ChatHistory": ["<Builder> Mission has started.", "<Architect> ok this one looks fun", "<Builder> ready!", "<Architect> in the top left corner, put 3 red blocks", "<Architect> in the leftmost corner, the block below that, and the block to the right of the corner"], "Timestamp": "2018-04-12 22:44:53", "BlocksInGrid": [], "ScreenshotPath": "38770-Builder-chat.png"}, {"BuilderPosition": {"Y": 1.0, "X": 4.925185809108129, "Yaw": -7.6499977, "Z": 3.361644898071787, "Pitch": 39.299973}, "BuilderInventory": [{"Index": 0, "Type": "cwc_minecraft_red_rn", "Quantity": 19}, {"Index": 1, "Type": "cwc_minecraft_orange_rn", "Quantity": 20}, {"Index": 2, "Type": "cwc_minecraft_yellow_rn", "Quantity": 20}, {"Index": 3, "Type": "cwc_minecraft_green_rn", "Quantity": 20}, {"Index": 4, "Type": "cwc_minecraft_blue_rn", "Quantity": 20}, {"Index": 5, "Type": "cwc_minecraft_purple_rn", "Quantity": 20}], "ChatHistory": ["<Builder> Mission has started.", "<Architect> ok this one looks fun", "<Builder> ready!", "<Architect> in the top left corner, put 3 red blocks", "<Architect> in the leftmost corner, the block below that, and the block to the right of the corner"], "Timestamp": "2018-04-12 22:45:03", "BlocksInGrid": [{"PerspectiveCoordinates": {"Y": 1.3398029654463113, "X": 0.7248571552279999, "Z": 1.6369209260979811}, "AbsoluteCoordinates": {"Y": 1, "X": 5, "Z": 5}, "Type": "cwc_minecraft_red_rn"}], "ScreenshotPath": "48619-Builder-putdown.png"}, {"BuilderPosition": {"Y": 1.0, "X": 4.938553147207002, "Yaw": -16.199997, "Z": 3.361644898071787, "Pitch": 55.949974}, "BuilderInventory": [{"Index": 0, "Type": "cwc_minecraft_red_rn", "Quantity": 18}, {"Index": 1, "Type": "cwc_minecraft_orange_rn", "Quantity": 20}, {"Index": 2, "Type": "cwc_minecraft_yellow_rn", "Quantity": 20}, {"Index": 3, "Type": "cwc_minecraft_green_rn", "Quantity": 20}, {"Index": 4, "Type": "cwc_minecraft_blue_rn", "Quantity": 20}, {"Index": 5, "Type": "cwc_minecraft_purple_rn", "Quantity": 20}], "ChatHistory": ["<Builder> Mission has started.", "<Architect> ok this one looks fun", "<Builder> ready!", "<Architect> in the top left corner, put 3 red blocks", "<Architect> in the leftmost corner, the block below that, and the block to the right of the corner"], "Timestamp": "2018-04-12 22:45:06", "BlocksInGrid": [{"PerspectiveCoordinates": {"Y": 1.0268081639177467, "X": 0.6813026445270001, "Z": 0.6938960304488674}, "AbsoluteCoordinates": {"Y": 1, "X": 5, "Z": 4}, "Type": "cwc_minecraft_red_rn"}, {"PerspectiveCoordinates": {"Y": 1.8224585633947872, "X": 0.4023115887690001, "Z": 1.2315803547686732}, "AbsoluteCoordinates": {"Y": 1, "X": 5, "Z": 5}, "Type": "cwc_minecraft_red_rn"}], "ScreenshotPath": "49868-Builder-putdown.png"}, {"BuilderPosition": {"Y": 1.0, "X": 4.938553147207002, "Yaw": 13.650002, "Z": 3.361644898071787, "Pitch": 36.44998}, "BuilderInventory": [{"Index": 0, "Type": "cwc_minecraft_red_rn", "Quantity": 17}, {"Index": 1, "Type": "cwc_minecraft_orange_rn", "Quantity": 20}, {"Index": 2, "Type": "cwc_minecraft_yellow_rn", "Quantity": 20}, {"Index": 3, "Type": "cwc_minecraft_green_rn", "Quantity": 20}, {"Index": 4, "Type": "cwc_minecraft_blue_rn", "Quantity": 20}, {"Index": 5, "Type": "cwc_minecraft_purple_rn", "Quantity": 20}], "ChatHistory": ["<Builder> Mission has started.", "<Architect> ok this one looks fun", "<Builder> ready!", "<Architect> in the top left corner, put 3 red blocks", "<Architect> in the leftmost corner, the block below that, and the block to the right of the corner"], "Timestamp": "2018-04-12 22:45:06", "BlocksInGrid": [{"PerspectiveCoordinates": {"Y": 0.43713337748854586, "X": 1.20774567543, "Z": 0.5918317275739499}, "AbsoluteCoordinates": {"Y": 1, "X": 5, "Z": 4}, "Type": "cwc_minecraft_red_rn"}, {"PerspectiveCoordinates": {"Y": 1.1546801827794806, "X": 0.471980506726, "Z": 1.5633131729633039}, "AbsoluteCoordinates": {"Y": 1, "X": 4, "Z": 5}, "Type": "cwc_minecraft_red_rn"}, {"PerspectiveCoordinates": {"Y": 1.0144734688782862, "X": 1.443735928793, "Z": 1.3734883140556016}, "AbsoluteCoordinates": {"Y": 1, "X": 5, "Z": 5}, "Type": "cwc_minecraft_red_rn"}], "ScreenshotPath": "51218-Builder-putdown.png"}, {"BuilderPosition": {"Y": 1.0, "X": 4.086103537097052, "Yaw": 5.550002, "Z": 2.1889086024289823, "Pitch": 33.599987}, "BuilderInventory": [{"Index": 0, "Type": "cwc_minecraft_red_rn", "Quantity": 17}, {"Index": 1, "Type": "cwc_minecraft_orange_rn", "Quantity": 20}, {"Index": 2, "Type": "cwc_minecraft_yellow_rn", "Quantity": 20}, {"Index": 3, "Type": "cwc_minecraft_green_rn", "Quantity": 20}, {"Index": 4, "Type": "cwc_minecraft_blue_rn", "Quantity": 20}, {"Index": 5, "Type": "cwc_minecraft_purple_rn", "Quantity": 20}], "ChatHistory": ["<Builder> Mission has started.", "<Architect> ok this one looks fun", "<Builder> ready!", "<Architect> in the top left corner, put 3 red blocks", "<Architect> in the leftmost corner, the block below that, and the block to the right of the corner", "<Architect> yup, just like that"], "Timestamp": "2018-04-12 22:45:09", "BlocksInGrid": [{"PerspectiveCoordinates": {"Y": 1.0480734044685822, "X": 1.1887409702023999, "Z": 1.5774780646985578}, "AbsoluteCoordinates": {"Y": 1, "X": 5, "Z": 4}, "Type": "cwc_minecraft_red_rn"}, {"PerspectiveCoordinates": {"Y": 1.6523914748598443, "X": 0.2901431931261, "Z": 2.487050329464248}, "AbsoluteCoordinates": {"Y": 1, "X": 4, "Z": 5}, "Type": "cwc_minecraft_red_rn"}, {"PerspectiveCoordinates": {"Y": 1.5988705627551967, "X": 1.2854553679111, "Z": 2.4064948411866403}, "AbsoluteCoordinates": {"Y": 1, "X": 5, "Z": 5}, "Type": "cwc_minecraft_red_rn"}], "ScreenshotPath": "55017-Builder-chat.png"}, {"BuilderPosition": {"Y": 1.0, "X": 4.167974903606421, "Yaw": 5.100002, "Z": 1.1256264701213512, "Pitch": 29.549986}, "BuilderInventory": [{"Index": 0, "Type": "cwc_minecraft_red_rn", "Quantity": 17}, {"Index": 1, "Type": "cwc_minecraft_orange_rn", "Quantity": 20}, {"Index": 2, "Type": "cwc_minecraft_yellow_rn", "Quantity": 20}, {"Index": 3, "Type": "cwc_minecraft_green_rn", "Quantity": 20}, {"Index": 4, "Type": "cwc_minecraft_blue_rn", "Quantity": 20}, {"Index": 5, "Type": "cwc_minecraft_purple_rn", "Quantity": 20}], "ChatHistory": ["<Builder> Mission has started.", "<Architect> ok this one looks fun", "<Builder> ready!", "<Architect> in the top left corner, put 3 red blocks", "<Architect> in the leftmost corner, the block below that, and the block to the right of the corner", "<Architect> yup, just like that", "<Architect> then put a red block on top of the corner block"], "Timestamp": "2018-04-12 22:45:17", "BlocksInGrid": [{"PerspectiveCoordinates": {"Y": 1.4298494816341505, "X": 1.2627240572124, "Z": 2.522113878319638}, "AbsoluteCoordinates": {"Y": 1, "X": 5, "Z": 4}, "Type": "cwc_minecraft_red_rn"}, {"PerspectiveCoordinates": {"Y": 1.9649208361446977, "X": 0.3555773265392, "Z": 3.4659271302991437}, "AbsoluteCoordinates": {"Y": 1, "X": 4, "Z": 5}, "Type": "cwc_minecraft_red_rn"}, {"PerspectiveCoordinates": {"Y": 1.921079690670325, "X": 1.3516183888472, "Z": 3.388595660894424}, "AbsoluteCoordinates": {"Y": 1, "X": 5, "Z": 5}, "Type": "cwc_minecraft_red_rn"}], "ScreenshotPath": "62766-Builder-chat.png"}, {"BuilderPosition": {"Y": 1.0, "X": 4.475251129979885, "Yaw": -28.199995, "Z": 3.59926257564654, "Pitch": 13.649993}, "BuilderInventory": [{"Index": 0, "Type": "cwc_minecraft_red_rn", "Quantity": 16}, {"Index": 1, "Type": "cwc_minecraft_orange_rn", "Quantity": 20}, {"Index": 2, "Type": "cwc_minecraft_yellow_rn", "Quantity": 20}, {"Index": 3, "Type": "cwc_minecraft_green_rn", "Quantity": 20}, {"Index": 4, "Type": "cwc_minecraft_blue_rn", "Quantity": 20}, {"Index": 5, "Type": "cwc_minecraft_purple_rn", "Quantity": 20}], "ChatHistory": ["<Builder> Mission has started.", "<Architect> ok this one looks fun", "<Builder> ready!", "<Architect> in the top left corner, put 3 red blocks", "<Architect> in the leftmost corner, the block below that, and the block to the right of the corner", "<Architect> yup, just like that", "<Architect> then put a red block on top of the corner block"], "Timestamp": "2018-04-12 22:45:24", "BlocksInGrid": [{"PerspectiveCoordinates": {"Y": 0.3194961845966845, "X": 0.4087528053419999, "Z": 1.3156151915187455}, "AbsoluteCoordinates": {"Y": 1, "X": 5, "Z": 4}, "Type": "cwc_minecraft_red_rn"}, {"PerspectiveCoordinates": {"Y": 0.41595780029892565, "X": -0.945101375922, "Z": 1.7128229615473975}, "AbsoluteCoordinates": {"Y": 1, "X": 4, "Z": 5}, "Type": "cwc_minecraft_red_rn"}, {"PerspectiveCoordinates": {"Y": 0.5274750847461473, "X": -0.0637978826190001, "Z": 2.1720266722924446}, "AbsoluteCoordinates": {"Y": 1, "X": 5, "Z": 5}, "Type": "cwc_minecraft_red_rn"}, {"PerspectiveCoordinates": {"Y": 1.4992305438831475, "X": -0.0637978826190001, "Z": 1.9360365715724444}, "AbsoluteCoordinates": {"Y": 2, "X": 5, "Z": 5}, "Type": "cwc_minecraft_red_rn"}], "ScreenshotPath": "69215-Builder-putdown.png"}, {"BuilderPosition": {"Y": 2.742931601724881, "X": 4.488726792620495, "Yaw": -1.6500009, "Z": 0.8778349216198738, "Pitch": 30.449987}, "BuilderInventory": [{"Index": 0, "Type": "cwc_minecraft_red_rn", "Quantity": 16}, {"Index": 1, "Type": "cwc_minecraft_orange_rn", "Quantity": 20}, {"Index": 2, "Type": "cwc_minecraft_yellow_rn", "Quantity": 20}, {"Index": 3, "Type": "cwc_minecraft_green_rn", "Quantity": 20}, {"Index": 4, "Type": "cwc_minecraft_blue_rn", "Quantity": 20}, {"Index": 5, "Type": "cwc_minecraft_purple_rn", "Quantity": 20}], "ChatHistory": ["<Builder> Mission has started.", "<Architect> ok this one looks fun", "<Builder> ready!", "<Architect> in the top left corner, put 3 red blocks", "<Architect> in the leftmost corner, the block below that, and the block to the right of the corner", "<Architect> yup, just like that", "<Architect> then put a red block on top of the corner block", "<Architect> ok, now we're going to replicate this structure exactly in all 4 corners"], "Timestamp": "2018-04-12 22:45:34", "BlocksInGrid": [{"PerspectiveCoordinates": {"Y": 1.178824247848034, "X": 0.8844094954622, "Z": 3.9784661915121373}, "AbsoluteCoordinates": {"Y": 1, "X": 5, "Z": 4}, "Type": "cwc_minecraft_red_rn"}, {"PerspectiveCoordinates": {"Y": 1.67080779725567, "X": -0.1439698403485, "Z": 4.815358137218356}, "AbsoluteCoordinates": {"Y": 1, "X": 4, "Z": 5}, "Type": "cwc_minecraft_red_rn"}, {"PerspectiveCoordinates": {"Y": 1.685400178911768, "X": 0.8556155273925, "Z": 4.840180606773209}, "AbsoluteCoordinates": {"Y": 1, "X": 5, "Z": 5}, "Type": "cwc_minecraft_red_rn"}, {"PerspectiveCoordinates": {"Y": 2.547472036974768, "X": 0.8556155273925, "Z": 4.333394545860209}, "AbsoluteCoordinates": {"Y": 2, "X": 5, "Z": 5}, "Type": "cwc_minecraft_red_rn"}], "ScreenshotPath": "79813-Builder-chat.png"}, {"BuilderPosition": {"Y": 2.742931601724881, "X": -4.140748172985109, "Yaw": 7.799998, "Z": 4.570005767627414, "Pitch": 51.6}, "ChatHistory": ["<Builder> Mission has started.", "<Architect> ok this one looks fun", "<Builder> ready!", "<Architect> in the top left corner, put 3 red blocks", "<Architect> in the leftmost corner, the block below that, and the block to the right of the corner", "<Architect> yup, just like that", "<Architect> then put a red block on top of the corner block", "<Architect> ok, now we're going to replicate this structure exactly in all 4 corners", "<Architect> in the right corner, do this with yellow blocks"], "Timestamp": "2018-04-12 22:45:44", "BlocksInGrid": [{"PerspectiveCoordinates": {"Y": -1.684741570991078, "X": 9.90747845209, "Z": -0.05930059352783529}, "AbsoluteCoordinates": {"Y": 1, "X": 5, "Z": 4}, "Type": "cwc_minecraft_red_rn"}, {"PerspectiveCoordinates": {"Y": -0.8019395877696442, "X": 9.052446144732, "Z": 0.6403996364243302}, "AbsoluteCoordinates": {"Y": 1, "X": 4, "Z": 5}, "Type": "cwc_minecraft_red_rn"}, {"PerspectiveCoordinates": {"Y": -0.908298966840952, "X": 10.043193989941, "Z": 0.5561002313389466}, "AbsoluteCoordinates": {"Y": 1, "X": 5, "Z": 5}, "Type": "cwc_minecraft_red_rn"}, {"PerspectiveCoordinates": {"Y": -0.2871511865629521, "X": 10.043193989941, "Z": -0.22759322598705342}, "AbsoluteCoordinates": {"Y": 2, "X": 5, "Z": 5}, "Type": "cwc_minecraft_red_rn"}], "ScreenshotPath": "87712-Builder-chat.png", "BuilderInventory": [{"Index": 0, "Type": "cwc_minecraft_red_rn", "Quantity": 16}, {"Index": 1, "Type": "cwc_minecraft_orange_rn", "Quantity": 20}, {"Index": 2, "Type": "cwc_minecraft_yellow_rn", "Quantity": 20}, {"Index": 3, "Type": "cwc_minecraft_green_rn", "Quantity": 20}, {"Index": 4, "Type": "cwc_minecraft_blue_rn", "Quantity": 20}, {"Index": 5, "Type": "cwc_minecraft_purple_rn", "Quantity": 20}]}, {"BuilderPosition": {"Y": 2.742931601724881, "X": -4.140748172985109, "Yaw": 2.699998, "Z": 4.580168840379643, "Pitch": 71.7}, "BuilderInventory": [{"Index": 0, "Type": "cwc_minecraft_red_rn", "Quantity": 16}, {"Index": 1, "Type": "cwc_minecraft_orange_rn", "Quantity": 20}, {"Index": 2, "Type": "cwc_minecraft_yellow_rn", "Quantity": 19}, {"Index": 3, "Type": "cwc_minecraft_green_rn", "Quantity": 20}, {"Index": 4, "Type": "cwc_minecraft_blue_rn", "Quantity": 20}, {"Index": 5, "Type": "cwc_minecraft_purple_rn", "Quantity": 20}], "ChatHistory": ["<Builder> Mission has started.", "<Architect> ok this one looks fun", "<Builder> ready!", "<Architect> in the top left corner, put 3 red blocks", "<Architect> in the leftmost corner, the block below that, and the block to the right of the corner", "<Architect> yup, just like that", "<Architect> then put a red block on top of the corner block", "<Architect> ok, now we're going to replicate this structure exactly in all 4 corners", "<Architect> in the right corner, do this with yellow blocks"], "Timestamp": "2018-04-12 22:45:47", "BlocksInGrid": [{"PerspectiveCoordinates": {"Y": -0.7612327695730364, "X": 9.98889876606, "Z": 0.8015148856223042}, "AbsoluteCoordinates": {"Y": 1, "X": 5, "Z": 4}, "Type": "cwc_minecraft_red_rn"}, {"PerspectiveCoordinates": {"Y": 0.6343790422414101, "X": 0.0471064158418, "Z": 1.2630693632380916}, "AbsoluteCoordinates": {"Y": 1, "X": -5, "Z": 5}, "Type": "cwc_minecraft_yellow_rn"}, {"PerspectiveCoordinates": {"Y": 0.2318627599959773, "X": 9.0371153052958, "Z": 1.1299498304203655}, "AbsoluteCoordinates": {"Y": 1, "X": 4, "Z": 5}, "Type": "cwc_minecraft_red_rn"}, {"PerspectiveCoordinates": {"Y": 0.18713872863537356, "X": 10.0360051819018, "Z": 1.1151587712183957}, "AbsoluteCoordinates": {"Y": 1, "X": 5, "Z": 5}, "Type": "cwc_minecraft_red_rn"}, {"PerspectiveCoordinates": {"Y": 0.5011311846023736, "X": 10.0360051819018, "Z": 0.1657332935763957}, "AbsoluteCoordinates": {"Y": 2, "X": 5, "Z": 5}, "Type": "cwc_minecraft_red_rn"}], "ScreenshotPath": "93363-Builder-putdown.png"}, {"BuilderPosition": {"Y": 2.742931601724881, "X": -4.140748172985109, "Yaw": -18.750002, "Z": 4.580168840379643, "Pitch": 74.54999}, "BuilderInventory": [{"Index": 0, "Type": "cwc_minecraft_red_rn", "Quantity": 16}, {"Index": 1, "Type": "cwc_minecraft_orange_rn", "Quantity": 20}, {"Index": 2, "Type": "cwc_minecraft_yellow_rn", "Quantity": 18}, {"Index": 3, "Type": "cwc_minecraft_green_rn", "Quantity": 20}, {"Index": 4, "Type": "cwc_minecraft_blue_rn", "Quantity": 20}, {"Index": 5, "Type": "cwc_minecraft_purple_rn", "Quantity": 20}], "ChatHistory": ["<Builder> Mission has started.", "<Architect> ok this one looks fun", "<Builder> ready!", "<Architect> in the top left corner, put 3 red blocks", "<Architect> in the leftmost corner, the block below that, and the block to the right of the corner", "<Architect> yup, just like that", "<Architect> then put a red block on top of the corner block", "<Architect> ok, now we're going to replicate this structure exactly in all 4 corners", "<Architect> in the right corner, do this with yellow blocks"], "Timestamp": "2018-04-12 22:45:49", "BlocksInGrid": [{"PerspectiveCoordinates": {"Y": 2.8318396767531078, "X": 9.46930118275, "Z": 1.8201700897343145}, "AbsoluteCoordinates": {"Y": 1, "X": 5, "Z": 4}, "Type": "cwc_minecraft_red_rn"}, {"PerspectiveCoordinates": {"Y": 0.6463136241568651, "X": -0.321439498357, "Z": 1.21612308099343}, "AbsoluteCoordinates": {"Y": 1, "X": -5, "Z": 5}, "Type": "cwc_minecraft_yellow_rn"}, {"PerspectiveCoordinates": {"Y": 0.956137343476676, "X": 0.6254906199179999, "Z": 1.3017537650430615}, "AbsoluteCoordinates": {"Y": 1, "X": -4, "Z": 5}, "Type": "cwc_minecraft_yellow_rn"}, {"PerspectiveCoordinates": {"Y": 3.4347270980351623, "X": 8.200931566118, "Z": 1.986799237440113}, "AbsoluteCoordinates": {"Y": 1, "X": 4, "Z": 5}, "Type": "cwc_minecraft_red_rn"}, {"PerspectiveCoordinates": {"Y": 3.744550817354973, "X": 9.147861684393, "Z": 2.0724299214897446}, "AbsoluteCoordinates": {"Y": 1, "X": 5, "Z": 5}, "Type": "cwc_minecraft_red_rn"}, {"PerspectiveCoordinates": {"Y": 4.0109483337999725, "X": 9.147861684393, "Z": 1.1085666722517444}, "AbsoluteCoordinates": {"Y": 2, "X": 5, "Z": 5}, "Type": "cwc_minecraft_red_rn"}], "ScreenshotPath": "95013-Builder-putdown.png"}, {"BuilderPosition": {"Y": 2.742931601724881, "X": -4.140748172985109, "Yaw": 20.249996, "Z": 4.580168840379643, "Pitch": 88.649994}, "BuilderInventory": [{"Index": 0, "Type": "cwc_minecraft_red_rn", "Quantity": 16}, {"Index": 1, "Type": "cwc_minecraft_orange_rn", "Quantity": 20}, {"Index": 2, "Type": "cwc_minecraft_yellow_rn", "Quantity": 17}, {"Index": 3, "Type": "cwc_minecraft_green_rn", "Quantity": 20}, {"Index": 4, "Type": "cwc_minecraft_blue_rn", "Quantity": 20}, {"Index": 5, "Type": "cwc_minecraft_purple_rn", "Quantity": 20}], "ChatHistory": ["<Builder> Mission has started.", "<Architect> ok this one looks fun", "<Builder> ready!", "<Architect> in the top left corner, put 3 red blocks", "<Architect> in the leftmost corner, the block below that, and the block to the right of the corner", "<Architect> yup, just like that", "<Architect> then put a red block on top of the corner block", "<Architect> ok, now we're going to replicate this structure exactly in all 4 corners", "<Architect> in the right corner, do this with yellow blocks"], "Timestamp": "2018-04-12 22:45:50", "BlocksInGrid": [{"PerspectiveCoordinates": {"Y": -0.0235598695243, "X": 0.0, "Z": 0.999722427751}, "AbsoluteCoordinates": {"Y": 1, "X": -5, "Z": 4}, "Type": "cwc_minecraft_yellow_rn"}, {"PerspectiveCoordinates": {"Y": -3.483769060596603, "X": 9.38191360086, "Z": 0.9181777161335551}, "AbsoluteCoordinates": {"Y": 1, "X": 5, "Z": 4}, "Type": "cwc_minecraft_red_rn"}, {"PerspectiveCoordinates": {"Y": 0.9143710746758885, "X": 0.346116991579, "Z": 1.0218260937834516}, "AbsoluteCoordinates": {"Y": 1, "X": -5, "Z": 5}, "Type": "cwc_minecraft_yellow_rn"}, {"PerspectiveCoordinates": {"Y": 0.5683501555686582, "X": 1.284308351665, "Z": 1.0136716226217073}, "AbsoluteCoordinates": {"Y": 1, "X": -4, "Z": 5}, "Type": "cwc_minecraft_yellow_rn"}, {"PerspectiveCoordinates": {"Y": -2.1998171972891845, "X": 8.789839232353001, "Z": 0.9484358533277514}, "AbsoluteCoordinates": {"Y": 1, "X": 4, "Z": 5}, "Type": "cwc_minecraft_red_rn"}, {"PerspectiveCoordinates": {"Y": -2.5458381163964146, "X": 9.728030592439001, "Z": 0.9402813821660069}, "AbsoluteCoordinates": {"Y": 1, "X": 5, "Z": 5}, "Type": "cwc_minecraft_red_rn"}, {"PerspectiveCoordinates": {"Y": -2.5222782468721148, "X": 9.728030592439001, "Z": -0.05944104558499311}, "AbsoluteCoordinates": {"Y": 2, "X": 5, "Z": 5}, "Type": "cwc_minecraft_red_rn"}], "ScreenshotPath": "96260-Builder-putdown.png"}, {"BuilderPosition": {"Y": 2.742931601724881, "X": -4.140748172985109, "Yaw": 13.499993, "Z": 4.580168840379643, "Pitch": 70.649994}, "BuilderInventory": [{"Index": 0, "Type": "cwc_minecraft_red_rn", "Quantity": 16}, {"Index": 1, "Type": "cwc_minecraft_orange_rn", "Quantity": 20}, {"Index": 2, "Type": "cwc_minecraft_yellow_rn", "Quantity": 16}, {"Index": 3, "Type": "cwc_minecraft_green_rn", "Quantity": 20}, {"Index": 4, "Type": "cwc_minecraft_blue_rn", "Quantity": 20}, {"Index": 5, "Type": "cwc_minecraft_purple_rn", "Quantity": 20}], "ChatHistory": ["<Builder> Mission has started.", "<Architect> ok this one looks fun", "<Builder> ready!", "<Architect> in the top left corner, put 3 red blocks", "<Architect> in the leftmost corner, the block below that, and the block to the right of the corner", "<Architect> yup, just like that", "<Architect> then put a red block on top of the corner block", "<Architect> ok, now we're going to replicate this structure exactly in all 4 corners", "<Architect> in the right corner, do this with yellow blocks"], "Timestamp": "2018-04-12 22:45:52", "BlocksInGrid": [{"PerspectiveCoordinates": {"Y": -0.331337987267, "X": 0.0, "Z": 0.943512129331}, "AbsoluteCoordinates": {"Y": 1, "X": -5, "Z": 4}, "Type": "cwc_minecraft_yellow_rn"}, {"PerspectiveCoordinates": {"Y": -2.533922189745142, "X": 9.72369948918, "Z": 0.1700193529819938}, "AbsoluteCoordinates": {"Y": 1, "X": 5, "Z": 4}, "Type": "cwc_minecraft_red_rn"}, {"PerspectiveCoordinates": {"Y": 0.5861048537340979, "X": 0.233445245059, "Z": 1.2656952310844058}, "AbsoluteCoordinates": {"Y": 1, "X": -5, "Z": 5}, "Type": "cwc_minecraft_yellow_rn"}, {"PerspectiveCoordinates": {"Y": 0.3658464334862837, "X": 1.205815193977, "Z": 1.188345953449505}, "AbsoluteCoordinates": {"Y": 1, "X": -4, "Z": 5}, "Type": "cwc_minecraft_yellow_rn"}, {"PerspectiveCoordinates": {"Y": -1.3962209284962297, "X": 8.984774785321001, "Z": 0.5695517323703001}, "AbsoluteCoordinates": {"Y": 1, "X": 4, "Z": 5}, "Type": "cwc_minecraft_red_rn"}, {"PerspectiveCoordinates": {"Y": -1.6164793487440439, "X": 9.957144734239, "Z": 0.49220245473539953}, "AbsoluteCoordinates": {"Y": 1, "X": 5, "Z": 5}, "Type": "cwc_minecraft_red_rn"}, {"PerspectiveCoordinates": {"Y": 0.917442841001098, "X": 0.233445245059, "Z": 0.3221831017534057}, "AbsoluteCoordinates": {"Y": 2, "X": -5, "Z": 5}, "Type": "cwc_minecraft_yellow_rn"}, {"PerspectiveCoordinates": {"Y": -1.285141361477044, "X": 9.957144734239, "Z": -0.4513096745956005}, "AbsoluteCoordinates": {"Y": 2, "X": 5, "Z": 5}, "Type": "cwc_minecraft_red_rn"}], "ScreenshotPath": "97613-Builder-putdown.png"}, {"BuilderPosition": {"Y": 2.742931601724881, "X": 0.10139361383914014, "Yaw": 27.149992, "Z": -4.5448227022584335, "Pitch": 50.54998}, "ChatHistory": ["<Builder> Mission has started.", "<Architect> ok this one looks fun", "<Builder> ready!", "<Architect> in the top left corner, put 3 red blocks", "<Architect> in the leftmost corner, the block below that, and the block to the right of the corner", "<Architect> yup, just like that", "<Architect> then put a red block on top of the corner block", "<Architect> ok, now we're going to replicate this structure exactly in all 4 corners", "<Architect> in the right corner, do this with yellow blocks", "<Architect> in the bottom right corner, do it with green blocks"], "Timestamp": "2018-04-12 22:46:00", "BlocksInGrid": [{"PerspectiveCoordinates": {"Y": 7.310273993933924, "X": -0.3421817574790008, "Z": 7.310458657197463}, "AbsoluteCoordinates": {"Y": 1, "X": -5, "Z": 4}, "Type": "cwc_minecraft_yellow_rn"}, {"PerspectiveCoordinates": {"Y": 3.7866547683661334, "X": 8.555968157341, "Z": 4.410969797653747}, "AbsoluteCoordinates": {"Y": 1, "X": 5, "Z": 4}, "Type": "cwc_minecraft_red_rn"}, {"PerspectiveCoordinates": {"Y": 7.997370578309038, "X": 0.11413970917999916, "Z": 7.875851443503753}, "AbsoluteCoordinates": {"Y": 1, "X": -5, "Z": 5}, "Type": "cwc_minecraft_yellow_rn"}, {"PerspectiveCoordinates": {"Y": 7.6450086557522585, "X": 1.0039547006619995, "Z": 7.585902557549382}, "AbsoluteCoordinates": {"Y": 1, "X": -4, "Z": 5}, "Type": "cwc_minecraft_yellow_rn"}, {"PerspectiveCoordinates": {"Y": 4.8261132752980265, "X": 8.122474632518, "Z": 5.266311469914409}, "AbsoluteCoordinates": {"Y": 1, "X": 4, "Z": 5}, "Type": "cwc_minecraft_red_rn"}, {"PerspectiveCoordinates": {"Y": 4.473751352741248, "X": 9.012289624000001, "Z": 4.976362583960037}, "AbsoluteCoordinates": {"Y": 1, "X": 5, "Z": 5}, "Type": "cwc_minecraft_red_rn"}, {"PerspectiveCoordinates": {"Y": 8.632775456535038, "X": 0.11413970917999916, "Z": 7.103672292834753}, "AbsoluteCoordinates": {"Y": 2, "X": -5, "Z": 5}, "Type": "cwc_minecraft_yellow_rn"}, {"PerspectiveCoordinates": {"Y": 5.109156230967248, "X": 9.012289624000001, "Z": 4.204183433291036}, "AbsoluteCoordinates": {"Y": 2, "X": 5, "Z": 5}, "Type": "cwc_minecraft_red_rn"}], "ScreenshotPath": "105576-Builder-chat.png", "BuilderInventory": [{"Index": 0, "Type": "cwc_minecraft_red_rn", "Quantity": 16}, {"Index": 1, "Type": "cwc_minecraft_orange_rn", "Quantity": 20}, {"Index": 2, "Type": "cwc_minecraft_yellow_rn", "Quantity": 16}, {"Index": 3, "Type": "cwc_minecraft_green_rn", "Quantity": 20}, {"Index": 4, "Type": "cwc_minecraft_blue_rn", "Quantity": 20}, {"Index": 5, "Type": "cwc_minecraft_purple_rn", "Quantity": 20}]}, {"BuilderPosition": {"Y": 2.742931601724881, "X": -2.408278736556161, "Yaw": 92.55002, "Z": -4.160121234107276, "Pitch": 57.299984}, "ChatHistory": ["<Builder> Mission has started.", "<Architect> ok this one looks fun", "<Builder> ready!", "<Architect> in the top left corner, put 3 red blocks", "<Architect> in the leftmost corner, the block below that, and the block to the right of the corner", "<Architect> yup, just like that", "<Architect> then put a red block on top of the corner block", "<Architect> ok, now we're going to replicate this structure exactly in all 4 corners", "<Architect> in the right corner, do this with yellow blocks", "<Architect> in the bottom right corner, do it with green blocks"], "Timestamp": "2018-04-12 22:46:06", "BlocksInGrid": [{"PerspectiveCoordinates": {"Y": 1.1411141126446993, "X": 0.088983106817, "Z": 1.9209218070060439}, "AbsoluteCoordinates": {"Y": 1, "X": -5, "Z": -5}, "Type": "cwc_minecraft_green_rn"}, {"PerspectiveCoordinates": {"Y": 0.8041530759652513, "X": 9.080070951776, "Z": 1.7045965332610622}, "AbsoluteCoordinates": {"Y": 1, "X": -5, "Z": 4}, "Type": "cwc_minecraft_yellow_rn"}, {"PerspectiveCoordinates": {"Y": -7.6026202646182455, "X": 8.635155417691, "Z": -3.6924593463591573}, "AbsoluteCoordinates": {"Y": 1, "X": 5, "Z": 4}, "Type": "cwc_minecraft_red_rn"}, {"PerspectiveCoordinates": {"Y": 0.766712960778646, "X": 10.079080712327, "Z": 1.6805603917338419}, "AbsoluteCoordinates": {"Y": 1, "X": -5, "Z": 5}, "Type": "cwc_minecraft_yellow_rn"}, {"PerspectiveCoordinates": {"Y": -0.0739643732797037, "X": 10.0345891589185, "Z": 1.14085480377182}, "AbsoluteCoordinates": {"Y": 1, "X": -4, "Z": 5}, "Type": "cwc_minecraft_yellow_rn"}, {"PerspectiveCoordinates": {"Y": -6.799383045746501, "X": 9.6786567316505, "Z": -3.176789899924356}, "AbsoluteCoordinates": {"Y": 1, "X": 4, "Z": 5}, "Type": "cwc_minecraft_red_rn"}, {"PerspectiveCoordinates": {"Y": -7.640060379804851, "X": 9.634165178242, "Z": -3.7164954878863776}, "AbsoluteCoordinates": {"Y": 1, "X": 5, "Z": 5}, "Type": "cwc_minecraft_red_rn"}, {"PerspectiveCoordinates": {"Y": 1.306953516250646, "X": 10.079080712327, "Z": 0.839049760651842}, "AbsoluteCoordinates": {"Y": 2, "X": -5, "Z": 5}, "Type": "cwc_minecraft_yellow_rn"}, {"PerspectiveCoordinates": {"Y": -7.099819824332851, "X": 9.634165178242, "Z": -4.558006118968378}, "AbsoluteCoordinates": {"Y": 2, "X": 5, "Z": 5}, "Type": "cwc_minecraft_red_rn"}], "ScreenshotPath": "110709-Builder-putdown.png", "BuilderInventory": [{"Index": 0, "Type": "cwc_minecraft_red_rn", "Quantity": 16}, {"Index": 1, "Type": "cwc_minecraft_orange_rn", "Quantity": 20}, {"Index": 2, "Type": "cwc_minecraft_yellow_rn", "Quantity": 16}, {"Index": 3, "Type": "cwc_minecraft_green_rn", "Quantity": 19}, {"Index": 4, "Type": "cwc_minecraft_blue_rn", "Quantity": 20}, {"Index": 5, "Type": "cwc_minecraft_purple_rn", "Quantity": 20}]}, {"BuilderPosition": {"Y": 2.742931601724881, "X": -2.5427089924978583, "Yaw": 67.20002, "Z": -4.160121234107276, "Pitch": 60.599983}, "ChatHistory": ["<Builder> Mission has started.", "<Architect> ok this one looks fun", "<Builder> ready!", "<Architect> in the top left corner, put 3 red blocks", "<Architect> in the leftmost corner, the block below that, and the block to the right of the corner", "<Architect> yup, just like that", "<Architect> then put a red block on top of the corner block", "<Architect> ok, now we're going to replicate this structure exactly in all 4 corners", "<Architect> in the right corner, do this with yellow blocks", "<Architect> in the bottom right corner, do it with green blocks"], "Timestamp": "2018-04-12 22:46:07", "BlocksInGrid": [{"PerspectiveCoordinates": {"Y": 1.1153757742934431, "X": -0.775030529322, "Z": 1.7763064377341826}, "AbsoluteCoordinates": {"Y": 1, "X": -5, "Z": -5}, "Type": "cwc_minecraft_green_rn"}, {"PerspectiveCoordinates": {"Y": 1.45298436844278, "X": 0.14683275753500002, "Z": 1.9665392359097482}, "AbsoluteCoordinates": {"Y": 1, "X": -5, "Z": -4}, "Type": "cwc_minecraft_green_rn"}, {"PerspectiveCoordinates": {"Y": 4.153853121637475, "X": 7.521739052391, "Z": 3.4884016213142752}, "AbsoluteCoordinates": {"Y": 1, "X": -5, "Z": 4}, "Type": "cwc_minecraft_yellow_rn"}, {"PerspectiveCoordinates": {"Y": -3.8775458103747407, "X": 11.396891699001, "Z": -1.0370622400266374}, "AbsoluteCoordinates": {"Y": 1, "X": 5, "Z": 4}, "Type": "cwc_minecraft_red_rn"}, {"PerspectiveCoordinates": {"Y": 4.491461715786812, "X": 8.443602339248, "Z": 3.6786344194898413}, "AbsoluteCoordinates": {"Y": 1, "X": -5, "Z": 5}, "Type": "cwc_minecraft_yellow_rn"}, {"PerspectiveCoordinates": {"Y": 3.6883218225855905, "X": 8.831117603909, "Z": 3.22608803335575}, "AbsoluteCoordinates": {"Y": 1, "X": -4, "Z": 5}, "Type": "cwc_minecraft_yellow_rn"}, {"PerspectiveCoordinates": {"Y": -2.7367973230241818, "X": 11.931239721197, "Z": -0.3942830557169798}, "AbsoluteCoordinates": {"Y": 1, "X": 4, "Z": 5}, "Type": "cwc_minecraft_red_rn"}, {"PerspectiveCoordinates": {"Y": -3.539937216225404, "X": 12.318754985858, "Z": -0.8468294418510713}, "AbsoluteCoordinates": {"Y": 1, "X": 5, "Z": 5}, "Type": "cwc_minecraft_red_rn"}, {"PerspectiveCoordinates": {"Y": 4.982365727895813, "X": 8.443602339248, "Z": 2.807420754023841}, "AbsoluteCoordinates": {"Y": 2, "X": -5, "Z": 5}, "Type": "cwc_minecraft_yellow_rn"}, {"PerspectiveCoordinates": {"Y": -3.049033204116404, "X": 12.318754985858, "Z": -1.7180431073170712}, "AbsoluteCoordinates": {"Y": 2, "X": 5, "Z": 5}, "Type": "cwc_minecraft_red_rn"}], "ScreenshotPath": "112260-Builder-putdown.png", "BuilderInventory": [{"Index": 0, "Type": "cwc_minecraft_red_rn", "Quantity": 16}, {"Index": 1, "Type": "cwc_minecraft_orange_rn", "Quantity": 20}, {"Index": 2, "Type": "cwc_minecraft_yellow_rn", "Quantity": 16}, {"Index": 3, "Type": "cwc_minecraft_green_rn", "Quantity": 18}, {"Index": 4, "Type": "cwc_minecraft_blue_rn", "Quantity": 20}, {"Index": 5, "Type": "cwc_minecraft_purple_rn", "Quantity": 20}]}, {"BuilderPosition": {"Y": 2.742931601724881, "X": -2.5533435315166653, "Yaw": 102.45003, "Z": -4.160121234107276, "Pitch": 77.549995}, "BuilderInventory": [{"Index": 0, "Type": "cwc_minecraft_red_rn", "Quantity": 16}, {"Index": 1, "Type": "cwc_minecraft_orange_rn", "Quantity": 20}, {"Index": 2, "Type": "cwc_minecraft_yellow_rn", "Quantity": 16}, {"Index": 3, "Type": "cwc_minecraft_green_rn", "Quantity": 17}, {"Index": 4, "Type": "cwc_minecraft_blue_rn", "Quantity": 20}, {"Index": 5, "Type": "cwc_minecraft_purple_rn", "Quantity": 20}], "ChatHistory": ["<Builder> Mission has started.", "<Architect> ok this one looks fun", "<Builder> ready!", "<Architect> in the top left corner, put 3 red blocks", "<Architect> in the leftmost corner, the block below that, and the block to the right of the corner", "<Architect> yup, just like that", "<Architect> then put a red block on top of the corner block", "<Architect> ok, now we're going to replicate this structure exactly in all 4 corners", "<Architect> in the right corner, do this with yellow blocks", "<Architect> in the bottom right corner, do it with green blocks"], "Timestamp": "2018-04-12 22:46:08", "BlocksInGrid": [{"PerspectiveCoordinates": {"Y": 1.6914561192371638, "X": 0.431176127856, "Z": 1.3975204268484644}, "AbsoluteCoordinates": {"Y": 1, "X": -5, "Z": -5}, "Type": "cwc_minecraft_green_rn"}, {"PerspectiveCoordinates": {"Y": 0.7379342406900818, "X": 0.215588063928, "Z": 1.1870024612897323}, "AbsoluteCoordinates": {"Y": 1, "X": -4, "Z": -5}, "Type": "cwc_minecraft_green_rn"}, {"PerspectiveCoordinates": {"Y": 1.4809377173468081, "X": 1.4076605295190001, "Z": 1.351042305396063}, "AbsoluteCoordinates": {"Y": 1, "X": -5, "Z": -4}, "Type": "cwc_minecraft_green_rn"}, {"PerspectiveCoordinates": {"Y": -0.2032094977760375, "X": 9.219535742823, "Z": 0.9792173337768515}, "AbsoluteCoordinates": {"Y": 1, "X": -5, "Z": 4}, "Type": "cwc_minecraft_yellow_rn"}, {"PerspectiveCoordinates": {"Y": -9.738428283246856, "X": 7.063655103543, "Z": -1.12596232181047}, "AbsoluteCoordinates": {"Y": 1, "X": 5, "Z": 4}, "Type": "cwc_minecraft_red_rn"}, {"PerspectiveCoordinates": {"Y": -0.4137278996663932, "X": 10.196020144485999, "Z": 0.9327392123244501}, "AbsoluteCoordinates": {"Y": 1, "X": -5, "Z": 5}, "Type": "cwc_minecraft_yellow_rn"}, {"PerspectiveCoordinates": {"Y": -1.367249778213475, "X": 9.980432080558, "Z": 0.722221246765718}, "AbsoluteCoordinates": {"Y": 1, "X": -4, "Z": 5}, "Type": "cwc_minecraft_yellow_rn"}, {"PerspectiveCoordinates": {"Y": -8.99542480659013, "X": 8.255727569134, "Z": -0.9619224777041393}, "AbsoluteCoordinates": {"Y": 1, "X": 4, "Z": 5}, "Type": "cwc_minecraft_red_rn"}, {"PerspectiveCoordinates": {"Y": -9.948946685137212, "X": 8.040139505206, "Z": -1.1724404432628717}, "AbsoluteCoordinates": {"Y": 1, "X": 5, "Z": 5}, "Type": "cwc_minecraft_red_rn"}, {"PerspectiveCoordinates": {"Y": -0.19814026180939318, "X": 10.196020144485999, "Z": -0.04374528340654996}, "AbsoluteCoordinates": {"Y": 2, "X": -5, "Z": 5}, "Type": "cwc_minecraft_yellow_rn"}, {"PerspectiveCoordinates": {"Y": -9.733359047280212, "X": 8.040139505206, "Z": -2.1489249389938716}, "AbsoluteCoordinates": {"Y": 2, "X": 5, "Z": 5}, "Type": "cwc_minecraft_red_rn"}], "ScreenshotPath": "113674-Builder-putdown.png"}, {"BuilderPosition": {"Y": 2.742931601724881, "X": -2.5533435315166653, "Yaw": 102.45003, "Z": -4.160121234107276, "Pitch": 77.549995}, "BuilderInventory": [{"Index": 0, "Type": "cwc_minecraft_red_rn", "Quantity": 16}, {"Index": 1, "Type": "cwc_minecraft_orange_rn", "Quantity": 20}, {"Index": 2, "Type": "cwc_minecraft_yellow_rn", "Quantity": 16}, {"Index": 3, "Type": "cwc_minecraft_green_rn", "Quantity": 17}, {"Index": 4, "Type": "cwc_minecraft_blue_rn", "Quantity": 20}, {"Index": 5, "Type": "cwc_minecraft_purple_rn", "Quantity": 20}], "ChatHistory": ["<Builder> Mission has started.", "<Architect> ok this one looks fun", "<Builder> ready!", "<Architect> in the top left corner, put 3 red blocks", "<Architect> in the leftmost corner, the block below that, and the block to the right of the corner", "<Architect> yup, just like that", "<Architect> then put a red block on top of the corner block", "<Architect> ok, now we're going to replicate this structure exactly in all 4 corners", "<Architect> in the right corner, do this with yellow blocks", "<Architect> in the bottom right corner, do it with green blocks", "<Architect> and then purple blocks in the bottom left"], "Timestamp": "2018-04-12 22:46:08", "BlocksInGrid": [{"PerspectiveCoordinates": {"Y": 1.6914561192371638, "X": 0.431176127856, "Z": 1.3975204268484644}, "AbsoluteCoordinates": {"Y": 1, "X": -5, "Z": -5}, "Type": "cwc_minecraft_green_rn"}, {"PerspectiveCoordinates": {"Y": 0.7379342406900818, "X": 0.215588063928, "Z": 1.1870024612897323}, "AbsoluteCoordinates": {"Y": 1, "X": -4, "Z": -5}, "Type": "cwc_minecraft_green_rn"}, {"PerspectiveCoordinates": {"Y": 1.4809377173468081, "X": 1.4076605295190001, "Z": 1.351042305396063}, "AbsoluteCoordinates": {"Y": 1, "X": -5, "Z": -4}, "Type": "cwc_minecraft_green_rn"}, {"PerspectiveCoordinates": {"Y": -0.2032094977760375, "X": 9.219535742823, "Z": 0.9792173337768515}, "AbsoluteCoordinates": {"Y": 1, "X": -5, "Z": 4}, "Type": "cwc_minecraft_yellow_rn"}, {"PerspectiveCoordinates": {"Y": -9.738428283246856, "X": 7.063655103543, "Z": -1.12596232181047}, "AbsoluteCoordinates": {"Y": 1, "X": 5, "Z": 4}, "Type": "cwc_minecraft_red_rn"}, {"PerspectiveCoordinates": {"Y": -0.4137278996663932, "X": 10.196020144485999, "Z": 0.9327392123244501}, "AbsoluteCoordinates": {"Y": 1, "X": -5, "Z": 5}, "Type": "cwc_minecraft_yellow_rn"}, {"PerspectiveCoordinates": {"Y": -1.367249778213475, "X": 9.980432080558, "Z": 0.722221246765718}, "AbsoluteCoordinates": {"Y": 1, "X": -4, "Z": 5}, "Type": "cwc_minecraft_yellow_rn"}, {"PerspectiveCoordinates": {"Y": -8.99542480659013, "X": 8.255727569134, "Z": -0.9619224777041393}, "AbsoluteCoordinates": {"Y": 1, "X": 4, "Z": 5}, "Type": "cwc_minecraft_red_rn"}, {"PerspectiveCoordinates": {"Y": -9.948946685137212, "X": 8.040139505206, "Z": -1.1724404432628717}, "AbsoluteCoordinates": {"Y": 1, "X": 5, "Z": 5}, "Type": "cwc_minecraft_red_rn"}, {"PerspectiveCoordinates": {"Y": -0.19814026180939318, "X": 10.196020144485999, "Z": -0.04374528340654996}, "AbsoluteCoordinates": {"Y": 2, "X": -5, "Z": 5}, "Type": "cwc_minecraft_yellow_rn"}, {"PerspectiveCoordinates": {"Y": -9.733359047280212, "X": 8.040139505206, "Z": -2.1489249389938716}, "AbsoluteCoordinates": {"Y": 2, "X": 5, "Z": 5}, "Type": "cwc_minecraft_red_rn"}], "ScreenshotPath": "114173-Builder-chat.png"}, {"BuilderPosition": {"Y": 2.742931601724881, "X": -2.5533435315166653, "Yaw": 98.40001, "Z": -4.160121234107276, "Pitch": 53.09999}, "BuilderInventory": [{"Index": 0, "Type": "cwc_minecraft_red_rn", "Quantity": 16}, {"Index": 1, "Type": "cwc_minecraft_orange_rn", "Quantity": 20}, {"Index": 2, "Type": "cwc_minecraft_yellow_rn", "Quantity": 16}, {"Index": 3, "Type": "cwc_minecraft_green_rn", "Quantity": 16}, {"Index": 4, "Type": "cwc_minecraft_blue_rn", "Quantity": 20}, {"Index": 5, "Type": "cwc_minecraft_purple_rn", "Quantity": 20}], "ChatHistory": ["<Builder> Mission has started.", "<Architect> ok this one looks fun", "<Builder> ready!", "<Architect> in the top left corner, put 3 red blocks", "<Architect> in the leftmost corner, the block below that, and the block to the right of the corner", "<Architect> yup, just like that", "<Architect> then put a red block on top of the corner block", "<Architect> ok, now we're going to replicate this structure exactly in all 4 corners", "<Architect> in the right corner, do this with yellow blocks", "<Architect> in the bottom right corner, do it with green blocks", "<Architect> and then purple blocks in the bottom left"], "Timestamp": "2018-04-12 22:46:10", "BlocksInGrid": [{"PerspectiveCoordinates": {"Y": 0.9817912024601629, "X": 0.292166402446, "Z": 1.9876430333576667}, "AbsoluteCoordinates": {"Y": 1, "X": -5, "Z": -5}, "Type": "cwc_minecraft_green_rn"}, {"PerspectiveCoordinates": {"Y": 0.1906854187815815, "X": 0.146083201223, "Z": 1.3936637935258334}, "AbsoluteCoordinates": {"Y": 1, "X": -4, "Z": -5}, "Type": "cwc_minecraft_green_rn"}, {"PerspectiveCoordinates": {"Y": 0.8649707228879574, "X": 1.281438709913, "Z": 1.8999317043740311}, "AbsoluteCoordinates": {"Y": 1, "X": -5, "Z": -4}, "Type": "cwc_minecraft_green_rn"}, {"PerspectiveCoordinates": {"Y": -0.06959311368968706, "X": 9.195617169649001, "Z": 1.1982410725049468}, "AbsoluteCoordinates": {"Y": 1, "X": -5, "Z": 4}, "Type": "cwc_minecraft_yellow_rn"}, {"PerspectiveCoordinates": {"Y": -7.980650950475502, "X": 7.734785157419, "Z": -4.741551325813386}, "AbsoluteCoordinates": {"Y": 1, "X": 5, "Z": 4}, "Type": "cwc_minecraft_red_rn"}, {"PerspectiveCoordinates": {"Y": -0.1864135932618926, "X": 10.184889477116, "Z": 1.1105297435213113}, "AbsoluteCoordinates": {"Y": 1, "X": -5, "Z": 5}, "Type": "cwc_minecraft_yellow_rn"}, {"PerspectiveCoordinates": {"Y": -0.9775193769404741, "X": 10.038806275893, "Z": 0.516550503689478}, "AbsoluteCoordinates": {"Y": 1, "X": -4, "Z": 5}, "Type": "cwc_minecraft_yellow_rn"}, {"PerspectiveCoordinates": {"Y": -7.306365646369126, "X": 8.870140666109, "Z": -4.235283414965188}, "AbsoluteCoordinates": {"Y": 1, "X": 4, "Z": 5}, "Type": "cwc_minecraft_red_rn"}, {"PerspectiveCoordinates": {"Y": -8.097471430047708, "X": 8.724057464886, "Z": -4.829262654797022}, "AbsoluteCoordinates": {"Y": 1, "X": 5, "Z": 5}, "Type": "cwc_minecraft_red_rn"}, {"PerspectiveCoordinates": {"Y": 1.582211567357163, "X": 0.292166402446, "Z": 1.1879584796636666}, "AbsoluteCoordinates": {"Y": 2, "X": -5, "Z": -5}, "Type": "cwc_minecraft_green_rn"}, {"PerspectiveCoordinates": {"Y": 0.4140067716351074, "X": 10.184889477116, "Z": 0.3108451898273113}, "AbsoluteCoordinates": {"Y": 2, "X": -5, "Z": 5}, "Type": "cwc_minecraft_yellow_rn"}, {"PerspectiveCoordinates": {"Y": -7.497051065150708, "X": 8.724057464886, "Z": -5.628947208491022}, "AbsoluteCoordinates": {"Y": 2, "X": 5, "Z": 5}, "Type": "cwc_minecraft_red_rn"}], "ScreenshotPath": "115875-Builder-putdown.png"}, {"BuilderPosition": {"Y": 2.742931601724881, "X": 3.1739735802324334, "Yaw": -59.550003, "Z": -5.8745476913167085, "Pitch": 54.299988}, "BuilderInventory": [{"Index": 0, "Type": "cwc_minecraft_red_rn", "Quantity": 16}, {"Index": 1, "Type": "cwc_minecraft_orange_rn", "Quantity": 20}, {"Index": 2, "Type": "cwc_minecraft_yellow_rn", "Quantity": 16}, {"Index": 3, "Type": "cwc_minecraft_green_rn", "Quantity": 16}, {"Index": 4, "Type": "cwc_minecraft_blue_rn", "Quantity": 20}, {"Index": 5, "Type": "cwc_minecraft_purple_rn", "Quantity": 19}], "ChatHistory": ["<Builder> Mission has started.", "<Architect> ok this one looks fun", "<Builder> ready!", "<Architect> in the top left corner, put 3 red blocks", "<Architect> in the leftmost corner, the block below that, and the block to the right of the corner", "<Architect> yup, just like that", "<Architect> then put a red block on top of the corner block", "<Architect> ok, now we're going to replicate this structure exactly in all 4 corners", "<Architect> in the right corner, do this with yellow blocks", "<Architect> in the bottom right corner, do it with green blocks", "<Architect> and then purple blocks in the bottom left"], "Timestamp": "2018-04-12 22:46:16", "BlocksInGrid": [{"PerspectiveCoordinates": {"Y": -5.7725821313895915, "X": -4.916361460596, "Z": -2.916622280151372}, "AbsoluteCoordinates": {"Y": 1, "X": -5, "Z": -5}, "Type": "cwc_minecraft_green_rn"}, {"PerspectiveCoordinates": {"Y": -5.072507953648876, "X": -4.409575249223, "Z": -2.413567728813284}, "AbsoluteCoordinates": {"Y": 1, "X": -4, "Z": -5}, "Type": "cwc_minecraft_green_rn"}, {"PerspectiveCoordinates": {"Y": 1.2281596460175603, "X": 0.15150065313399985, "Z": 2.1139232332295066}, "AbsoluteCoordinates": {"Y": 1, "X": 5, "Z": -5}, "Type": "cwc_minecraft_purple_rn"}, {"PerspectiveCoordinates": {"Y": -5.3610294594154615, "X": -5.778433230208, "Z": -2.620891554273041}, "AbsoluteCoordinates": {"Y": 1, "X": -5, "Z": -4}, "Type": "cwc_minecraft_green_rn"}, {"PerspectiveCoordinates": {"Y": -2.0686080836224217, "X": -12.675007387104, "Z": -0.2550457472463958}, "AbsoluteCoordinates": {"Y": 1, "X": -5, "Z": 4}, "Type": "cwc_minecraft_yellow_rn"}, {"PerspectiveCoordinates": {"Y": 4.93213369378473, "X": -7.607145273374001, "Z": 4.775499766134483}, "AbsoluteCoordinates": {"Y": 1, "X": 5, "Z": 4}, "Type": "cwc_minecraft_red_rn"}, {"PerspectiveCoordinates": {"Y": -1.6570554116482916, "X": -13.537079156716, "Z": 0.0406849786319349}, "AbsoluteCoordinates": {"Y": 1, "X": -5, "Z": 5}, "Type": "cwc_minecraft_yellow_rn"}, {"PerspectiveCoordinates": {"Y": -0.9569812339075763, "X": -13.030292945343, "Z": 0.5437395299700228}, "AbsoluteCoordinates": {"Y": 1, "X": -4, "Z": 5}, "Type": "cwc_minecraft_yellow_rn"}, {"PerspectiveCoordinates": {"Y": 4.643612188018145, "X": -8.976003254359, "Z": 4.568175940674726}, "AbsoluteCoordinates": {"Y": 1, "X": 4, "Z": 5}, "Type": "cwc_minecraft_red_rn"}, {"PerspectiveCoordinates": {"Y": 5.3436863657588605, "X": -8.469217042986001, "Z": 5.0712304920128135}, "AbsoluteCoordinates": {"Y": 1, "X": 5, "Z": 5}, "Type": "cwc_minecraft_red_rn"}, {"PerspectiveCoordinates": {"Y": -5.189040749951591, "X": -4.916361460596, "Z": -3.7287056848263718}, "AbsoluteCoordinates": {"Y": 2, "X": -5, "Z": -5}, "Type": "cwc_minecraft_green_rn"}, {"PerspectiveCoordinates": {"Y": -1.0735140302102915, "X": -13.537079156716, "Z": -0.7713984260430651}, "AbsoluteCoordinates": {"Y": 2, "X": -5, "Z": 5}, "Type": "cwc_minecraft_yellow_rn"}, {"PerspectiveCoordinates": {"Y": 5.92722774719686, "X": -8.469217042986001, "Z": 4.259147087337813}, "AbsoluteCoordinates": {"Y": 2, "X": 5, "Z": 5}, "Type": "cwc_minecraft_red_rn"}], "ScreenshotPath": "121923-Builder-putdown.png"}, {"BuilderPosition": {"Y": 2.742931601724881, "X": 3.1846926862189004, "Yaw": -42.750008, "Z": -5.8745476913167085, "Pitch": 63.449986}, "BuilderInventory": [{"Index": 0, "Type": "cwc_minecraft_red_rn", "Quantity": 16}, {"Index": 1, "Type": "cwc_minecraft_orange_rn", "Quantity": 20}, {"Index": 2, "Type": "cwc_minecraft_yellow_rn", "Quantity": 16}, {"Index": 3, "Type": "cwc_minecraft_green_rn", "Quantity": 16}, {"Index": 4, "Type": "cwc_minecraft_blue_rn", "Quantity": 20}, {"Index": 5, "Type": "cwc_minecraft_purple_rn", "Quantity": 18}], "ChatHistory": ["<Builder> Mission has started.", "<Architect> ok this one looks fun", "<Builder> ready!", "<Architect> in the top left corner, put 3 red blocks", "<Architect> in the leftmost corner, the block below that, and the block to the right of the corner", "<Architect> yup, just like that", "<Architect> then put a red block on top of the corner block", "<Architect> ok, now we're going to replicate this structure exactly in all 4 corners", "<Architect> in the right corner, do this with yellow blocks", "<Architect> in the bottom right corner, do it with green blocks", "<Architect> and then purple blocks in the bottom left"], "Timestamp": "2018-04-12 22:46:17", "BlocksInGrid": [{"PerspectiveCoordinates": {"Y": -4.647835427638555, "X": -6.55338016532, "Z": -1.2045058100368555}, "AbsoluteCoordinates": {"Y": 1, "X": -5, "Z": -5}, "Type": "cwc_minecraft_green_rn"}, {"PerspectiveCoordinates": {"Y": -4.040617841622008, "X": -5.819057750663, "Z": -0.901096194887293}, "AbsoluteCoordinates": {"Y": 1, "X": -4, "Z": -5}, "Type": "cwc_minecraft_green_rn"}, {"PerspectiveCoordinates": {"Y": 0.817122846510373, "X": 0.055521566593000005, "Z": 1.5261807263092053}, "AbsoluteCoordinates": {"Y": 1, "X": 4, "Z": -5}, "Type": "cwc_minecraft_purple_rn"}, {"PerspectiveCoordinates": {"Y": 1.4243404325269207, "X": 0.78984398125, "Z": 1.8295903414587678}, "AbsoluteCoordinates": {"Y": 1, "X": 5, "Z": -5}, "Type": "cwc_minecraft_purple_rn"}, {"PerspectiveCoordinates": {"Y": -3.99095132789473, "X": -7.232181013384, "Z": -0.8762792294982124}, "AbsoluteCoordinates": {"Y": 1, "X": -5, "Z": -4}, "Type": "cwc_minecraft_green_rn"}, {"PerspectiveCoordinates": {"Y": 1.2641214700558732, "X": -12.662587797896, "Z": 1.7495334148109318}, "AbsoluteCoordinates": {"Y": 1, "X": -5, "Z": 4}, "Type": "cwc_minecraft_yellow_rn"}, {"PerspectiveCoordinates": {"Y": 7.33629733022135, "X": -5.319363651326, "Z": 4.783629566306555}, "AbsoluteCoordinates": {"Y": 1, "X": 5, "Z": 4}, "Type": "cwc_minecraft_red_rn"}, {"PerspectiveCoordinates": {"Y": 1.9210055697996986, "X": -13.34138864596, "Z": 2.0777599953495747}, "AbsoluteCoordinates": {"Y": 1, "X": -5, "Z": 5}, "Type": "cwc_minecraft_yellow_rn"}, {"PerspectiveCoordinates": {"Y": 2.5282231558162462, "X": -12.607066231303, "Z": 2.3811696104991373}, "AbsoluteCoordinates": {"Y": 1, "X": -4, "Z": 5}, "Type": "cwc_minecraft_yellow_rn"}, {"PerspectiveCoordinates": {"Y": 7.385963843948627, "X": -6.732486914047, "Z": 4.808446531695635}, "AbsoluteCoordinates": {"Y": 1, "X": 4, "Z": 5}, "Type": "cwc_minecraft_red_rn"}, {"PerspectiveCoordinates": {"Y": 7.9931814299651744, "X": -5.99816449939, "Z": 5.111856146845198}, "AbsoluteCoordinates": {"Y": 1, "X": 5, "Z": 5}, "Type": "cwc_minecraft_red_rn"}, {"PerspectiveCoordinates": {"Y": -4.200856588388556, "X": -6.55338016532, "Z": -2.0990503406578553}, "AbsoluteCoordinates": {"Y": 2, "X": -5, "Z": -5}, "Type": "cwc_minecraft_green_rn"}, {"PerspectiveCoordinates": {"Y": 2.3679844090496984, "X": -13.34138864596, "Z": 1.1832154647285749}, "AbsoluteCoordinates": {"Y": 2, "X": -5, "Z": 5}, "Type": "cwc_minecraft_yellow_rn"}, {"PerspectiveCoordinates": {"Y": 8.440160269215175, "X": -5.99816449939, "Z": 4.2173116162241975}, "AbsoluteCoordinates": {"Y": 2, "X": 5, "Z": 5}, "Type": "cwc_minecraft_red_rn"}], "ScreenshotPath": "123223-Builder-putdown.png"}, {"BuilderPosition": {"Y": 2.742931601724881, "X": 5.485383656708204, "Yaw": -43.200012, "Z": -3.4379612912516313, "Pitch": 89.399994}, "BuilderInventory": [{"Index": 0, "Type": "cwc_minecraft_red_rn", "Quantity": 16}, {"Index": 1, "Type": "cwc_minecraft_orange_rn", "Quantity": 20}, {"Index": 2, "Type": "cwc_minecraft_yellow_rn", "Quantity": 16}, {"Index": 3, "Type": "cwc_minecraft_green_rn", "Quantity": 16}, {"Index": 4, "Type": "cwc_minecraft_blue_rn", "Quantity": 20}, {"Index": 5, "Type": "cwc_minecraft_purple_rn", "Quantity": 17}], "ChatHistory": ["<Builder> Mission has started.", "<Architect> ok this one looks fun", "<Builder> ready!", "<Architect> in the top left corner, put 3 red blocks", "<Architect> in the leftmost corner, the block below that, and the block to the right of the corner", "<Architect> yup, just like that", "<Architect> then put a red block on top of the corner block", "<Architect> ok, now we're going to replicate this structure exactly in all 4 corners", "<Architect> in the right corner, do this with yellow blocks", "<Architect> in the bottom right corner, do it with green blocks", "<Architect> and then purple blocks in the bottom left"], "Timestamp": "2018-04-12 22:46:20", "BlocksInGrid": [{"PerspectiveCoordinates": {"Y": -7.584497639205069, "X": -6.605137581896001, "Z": 0.920626463431359}, "AbsoluteCoordinates": {"Y": 1, "X": -5, "Z": -5}, "Type": "cwc_minecraft_green_rn"}, {"PerspectiveCoordinates": {"Y": -6.89998791551221, "X": -5.876169097846001, "Z": 0.9277949662225468}, "AbsoluteCoordinates": {"Y": 1, "X": -4, "Z": -5}, "Type": "cwc_minecraft_green_rn"}, {"PerspectiveCoordinates": {"Y": -1.4239101259693345, "X": -0.04442122544600002, "Z": 0.9851429885520484}, "AbsoluteCoordinates": {"Y": 1, "X": 4, "Z": -5}, "Type": "cwc_minecraft_purple_rn"}, {"PerspectiveCoordinates": {"Y": -0.7394004022764752, "X": 0.684547258604, "Z": 0.9923114913432362}, "AbsoluteCoordinates": {"Y": 1, "X": 5, "Z": -5}, "Type": "cwc_minecraft_purple_rn"}, {"PerspectiveCoordinates": {"Y": -6.855569125758894, "X": -7.2896848405000005, "Z": 0.9282601403571229}, "AbsoluteCoordinates": {"Y": 1, "X": -5, "Z": -4}, "Type": "cwc_minecraft_green_rn"}, {"PerspectiveCoordinates": {"Y": -0.0104718888303, "X": 0.0, "Z": 0.999945168269}, "AbsoluteCoordinates": {"Y": 1, "X": 5, "Z": -4}, "Type": "cwc_minecraft_purple_rn"}, {"PerspectiveCoordinates": {"Y": -1.024141018189493, "X": -12.766062909332, "Z": 0.9893295557632342}, "AbsoluteCoordinates": {"Y": 1, "X": -5, "Z": 4}, "Type": "cwc_minecraft_yellow_rn"}, {"PerspectiveCoordinates": {"Y": 5.820956218739101, "X": -5.476378068832, "Z": 1.0610145836751115}, "AbsoluteCoordinates": {"Y": 1, "X": 5, "Z": 4}, "Type": "cwc_minecraft_red_rn"}, {"PerspectiveCoordinates": {"Y": -0.2952125047433179, "X": -13.450610167936, "Z": 0.9969632326889982}, "AbsoluteCoordinates": {"Y": 1, "X": -5, "Z": 5}, "Type": "cwc_minecraft_yellow_rn"}, {"PerspectiveCoordinates": {"Y": 0.38929721894954133, "X": -12.721641683886, "Z": 1.004131735480186}, "AbsoluteCoordinates": {"Y": 1, "X": -4, "Z": 5}, "Type": "cwc_minecraft_yellow_rn"}, {"PerspectiveCoordinates": {"Y": 5.865375008492418, "X": -6.889893811486, "Z": 1.0614797578096875}, "AbsoluteCoordinates": {"Y": 1, "X": 4, "Z": 5}, "Type": "cwc_minecraft_red_rn"}, {"PerspectiveCoordinates": {"Y": 6.5498847321852764, "X": -6.160925327436, "Z": 1.0686482606008754}, "AbsoluteCoordinates": {"Y": 1, "X": 5, "Z": 5}, "Type": "cwc_minecraft_red_rn"}, {"PerspectiveCoordinates": {"Y": -7.574025750374769, "X": -6.605137581896001, "Z": -0.07931870483764104}, "AbsoluteCoordinates": {"Y": 2, "X": -5, "Z": -5}, "Type": "cwc_minecraft_green_rn"}, {"PerspectiveCoordinates": {"Y": -0.2847406159130179, "X": -13.450610167936, "Z": -0.0029819355800018562}, "AbsoluteCoordinates": {"Y": 2, "X": -5, "Z": 5}, "Type": "cwc_minecraft_yellow_rn"}, {"PerspectiveCoordinates": {"Y": 6.560356621015576, "X": -6.160925327436, "Z": 0.06870309233187527}, "AbsoluteCoordinates": {"Y": 2, "X": 5, "Z": 5}, "Type": "cwc_minecraft_red_rn"}], "ScreenshotPath": "126072-Builder-putdown.png"}, {"BuilderPosition": {"Y": 2.742931601724881, "X": 4.835275120006176, "Yaw": -140.39995, "Z": -3.5836117313906457, "Pitch": 64.04998}, "BuilderInventory": [{"Index": 0, "Type": "cwc_minecraft_red_rn", "Quantity": 16}, {"Index": 1, "Type": "cwc_minecraft_orange_rn", "Quantity": 20}, {"Index": 2, "Type": "cwc_minecraft_yellow_rn", "Quantity": 16}, {"Index": 3, "Type": "cwc_minecraft_green_rn", "Quantity": 16}, {"Index": 4, "Type": "cwc_minecraft_blue_rn", "Quantity": 20}, {"Index": 5, "Type": "cwc_minecraft_purple_rn", "Quantity": 16}], "ChatHistory": ["<Builder> Mission has started.", "<Architect> ok this one looks fun", "<Builder> ready!", "<Architect> in the top left corner, put 3 red blocks", "<Architect> in the leftmost corner, the block below that, and the block to the right of the corner", "<Architect> yup, just like that", "<Architect> then put a red block on top of the corner block", "<Architect> ok, now we're going to replicate this structure exactly in all 4 corners", "<Architect> in the right corner, do this with yellow blocks", "<Architect> in the bottom right corner, do it with green blocks", "<Architect> and then purple blocks in the bottom left"], "Timestamp": "2018-04-12 22:46:24", "BlocksInGrid": [{"PerspectiveCoordinates": {"Y": -4.903173562622554, "X": 7.5720388408099994, "Z": -1.2740160156063856}, "AbsoluteCoordinates": {"Y": 1, "X": -5, "Z": -5}, "Type": "cwc_minecraft_green_rn"}, {"PerspectiveCoordinates": {"Y": -4.33001653942728, "X": 6.801526154292, "Z": -0.9950873030718541}, "AbsoluteCoordinates": {"Y": 1, "X": -4, "Z": -5}, "Type": "cwc_minecraft_green_rn"}, {"PerspectiveCoordinates": {"Y": 0.25523964613490696, "X": 0.637424662148, "Z": 1.2363423972043988}, "AbsoluteCoordinates": {"Y": 1, "X": 4, "Z": -5}, "Type": "cwc_minecraft_purple_rn"}, {"PerspectiveCoordinates": {"Y": 0.8283966693301804, "X": -0.13308802437, "Z": 1.5152711097389304}, "AbsoluteCoordinates": {"Y": 1, "X": 5, "Z": -5}, "Type": "cwc_minecraft_purple_rn"}, {"PerspectiveCoordinates": {"Y": -5.5960001568284605, "X": 6.934614178662, "Z": -1.6111823105497842}, "AbsoluteCoordinates": {"Y": 1, "X": -5, "Z": -4}, "Type": "cwc_minecraft_green_rn"}, {"PerspectiveCoordinates": {"Y": 0.13557007512427338, "X": -0.770512686518, "Z": 1.1781048147955315}, "AbsoluteCoordinates": {"Y": 1, "X": 5, "Z": -4}, "Type": "cwc_minecraft_purple_rn"}, {"PerspectiveCoordinates": {"Y": -11.138612910475716, "X": 1.8352168814779999, "Z": -4.308512670096975}, "AbsoluteCoordinates": {"Y": 1, "X": -5, "Z": 4}, "Type": "cwc_minecraft_yellow_rn"}, {"PerspectiveCoordinates": {"Y": -5.407042678522982, "X": -5.869909983702, "Z": -1.5192255447516587}, "AbsoluteCoordinates": {"Y": 1, "X": 5, "Z": 4}, "Type": "cwc_minecraft_red_rn"}, {"PerspectiveCoordinates": {"Y": -11.831439504681624, "X": 1.19779221933, "Z": -4.645678965040373}, "AbsoluteCoordinates": {"Y": 1, "X": -5, "Z": 5}, "Type": "cwc_minecraft_yellow_rn"}, {"PerspectiveCoordinates": {"Y": -11.25828248148635, "X": 0.42727953281200004, "Z": -4.366750252505842}, "AbsoluteCoordinates": {"Y": 1, "X": -4, "Z": 5}, "Type": "cwc_minecraft_yellow_rn"}, {"PerspectiveCoordinates": {"Y": -6.673026295924163, "X": -5.736821959332, "Z": -2.135320552229589}, "AbsoluteCoordinates": {"Y": 1, "X": 4, "Z": 5}, "Type": "cwc_minecraft_red_rn"}, {"PerspectiveCoordinates": {"Y": -6.099869272728889, "X": -6.507334645849999, "Z": -1.8563918396950574}, "AbsoluteCoordinates": {"Y": 1, "X": 5, "Z": 5}, "Type": "cwc_minecraft_red_rn"}, {"PerspectiveCoordinates": {"Y": -4.465586614551554, "X": 7.5720388408099994, "Z": -2.1731921178673854}, "AbsoluteCoordinates": {"Y": 2, "X": -5, "Z": -5}, "Type": "cwc_minecraft_green_rn"}, {"PerspectiveCoordinates": {"Y": 1.2659836174011805, "X": -0.13308802437, "Z": 0.6160950074779304}, "AbsoluteCoordinates": {"Y": 2, "X": 5, "Z": -5}, "Type": "cwc_minecraft_purple_rn"}, {"PerspectiveCoordinates": {"Y": -11.393852556610623, "X": 1.19779221933, "Z": -5.5448550673013735}, "AbsoluteCoordinates": {"Y": 2, "X": -5, "Z": 5}, "Type": "cwc_minecraft_yellow_rn"}, {"PerspectiveCoordinates": {"Y": -5.662282324657889, "X": -6.507334645849999, "Z": -2.7555679419560573}, "AbsoluteCoordinates": {"Y": 2, "X": 5, "Z": 5}, "Type": "cwc_minecraft_red_rn"}], "ScreenshotPath": "129822-Builder-putdown.png"}, {"BuilderPosition": {"Y": 2.385427587518948, "X": -0.2759237314031121, "Yaw": -92.399925, "Z": 1.0612384266991441, "Pitch": 58.199974}, "BuilderInventory": [{"Index": 0, "Type": "cwc_minecraft_red_rn", "Quantity": 16}, {"Index": 1, "Type": "cwc_minecraft_orange_rn", "Quantity": 20}, {"Index": 2, "Type": "cwc_minecraft_yellow_rn", "Quantity": 16}, {"Index": 3, "Type": "cwc_minecraft_green_rn", "Quantity": 16}, {"Index": 4, "Type": "cwc_minecraft_blue_rn", "Quantity": 20}, {"Index": 5, "Type": "cwc_minecraft_purple_rn", "Quantity": 16}], "ChatHistory": ["<Builder> Mission has started.", "<Architect> ok this one looks fun", "<Builder> ready!", "<Architect> in the top left corner, put 3 red blocks", "<Architect> in the leftmost corner, the block below that, and the block to the right of the corner", "<Architect> yup, just like that", "<Architect> then put a red block on top of the corner block", "<Architect> ok, now we're going to replicate this structure exactly in all 4 corners", "<Architect> in the right corner, do this with yellow blocks", "<Architect> in the bottom right corner, do it with green blocks", "<Architect> and then purple blocks in the bottom left", "<Architect> ok we're done!"], "Timestamp": "2018-04-12 22:46:27", "BlocksInGrid": [{"PerspectiveCoordinates": {"Y": -3.710012039194605, "X": 6.162234692999601, "Z": -1.1236877935714868}, "AbsoluteCoordinates": {"Y": 1, "X": -5, "Z": -5}, "Type": "cwc_minecraft_green_rn"}, {"PerspectiveCoordinates": {"Y": -2.8608650388262147, "X": 6.120360347119201, "Z": -0.5971938136221754}, "AbsoluteCoordinates": {"Y": 1, "X": -4, "Z": -5}, "Type": "cwc_minecraft_green_rn"}, {"PerspectiveCoordinates": {"Y": 3.9323109641209064, "X": 5.785365580076, "Z": 3.6147580259723155}, "AbsoluteCoordinates": {"Y": 1, "X": 4, "Z": -5}, "Type": "cwc_minecraft_purple_rn"}, {"PerspectiveCoordinates": {"Y": 4.781457964489297, "X": 5.7434912341956, "Z": 4.141252005921627}, "AbsoluteCoordinates": {"Y": 1, "X": 5, "Z": -5}, "Type": "cwc_minecraft_purple_rn"}, {"PerspectiveCoordinates": {"Y": -3.745600729768764, "X": 5.1631118080866, "Z": -1.1457537389654464}, "AbsoluteCoordinates": {"Y": 1, "X": -5, "Z": -4}, "Type": "cwc_minecraft_green_rn"}, {"PerspectiveCoordinates": {"Y": 4.745869273915138, "X": 4.7443683492826, "Z": 4.119186060527667}, "AbsoluteCoordinates": {"Y": 1, "X": 5, "Z": -4}, "Type": "cwc_minecraft_purple_rn"}, {"PerspectiveCoordinates": {"Y": -4.030310254362039, "X": -2.8298712712174003, "Z": -1.3222813021171251}, "AbsoluteCoordinates": {"Y": 1, "X": -5, "Z": 4}, "Type": "cwc_minecraft_yellow_rn"}, {"PerspectiveCoordinates": {"Y": 4.461159749321863, "X": -3.2486147300214, "Z": 3.9426584973759886}, "AbsoluteCoordinates": {"Y": 1, "X": 5, "Z": 4}, "Type": "cwc_minecraft_red_rn"}, {"PerspectiveCoordinates": {"Y": -4.065898944936198, "X": -3.8289941561304004, "Z": -1.344347247511085}, "AbsoluteCoordinates": {"Y": 1, "X": -5, "Z": 5}, "Type": "cwc_minecraft_yellow_rn"}, {"PerspectiveCoordinates": {"Y": -3.2167519445678074, "X": -3.8708685020108002, "Z": -0.8178532675617733}, "AbsoluteCoordinates": {"Y": 1, "X": -4, "Z": 5}, "Type": "cwc_minecraft_yellow_rn"}, {"PerspectiveCoordinates": {"Y": 3.576424058379313, "X": -4.205863269054, "Z": 3.3940985720327173}, "AbsoluteCoordinates": {"Y": 1, "X": 4, "Z": 5}, "Type": "cwc_minecraft_red_rn"}, {"PerspectiveCoordinates": {"Y": 4.425571058747704, "X": -4.2477376149344, "Z": 3.920592551982029}, "AbsoluteCoordinates": {"Y": 1, "X": 5, "Z": 5}, "Type": "cwc_minecraft_red_rn"}, {"PerspectiveCoordinates": {"Y": -3.183055858028605, "X": 6.162234692999601, "Z": -1.9735802474334867}, "AbsoluteCoordinates": {"Y": 2, "X": -5, "Z": -5}, "Type": "cwc_minecraft_green_rn"}, {"PerspectiveCoordinates": {"Y": 5.308414145655297, "X": 5.7434912341956, "Z": 3.2913595520596273}, "AbsoluteCoordinates": {"Y": 2, "X": 5, "Z": -5}, "Type": "cwc_minecraft_purple_rn"}, {"PerspectiveCoordinates": {"Y": -3.5389427637701982, "X": -3.8289941561304004, "Z": -2.194239701373085}, "AbsoluteCoordinates": {"Y": 2, "X": -5, "Z": 5}, "Type": "cwc_minecraft_yellow_rn"}, {"PerspectiveCoordinates": {"Y": 4.952527239913704, "X": -4.2477376149344, "Z": 3.070700098120029}, "AbsoluteCoordinates": {"Y": 2, "X": 5, "Z": 5}, "Type": "cwc_minecraft_red_rn"}], "ScreenshotPath": "133273-Builder-chat.png"}], "NumFixedViewers": 4, "TimeElapsed": 159.64228892326355}