{"WorldStates": [{"BuilderGridAbsolute": [], "XPos": 0.0, "TimeAlive": 183, "ZPos": 0.0, "Timestamp": "2018-04-12 22:44:15", "Yaw": 0.0, "YPos": 1.0, "ScreenshotPath": "0-Builder-chat.png", "BuilderGridRelative": [], "DistanceTravelled": 0, "BuilderInventory": [{"Index": 0, "Type": "cwc_minecraft_red_rn", "Quantity": 20}, {"Index": 1, "Type": "cwc_minecraft_orange_rn", "Quantity": 20}, {"Index": 2, "Type": "cwc_minecraft_yellow_rn", "Quantity": 20}, {"Index": 3, "Type": "cwc_minecraft_green_rn", "Quantity": 20}, {"Index": 4, "Type": "cwc_minecraft_blue_rn", "Quantity": 20}, {"Index": 5, "Type": "cwc_minecraft_purple_rn", "Quantity": 20}], "Chat": ["<Builder> Mission has started."], "Pitch": 0.0}, {"Timestamp": "2018-04-12 22:44:25", "Chat": ["<Architect> ok this one looks fun"], "ScreenshotPath": "10804-Builder-chat.png"}, {"BuilderGridAbsolute": [], "XPos": 0.6344239750088618, "TimeAlive": 399, "ZPos": -0.8936366116022381, "Timestamp": "2018-04-12 22:44:25", "Yaw": -0.15000007, "YPos": 1.0, "BuilderGridRelative": [], "DistanceTravelled": 150, "BuilderInventory": [{"Index": 0, "Type": "cwc_minecraft_red_rn", "Quantity": 20}, {"Index": 1, "Type": "cwc_minecraft_orange_rn", "Quantity": 20}, {"Index": 2, "Type": "cwc_minecraft_yellow_rn", "Quantity": 20}, {"Index": 3, "Type": "cwc_minecraft_green_rn", "Quantity": 20}, {"Index": 4, "Type": "cwc_minecraft_blue_rn", "Quantity": 20}, {"Index": 5, "Type": "cwc_minecraft_purple_rn", "Quantity": 20}], "Pitch": 20.099997}, {"Timestamp": "2018-04-12 22:44:29", "Chat": ["<Builder> ready!"], "ScreenshotPath": "13907-Builder-chat.png"}, {"BuilderGridAbsolute": [], "XPos": 0.6344239750088618, "TimeAlive": 461, "ZPos": -0.8936366116022381, "Timestamp": "2018-04-12 22:44:29", "Yaw": -0.15000007, "YPos": 1.0, "BuilderGridRelative": [], "DistanceTravelled": 150, "BuilderInventory": [{"Index": 0, "Type": "cwc_minecraft_red_rn", "Quantity": 20}, {"Index": 1, "Type": "cwc_minecraft_orange_rn", "Quantity": 20}, {"Index": 2, "Type": "cwc_minecraft_yellow_rn", "Quantity": 20}, {"Index": 3, "Type": "cwc_minecraft_green_rn", "Quantity": 20}, {"Index": 4, "Type": "cwc_minecraft_blue_rn", "Quantity": 20}, {"Index": 5, "Type": "cwc_minecraft_purple_rn", "Quantity": 20}], "Pitch": 20.099997}, {"Timestamp": "2018-04-12 22:44:41", "Chat": ["<Architect> in the top left corner, put 3 red blocks"]}, {"BuilderGridAbsolute": [], "XPos": 0.633409247957492, "TimeAlive": 722, "ZPos": -1.7508029580046895, "Timestamp": "2018-04-12 22:44:41", "Yaw": -0.15000007, "YPos": 1.0, "ScreenshotPath": "26973-Builder-chat.png", "BuilderGridRelative": [], "DistanceTravelled": 236, "BuilderInventory": [{"Index": 0, "Type": "cwc_minecraft_red_rn", "Quantity": 20}, {"Index": 1, "Type": "cwc_minecraft_orange_rn", "Quantity": 20}, {"Index": 2, "Type": "cwc_minecraft_yellow_rn", "Quantity": 20}, {"Index": 3, "Type": "cwc_minecraft_green_rn", "Quantity": 20}, {"Index": 4, "Type": "cwc_minecraft_blue_rn", "Quantity": 20}, {"Index": 5, "Type": "cwc_minecraft_purple_rn", "Quantity": 20}], "Pitch": 22.199995}, {"Timestamp": "2018-04-12 22:44:53", "Chat": ["<Architect> in the leftmost corner, the block below that, and the block to the right of the corner"]}, {"BuilderGridAbsolute": [], "XPos": 4.6469073762916935, "TimeAlive": 958, "ZPos": 2.7474746118735522, "Timestamp": "2018-04-12 22:44:54", "Yaw": -3.5999973, "YPos": 1.0, "ScreenshotPath": "38770-Builder-chat.png", "BuilderGridRelative": [], "DistanceTravelled": 1080, "BuilderInventory": [{"Index": 0, "Type": "cwc_minecraft_red_rn", "Quantity": 20}, {"Index": 1, "Type": "cwc_minecraft_orange_rn", "Quantity": 20}, {"Index": 2, "Type": "cwc_minecraft_yellow_rn", "Quantity": 20}, {"Index": 3, "Type": "cwc_minecraft_green_rn", "Quantity": 20}, {"Index": 4, "Type": "cwc_minecraft_blue_rn", "Quantity": 20}, {"Index": 5, "Type": "cwc_minecraft_purple_rn", "Quantity": 20}], "Pitch": 37.799984}, {"BuilderGridAbsolute": [{"Y": 1, "X": 5, "Z": 5, "Type": "cwc_minecraft_red_rn"}], "XPos": 4.925185809108129, "TimeAlive": 1154, "ZPos": 3.361644898071787, "Timestamp": "2018-04-12 22:45:03", "Yaw": -7.6499977, "YPos": 1.0, "BuilderGridRelative": [{"Y": 0, "X": 1, "Z": 2, "Type": "cwc_minecraft_red_rn"}], "DistanceTravelled": 1162, "BuilderInventory": [{"Index": 0, "Type": "cwc_minecraft_red_rn", "Quantity": 19}, {"Index": 1, "Type": "cwc_minecraft_orange_rn", "Quantity": 20}, {"Index": 2, "Type": "cwc_minecraft_yellow_rn", "Quantity": 20}, {"Index": 3, "Type": "cwc_minecraft_green_rn", "Quantity": 20}, {"Index": 4, "Type": "cwc_minecraft_blue_rn", "Quantity": 20}, {"Index": 5, "Type": "cwc_minecraft_purple_rn", "Quantity": 20}], "Pitch": 39.299973}, {"Timestamp": "2018-04-12 22:45:04", "ScreenshotPath": "48619-Builder-putdown.png"}, {"BuilderGridAbsolute": [{"Y": 1, "X": 5, "Z": 4, "Type": "cwc_minecraft_red_rn"}, {"Y": 1, "X": 5, "Z": 5, "Type": "cwc_minecraft_red_rn"}], "XPos": 4.938553147207002, "TimeAlive": 1179, "ZPos": 3.361644898071787, "Timestamp": "2018-04-12 22:45:06", "Yaw": -16.199997, "YPos": 1.0, "BuilderGridRelative": [{"Y": 0, "X": 1, "Z": 1, "Type": "cwc_minecraft_red_rn"}, {"Y": 0, "X": 1, "Z": 2, "Type": "cwc_minecraft_red_rn"}], "DistanceTravelled": 1163, "BuilderInventory": [{"Index": 0, "Type": "cwc_minecraft_red_rn", "Quantity": 18}, {"Index": 1, "Type": "cwc_minecraft_orange_rn", "Quantity": 20}, {"Index": 2, "Type": "cwc_minecraft_yellow_rn", "Quantity": 20}, {"Index": 3, "Type": "cwc_minecraft_green_rn", "Quantity": 20}, {"Index": 4, "Type": "cwc_minecraft_blue_rn", "Quantity": 20}, {"Index": 5, "Type": "cwc_minecraft_purple_rn", "Quantity": 20}], "Pitch": 55.949974}, {"Timestamp": "2018-04-12 22:45:06", "ScreenshotPath": "49868-Builder-putdown.png"}, {"BuilderGridAbsolute": [{"Y": 1, "X": 5, "Z": 4, "Type": "cwc_minecraft_red_rn"}, {"Y": 1, "X": 4, "Z": 5, "Type": "cwc_minecraft_red_rn"}, {"Y": 1, "X": 5, "Z": 5, "Type": "cwc_minecraft_red_rn"}], "XPos": 4.938553147207002, "TimeAlive": 1206, "ZPos": 3.361644898071787, "Timestamp": "2018-04-12 22:45:06", "Yaw": 13.650002, "YPos": 1.0, "BuilderGridRelative": [{"Y": 0, "X": 1, "Z": 1, "Type": "cwc_minecraft_red_rn"}, {"Y": 0, "X": 0, "Z": 2, "Type": "cwc_minecraft_red_rn"}, {"Y": 0, "X": 1, "Z": 2, "Type": "cwc_minecraft_red_rn"}], "DistanceTravelled": 1163, "BuilderInventory": [{"Index": 0, "Type": "cwc_minecraft_red_rn", "Quantity": 17}, {"Index": 1, "Type": "cwc_minecraft_orange_rn", "Quantity": 20}, {"Index": 2, "Type": "cwc_minecraft_yellow_rn", "Quantity": 20}, {"Index": 3, "Type": "cwc_minecraft_green_rn", "Quantity": 20}, {"Index": 4, "Type": "cwc_minecraft_blue_rn", "Quantity": 20}, {"Index": 5, "Type": "cwc_minecraft_purple_rn", "Quantity": 20}], "Pitch": 36.44998}, {"Timestamp": "2018-04-12 22:45:06", "ScreenshotPath": "51218-Builder-putdown.png"}, {"Timestamp": "2018-04-12 22:45:09", "Chat": ["<Architect> yup, just like that"]}, {"BuilderGridAbsolute": [{"Y": 1, "X": 5, "Z": 4, "Type": "cwc_minecraft_red_rn"}, {"Y": 1, "X": 4, "Z": 5, "Type": "cwc_minecraft_red_rn"}, {"Y": 1, "X": 5, "Z": 5, "Type": "cwc_minecraft_red_rn"}], "XPos": 4.086103537097052, "TimeAlive": 1283, "ZPos": 2.1889086024289823, "Timestamp": "2018-04-12 22:45:10", "Yaw": 5.550002, "YPos": 1.0, "ScreenshotPath": "55017-Builder-chat.png", "BuilderGridRelative": [{"Y": 0, "X": 1, "Z": 2, "Type": "cwc_minecraft_red_rn"}, {"Y": 0, "X": 0, "Z": 3, "Type": "cwc_minecraft_red_rn"}, {"Y": 0, "X": 1, "Z": 3, "Type": "cwc_minecraft_red_rn"}], "DistanceTravelled": 1374, "BuilderInventory": [{"Index": 0, "Type": "cwc_minecraft_red_rn", "Quantity": 17}, {"Index": 1, "Type": "cwc_minecraft_orange_rn", "Quantity": 20}, {"Index": 2, "Type": "cwc_minecraft_yellow_rn", "Quantity": 20}, {"Index": 3, "Type": "cwc_minecraft_green_rn", "Quantity": 20}, {"Index": 4, "Type": "cwc_minecraft_blue_rn", "Quantity": 20}, {"Index": 5, "Type": "cwc_minecraft_purple_rn", "Quantity": 20}], "Pitch": 33.599987}, {"Timestamp": "2018-04-12 22:45:17", "Chat": ["<Architect> then put a red block on top of the corner block"]}, {"BuilderGridAbsolute": [{"Y": 1, "X": 5, "Z": 4, "Type": "cwc_minecraft_red_rn"}, {"Y": 1, "X": 4, "Z": 5, "Type": "cwc_minecraft_red_rn"}, {"Y": 1, "X": 5, "Z": 5, "Type": "cwc_minecraft_red_rn"}], "XPos": 4.167974903606421, "TimeAlive": 1438, "ZPos": 1.1256264701213512, "Timestamp": "2018-04-12 22:45:17", "Yaw": 5.100002, "YPos": 1.0, "ScreenshotPath": "62766-Builder-chat.png", "BuilderGridRelative": [{"Y": 0, "X": 1, "Z": 3, "Type": "cwc_minecraft_red_rn"}, {"Y": 0, "X": 0, "Z": 4, "Type": "cwc_minecraft_red_rn"}, {"Y": 0, "X": 1, "Z": 4, "Type": "cwc_minecraft_red_rn"}], "DistanceTravelled": 1480, "BuilderInventory": [{"Index": 0, "Type": "cwc_minecraft_red_rn", "Quantity": 17}, {"Index": 1, "Type": "cwc_minecraft_orange_rn", "Quantity": 20}, {"Index": 2, "Type": "cwc_minecraft_yellow_rn", "Quantity": 20}, {"Index": 3, "Type": "cwc_minecraft_green_rn", "Quantity": 20}, {"Index": 4, "Type": "cwc_minecraft_blue_rn", "Quantity": 20}, {"Index": 5, "Type": "cwc_minecraft_purple_rn", "Quantity": 20}], "Pitch": 29.549986}, {"BuilderGridAbsolute": [{"Y": 1, "X": 5, "Z": 4, "Type": "cwc_minecraft_red_rn"}, {"Y": 1, "X": 4, "Z": 5, "Type": "cwc_minecraft_red_rn"}, {"Y": 1, "X": 5, "Z": 5, "Type": "cwc_minecraft_red_rn"}, {"Y": 2, "X": 5, "Z": 5, "Type": "cwc_minecraft_red_rn"}], "XPos": 4.475251129979885, "TimeAlive": 1566, "ZPos": 3.59926257564654, "Timestamp": "2018-04-12 22:45:24", "Yaw": -28.199995, "YPos": 1.0, "BuilderGridRelative": [{"Y": 0, "X": 1, "Z": 1, "Type": "cwc_minecraft_red_rn"}, {"Y": 0, "X": 0, "Z": 2, "Type": "cwc_minecraft_red_rn"}, {"Y": 0, "X": 1, "Z": 2, "Type": "cwc_minecraft_red_rn"}, {"Y": 1, "X": 1, "Z": 2, "Type": "cwc_minecraft_red_rn"}], "DistanceTravelled": 1736, "BuilderInventory": [{"Index": 0, "Type": "cwc_minecraft_red_rn", "Quantity": 16}, {"Index": 1, "Type": "cwc_minecraft_orange_rn", "Quantity": 20}, {"Index": 2, "Type": "cwc_minecraft_yellow_rn", "Quantity": 20}, {"Index": 3, "Type": "cwc_minecraft_green_rn", "Quantity": 20}, {"Index": 4, "Type": "cwc_minecraft_blue_rn", "Quantity": 20}, {"Index": 5, "Type": "cwc_minecraft_purple_rn", "Quantity": 20}], "Pitch": 13.649993}, {"Timestamp": "2018-04-12 22:45:24", "ScreenshotPath": "69215-Builder-putdown.png"}, {"Timestamp": "2018-04-12 22:45:34", "Chat": ["<Architect> ok, now we're going to replicate this structure exactly in all 4 corners"]}, {"BuilderGridAbsolute": [{"Y": 1, "X": 5, "Z": 4, "Type": "cwc_minecraft_red_rn"}, {"Y": 1, "X": 4, "Z": 5, "Type": "cwc_minecraft_red_rn"}, {"Y": 1, "X": 5, "Z": 5, "Type": "cwc_minecraft_red_rn"}, {"Y": 2, "X": 5, "Z": 5, "Type": "cwc_minecraft_red_rn"}], "XPos": 4.488726792620495, "TimeAlive": 1779, "ZPos": 0.8778349216198738, "Timestamp": "2018-04-12 22:45:35", "Yaw": -1.6500009, "YPos": 2.742931601724881, "ScreenshotPath": "79813-Builder-chat.png", "BuilderGridRelative": [{"Y": -1, "X": 1, "Z": 4, "Type": "cwc_minecraft_red_rn"}, {"Y": -1, "X": 0, "Z": 5, "Type": "cwc_minecraft_red_rn"}, {"Y": -1, "X": 1, "Z": 5, "Type": "cwc_minecraft_red_rn"}, {"Y": 0, "X": 1, "Z": 5, "Type": "cwc_minecraft_red_rn"}], "DistanceTravelled": 2121, "BuilderInventory": [{"Index": 0, "Type": "cwc_minecraft_red_rn", "Quantity": 16}, {"Index": 1, "Type": "cwc_minecraft_orange_rn", "Quantity": 20}, {"Index": 2, "Type": "cwc_minecraft_yellow_rn", "Quantity": 20}, {"Index": 3, "Type": "cwc_minecraft_green_rn", "Quantity": 20}, {"Index": 4, "Type": "cwc_minecraft_blue_rn", "Quantity": 20}, {"Index": 5, "Type": "cwc_minecraft_purple_rn", "Quantity": 20}], "Pitch": 30.449987}, {"Timestamp": "2018-04-12 22:45:44", "Chat": ["<Architect> in the right corner, do this with yellow blocks"], "ScreenshotPath": "87712-Builder-chat.png"}, {"BuilderGridAbsolute": [{"Y": 1, "X": 5, "Z": 4, "Type": "cwc_minecraft_red_rn"}, {"Y": 1, "X": 4, "Z": 5, "Type": "cwc_minecraft_red_rn"}, {"Y": 1, "X": 5, "Z": 5, "Type": "cwc_minecraft_red_rn"}, {"Y": 2, "X": 5, "Z": 5, "Type": "cwc_minecraft_red_rn"}], "XPos": -4.140748172985109, "TimeAlive": 1937, "ZPos": 4.570005767627414, "Timestamp": "2018-04-12 22:45:44", "Yaw": 7.799998, "YPos": 2.742931601724881, "BuilderGridRelative": [{"Y": -1, "X": 10, "Z": 0, "Type": "cwc_minecraft_red_rn"}, {"Y": -1, "X": 9, "Z": 1, "Type": "cwc_minecraft_red_rn"}, {"Y": -1, "X": 10, "Z": 1, "Type": "cwc_minecraft_red_rn"}, {"Y": 0, "X": 10, "Z": 1, "Type": "cwc_minecraft_red_rn"}], "DistanceTravelled": 2121, "BuilderInventory": [{"Index": 0, "Type": "cwc_minecraft_red_rn", "Quantity": 16}, {"Index": 1, "Type": "cwc_minecraft_orange_rn", "Quantity": 20}, {"Index": 2, "Type": "cwc_minecraft_yellow_rn", "Quantity": 20}, {"Index": 3, "Type": "cwc_minecraft_green_rn", "Quantity": 20}, {"Index": 4, "Type": "cwc_minecraft_blue_rn", "Quantity": 20}, {"Index": 5, "Type": "cwc_minecraft_purple_rn", "Quantity": 20}], "Pitch": 51.6}, {"BuilderGridAbsolute": [{"Y": 1, "X": 5, "Z": 4, "Type": "cwc_minecraft_red_rn"}, {"Y": 1, "X": -5, "Z": 5, "Type": "cwc_minecraft_yellow_rn"}, {"Y": 1, "X": 4, "Z": 5, "Type": "cwc_minecraft_red_rn"}, {"Y": 1, "X": 5, "Z": 5, "Type": "cwc_minecraft_red_rn"}, {"Y": 2, "X": 5, "Z": 5, "Type": "cwc_minecraft_red_rn"}], "XPos": -4.140748172985109, "TimeAlive": 2049, "ZPos": 4.580168840379643, "Timestamp": "2018-04-12 22:45:47", "Yaw": 2.699998, "YPos": 2.742931601724881, "BuilderGridRelative": [{"Y": -1, "X": 10, "Z": 0, "Type": "cwc_minecraft_red_rn"}, {"Y": -1, "X": 0, "Z": 1, "Type": "cwc_minecraft_yellow_rn"}, {"Y": -1, "X": 9, "Z": 1, "Type": "cwc_minecraft_red_rn"}, {"Y": -1, "X": 10, "Z": 1, "Type": "cwc_minecraft_red_rn"}, {"Y": 0, "X": 10, "Z": 1, "Type": "cwc_minecraft_red_rn"}], "DistanceTravelled": 2121, "BuilderInventory": [{"Index": 0, "Type": "cwc_minecraft_red_rn", "Quantity": 16}, {"Index": 1, "Type": "cwc_minecraft_orange_rn", "Quantity": 20}, {"Index": 2, "Type": "cwc_minecraft_yellow_rn", "Quantity": 19}, {"Index": 3, "Type": "cwc_minecraft_green_rn", "Quantity": 20}, {"Index": 4, "Type": "cwc_minecraft_blue_rn", "Quantity": 20}, {"Index": 5, "Type": "cwc_minecraft_purple_rn", "Quantity": 20}], "Pitch": 71.7}, {"Timestamp": "2018-04-12 22:45:48", "ScreenshotPath": "93363-Builder-putdown.png"}, {"BuilderGridAbsolute": [{"Y": 1, "X": 5, "Z": 4, "Type": "cwc_minecraft_red_rn"}, {"Y": 1, "X": -5, "Z": 5, "Type": "cwc_minecraft_yellow_rn"}, {"Y": 1, "X": -4, "Z": 5, "Type": "cwc_minecraft_yellow_rn"}, {"Y": 1, "X": 4, "Z": 5, "Type": "cwc_minecraft_red_rn"}, {"Y": 1, "X": 5, "Z": 5, "Type": "cwc_minecraft_red_rn"}, {"Y": 2, "X": 5, "Z": 5, "Type": "cwc_minecraft_red_rn"}], "XPos": -4.140748172985109, "TimeAlive": 2082, "ZPos": 4.580168840379643, "Timestamp": "2018-04-12 22:45:49", "Yaw": -18.750002, "YPos": 2.742931601724881, "BuilderGridRelative": [{"Y": -1, "X": 10, "Z": 0, "Type": "cwc_minecraft_red_rn"}, {"Y": -1, "X": 0, "Z": 1, "Type": "cwc_minecraft_yellow_rn"}, {"Y": -1, "X": 1, "Z": 1, "Type": "cwc_minecraft_yellow_rn"}, {"Y": -1, "X": 9, "Z": 1, "Type": "cwc_minecraft_red_rn"}, {"Y": -1, "X": 10, "Z": 1, "Type": "cwc_minecraft_red_rn"}, {"Y": 0, "X": 10, "Z": 1, "Type": "cwc_minecraft_red_rn"}], "DistanceTravelled": 2121, "BuilderInventory": [{"Index": 0, "Type": "cwc_minecraft_red_rn", "Quantity": 16}, {"Index": 1, "Type": "cwc_minecraft_orange_rn", "Quantity": 20}, {"Index": 2, "Type": "cwc_minecraft_yellow_rn", "Quantity": 18}, {"Index": 3, "Type": "cwc_minecraft_green_rn", "Quantity": 20}, {"Index": 4, "Type": "cwc_minecraft_blue_rn", "Quantity": 20}, {"Index": 5, "Type": "cwc_minecraft_purple_rn", "Quantity": 20}], "Pitch": 74.54999}, {"Timestamp": "2018-04-12 22:45:50", "ScreenshotPath": "95013-Builder-putdown.png"}, {"BuilderGridAbsolute": [{"Y": 1, "X": -5, "Z": 4, "Type": "cwc_minecraft_yellow_rn"}, {"Y": 1, "X": 5, "Z": 4, "Type": "cwc_minecraft_red_rn"}, {"Y": 1, "X": -5, "Z": 5, "Type": "cwc_minecraft_yellow_rn"}, {"Y": 1, "X": -4, "Z": 5, "Type": "cwc_minecraft_yellow_rn"}, {"Y": 1, "X": 4, "Z": 5, "Type": "cwc_minecraft_red_rn"}, {"Y": 1, "X": 5, "Z": 5, "Type": "cwc_minecraft_red_rn"}, {"Y": 2, "X": 5, "Z": 5, "Type": "cwc_minecraft_red_rn"}], "XPos": -4.140748172985109, "TimeAlive": 2107, "ZPos": 4.580168840379643, "Timestamp": "2018-04-12 22:45:50", "Yaw": 20.249996, "YPos": 2.742931601724881, "BuilderGridRelative": [{"Y": -1, "X": 0, "Z": 0, "Type": "cwc_minecraft_yellow_rn"}, {"Y": -1, "X": 10, "Z": 0, "Type": "cwc_minecraft_red_rn"}, {"Y": -1, "X": 0, "Z": 1, "Type": "cwc_minecraft_yellow_rn"}, {"Y": -1, "X": 1, "Z": 1, "Type": "cwc_minecraft_yellow_rn"}, {"Y": -1, "X": 9, "Z": 1, "Type": "cwc_minecraft_red_rn"}, {"Y": -1, "X": 10, "Z": 1, "Type": "cwc_minecraft_red_rn"}, {"Y": 0, "X": 10, "Z": 1, "Type": "cwc_minecraft_red_rn"}], "DistanceTravelled": 2121, "BuilderInventory": [{"Index": 0, "Type": "cwc_minecraft_red_rn", "Quantity": 16}, {"Index": 1, "Type": "cwc_minecraft_orange_rn", "Quantity": 20}, {"Index": 2, "Type": "cwc_minecraft_yellow_rn", "Quantity": 17}, {"Index": 3, "Type": "cwc_minecraft_green_rn", "Quantity": 20}, {"Index": 4, "Type": "cwc_minecraft_blue_rn", "Quantity": 20}, {"Index": 5, "Type": "cwc_minecraft_purple_rn", "Quantity": 20}], "Pitch": 88.649994}, {"Timestamp": "2018-04-12 22:45:51", "ScreenshotPath": "96260-Builder-putdown.png"}, {"BuilderGridAbsolute": [{"Y": 1, "X": -5, "Z": 4, "Type": "cwc_minecraft_yellow_rn"}, {"Y": 1, "X": 5, "Z": 4, "Type": "cwc_minecraft_red_rn"}, {"Y": 1, "X": -5, "Z": 5, "Type": "cwc_minecraft_yellow_rn"}, {"Y": 1, "X": -4, "Z": 5, "Type": "cwc_minecraft_yellow_rn"}, {"Y": 1, "X": 4, "Z": 5, "Type": "cwc_minecraft_red_rn"}, {"Y": 1, "X": 5, "Z": 5, "Type": "cwc_minecraft_red_rn"}, {"Y": 2, "X": -5, "Z": 5, "Type": "cwc_minecraft_yellow_rn"}, {"Y": 2, "X": 5, "Z": 5, "Type": "cwc_minecraft_red_rn"}], "XPos": -4.140748172985109, "TimeAlive": 2134, "ZPos": 4.580168840379643, "Timestamp": "2018-04-12 22:45:52", "Yaw": 13.499993, "YPos": 2.742931601724881, "BuilderGridRelative": [{"Y": -1, "X": 0, "Z": 0, "Type": "cwc_minecraft_yellow_rn"}, {"Y": -1, "X": 10, "Z": 0, "Type": "cwc_minecraft_red_rn"}, {"Y": -1, "X": 0, "Z": 1, "Type": "cwc_minecraft_yellow_rn"}, {"Y": -1, "X": 1, "Z": 1, "Type": "cwc_minecraft_yellow_rn"}, {"Y": -1, "X": 9, "Z": 1, "Type": "cwc_minecraft_red_rn"}, {"Y": -1, "X": 10, "Z": 1, "Type": "cwc_minecraft_red_rn"}, {"Y": 0, "X": 0, "Z": 1, "Type": "cwc_minecraft_yellow_rn"}, {"Y": 0, "X": 10, "Z": 1, "Type": "cwc_minecraft_red_rn"}], "DistanceTravelled": 2121, "BuilderInventory": [{"Index": 0, "Type": "cwc_minecraft_red_rn", "Quantity": 16}, {"Index": 1, "Type": "cwc_minecraft_orange_rn", "Quantity": 20}, {"Index": 2, "Type": "cwc_minecraft_yellow_rn", "Quantity": 16}, {"Index": 3, "Type": "cwc_minecraft_green_rn", "Quantity": 20}, {"Index": 4, "Type": "cwc_minecraft_blue_rn", "Quantity": 20}, {"Index": 5, "Type": "cwc_minecraft_purple_rn", "Quantity": 20}], "Pitch": 70.649994}, {"Timestamp": "2018-04-12 22:45:52", "ScreenshotPath": "97613-Builder-putdown.png"}, {"Timestamp": "2018-04-12 22:46:00", "Chat": ["<Architect> in the bottom right corner, do it with green blocks"], "ScreenshotPath": "105576-Builder-chat.png"}, {"BuilderGridAbsolute": [{"Y": 1, "X": -5, "Z": 4, "Type": "cwc_minecraft_yellow_rn"}, {"Y": 1, "X": 5, "Z": 4, "Type": "cwc_minecraft_red_rn"}, {"Y": 1, "X": -5, "Z": 5, "Type": "cwc_minecraft_yellow_rn"}, {"Y": 1, "X": -4, "Z": 5, "Type": "cwc_minecraft_yellow_rn"}, {"Y": 1, "X": 4, "Z": 5, "Type": "cwc_minecraft_red_rn"}, {"Y": 1, "X": 5, "Z": 5, "Type": "cwc_minecraft_red_rn"}, {"Y": 2, "X": -5, "Z": 5, "Type": "cwc_minecraft_yellow_rn"}, {"Y": 2, "X": 5, "Z": 5, "Type": "cwc_minecraft_red_rn"}], "XPos": 0.10139361383914014, "TimeAlive": 2295, "ZPos": -4.5448227022584335, "Timestamp": "2018-04-12 22:46:00", "Yaw": 27.149992, "YPos": 2.742931601724881, "BuilderGridRelative": [{"Y": -1, "X": -5, "Z": 9, "Type": "cwc_minecraft_yellow_rn"}, {"Y": -1, "X": 5, "Z": 9, "Type": "cwc_minecraft_red_rn"}, {"Y": -1, "X": -5, "Z": 10, "Type": "cwc_minecraft_yellow_rn"}, {"Y": -1, "X": -4, "Z": 10, "Type": "cwc_minecraft_yellow_rn"}, {"Y": -1, "X": 4, "Z": 10, "Type": "cwc_minecraft_red_rn"}, {"Y": -1, "X": 5, "Z": 10, "Type": "cwc_minecraft_red_rn"}, {"Y": 0, "X": -5, "Z": 10, "Type": "cwc_minecraft_yellow_rn"}, {"Y": 0, "X": 5, "Z": 10, "Type": "cwc_minecraft_red_rn"}], "DistanceTravelled": 2121, "BuilderInventory": [{"Index": 0, "Type": "cwc_minecraft_red_rn", "Quantity": 16}, {"Index": 1, "Type": "cwc_minecraft_orange_rn", "Quantity": 20}, {"Index": 2, "Type": "cwc_minecraft_yellow_rn", "Quantity": 16}, {"Index": 3, "Type": "cwc_minecraft_green_rn", "Quantity": 20}, {"Index": 4, "Type": "cwc_minecraft_blue_rn", "Quantity": 20}, {"Index": 5, "Type": "cwc_minecraft_purple_rn", "Quantity": 20}], "Pitch": 50.54998}, {"BuilderGridAbsolute": [{"Y": 1, "X": -5, "Z": -5, "Type": "cwc_minecraft_green_rn"}, {"Y": 1, "X": -5, "Z": 4, "Type": "cwc_minecraft_yellow_rn"}, {"Y": 1, "X": 5, "Z": 4, "Type": "cwc_minecraft_red_rn"}, {"Y": 1, "X": -5, "Z": 5, "Type": "cwc_minecraft_yellow_rn"}, {"Y": 1, "X": -4, "Z": 5, "Type": "cwc_minecraft_yellow_rn"}, {"Y": 1, "X": 4, "Z": 5, "Type": "cwc_minecraft_red_rn"}, {"Y": 1, "X": 5, "Z": 5, "Type": "cwc_minecraft_red_rn"}, {"Y": 2, "X": -5, "Z": 5, "Type": "cwc_minecraft_yellow_rn"}, {"Y": 2, "X": 5, "Z": 5, "Type": "cwc_minecraft_red_rn"}], "XPos": -2.408278736556161, "TimeAlive": 2396, "ZPos": -4.160121234107276, "Timestamp": "2018-04-12 22:46:06", "Yaw": 92.55002, "YPos": 2.742931601724881, "ScreenshotPath": "110709-Builder-putdown.png", "BuilderGridRelative": [{"Y": -1, "X": -2, "Z": 0, "Type": "cwc_minecraft_green_rn"}, {"Y": -1, "X": -2, "Z": 9, "Type": "cwc_minecraft_yellow_rn"}, {"Y": -1, "X": 8, "Z": 9, "Type": "cwc_minecraft_red_rn"}, {"Y": -1, "X": -2, "Z": 10, "Type": "cwc_minecraft_yellow_rn"}, {"Y": -1, "X": -1, "Z": 10, "Type": "cwc_minecraft_yellow_rn"}, {"Y": -1, "X": 7, "Z": 10, "Type": "cwc_minecraft_red_rn"}, {"Y": -1, "X": 8, "Z": 10, "Type": "cwc_minecraft_red_rn"}, {"Y": 0, "X": -2, "Z": 10, "Type": "cwc_minecraft_yellow_rn"}, {"Y": 0, "X": 8, "Z": 10, "Type": "cwc_minecraft_red_rn"}], "DistanceTravelled": 2121, "BuilderInventory": [{"Index": 0, "Type": "cwc_minecraft_red_rn", "Quantity": 16}, {"Index": 1, "Type": "cwc_minecraft_orange_rn", "Quantity": 20}, {"Index": 2, "Type": "cwc_minecraft_yellow_rn", "Quantity": 16}, {"Index": 3, "Type": "cwc_minecraft_green_rn", "Quantity": 19}, {"Index": 4, "Type": "cwc_minecraft_blue_rn", "Quantity": 20}, {"Index": 5, "Type": "cwc_minecraft_purple_rn", "Quantity": 20}], "Pitch": 57.299984}, {"BuilderGridAbsolute": [{"Y": 1, "X": -5, "Z": -5, "Type": "cwc_minecraft_green_rn"}, {"Y": 1, "X": -5, "Z": -4, "Type": "cwc_minecraft_green_rn"}, {"Y": 1, "X": -5, "Z": 4, "Type": "cwc_minecraft_yellow_rn"}, {"Y": 1, "X": 5, "Z": 4, "Type": "cwc_minecraft_red_rn"}, {"Y": 1, "X": -5, "Z": 5, "Type": "cwc_minecraft_yellow_rn"}, {"Y": 1, "X": -4, "Z": 5, "Type": "cwc_minecraft_yellow_rn"}, {"Y": 1, "X": 4, "Z": 5, "Type": "cwc_minecraft_red_rn"}, {"Y": 1, "X": 5, "Z": 5, "Type": "cwc_minecraft_red_rn"}, {"Y": 2, "X": -5, "Z": 5, "Type": "cwc_minecraft_yellow_rn"}, {"Y": 2, "X": 5, "Z": 5, "Type": "cwc_minecraft_red_rn"}], "XPos": -2.5427089924978583, "TimeAlive": 2427, "ZPos": -4.160121234107276, "Timestamp": "2018-04-12 22:46:07", "Yaw": 67.20002, "YPos": 2.742931601724881, "ScreenshotPath": "112260-Builder-putdown.png", "BuilderGridRelative": [{"Y": -1, "X": -2, "Z": 0, "Type": "cwc_minecraft_green_rn"}, {"Y": -1, "X": -2, "Z": 1, "Type": "cwc_minecraft_green_rn"}, {"Y": -1, "X": -2, "Z": 9, "Type": "cwc_minecraft_yellow_rn"}, {"Y": -1, "X": 8, "Z": 9, "Type": "cwc_minecraft_red_rn"}, {"Y": -1, "X": -2, "Z": 10, "Type": "cwc_minecraft_yellow_rn"}, {"Y": -1, "X": -1, "Z": 10, "Type": "cwc_minecraft_yellow_rn"}, {"Y": -1, "X": 7, "Z": 10, "Type": "cwc_minecraft_red_rn"}, {"Y": -1, "X": 8, "Z": 10, "Type": "cwc_minecraft_red_rn"}, {"Y": 0, "X": -2, "Z": 10, "Type": "cwc_minecraft_yellow_rn"}, {"Y": 0, "X": 8, "Z": 10, "Type": "cwc_minecraft_red_rn"}], "DistanceTravelled": 2121, "BuilderInventory": [{"Index": 0, "Type": "cwc_minecraft_red_rn", "Quantity": 16}, {"Index": 1, "Type": "cwc_minecraft_orange_rn", "Quantity": 20}, {"Index": 2, "Type": "cwc_minecraft_yellow_rn", "Quantity": 16}, {"Index": 3, "Type": "cwc_minecraft_green_rn", "Quantity": 18}, {"Index": 4, "Type": "cwc_minecraft_blue_rn", "Quantity": 20}, {"Index": 5, "Type": "cwc_minecraft_purple_rn", "Quantity": 20}], "Pitch": 60.599983}, {"BuilderGridAbsolute": [{"Y": 1, "X": -5, "Z": -5, "Type": "cwc_minecraft_green_rn"}, {"Y": 1, "X": -4, "Z": -5, "Type": "cwc_minecraft_green_rn"}, {"Y": 1, "X": -5, "Z": -4, "Type": "cwc_minecraft_green_rn"}, {"Y": 1, "X": -5, "Z": 4, "Type": "cwc_minecraft_yellow_rn"}, {"Y": 1, "X": 5, "Z": 4, "Type": "cwc_minecraft_red_rn"}, {"Y": 1, "X": -5, "Z": 5, "Type": "cwc_minecraft_yellow_rn"}, {"Y": 1, "X": -4, "Z": 5, "Type": "cwc_minecraft_yellow_rn"}, {"Y": 1, "X": 4, "Z": 5, "Type": "cwc_minecraft_red_rn"}, {"Y": 1, "X": 5, "Z": 5, "Type": "cwc_minecraft_red_rn"}, {"Y": 2, "X": -5, "Z": 5, "Type": "cwc_minecraft_yellow_rn"}, {"Y": 2, "X": 5, "Z": 5, "Type": "cwc_minecraft_red_rn"}], "XPos": -2.5533435315166653, "TimeAlive": 2455, "ZPos": -4.160121234107276, "Timestamp": "2018-04-12 22:46:08", "Yaw": 102.45003, "YPos": 2.742931601724881, "BuilderGridRelative": [{"Y": -1, "X": -2, "Z": 0, "Type": "cwc_minecraft_green_rn"}, {"Y": -1, "X": -1, "Z": 0, "Type": "cwc_minecraft_green_rn"}, {"Y": -1, "X": -2, "Z": 1, "Type": "cwc_minecraft_green_rn"}, {"Y": -1, "X": -2, "Z": 9, "Type": "cwc_minecraft_yellow_rn"}, {"Y": -1, "X": 8, "Z": 9, "Type": "cwc_minecraft_red_rn"}, {"Y": -1, "X": -2, "Z": 10, "Type": "cwc_minecraft_yellow_rn"}, {"Y": -1, "X": -1, "Z": 10, "Type": "cwc_minecraft_yellow_rn"}, {"Y": -1, "X": 7, "Z": 10, "Type": "cwc_minecraft_red_rn"}, {"Y": -1, "X": 8, "Z": 10, "Type": "cwc_minecraft_red_rn"}, {"Y": 0, "X": -2, "Z": 10, "Type": "cwc_minecraft_yellow_rn"}, {"Y": 0, "X": 8, "Z": 10, "Type": "cwc_minecraft_red_rn"}], "DistanceTravelled": 2121, "BuilderInventory": [{"Index": 0, "Type": "cwc_minecraft_red_rn", "Quantity": 16}, {"Index": 1, "Type": "cwc_minecraft_orange_rn", "Quantity": 20}, {"Index": 2, "Type": "cwc_minecraft_yellow_rn", "Quantity": 16}, {"Index": 3, "Type": "cwc_minecraft_green_rn", "Quantity": 17}, {"Index": 4, "Type": "cwc_minecraft_blue_rn", "Quantity": 20}, {"Index": 5, "Type": "cwc_minecraft_purple_rn", "Quantity": 20}], "Pitch": 77.549995}, {"Timestamp": "2018-04-12 22:46:08", "ScreenshotPath": "113674-Builder-putdown.png"}, {"Timestamp": "2018-04-12 22:46:08", "Chat": ["<Architect> and then purple blocks in the bottom left"]}, {"BuilderGridAbsolute": [{"Y": 1, "X": -5, "Z": -5, "Type": "cwc_minecraft_green_rn"}, {"Y": 1, "X": -4, "Z": -5, "Type": "cwc_minecraft_green_rn"}, {"Y": 1, "X": -5, "Z": -4, "Type": "cwc_minecraft_green_rn"}, {"Y": 1, "X": -5, "Z": 4, "Type": "cwc_minecraft_yellow_rn"}, {"Y": 1, "X": 5, "Z": 4, "Type": "cwc_minecraft_red_rn"}, {"Y": 1, "X": -5, "Z": 5, "Type": "cwc_minecraft_yellow_rn"}, {"Y": 1, "X": -4, "Z": 5, "Type": "cwc_minecraft_yellow_rn"}, {"Y": 1, "X": 4, "Z": 5, "Type": "cwc_minecraft_red_rn"}, {"Y": 1, "X": 5, "Z": 5, "Type": "cwc_minecraft_red_rn"}, {"Y": 2, "X": -5, "Z": 5, "Type": "cwc_minecraft_yellow_rn"}, {"Y": 2, "X": 5, "Z": 5, "Type": "cwc_minecraft_red_rn"}], "XPos": -2.5533435315166653, "TimeAlive": 2466, "ZPos": -4.160121234107276, "Timestamp": "2018-04-12 22:46:09", "Yaw": 102.45003, "YPos": 2.742931601724881, "ScreenshotPath": "114173-Builder-chat.png", "BuilderGridRelative": [{"Y": -1, "X": -2, "Z": 0, "Type": "cwc_minecraft_green_rn"}, {"Y": -1, "X": -1, "Z": 0, "Type": "cwc_minecraft_green_rn"}, {"Y": -1, "X": -2, "Z": 1, "Type": "cwc_minecraft_green_rn"}, {"Y": -1, "X": -2, "Z": 9, "Type": "cwc_minecraft_yellow_rn"}, {"Y": -1, "X": 8, "Z": 9, "Type": "cwc_minecraft_red_rn"}, {"Y": -1, "X": -2, "Z": 10, "Type": "cwc_minecraft_yellow_rn"}, {"Y": -1, "X": -1, "Z": 10, "Type": "cwc_minecraft_yellow_rn"}, {"Y": -1, "X": 7, "Z": 10, "Type": "cwc_minecraft_red_rn"}, {"Y": -1, "X": 8, "Z": 10, "Type": "cwc_minecraft_red_rn"}, {"Y": 0, "X": -2, "Z": 10, "Type": "cwc_minecraft_yellow_rn"}, {"Y": 0, "X": 8, "Z": 10, "Type": "cwc_minecraft_red_rn"}], "DistanceTravelled": 2121, "BuilderInventory": [{"Index": 0, "Type": "cwc_minecraft_red_rn", "Quantity": 16}, {"Index": 1, "Type": "cwc_minecraft_orange_rn", "Quantity": 20}, {"Index": 2, "Type": "cwc_minecraft_yellow_rn", "Quantity": 16}, {"Index": 3, "Type": "cwc_minecraft_green_rn", "Quantity": 17}, {"Index": 4, "Type": "cwc_minecraft_blue_rn", "Quantity": 20}, {"Index": 5, "Type": "cwc_minecraft_purple_rn", "Quantity": 20}], "Pitch": 77.549995}, {"BuilderGridAbsolute": [{"Y": 1, "X": -5, "Z": -5, "Type": "cwc_minecraft_green_rn"}, {"Y": 1, "X": -4, "Z": -5, "Type": "cwc_minecraft_green_rn"}, {"Y": 1, "X": -5, "Z": -4, "Type": "cwc_minecraft_green_rn"}, {"Y": 1, "X": -5, "Z": 4, "Type": "cwc_minecraft_yellow_rn"}, {"Y": 1, "X": 5, "Z": 4, "Type": "cwc_minecraft_red_rn"}, {"Y": 1, "X": -5, "Z": 5, "Type": "cwc_minecraft_yellow_rn"}, {"Y": 1, "X": -4, "Z": 5, "Type": "cwc_minecraft_yellow_rn"}, {"Y": 1, "X": 4, "Z": 5, "Type": "cwc_minecraft_red_rn"}, {"Y": 1, "X": 5, "Z": 5, "Type": "cwc_minecraft_red_rn"}, {"Y": 2, "X": -5, "Z": -5, "Type": "cwc_minecraft_green_rn"}, {"Y": 2, "X": -5, "Z": 5, "Type": "cwc_minecraft_yellow_rn"}, {"Y": 2, "X": 5, "Z": 5, "Type": "cwc_minecraft_red_rn"}], "XPos": -2.5533435315166653, "TimeAlive": 2499, "ZPos": -4.160121234107276, "Timestamp": "2018-04-12 22:46:10", "Yaw": 98.40001, "YPos": 2.742931601724881, "BuilderGridRelative": [{"Y": -1, "X": -2, "Z": 0, "Type": "cwc_minecraft_green_rn"}, {"Y": -1, "X": -1, "Z": 0, "Type": "cwc_minecraft_green_rn"}, {"Y": -1, "X": -2, "Z": 1, "Type": "cwc_minecraft_green_rn"}, {"Y": -1, "X": -2, "Z": 9, "Type": "cwc_minecraft_yellow_rn"}, {"Y": -1, "X": 8, "Z": 9, "Type": "cwc_minecraft_red_rn"}, {"Y": -1, "X": -2, "Z": 10, "Type": "cwc_minecraft_yellow_rn"}, {"Y": -1, "X": -1, "Z": 10, "Type": "cwc_minecraft_yellow_rn"}, {"Y": -1, "X": 7, "Z": 10, "Type": "cwc_minecraft_red_rn"}, {"Y": -1, "X": 8, "Z": 10, "Type": "cwc_minecraft_red_rn"}, {"Y": 0, "X": -2, "Z": 0, "Type": "cwc_minecraft_green_rn"}, {"Y": 0, "X": -2, "Z": 10, "Type": "cwc_minecraft_yellow_rn"}, {"Y": 0, "X": 8, "Z": 10, "Type": "cwc_minecraft_red_rn"}], "DistanceTravelled": 2121, "BuilderInventory": [{"Index": 0, "Type": "cwc_minecraft_red_rn", "Quantity": 16}, {"Index": 1, "Type": "cwc_minecraft_orange_rn", "Quantity": 20}, {"Index": 2, "Type": "cwc_minecraft_yellow_rn", "Quantity": 16}, {"Index": 3, "Type": "cwc_minecraft_green_rn", "Quantity": 16}, {"Index": 4, "Type": "cwc_minecraft_blue_rn", "Quantity": 20}, {"Index": 5, "Type": "cwc_minecraft_purple_rn", "Quantity": 20}], "Pitch": 53.09999}, {"Timestamp": "2018-04-12 22:46:11", "ScreenshotPath": "115875-Builder-putdown.png"}, {"BuilderGridAbsolute": [{"Y": 1, "X": -5, "Z": -5, "Type": "cwc_minecraft_green_rn"}, {"Y": 1, "X": -4, "Z": -5, "Type": "cwc_minecraft_green_rn"}, {"Y": 1, "X": 5, "Z": -5, "Type": "cwc_minecraft_purple_rn"}, {"Y": 1, "X": -5, "Z": -4, "Type": "cwc_minecraft_green_rn"}, {"Y": 1, "X": -5, "Z": 4, "Type": "cwc_minecraft_yellow_rn"}, {"Y": 1, "X": 5, "Z": 4, "Type": "cwc_minecraft_red_rn"}, {"Y": 1, "X": -5, "Z": 5, "Type": "cwc_minecraft_yellow_rn"}, {"Y": 1, "X": -4, "Z": 5, "Type": "cwc_minecraft_yellow_rn"}, {"Y": 1, "X": 4, "Z": 5, "Type": "cwc_minecraft_red_rn"}, {"Y": 1, "X": 5, "Z": 5, "Type": "cwc_minecraft_red_rn"}, {"Y": 2, "X": -5, "Z": -5, "Type": "cwc_minecraft_green_rn"}, {"Y": 2, "X": -5, "Z": 5, "Type": "cwc_minecraft_yellow_rn"}, {"Y": 2, "X": 5, "Z": 5, "Type": "cwc_minecraft_red_rn"}], "XPos": 3.1739735802324334, "TimeAlive": 2620, "ZPos": -5.8745476913167085, "Timestamp": "2018-04-12 22:46:16", "Yaw": -59.550003, "YPos": 2.742931601724881, "BuilderGridRelative": [{"Y": -1, "X": -8, "Z": 1, "Type": "cwc_minecraft_green_rn"}, {"Y": -1, "X": -7, "Z": 1, "Type": "cwc_minecraft_green_rn"}, {"Y": -1, "X": 2, "Z": 1, "Type": "cwc_minecraft_purple_rn"}, {"Y": -1, "X": -8, "Z": 2, "Type": "cwc_minecraft_green_rn"}, {"Y": -1, "X": -8, "Z": 10, "Type": "cwc_minecraft_yellow_rn"}, {"Y": -1, "X": 2, "Z": 10, "Type": "cwc_minecraft_red_rn"}, {"Y": -1, "X": -8, "Z": 11, "Type": "cwc_minecraft_yellow_rn"}, {"Y": -1, "X": -7, "Z": 11, "Type": "cwc_minecraft_yellow_rn"}, {"Y": -1, "X": 1, "Z": 11, "Type": "cwc_minecraft_red_rn"}, {"Y": -1, "X": 2, "Z": 11, "Type": "cwc_minecraft_red_rn"}, {"Y": 0, "X": -8, "Z": 1, "Type": "cwc_minecraft_green_rn"}, {"Y": 0, "X": -8, "Z": 11, "Type": "cwc_minecraft_yellow_rn"}, {"Y": 0, "X": 2, "Z": 11, "Type": "cwc_minecraft_red_rn"}], "DistanceTravelled": 2121, "BuilderInventory": [{"Index": 0, "Type": "cwc_minecraft_red_rn", "Quantity": 16}, {"Index": 1, "Type": "cwc_minecraft_orange_rn", "Quantity": 20}, {"Index": 2, "Type": "cwc_minecraft_yellow_rn", "Quantity": 16}, {"Index": 3, "Type": "cwc_minecraft_green_rn", "Quantity": 16}, {"Index": 4, "Type": "cwc_minecraft_blue_rn", "Quantity": 20}, {"Index": 5, "Type": "cwc_minecraft_purple_rn", "Quantity": 19}], "Pitch": 54.299988}, {"Timestamp": "2018-04-12 22:46:17", "ScreenshotPath": "121923-Builder-putdown.png"}, {"BuilderGridAbsolute": [{"Y": 1, "X": -5, "Z": -5, "Type": "cwc_minecraft_green_rn"}, {"Y": 1, "X": -4, "Z": -5, "Type": "cwc_minecraft_green_rn"}, {"Y": 1, "X": 4, "Z": -5, "Type": "cwc_minecraft_purple_rn"}, {"Y": 1, "X": 5, "Z": -5, "Type": "cwc_minecraft_purple_rn"}, {"Y": 1, "X": -5, "Z": -4, "Type": "cwc_minecraft_green_rn"}, {"Y": 1, "X": -5, "Z": 4, "Type": "cwc_minecraft_yellow_rn"}, {"Y": 1, "X": 5, "Z": 4, "Type": "cwc_minecraft_red_rn"}, {"Y": 1, "X": -5, "Z": 5, "Type": "cwc_minecraft_yellow_rn"}, {"Y": 1, "X": -4, "Z": 5, "Type": "cwc_minecraft_yellow_rn"}, {"Y": 1, "X": 4, "Z": 5, "Type": "cwc_minecraft_red_rn"}, {"Y": 1, "X": 5, "Z": 5, "Type": "cwc_minecraft_red_rn"}, {"Y": 2, "X": -5, "Z": -5, "Type": "cwc_minecraft_green_rn"}, {"Y": 2, "X": -5, "Z": 5, "Type": "cwc_minecraft_yellow_rn"}, {"Y": 2, "X": 5, "Z": 5, "Type": "cwc_minecraft_red_rn"}], "XPos": 3.1846926862189004, "TimeAlive": 2646, "ZPos": -5.8745476913167085, "Timestamp": "2018-04-12 22:46:17", "Yaw": -42.750008, "YPos": 2.742931601724881, "BuilderGridRelative": [{"Y": -1, "X": -8, "Z": 1, "Type": "cwc_minecraft_green_rn"}, {"Y": -1, "X": -7, "Z": 1, "Type": "cwc_minecraft_green_rn"}, {"Y": -1, "X": 1, "Z": 1, "Type": "cwc_minecraft_purple_rn"}, {"Y": -1, "X": 2, "Z": 1, "Type": "cwc_minecraft_purple_rn"}, {"Y": -1, "X": -8, "Z": 2, "Type": "cwc_minecraft_green_rn"}, {"Y": -1, "X": -8, "Z": 10, "Type": "cwc_minecraft_yellow_rn"}, {"Y": -1, "X": 2, "Z": 10, "Type": "cwc_minecraft_red_rn"}, {"Y": -1, "X": -8, "Z": 11, "Type": "cwc_minecraft_yellow_rn"}, {"Y": -1, "X": -7, "Z": 11, "Type": "cwc_minecraft_yellow_rn"}, {"Y": -1, "X": 1, "Z": 11, "Type": "cwc_minecraft_red_rn"}, {"Y": -1, "X": 2, "Z": 11, "Type": "cwc_minecraft_red_rn"}, {"Y": 0, "X": -8, "Z": 1, "Type": "cwc_minecraft_green_rn"}, {"Y": 0, "X": -8, "Z": 11, "Type": "cwc_minecraft_yellow_rn"}, {"Y": 0, "X": 2, "Z": 11, "Type": "cwc_minecraft_red_rn"}], "DistanceTravelled": 2121, "BuilderInventory": [{"Index": 0, "Type": "cwc_minecraft_red_rn", "Quantity": 16}, {"Index": 1, "Type": "cwc_minecraft_orange_rn", "Quantity": 20}, {"Index": 2, "Type": "cwc_minecraft_yellow_rn", "Quantity": 16}, {"Index": 3, "Type": "cwc_minecraft_green_rn", "Quantity": 16}, {"Index": 4, "Type": "cwc_minecraft_blue_rn", "Quantity": 20}, {"Index": 5, "Type": "cwc_minecraft_purple_rn", "Quantity": 18}], "Pitch": 63.449986}, {"Timestamp": "2018-04-12 22:46:18", "ScreenshotPath": "123223-Builder-putdown.png"}, {"BuilderGridAbsolute": [{"Y": 1, "X": -5, "Z": -5, "Type": "cwc_minecraft_green_rn"}, {"Y": 1, "X": -4, "Z": -5, "Type": "cwc_minecraft_green_rn"}, {"Y": 1, "X": 4, "Z": -5, "Type": "cwc_minecraft_purple_rn"}, {"Y": 1, "X": 5, "Z": -5, "Type": "cwc_minecraft_purple_rn"}, {"Y": 1, "X": -5, "Z": -4, "Type": "cwc_minecraft_green_rn"}, {"Y": 1, "X": 5, "Z": -4, "Type": "cwc_minecraft_purple_rn"}, {"Y": 1, "X": -5, "Z": 4, "Type": "cwc_minecraft_yellow_rn"}, {"Y": 1, "X": 5, "Z": 4, "Type": "cwc_minecraft_red_rn"}, {"Y": 1, "X": -5, "Z": 5, "Type": "cwc_minecraft_yellow_rn"}, {"Y": 1, "X": -4, "Z": 5, "Type": "cwc_minecraft_yellow_rn"}, {"Y": 1, "X": 4, "Z": 5, "Type": "cwc_minecraft_red_rn"}, {"Y": 1, "X": 5, "Z": 5, "Type": "cwc_minecraft_red_rn"}, {"Y": 2, "X": -5, "Z": -5, "Type": "cwc_minecraft_green_rn"}, {"Y": 2, "X": -5, "Z": 5, "Type": "cwc_minecraft_yellow_rn"}, {"Y": 2, "X": 5, "Z": 5, "Type": "cwc_minecraft_red_rn"}], "XPos": 5.485383656708204, "TimeAlive": 2703, "ZPos": -3.4379612912516313, "Timestamp": "2018-04-12 22:46:20", "Yaw": -43.200012, "YPos": 2.742931601724881, "BuilderGridRelative": [{"Y": -1, "X": -10, "Z": -1, "Type": "cwc_minecraft_green_rn"}, {"Y": -1, "X": -9, "Z": -1, "Type": "cwc_minecraft_green_rn"}, {"Y": -1, "X": -1, "Z": -1, "Type": "cwc_minecraft_purple_rn"}, {"Y": -1, "X": 0, "Z": -1, "Type": "cwc_minecraft_purple_rn"}, {"Y": -1, "X": -10, "Z": 0, "Type": "cwc_minecraft_green_rn"}, {"Y": -1, "X": 0, "Z": 0, "Type": "cwc_minecraft_purple_rn"}, {"Y": -1, "X": -10, "Z": 8, "Type": "cwc_minecraft_yellow_rn"}, {"Y": -1, "X": 0, "Z": 8, "Type": "cwc_minecraft_red_rn"}, {"Y": -1, "X": -10, "Z": 9, "Type": "cwc_minecraft_yellow_rn"}, {"Y": -1, "X": -9, "Z": 9, "Type": "cwc_minecraft_yellow_rn"}, {"Y": -1, "X": -1, "Z": 9, "Type": "cwc_minecraft_red_rn"}, {"Y": -1, "X": 0, "Z": 9, "Type": "cwc_minecraft_red_rn"}, {"Y": 0, "X": -10, "Z": -1, "Type": "cwc_minecraft_green_rn"}, {"Y": 0, "X": -10, "Z": 9, "Type": "cwc_minecraft_yellow_rn"}, {"Y": 0, "X": 0, "Z": 9, "Type": "cwc_minecraft_red_rn"}], "DistanceTravelled": 2121, "BuilderInventory": [{"Index": 0, "Type": "cwc_minecraft_red_rn", "Quantity": 16}, {"Index": 1, "Type": "cwc_minecraft_orange_rn", "Quantity": 20}, {"Index": 2, "Type": "cwc_minecraft_yellow_rn", "Quantity": 16}, {"Index": 3, "Type": "cwc_minecraft_green_rn", "Quantity": 16}, {"Index": 4, "Type": "cwc_minecraft_blue_rn", "Quantity": 20}, {"Index": 5, "Type": "cwc_minecraft_purple_rn", "Quantity": 17}], "Pitch": 89.399994}, {"Timestamp": "2018-04-12 22:46:21", "ScreenshotPath": "126072-Builder-putdown.png"}, {"BuilderGridAbsolute": [{"Y": 1, "X": -5, "Z": -5, "Type": "cwc_minecraft_green_rn"}, {"Y": 1, "X": -4, "Z": -5, "Type": "cwc_minecraft_green_rn"}, {"Y": 1, "X": 4, "Z": -5, "Type": "cwc_minecraft_purple_rn"}, {"Y": 1, "X": 5, "Z": -5, "Type": "cwc_minecraft_purple_rn"}, {"Y": 1, "X": -5, "Z": -4, "Type": "cwc_minecraft_green_rn"}, {"Y": 1, "X": 5, "Z": -4, "Type": "cwc_minecraft_purple_rn"}, {"Y": 1, "X": -5, "Z": 4, "Type": "cwc_minecraft_yellow_rn"}, {"Y": 1, "X": 5, "Z": 4, "Type": "cwc_minecraft_red_rn"}, {"Y": 1, "X": -5, "Z": 5, "Type": "cwc_minecraft_yellow_rn"}, {"Y": 1, "X": -4, "Z": 5, "Type": "cwc_minecraft_yellow_rn"}, {"Y": 1, "X": 4, "Z": 5, "Type": "cwc_minecraft_red_rn"}, {"Y": 1, "X": 5, "Z": 5, "Type": "cwc_minecraft_red_rn"}, {"Y": 2, "X": -5, "Z": -5, "Type": "cwc_minecraft_green_rn"}, {"Y": 2, "X": 5, "Z": -5, "Type": "cwc_minecraft_purple_rn"}, {"Y": 2, "X": -5, "Z": 5, "Type": "cwc_minecraft_yellow_rn"}, {"Y": 2, "X": 5, "Z": 5, "Type": "cwc_minecraft_red_rn"}], "XPos": 4.835275120006176, "TimeAlive": 2778, "ZPos": -3.5836117313906457, "Timestamp": "2018-04-12 22:46:24", "Yaw": -140.39995, "YPos": 2.742931601724881, "BuilderGridRelative": [{"Y": -1, "X": -9, "Z": -1, "Type": "cwc_minecraft_green_rn"}, {"Y": -1, "X": -8, "Z": -1, "Type": "cwc_minecraft_green_rn"}, {"Y": -1, "X": 0, "Z": -1, "Type": "cwc_minecraft_purple_rn"}, {"Y": -1, "X": 1, "Z": -1, "Type": "cwc_minecraft_purple_rn"}, {"Y": -1, "X": -9, "Z": 0, "Type": "cwc_minecraft_green_rn"}, {"Y": -1, "X": 1, "Z": 0, "Type": "cwc_minecraft_purple_rn"}, {"Y": -1, "X": -9, "Z": 8, "Type": "cwc_minecraft_yellow_rn"}, {"Y": -1, "X": 1, "Z": 8, "Type": "cwc_minecraft_red_rn"}, {"Y": -1, "X": -9, "Z": 9, "Type": "cwc_minecraft_yellow_rn"}, {"Y": -1, "X": -8, "Z": 9, "Type": "cwc_minecraft_yellow_rn"}, {"Y": -1, "X": 0, "Z": 9, "Type": "cwc_minecraft_red_rn"}, {"Y": -1, "X": 1, "Z": 9, "Type": "cwc_minecraft_red_rn"}, {"Y": 0, "X": -9, "Z": -1, "Type": "cwc_minecraft_green_rn"}, {"Y": 0, "X": 1, "Z": -1, "Type": "cwc_minecraft_purple_rn"}, {"Y": 0, "X": -9, "Z": 9, "Type": "cwc_minecraft_yellow_rn"}, {"Y": 0, "X": 1, "Z": 9, "Type": "cwc_minecraft_red_rn"}], "DistanceTravelled": 2121, "BuilderInventory": [{"Index": 0, "Type": "cwc_minecraft_red_rn", "Quantity": 16}, {"Index": 1, "Type": "cwc_minecraft_orange_rn", "Quantity": 20}, {"Index": 2, "Type": "cwc_minecraft_yellow_rn", "Quantity": 16}, {"Index": 3, "Type": "cwc_minecraft_green_rn", "Quantity": 16}, {"Index": 4, "Type": "cwc_minecraft_blue_rn", "Quantity": 20}, {"Index": 5, "Type": "cwc_minecraft_purple_rn", "Quantity": 16}], "Pitch": 64.04998}, {"Timestamp": "2018-04-12 22:46:25", "ScreenshotPath": "129822-Builder-putdown.png"}, {"Timestamp": "2018-04-12 22:46:27", "Chat": ["<Architect> ok we're done!"]}, {"BuilderGridAbsolute": [{"Y": 1, "X": -5, "Z": -5, "Type": "cwc_minecraft_green_rn"}, {"Y": 1, "X": -4, "Z": -5, "Type": "cwc_minecraft_green_rn"}, {"Y": 1, "X": 4, "Z": -5, "Type": "cwc_minecraft_purple_rn"}, {"Y": 1, "X": 5, "Z": -5, "Type": "cwc_minecraft_purple_rn"}, {"Y": 1, "X": -5, "Z": -4, "Type": "cwc_minecraft_green_rn"}, {"Y": 1, "X": 5, "Z": -4, "Type": "cwc_minecraft_purple_rn"}, {"Y": 1, "X": -5, "Z": 4, "Type": "cwc_minecraft_yellow_rn"}, {"Y": 1, "X": 5, "Z": 4, "Type": "cwc_minecraft_red_rn"}, {"Y": 1, "X": -5, "Z": 5, "Type": "cwc_minecraft_yellow_rn"}, {"Y": 1, "X": -4, "Z": 5, "Type": "cwc_minecraft_yellow_rn"}, {"Y": 1, "X": 4, "Z": 5, "Type": "cwc_minecraft_red_rn"}, {"Y": 1, "X": 5, "Z": 5, "Type": "cwc_minecraft_red_rn"}, {"Y": 2, "X": -5, "Z": -5, "Type": "cwc_minecraft_green_rn"}, {"Y": 2, "X": 5, "Z": -5, "Type": "cwc_minecraft_purple_rn"}, {"Y": 2, "X": -5, "Z": 5, "Type": "cwc_minecraft_yellow_rn"}, {"Y": 2, "X": 5, "Z": 5, "Type": "cwc_minecraft_red_rn"}], "XPos": -0.2759237314031121, "TimeAlive": 2848, "ZPos": 1.0612384266991441, "Timestamp": "2018-04-12 22:46:28", "Yaw": -92.399925, "YPos": 2.385427587518948, "ScreenshotPath": "133273-Builder-chat.png", "BuilderGridRelative": [{"Y": -1, "X": -4, "Z": -6, "Type": "cwc_minecraft_green_rn"}, {"Y": -1, "X": -3, "Z": -6, "Type": "cwc_minecraft_green_rn"}, {"Y": -1, "X": 5, "Z": -6, "Type": "cwc_minecraft_purple_rn"}, {"Y": -1, "X": 6, "Z": -6, "Type": "cwc_minecraft_purple_rn"}, {"Y": -1, "X": -4, "Z": -5, "Type": "cwc_minecraft_green_rn"}, {"Y": -1, "X": 6, "Z": -5, "Type": "cwc_minecraft_purple_rn"}, {"Y": -1, "X": -4, "Z": 3, "Type": "cwc_minecraft_yellow_rn"}, {"Y": -1, "X": 6, "Z": 3, "Type": "cwc_minecraft_red_rn"}, {"Y": -1, "X": -4, "Z": 4, "Type": "cwc_minecraft_yellow_rn"}, {"Y": -1, "X": -3, "Z": 4, "Type": "cwc_minecraft_yellow_rn"}, {"Y": -1, "X": 5, "Z": 4, "Type": "cwc_minecraft_red_rn"}, {"Y": -1, "X": 6, "Z": 4, "Type": "cwc_minecraft_red_rn"}, {"Y": 0, "X": -4, "Z": -6, "Type": "cwc_minecraft_green_rn"}, {"Y": 0, "X": 6, "Z": -6, "Type": "cwc_minecraft_purple_rn"}, {"Y": 0, "X": -4, "Z": 4, "Type": "cwc_minecraft_yellow_rn"}, {"Y": 0, "X": 6, "Z": 4, "Type": "cwc_minecraft_red_rn"}], "DistanceTravelled": 2121, "BuilderInventory": [{"Index": 0, "Type": "cwc_minecraft_red_rn", "Quantity": 16}, {"Index": 1, "Type": "cwc_minecraft_orange_rn", "Quantity": 20}, {"Index": 2, "Type": "cwc_minecraft_yellow_rn", "Quantity": 16}, {"Index": 3, "Type": "cwc_minecraft_green_rn", "Quantity": 16}, {"Index": 4, "Type": "cwc_minecraft_blue_rn", "Quantity": 20}, {"Index": 5, "Type": "cwc_minecraft_purple_rn", "Quantity": 16}], "Pitch": 58.199974}], "NumFixedViewers": 4, "TimeElapsed": 159.64228892326355}