{"WorldStates": [{"Timestamp": "2018-04-15 04:07:06", "Chat": ["<Builder> Mission has started."], "ScreenshotPath": "0-Builder-chat.png"}, {"BuilderGridAbsolute": [], "XPos": 0.7959078310383101, "TimeAlive": 220, "ZPos": -0.11784967778824115, "Timestamp": "2018-04-15 04:07:06", "Yaw": -8.549999, "YPos": 1.0, "BuilderGridRelative": [], "DistanceTravelled": 97, "BuilderInventory": [{"Index": 0, "Type": "cwc_minecraft_red_rn", "Quantity": 20}, {"Index": 1, "Type": "cwc_minecraft_orange_rn", "Quantity": 20}, {"Index": 2, "Type": "cwc_minecraft_yellow_rn", "Quantity": 20}, {"Index": 3, "Type": "cwc_minecraft_green_rn", "Quantity": 20}, {"Index": 4, "Type": "cwc_minecraft_blue_rn", "Quantity": 20}, {"Index": 5, "Type": "cwc_minecraft_purple_rn", "Quantity": 20}], "Pitch": 27.599993}, {"Timestamp": "2018-04-15 04:07:17", "Chat": ["<Architect> hi"]}, {"BuilderGridAbsolute": [], "XPos": 1.671678442118008, "TimeAlive": 441, "ZPos": -1.3969235294714921, "Timestamp": "2018-04-15 04:07:17", "Yaw": 0.60000885, "YPos": 1.0, "ScreenshotPath": "11096-Builder-chat.png", "BuilderGridRelative": [], "DistanceTravelled": 1424, "BuilderInventory": [{"Index": 0, "Type": "cwc_minecraft_red_rn", "Quantity": 20}, {"Index": 1, "Type": "cwc_minecraft_orange_rn", "Quantity": 20}, {"Index": 2, "Type": "cwc_minecraft_yellow_rn", "Quantity": 20}, {"Index": 3, "Type": "cwc_minecraft_green_rn", "Quantity": 20}, {"Index": 4, "Type": "cwc_minecraft_blue_rn", "Quantity": 20}, {"Index": 5, "Type": "cwc_minecraft_purple_rn", "Quantity": 20}], "Pitch": 30.449991}, {"Timestamp": "2018-04-15 04:07:22", "Chat": ["<Builder> hey"]}, {"BuilderGridAbsolute": [], "XPos": 0.3099921824238045, "TimeAlive": 539, "ZPos": -1.9621857473736126, "Timestamp": "2018-04-15 04:07:22", "Yaw": 0.7500088, "YPos": 1.0, "ScreenshotPath": "15997-Builder-chat.png", "BuilderGridRelative": [], "DistanceTravelled": 1585, "BuilderInventory": [{"Index": 0, "Type": "cwc_minecraft_red_rn", "Quantity": 20}, {"Index": 1, "Type": "cwc_minecraft_orange_rn", "Quantity": 20}, {"Index": 2, "Type": "cwc_minecraft_yellow_rn", "Quantity": 20}, {"Index": 3, "Type": "cwc_minecraft_green_rn", "Quantity": 20}, {"Index": 4, "Type": "cwc_minecraft_blue_rn", "Quantity": 20}, {"Index": 5, "Type": "cwc_minecraft_purple_rn", "Quantity": 20}], "Pitch": 29.999992}, {"Timestamp": "2018-04-15 04:07:33", "Chat": ["<Architect> so we're going to make a green chair thing"], "ScreenshotPath": "26860-Builder-chat.png"}, {"BuilderGridAbsolute": [], "XPos": 0.886898018052117, "TimeAlive": 757, "ZPos": -0.49963489321536514, "Timestamp": "2018-04-15 04:07:33", "Yaw": 0.7500088, "YPos": 1.0, "BuilderGridRelative": [], "DistanceTravelled": 2514, "BuilderInventory": [{"Index": 0, "Type": "cwc_minecraft_red_rn", "Quantity": 20}, {"Index": 1, "Type": "cwc_minecraft_orange_rn", "Quantity": 20}, {"Index": 2, "Type": "cwc_minecraft_yellow_rn", "Quantity": 20}, {"Index": 3, "Type": "cwc_minecraft_green_rn", "Quantity": 20}, {"Index": 4, "Type": "cwc_minecraft_blue_rn", "Quantity": 20}, {"Index": 5, "Type": "cwc_minecraft_purple_rn", "Quantity": 20}], "Pitch": 29.999992}, {"Timestamp": "2018-04-15 04:07:41", "Chat": ["<Builder> ready"], "ScreenshotPath": "34759-Builder-chat.png"}, {"BuilderGridAbsolute": [], "XPos": -1.2096708779823986, "TimeAlive": 915, "ZPos": 1.3175335436318303, "Timestamp": "2018-04-15 04:07:41", "Yaw": 0.7500088, "YPos": 1.0, "BuilderGridRelative": [], "DistanceTravelled": 2926, "BuilderInventory": [{"Index": 0, "Type": "cwc_minecraft_red_rn", "Quantity": 20}, {"Index": 1, "Type": "cwc_minecraft_orange_rn", "Quantity": 20}, {"Index": 2, "Type": "cwc_minecraft_yellow_rn", "Quantity": 20}, {"Index": 3, "Type": "cwc_minecraft_green_rn", "Quantity": 20}, {"Index": 4, "Type": "cwc_minecraft_blue_rn", "Quantity": 20}, {"Index": 5, "Type": "cwc_minecraft_purple_rn", "Quantity": 20}], "Pitch": 29.999992}, {"Timestamp": "2018-04-15 04:07:46", "Chat": ["<Architect> first, put two green blocks on the ground with a space between them"], "ScreenshotPath": "40058-Builder-chat.png"}, {"BuilderGridAbsolute": [], "XPos": 1.3994874661513732, "TimeAlive": 1021, "ZPos": -1.2192562461873215, "Timestamp": "2018-04-15 04:07:46", "Yaw": 0.7500088, "YPos": 1.0, "BuilderGridRelative": [], "DistanceTravelled": 4026, "BuilderInventory": [{"Index": 0, "Type": "cwc_minecraft_red_rn", "Quantity": 20}, {"Index": 1, "Type": "cwc_minecraft_orange_rn", "Quantity": 20}, {"Index": 2, "Type": "cwc_minecraft_yellow_rn", "Quantity": 20}, {"Index": 3, "Type": "cwc_minecraft_green_rn", "Quantity": 20}, {"Index": 4, "Type": "cwc_minecraft_blue_rn", "Quantity": 20}, {"Index": 5, "Type": "cwc_minecraft_purple_rn", "Quantity": 20}], "Pitch": 29.999992}, {"BuilderGridAbsolute": [{"Y": 1, "X": 1, "Z": 0, "Type": "cwc_minecraft_green_rn"}], "XPos": 1.5097066697504036, "TimeAlive": 1088, "ZPos": -2.291915996128436, "Timestamp": "2018-04-15 04:07:49", "Yaw": 0.7500088, "YPos": 1.0, "ScreenshotPath": "43458-Builder-putdown.png", "BuilderGridRelative": [{"Y": 0, "X": 0, "Z": 3, "Type": "cwc_minecraft_green_rn"}], "DistanceTravelled": 4138, "BuilderInventory": [{"Index": 0, "Type": "cwc_minecraft_red_rn", "Quantity": 20}, {"Index": 1, "Type": "cwc_minecraft_orange_rn", "Quantity": 20}, {"Index": 2, "Type": "cwc_minecraft_yellow_rn", "Quantity": 20}, {"Index": 3, "Type": "cwc_minecraft_green_rn", "Quantity": 19}, {"Index": 4, "Type": "cwc_minecraft_blue_rn", "Quantity": 20}, {"Index": 5, "Type": "cwc_minecraft_purple_rn", "Quantity": 20}], "Pitch": 29.399992}, {"BuilderGridAbsolute": [{"Y": 1, "X": -1, "Z": 0, "Type": "cwc_minecraft_green_rn"}, {"Y": 1, "X": 1, "Z": 0, "Type": "cwc_minecraft_green_rn"}], "XPos": -0.2101957497607051, "TimeAlive": 1114, "ZPos": -2.3021381535918675, "Timestamp": "2018-04-15 04:07:51", "Yaw": 0.7500088, "YPos": 1.0, "ScreenshotPath": "44758-Builder-putdown.png", "BuilderGridRelative": [{"Y": 0, "X": 0, "Z": 3, "Type": "cwc_minecraft_green_rn"}, {"Y": 0, "X": 2, "Z": 3, "Type": "cwc_minecraft_green_rn"}], "DistanceTravelled": 4310, "BuilderInventory": [{"Index": 0, "Type": "cwc_minecraft_red_rn", "Quantity": 20}, {"Index": 1, "Type": "cwc_minecraft_orange_rn", "Quantity": 20}, {"Index": 2, "Type": "cwc_minecraft_yellow_rn", "Quantity": 20}, {"Index": 3, "Type": "cwc_minecraft_green_rn", "Quantity": 18}, {"Index": 4, "Type": "cwc_minecraft_blue_rn", "Quantity": 20}, {"Index": 5, "Type": "cwc_minecraft_purple_rn", "Quantity": 20}], "Pitch": 29.549992}, {"Timestamp": "2018-04-15 04:07:55", "Chat": ["<Builder> one space?"], "ScreenshotPath": "48707-Builder-chat.png"}, {"BuilderGridAbsolute": [{"Y": 1, "X": -1, "Z": 0, "Type": "cwc_minecraft_green_rn"}, {"Y": 1, "X": 1, "Z": 0, "Type": "cwc_minecraft_green_rn"}], "XPos": -0.21329344227624014, "TimeAlive": 1194, "ZPos": -2.3021381535918675, "Timestamp": "2018-04-15 04:07:55", "Yaw": 0.7500088, "YPos": 1.0, "BuilderGridRelative": [{"Y": 0, "X": 0, "Z": 3, "Type": "cwc_minecraft_green_rn"}, {"Y": 0, "X": 2, "Z": 3, "Type": "cwc_minecraft_green_rn"}], "DistanceTravelled": 4310, "BuilderInventory": [{"Index": 0, "Type": "cwc_minecraft_red_rn", "Quantity": 20}, {"Index": 1, "Type": "cwc_minecraft_orange_rn", "Quantity": 20}, {"Index": 2, "Type": "cwc_minecraft_yellow_rn", "Quantity": 20}, {"Index": 3, "Type": "cwc_minecraft_green_rn", "Quantity": 18}, {"Index": 4, "Type": "cwc_minecraft_blue_rn", "Quantity": 20}, {"Index": 5, "Type": "cwc_minecraft_purple_rn", "Quantity": 20}], "Pitch": 29.549992}, {"Timestamp": "2018-04-15 04:07:59", "Chat": ["<Architect> yup, that looks good"], "ScreenshotPath": "53406-Builder-chat.png"}, {"BuilderGridAbsolute": [{"Y": 1, "X": -1, "Z": 0, "Type": "cwc_minecraft_green_rn"}, {"Y": 1, "X": 1, "Z": 0, "Type": "cwc_minecraft_green_rn"}], "XPos": 0.33386798057225453, "TimeAlive": 1288, "ZPos": -3.162011543453677, "Timestamp": "2018-04-15 04:07:59", "Yaw": 0.7500088, "YPos": 1.0, "BuilderGridRelative": [{"Y": 0, "X": -1, "Z": 4, "Type": "cwc_minecraft_green_rn"}, {"Y": 0, "X": 1, "Z": 4, "Type": "cwc_minecraft_green_rn"}], "DistanceTravelled": 4840, "BuilderInventory": [{"Index": 0, "Type": "cwc_minecraft_red_rn", "Quantity": 20}, {"Index": 1, "Type": "cwc_minecraft_orange_rn", "Quantity": 20}, {"Index": 2, "Type": "cwc_minecraft_yellow_rn", "Quantity": 20}, {"Index": 3, "Type": "cwc_minecraft_green_rn", "Quantity": 18}, {"Index": 4, "Type": "cwc_minecraft_blue_rn", "Quantity": 20}, {"Index": 5, "Type": "cwc_minecraft_purple_rn", "Quantity": 20}], "Pitch": 29.549992}, {"Timestamp": "2018-04-15 04:08:15", "Chat": ["<Architect> behind them and in the middle of them, put another green block"], "ScreenshotPath": "69254-Builder-chat.png"}, {"BuilderGridAbsolute": [{"Y": 1, "X": -1, "Z": 0, "Type": "cwc_minecraft_green_rn"}, {"Y": 1, "X": 1, "Z": 0, "Type": "cwc_minecraft_green_rn"}], "XPos": -0.6011491536778086, "TimeAlive": 1605, "ZPos": -3.1671226221853925, "Timestamp": "2018-04-15 04:08:15", "Yaw": 0.7500088, "YPos": 1.0, "BuilderGridRelative": [{"Y": 0, "X": 0, "Z": 4, "Type": "cwc_minecraft_green_rn"}, {"Y": 0, "X": 2, "Z": 4, "Type": "cwc_minecraft_green_rn"}], "DistanceTravelled": 6387, "BuilderInventory": [{"Index": 0, "Type": "cwc_minecraft_red_rn", "Quantity": 20}, {"Index": 1, "Type": "cwc_minecraft_orange_rn", "Quantity": 20}, {"Index": 2, "Type": "cwc_minecraft_yellow_rn", "Quantity": 20}, {"Index": 3, "Type": "cwc_minecraft_green_rn", "Quantity": 18}, {"Index": 4, "Type": "cwc_minecraft_blue_rn", "Quantity": 20}, {"Index": 5, "Type": "cwc_minecraft_purple_rn", "Quantity": 20}], "Pitch": 29.549992}, {"BuilderGridAbsolute": [{"Y": 1, "X": -1, "Z": 0, "Type": "cwc_minecraft_green_rn"}, {"Y": 1, "X": 1, "Z": 0, "Type": "cwc_minecraft_green_rn"}, {"Y": 1, "X": 0, "Z": 1, "Type": "cwc_minecraft_green_rn"}], "XPos": 0.6574713783025811, "TimeAlive": 1747, "ZPos": -1.6566268777087698, "Timestamp": "2018-04-15 04:08:22", "Yaw": 0.7500088, "YPos": 1.0, "ScreenshotPath": "76403-Builder-putdown.png", "BuilderGridRelative": [{"Y": 0, "X": -1, "Z": 2, "Type": "cwc_minecraft_green_rn"}, {"Y": 0, "X": 1, "Z": 2, "Type": "cwc_minecraft_green_rn"}, {"Y": 0, "X": 0, "Z": 3, "Type": "cwc_minecraft_green_rn"}], "DistanceTravelled": 6828, "BuilderInventory": [{"Index": 0, "Type": "cwc_minecraft_red_rn", "Quantity": 20}, {"Index": 1, "Type": "cwc_minecraft_orange_rn", "Quantity": 20}, {"Index": 2, "Type": "cwc_minecraft_yellow_rn", "Quantity": 20}, {"Index": 3, "Type": "cwc_minecraft_green_rn", "Quantity": 17}, {"Index": 4, "Type": "cwc_minecraft_blue_rn", "Quantity": 20}, {"Index": 5, "Type": "cwc_minecraft_purple_rn", "Quantity": 20}], "Pitch": 29.699991}, {"Timestamp": "2018-04-15 04:08:27", "Chat": ["<Architect> it should also have a blank space between these two and it though"], "ScreenshotPath": "80552-Builder-chat.png"}, {"BuilderGridAbsolute": [{"Y": 1, "X": -1, "Z": 0, "Type": "cwc_minecraft_green_rn"}, {"Y": 1, "X": 1, "Z": 0, "Type": "cwc_minecraft_green_rn"}, {"Y": 1, "X": 0, "Z": 1, "Type": "cwc_minecraft_green_rn"}], "XPos": -0.13447556140401404, "TimeAlive": 1831, "ZPos": -2.1780358661797066, "Timestamp": "2018-04-15 04:08:27", "Yaw": 0.7500088, "YPos": 1.0, "BuilderGridRelative": [{"Y": 0, "X": 0, "Z": 3, "Type": "cwc_minecraft_green_rn"}, {"Y": 0, "X": 2, "Z": 3, "Type": "cwc_minecraft_green_rn"}, {"Y": 0, "X": 1, "Z": 4, "Type": "cwc_minecraft_green_rn"}], "DistanceTravelled": 7313, "BuilderInventory": [{"Index": 0, "Type": "cwc_minecraft_red_rn", "Quantity": 20}, {"Index": 1, "Type": "cwc_minecraft_orange_rn", "Quantity": 20}, {"Index": 2, "Type": "cwc_minecraft_yellow_rn", "Quantity": 20}, {"Index": 3, "Type": "cwc_minecraft_green_rn", "Quantity": 17}, {"Index": 4, "Type": "cwc_minecraft_blue_rn", "Quantity": 20}, {"Index": 5, "Type": "cwc_minecraft_purple_rn", "Quantity": 20}], "Pitch": 29.699991}, {"Timestamp": "2018-04-15 04:08:29", "Chat": ["<Architect> sorry, wasn't fast enough"], "ScreenshotPath": "83452-Builder-chat.png"}, {"BuilderGridAbsolute": [{"Y": 1, "X": -1, "Z": 0, "Type": "cwc_minecraft_green_rn"}, {"Y": 1, "X": 1, "Z": 0, "Type": "cwc_minecraft_green_rn"}, {"Y": 1, "X": 0, "Z": 1, "Type": "cwc_minecraft_green_rn"}], "XPos": 1.3528351657196662, "TimeAlive": 1889, "ZPos": -1.921143532823466, "Timestamp": "2018-04-15 04:08:29", "Yaw": 0.7500088, "YPos": 1.0, "BuilderGridRelative": [{"Y": 0, "X": -2, "Z": 2, "Type": "cwc_minecraft_green_rn"}, {"Y": 0, "X": 0, "Z": 2, "Type": "cwc_minecraft_green_rn"}, {"Y": 0, "X": -1, "Z": 3, "Type": "cwc_minecraft_green_rn"}], "DistanceTravelled": 7489, "BuilderInventory": [{"Index": 0, "Type": "cwc_minecraft_red_rn", "Quantity": 20}, {"Index": 1, "Type": "cwc_minecraft_orange_rn", "Quantity": 20}, {"Index": 2, "Type": "cwc_minecraft_yellow_rn", "Quantity": 20}, {"Index": 3, "Type": "cwc_minecraft_green_rn", "Quantity": 17}, {"Index": 4, "Type": "cwc_minecraft_blue_rn", "Quantity": 20}, {"Index": 5, "Type": "cwc_minecraft_purple_rn", "Quantity": 20}], "Pitch": 29.699991}, {"Timestamp": "2018-04-15 04:08:42", "Chat": ["<Architect> so move that one you placed backwards a space"], "ScreenshotPath": "95500-Builder-chat.png"}, {"BuilderGridAbsolute": [{"Y": 1, "X": -1, "Z": 0, "Type": "cwc_minecraft_green_rn"}, {"Y": 1, "X": 1, "Z": 0, "Type": "cwc_minecraft_green_rn"}, {"Y": 1, "X": 0, "Z": 1, "Type": "cwc_minecraft_green_rn"}], "XPos": 3.83533608200868, "TimeAlive": 2130, "ZPos": 1.6964280635423097, "Timestamp": "2018-04-15 04:08:42", "Yaw": 91.95005, "YPos": 1.0, "BuilderGridRelative": [{"Y": 0, "X": -4, "Z": -1, "Type": "cwc_minecraft_green_rn"}, {"Y": 0, "X": -2, "Z": -1, "Type": "cwc_minecraft_green_rn"}, {"Y": 0, "X": -3, "Z": 0, "Type": "cwc_minecraft_green_rn"}], "DistanceTravelled": 8000, "BuilderInventory": [{"Index": 0, "Type": "cwc_minecraft_red_rn", "Quantity": 20}, {"Index": 1, "Type": "cwc_minecraft_orange_rn", "Quantity": 20}, {"Index": 2, "Type": "cwc_minecraft_yellow_rn", "Quantity": 20}, {"Index": 3, "Type": "cwc_minecraft_green_rn", "Quantity": 17}, {"Index": 4, "Type": "cwc_minecraft_blue_rn", "Quantity": 20}, {"Index": 5, "Type": "cwc_minecraft_purple_rn", "Quantity": 20}], "Pitch": 27.899984}, {"Timestamp": "2018-04-15 04:08:43", "Chat": ["<Builder> one more over?"], "ScreenshotPath": "96799-Builder-chat.png"}, {"BuilderGridAbsolute": [{"Y": 1, "X": -1, "Z": 0, "Type": "cwc_minecraft_green_rn"}, {"Y": 1, "X": 1, "Z": 0, "Type": "cwc_minecraft_green_rn"}, {"Y": 1, "X": 0, "Z": 1, "Type": "cwc_minecraft_green_rn"}], "XPos": 3.83533608200868, "TimeAlive": 2156, "ZPos": 1.6964280635423097, "Timestamp": "2018-04-15 04:08:43", "Yaw": 91.95005, "YPos": 1.0, "BuilderGridRelative": [{"Y": 0, "X": -4, "Z": -1, "Type": "cwc_minecraft_green_rn"}, {"Y": 0, "X": -2, "Z": -1, "Type": "cwc_minecraft_green_rn"}, {"Y": 0, "X": -3, "Z": 0, "Type": "cwc_minecraft_green_rn"}], "DistanceTravelled": 8000, "BuilderInventory": [{"Index": 0, "Type": "cwc_minecraft_red_rn", "Quantity": 20}, {"Index": 1, "Type": "cwc_minecraft_orange_rn", "Quantity": 20}, {"Index": 2, "Type": "cwc_minecraft_yellow_rn", "Quantity": 20}, {"Index": 3, "Type": "cwc_minecraft_green_rn", "Quantity": 17}, {"Index": 4, "Type": "cwc_minecraft_blue_rn", "Quantity": 20}, {"Index": 5, "Type": "cwc_minecraft_purple_rn", "Quantity": 20}], "Pitch": 27.899984}, {"Timestamp": "2018-04-15 04:08:45", "Chat": ["<Architect> yeah"], "ScreenshotPath": "99000-Builder-chat.png"}, {"BuilderGridAbsolute": [{"Y": 1, "X": -1, "Z": 0, "Type": "cwc_minecraft_green_rn"}, {"Y": 1, "X": 1, "Z": 0, "Type": "cwc_minecraft_green_rn"}, {"Y": 1, "X": 0, "Z": 1, "Type": "cwc_minecraft_green_rn"}], "XPos": 3.83533608200868, "TimeAlive": 2200, "ZPos": 1.6964280635423097, "Timestamp": "2018-04-15 04:08:45", "Yaw": 91.95005, "YPos": 1.0, "BuilderGridRelative": [{"Y": 0, "X": -4, "Z": -1, "Type": "cwc_minecraft_green_rn"}, {"Y": 0, "X": -2, "Z": -1, "Type": "cwc_minecraft_green_rn"}, {"Y": 0, "X": -3, "Z": 0, "Type": "cwc_minecraft_green_rn"}], "DistanceTravelled": 8000, "BuilderInventory": [{"Index": 0, "Type": "cwc_minecraft_red_rn", "Quantity": 20}, {"Index": 1, "Type": "cwc_minecraft_orange_rn", "Quantity": 20}, {"Index": 2, "Type": "cwc_minecraft_yellow_rn", "Quantity": 20}, {"Index": 3, "Type": "cwc_minecraft_green_rn", "Quantity": 17}, {"Index": 4, "Type": "cwc_minecraft_blue_rn", "Quantity": 20}, {"Index": 5, "Type": "cwc_minecraft_purple_rn", "Quantity": 20}], "Pitch": 28.049984}, {"BuilderGridAbsolute": [{"Y": 1, "X": -1, "Z": 0, "Type": "cwc_minecraft_green_rn"}, {"Y": 1, "X": 1, "Z": 0, "Type": "cwc_minecraft_green_rn"}], "XPos": 2.0324975286178866, "TimeAlive": 2261, "ZPos": 1.9910217779706376, "Timestamp": "2018-04-15 04:08:48", "Yaw": 110.55003, "YPos": 1.0, "BuilderGridRelative": [{"Y": 0, "X": -3, "Z": -1, "Type": "cwc_minecraft_green_rn"}, {"Y": 0, "X": -1, "Z": -1, "Type": "cwc_minecraft_green_rn"}], "DistanceTravelled": 8266, "BuilderInventory": [{"Index": 0, "Type": "cwc_minecraft_red_rn", "Quantity": 20}, {"Index": 1, "Type": "cwc_minecraft_orange_rn", "Quantity": 20}, {"Index": 2, "Type": "cwc_minecraft_yellow_rn", "Quantity": 20}, {"Index": 3, "Type": "cwc_minecraft_green_rn", "Quantity": 18}, {"Index": 4, "Type": "cwc_minecraft_blue_rn", "Quantity": 20}, {"Index": 5, "Type": "cwc_minecraft_purple_rn", "Quantity": 20}], "Pitch": 34.199966}, {"Timestamp": "2018-04-15 04:08:48", "ScreenshotPath": "102198-Builder-pickup.png"}, {"BuilderGridAbsolute": [{"Y": 1, "X": -1, "Z": 0, "Type": "cwc_minecraft_green_rn"}, {"Y": 1, "X": 1, "Z": 0, "Type": "cwc_minecraft_green_rn"}, {"Y": 1, "X": 0, "Z": 2, "Type": "cwc_minecraft_green_rn"}], "XPos": 2.6369087145141084, "TimeAlive": 2283, "ZPos": 2.4288854652305814, "Timestamp": "2018-04-15 04:08:49", "Yaw": 87.000015, "YPos": 1.0, "BuilderGridRelative": [{"Y": 0, "X": -3, "Z": -2, "Type": "cwc_minecraft_green_rn"}, {"Y": 0, "X": -1, "Z": -2, "Type": "cwc_minecraft_green_rn"}, {"Y": 0, "X": -2, "Z": 0, "Type": "cwc_minecraft_green_rn"}], "DistanceTravelled": 8360, "BuilderInventory": [{"Index": 0, "Type": "cwc_minecraft_red_rn", "Quantity": 20}, {"Index": 1, "Type": "cwc_minecraft_orange_rn", "Quantity": 20}, {"Index": 2, "Type": "cwc_minecraft_yellow_rn", "Quantity": 20}, {"Index": 3, "Type": "cwc_minecraft_green_rn", "Quantity": 17}, {"Index": 4, "Type": "cwc_minecraft_blue_rn", "Quantity": 20}, {"Index": 5, "Type": "cwc_minecraft_purple_rn", "Quantity": 20}], "Pitch": 36.899967}, {"Timestamp": "2018-04-15 04:08:49", "ScreenshotPath": "103248-Builder-putdown.png"}, {"Timestamp": "2018-04-15 04:08:52", "Chat": ["<Architect> nice"]}, {"BuilderGridAbsolute": [{"Y": 1, "X": -1, "Z": 0, "Type": "cwc_minecraft_green_rn"}, {"Y": 1, "X": 1, "Z": 0, "Type": "cwc_minecraft_green_rn"}, {"Y": 1, "X": 0, "Z": 2, "Type": "cwc_minecraft_green_rn"}], "XPos": 4.2281602040009165, "TimeAlive": 2335, "ZPos": 1.2699639655358288, "Timestamp": "2018-04-15 04:08:52", "Yaw": 87.60001, "YPos": 1.0, "ScreenshotPath": "105798-Builder-chat.png", "BuilderGridRelative": [{"Y": 0, "X": -5, "Z": -1, "Type": "cwc_minecraft_green_rn"}, {"Y": 0, "X": -3, "Z": -1, "Type": "cwc_minecraft_green_rn"}, {"Y": 0, "X": -4, "Z": 1, "Type": "cwc_minecraft_green_rn"}], "DistanceTravelled": 8679, "BuilderInventory": [{"Index": 0, "Type": "cwc_minecraft_red_rn", "Quantity": 20}, {"Index": 1, "Type": "cwc_minecraft_orange_rn", "Quantity": 20}, {"Index": 2, "Type": "cwc_minecraft_yellow_rn", "Quantity": 20}, {"Index": 3, "Type": "cwc_minecraft_green_rn", "Quantity": 17}, {"Index": 4, "Type": "cwc_minecraft_blue_rn", "Quantity": 20}, {"Index": 5, "Type": "cwc_minecraft_purple_rn", "Quantity": 20}], "Pitch": 28.649967}, {"Timestamp": "2018-04-15 04:09:24", "Chat": ["<Architect> in the middle of all three of these blocks, on the layer above them, place another green block"], "ScreenshotPath": "137710-Builder-chat.png"}, {"BuilderGridAbsolute": [{"Y": 1, "X": -1, "Z": 0, "Type": "cwc_minecraft_green_rn"}, {"Y": 1, "X": 1, "Z": 0, "Type": "cwc_minecraft_green_rn"}, {"Y": 1, "X": 0, "Z": 2, "Type": "cwc_minecraft_green_rn"}], "XPos": 0.32908094407338456, "TimeAlive": 2974, "ZPos": -3.3203044815299396, "Timestamp": "2018-04-15 04:09:24", "Yaw": -1.3500321, "YPos": 1.0, "BuilderGridRelative": [{"Y": 0, "X": -1, "Z": 4, "Type": "cwc_minecraft_green_rn"}, {"Y": 0, "X": 1, "Z": 4, "Type": "cwc_minecraft_green_rn"}, {"Y": 0, "X": 0, "Z": 6, "Type": "cwc_minecraft_green_rn"}], "DistanceTravelled": 12138, "BuilderInventory": [{"Index": 0, "Type": "cwc_minecraft_red_rn", "Quantity": 20}, {"Index": 1, "Type": "cwc_minecraft_orange_rn", "Quantity": 20}, {"Index": 2, "Type": "cwc_minecraft_yellow_rn", "Quantity": 20}, {"Index": 3, "Type": "cwc_minecraft_green_rn", "Quantity": 17}, {"Index": 4, "Type": "cwc_minecraft_blue_rn", "Quantity": 20}, {"Index": 5, "Type": "cwc_minecraft_purple_rn", "Quantity": 20}], "Pitch": 18.89995}, {"BuilderGridAbsolute": [{"Y": 1, "X": -1, "Z": 0, "Type": "cwc_minecraft_green_rn"}, {"Y": 1, "X": 1, "Z": 0, "Type": "cwc_minecraft_green_rn"}, {"Y": 1, "X": 0, "Z": 1, "Type": "cwc_minecraft_green_rn"}, {"Y": 1, "X": 0, "Z": 2, "Type": "cwc_minecraft_green_rn"}], "XPos": 2.3667155565949796, "TimeAlive": 3235, "ZPos": 1.9643768180388803, "Timestamp": "2018-04-15 04:09:37", "Yaw": 108.89995, "YPos": 1.0, "ScreenshotPath": "150807-Builder-putdown.png", "BuilderGridRelative": [{"Y": 0, "X": -3, "Z": -1, "Type": "cwc_minecraft_green_rn"}, {"Y": 0, "X": -1, "Z": -1, "Type": "cwc_minecraft_green_rn"}, {"Y": 0, "X": -2, "Z": 0, "Type": "cwc_minecraft_green_rn"}, {"Y": 0, "X": -2, "Z": 1, "Type": "cwc_minecraft_green_rn"}], "DistanceTravelled": 13185, "BuilderInventory": [{"Index": 0, "Type": "cwc_minecraft_red_rn", "Quantity": 20}, {"Index": 1, "Type": "cwc_minecraft_orange_rn", "Quantity": 20}, {"Index": 2, "Type": "cwc_minecraft_yellow_rn", "Quantity": 20}, {"Index": 3, "Type": "cwc_minecraft_green_rn", "Quantity": 16}, {"Index": 4, "Type": "cwc_minecraft_blue_rn", "Quantity": 20}, {"Index": 5, "Type": "cwc_minecraft_purple_rn", "Quantity": 20}], "Pitch": 40.199936}, {"BuilderGridAbsolute": [{"Y": 1, "X": -1, "Z": 0, "Type": "cwc_minecraft_green_rn"}, {"Y": 1, "X": 1, "Z": 0, "Type": "cwc_minecraft_green_rn"}, {"Y": 1, "X": 0, "Z": 1, "Type": "cwc_minecraft_green_rn"}, {"Y": 1, "X": 0, "Z": 2, "Type": "cwc_minecraft_green_rn"}, {"Y": 2, "X": 0, "Z": 1, "Type": "cwc_minecraft_green_rn"}], "XPos": 2.3667155565949796, "TimeAlive": 3253, "ZPos": 1.9643768180388803, "Timestamp": "2018-04-15 04:09:38", "Yaw": 107.99995, "YPos": 1.0, "ScreenshotPath": "151707-Builder-putdown.png", "BuilderGridRelative": [{"Y": 0, "X": -3, "Z": -1, "Type": "cwc_minecraft_green_rn"}, {"Y": 0, "X": -1, "Z": -1, "Type": "cwc_minecraft_green_rn"}, {"Y": 0, "X": -2, "Z": 0, "Type": "cwc_minecraft_green_rn"}, {"Y": 0, "X": -2, "Z": 1, "Type": "cwc_minecraft_green_rn"}, {"Y": 1, "X": -2, "Z": 0, "Type": "cwc_minecraft_green_rn"}], "DistanceTravelled": 13185, "BuilderInventory": [{"Index": 0, "Type": "cwc_minecraft_red_rn", "Quantity": 20}, {"Index": 1, "Type": "cwc_minecraft_orange_rn", "Quantity": 20}, {"Index": 2, "Type": "cwc_minecraft_yellow_rn", "Quantity": 20}, {"Index": 3, "Type": "cwc_minecraft_green_rn", "Quantity": 15}, {"Index": 4, "Type": "cwc_minecraft_blue_rn", "Quantity": 20}, {"Index": 5, "Type": "cwc_minecraft_purple_rn", "Quantity": 20}], "Pitch": 17.099934}, {"BuilderGridAbsolute": [{"Y": 1, "X": -1, "Z": 0, "Type": "cwc_minecraft_green_rn"}, {"Y": 1, "X": 1, "Z": 0, "Type": "cwc_minecraft_green_rn"}, {"Y": 1, "X": 0, "Z": 2, "Type": "cwc_minecraft_green_rn"}, {"Y": 2, "X": 0, "Z": 1, "Type": "cwc_minecraft_green_rn"}], "XPos": 2.3667155565949796, "TimeAlive": 3277, "ZPos": 1.9643768180388803, "Timestamp": "2018-04-15 04:09:39", "Yaw": 109.94995, "YPos": 1.0, "BuilderGridRelative": [{"Y": 0, "X": -3, "Z": -1, "Type": "cwc_minecraft_green_rn"}, {"Y": 0, "X": -1, "Z": -1, "Type": "cwc_minecraft_green_rn"}, {"Y": 0, "X": -2, "Z": 1, "Type": "cwc_minecraft_green_rn"}, {"Y": 1, "X": -2, "Z": 0, "Type": "cwc_minecraft_green_rn"}], "DistanceTravelled": 13185, "BuilderInventory": [{"Index": 0, "Type": "cwc_minecraft_red_rn", "Quantity": 20}, {"Index": 1, "Type": "cwc_minecraft_orange_rn", "Quantity": 20}, {"Index": 2, "Type": "cwc_minecraft_yellow_rn", "Quantity": 20}, {"Index": 3, "Type": "cwc_minecraft_green_rn", "Quantity": 16}, {"Index": 4, "Type": "cwc_minecraft_blue_rn", "Quantity": 20}, {"Index": 5, "Type": "cwc_minecraft_purple_rn", "Quantity": 20}], "Pitch": 36.449936}, {"Timestamp": "2018-04-15 04:09:39", "ScreenshotPath": "152957-Builder-pickup.png"}, {"Timestamp": "2018-04-15 04:09:44", "Chat": ["<Builder> like so?"], "ScreenshotPath": "158256-Builder-chat.png"}, {"BuilderGridAbsolute": [{"Y": 1, "X": -1, "Z": 0, "Type": "cwc_minecraft_green_rn"}, {"Y": 1, "X": 1, "Z": 0, "Type": "cwc_minecraft_green_rn"}, {"Y": 1, "X": 0, "Z": 2, "Type": "cwc_minecraft_green_rn"}, {"Y": 2, "X": 0, "Z": 1, "Type": "cwc_minecraft_green_rn"}], "XPos": 3.7202325385111834, "TimeAlive": 3385, "ZPos": 2.1833905657830623, "Timestamp": "2018-04-15 04:09:44", "Yaw": 100.94994, "YPos": 1.0, "BuilderGridRelative": [{"Y": 0, "X": -4, "Z": -2, "Type": "cwc_minecraft_green_rn"}, {"Y": 0, "X": -2, "Z": -2, "Type": "cwc_minecraft_green_rn"}, {"Y": 0, "X": -3, "Z": 0, "Type": "cwc_minecraft_green_rn"}, {"Y": 1, "X": -3, "Z": -1, "Type": "cwc_minecraft_green_rn"}], "DistanceTravelled": 13410, "BuilderInventory": [{"Index": 0, "Type": "cwc_minecraft_red_rn", "Quantity": 20}, {"Index": 1, "Type": "cwc_minecraft_orange_rn", "Quantity": 20}, {"Index": 2, "Type": "cwc_minecraft_yellow_rn", "Quantity": 20}, {"Index": 3, "Type": "cwc_minecraft_green_rn", "Quantity": 16}, {"Index": 4, "Type": "cwc_minecraft_blue_rn", "Quantity": 20}, {"Index": 5, "Type": "cwc_minecraft_purple_rn", "Quantity": 20}], "Pitch": 24.899937}, {"Timestamp": "2018-04-15 04:09:47", "Chat": ["<Architect> yup, exactly"], "ScreenshotPath": "161407-Builder-chat.png"}, {"BuilderGridAbsolute": [{"Y": 1, "X": -1, "Z": 0, "Type": "cwc_minecraft_green_rn"}, {"Y": 1, "X": 1, "Z": 0, "Type": "cwc_minecraft_green_rn"}, {"Y": 1, "X": 0, "Z": 2, "Type": "cwc_minecraft_green_rn"}, {"Y": 2, "X": 0, "Z": 1, "Type": "cwc_minecraft_green_rn"}], "XPos": 3.7202325385111834, "TimeAlive": 3448, "ZPos": 2.1833905657830623, "Timestamp": "2018-04-15 04:09:47", "Yaw": 101.699936, "YPos": 1.0, "BuilderGridRelative": [{"Y": 0, "X": -4, "Z": -2, "Type": "cwc_minecraft_green_rn"}, {"Y": 0, "X": -2, "Z": -2, "Type": "cwc_minecraft_green_rn"}, {"Y": 0, "X": -3, "Z": 0, "Type": "cwc_minecraft_green_rn"}, {"Y": 1, "X": -3, "Z": -1, "Type": "cwc_minecraft_green_rn"}], "DistanceTravelled": 13410, "BuilderInventory": [{"Index": 0, "Type": "cwc_minecraft_red_rn", "Quantity": 20}, {"Index": 1, "Type": "cwc_minecraft_orange_rn", "Quantity": 20}, {"Index": 2, "Type": "cwc_minecraft_yellow_rn", "Quantity": 20}, {"Index": 3, "Type": "cwc_minecraft_green_rn", "Quantity": 16}, {"Index": 4, "Type": "cwc_minecraft_blue_rn", "Quantity": 20}, {"Index": 5, "Type": "cwc_minecraft_purple_rn", "Quantity": 20}], "Pitch": 24.299938}, {"Timestamp": "2018-04-15 04:10:03", "Chat": ["<Architect> now make a 3x3 platform on top of that last block, centered at that block"], "ScreenshotPath": "177053-Builder-chat.png"}, {"BuilderGridAbsolute": [{"Y": 1, "X": -1, "Z": 0, "Type": "cwc_minecraft_green_rn"}, {"Y": 1, "X": 1, "Z": 0, "Type": "cwc_minecraft_green_rn"}, {"Y": 1, "X": 0, "Z": 2, "Type": "cwc_minecraft_green_rn"}, {"Y": 2, "X": 0, "Z": 1, "Type": "cwc_minecraft_green_rn"}], "XPos": 0.3520508290904756, "TimeAlive": 3761, "ZPos": -2.3241294281081917, "Timestamp": "2018-04-15 04:10:03", "Yaw": 0.29987437, "YPos": 1.0, "BuilderGridRelative": [{"Y": 0, "X": -1, "Z": 3, "Type": "cwc_minecraft_green_rn"}, {"Y": 0, "X": 1, "Z": 3, "Type": "cwc_minecraft_green_rn"}, {"Y": 0, "X": 0, "Z": 5, "Type": "cwc_minecraft_green_rn"}, {"Y": 1, "X": 0, "Z": 4, "Type": "cwc_minecraft_green_rn"}], "DistanceTravelled": 14574, "BuilderInventory": [{"Index": 0, "Type": "cwc_minecraft_red_rn", "Quantity": 20}, {"Index": 1, "Type": "cwc_minecraft_orange_rn", "Quantity": 20}, {"Index": 2, "Type": "cwc_minecraft_yellow_rn", "Quantity": 20}, {"Index": 3, "Type": "cwc_minecraft_green_rn", "Quantity": 16}, {"Index": 4, "Type": "cwc_minecraft_blue_rn", "Quantity": 20}, {"Index": 5, "Type": "cwc_minecraft_purple_rn", "Quantity": 20}], "Pitch": 28.499939}, {"BuilderGridAbsolute": [{"Y": 1, "X": -1, "Z": 0, "Type": "cwc_minecraft_green_rn"}, {"Y": 1, "X": 1, "Z": 0, "Type": "cwc_minecraft_green_rn"}, {"Y": 1, "X": 0, "Z": 2, "Type": "cwc_minecraft_green_rn"}], "XPos": 1.3006469189956953, "TimeAlive": 4054, "ZPos": 0.47239690262496575, "Timestamp": "2018-04-15 04:10:18", "Yaw": 39.299873, "YPos": 2.0, "BuilderGridRelative": [{"Y": -1, "X": -2, "Z": 0, "Type": "cwc_minecraft_green_rn"}, {"Y": -1, "X": 0, "Z": 0, "Type": "cwc_minecraft_green_rn"}, {"Y": -1, "X": -1, "Z": 2, "Type": "cwc_minecraft_green_rn"}], "DistanceTravelled": 14929, "BuilderInventory": [{"Index": 0, "Type": "cwc_minecraft_red_rn", "Quantity": 20}, {"Index": 1, "Type": "cwc_minecraft_orange_rn", "Quantity": 20}, {"Index": 2, "Type": "cwc_minecraft_yellow_rn", "Quantity": 20}, {"Index": 3, "Type": "cwc_minecraft_green_rn", "Quantity": 17}, {"Index": 4, "Type": "cwc_minecraft_blue_rn", "Quantity": 20}, {"Index": 5, "Type": "cwc_minecraft_purple_rn", "Quantity": 20}], "Pitch": 33.149933}, {"Timestamp": "2018-04-15 04:10:18", "ScreenshotPath": "191850-Builder-pickup.png"}, {"BuilderGridAbsolute": [{"Y": 1, "X": -1, "Z": 0, "Type": "cwc_minecraft_green_rn"}, {"Y": 1, "X": 1, "Z": 0, "Type": "cwc_minecraft_green_rn"}, {"Y": 1, "X": 0, "Z": 1, "Type": "cwc_minecraft_green_rn"}, {"Y": 1, "X": 0, "Z": 2, "Type": "cwc_minecraft_green_rn"}], "XPos": 1.3006469189956953, "TimeAlive": 4088, "ZPos": 0.47239690262496575, "Timestamp": "2018-04-15 04:10:19", "Yaw": 41.399868, "YPos": 2.0, "ScreenshotPath": "193450-Builder-putdown.png", "BuilderGridRelative": [{"Y": -1, "X": -2, "Z": 0, "Type": "cwc_minecraft_green_rn"}, {"Y": -1, "X": 0, "Z": 0, "Type": "cwc_minecraft_green_rn"}, {"Y": -1, "X": -1, "Z": 1, "Type": "cwc_minecraft_green_rn"}, {"Y": -1, "X": -1, "Z": 2, "Type": "cwc_minecraft_green_rn"}], "DistanceTravelled": 14929, "BuilderInventory": [{"Index": 0, "Type": "cwc_minecraft_red_rn", "Quantity": 20}, {"Index": 1, "Type": "cwc_minecraft_orange_rn", "Quantity": 20}, {"Index": 2, "Type": "cwc_minecraft_yellow_rn", "Quantity": 20}, {"Index": 3, "Type": "cwc_minecraft_green_rn", "Quantity": 16}, {"Index": 4, "Type": "cwc_minecraft_blue_rn", "Quantity": 20}, {"Index": 5, "Type": "cwc_minecraft_purple_rn", "Quantity": 20}], "Pitch": 62.549904}, {"BuilderGridAbsolute": [{"Y": 1, "X": -1, "Z": 0, "Type": "cwc_minecraft_green_rn"}, {"Y": 1, "X": 1, "Z": 0, "Type": "cwc_minecraft_green_rn"}, {"Y": 1, "X": 0, "Z": 1, "Type": "cwc_minecraft_green_rn"}, {"Y": 1, "X": 0, "Z": 2, "Type": "cwc_minecraft_green_rn"}, {"Y": 2, "X": 0, "Z": 1, "Type": "cwc_minecraft_green_rn"}], "XPos": 1.3006469189956953, "TimeAlive": 4113, "ZPos": 0.47239690262496575, "Timestamp": "2018-04-15 04:10:21", "Yaw": 39.149864, "YPos": 2.0, "ScreenshotPath": "194700-Builder-putdown.png", "BuilderGridRelative": [{"Y": -1, "X": -2, "Z": 0, "Type": "cwc_minecraft_green_rn"}, {"Y": -1, "X": 0, "Z": 0, "Type": "cwc_minecraft_green_rn"}, {"Y": -1, "X": -1, "Z": 1, "Type": "cwc_minecraft_green_rn"}, {"Y": -1, "X": -1, "Z": 2, "Type": "cwc_minecraft_green_rn"}, {"Y": 0, "X": -1, "Z": 1, "Type": "cwc_minecraft_green_rn"}], "DistanceTravelled": 14929, "BuilderInventory": [{"Index": 0, "Type": "cwc_minecraft_red_rn", "Quantity": 20}, {"Index": 1, "Type": "cwc_minecraft_orange_rn", "Quantity": 20}, {"Index": 2, "Type": "cwc_minecraft_yellow_rn", "Quantity": 20}, {"Index": 3, "Type": "cwc_minecraft_green_rn", "Quantity": 15}, {"Index": 4, "Type": "cwc_minecraft_blue_rn", "Quantity": 20}, {"Index": 5, "Type": "cwc_minecraft_purple_rn", "Quantity": 20}], "Pitch": 49.349903}, {"BuilderGridAbsolute": [{"Y": 1, "X": -1, "Z": 0, "Type": "cwc_minecraft_green_rn"}, {"Y": 1, "X": 1, "Z": 0, "Type": "cwc_minecraft_green_rn"}, {"Y": 1, "X": 0, "Z": 2, "Type": "cwc_minecraft_green_rn"}, {"Y": 2, "X": 0, "Z": 1, "Type": "cwc_minecraft_green_rn"}], "XPos": 1.0324187049768176, "TimeAlive": 4140, "ZPos": 0.15504188945756864, "Timestamp": "2018-04-15 04:10:22", "Yaw": 31.499876, "YPos": 2.0, "BuilderGridRelative": [{"Y": -1, "X": -2, "Z": 0, "Type": "cwc_minecraft_green_rn"}, {"Y": -1, "X": 0, "Z": 0, "Type": "cwc_minecraft_green_rn"}, {"Y": -1, "X": -1, "Z": 2, "Type": "cwc_minecraft_green_rn"}, {"Y": 0, "X": -1, "Z": 1, "Type": "cwc_minecraft_green_rn"}], "DistanceTravelled": 14971, "BuilderInventory": [{"Index": 0, "Type": "cwc_minecraft_red_rn", "Quantity": 20}, {"Index": 1, "Type": "cwc_minecraft_orange_rn", "Quantity": 20}, {"Index": 2, "Type": "cwc_minecraft_yellow_rn", "Quantity": 20}, {"Index": 3, "Type": "cwc_minecraft_green_rn", "Quantity": 16}, {"Index": 4, "Type": "cwc_minecraft_blue_rn", "Quantity": 20}, {"Index": 5, "Type": "cwc_minecraft_purple_rn", "Quantity": 20}], "Pitch": 61.949905}, {"Timestamp": "2018-04-15 04:10:22", "ScreenshotPath": "196151-Builder-pickup.png"}, {"BuilderGridAbsolute": [{"Y": 1, "X": -1, "Z": 0, "Type": "cwc_minecraft_green_rn"}, {"Y": 1, "X": 1, "Z": 0, "Type": "cwc_minecraft_green_rn"}, {"Y": 1, "X": 0, "Z": 2, "Type": "cwc_minecraft_green_rn"}, {"Y": 2, "X": 0, "Z": 1, "Type": "cwc_minecraft_green_rn"}, {"Y": 3, "X": 0, "Z": 1, "Type": "cwc_minecraft_green_rn"}], "XPos": 1.9521991854988703, "TimeAlive": 4164, "ZPos": 0.6872464784424129, "Timestamp": "2018-04-15 04:10:23", "Yaw": 64.499886, "YPos": 2.0, "BuilderGridRelative": [{"Y": -1, "X": -2, "Z": 0, "Type": "cwc_minecraft_green_rn"}, {"Y": -1, "X": 0, "Z": 0, "Type": "cwc_minecraft_green_rn"}, {"Y": -1, "X": -1, "Z": 2, "Type": "cwc_minecraft_green_rn"}, {"Y": 0, "X": -1, "Z": 1, "Type": "cwc_minecraft_green_rn"}, {"Y": 1, "X": -1, "Z": 1, "Type": "cwc_minecraft_green_rn"}], "DistanceTravelled": 15077, "BuilderInventory": [{"Index": 0, "Type": "cwc_minecraft_red_rn", "Quantity": 20}, {"Index": 1, "Type": "cwc_minecraft_orange_rn", "Quantity": 20}, {"Index": 2, "Type": "cwc_minecraft_yellow_rn", "Quantity": 20}, {"Index": 3, "Type": "cwc_minecraft_green_rn", "Quantity": 15}, {"Index": 4, "Type": "cwc_minecraft_blue_rn", "Quantity": 20}, {"Index": 5, "Type": "cwc_minecraft_purple_rn", "Quantity": 20}], "Pitch": 19.349901}, {"Timestamp": "2018-04-15 04:10:23", "ScreenshotPath": "197300-Builder-putdown.png"}, {"BuilderGridAbsolute": [{"Y": 1, "X": -1, "Z": 0, "Type": "cwc_minecraft_green_rn"}, {"Y": 1, "X": 1, "Z": 0, "Type": "cwc_minecraft_green_rn"}, {"Y": 1, "X": 0, "Z": 2, "Type": "cwc_minecraft_green_rn"}, {"Y": 2, "X": 0, "Z": 1, "Type": "cwc_minecraft_green_rn"}, {"Y": 3, "X": 0, "Z": 0, "Type": "cwc_minecraft_green_rn"}, {"Y": 3, "X": 0, "Z": 1, "Type": "cwc_minecraft_green_rn"}], "XPos": 1.9521991854988703, "TimeAlive": 4202, "ZPos": 0.6872464784424129, "Timestamp": "2018-04-15 04:10:25", "Yaw": 74.54991, "YPos": 2.0, "ScreenshotPath": "199149-Builder-putdown.png", "BuilderGridRelative": [{"Y": -1, "X": -2, "Z": 0, "Type": "cwc_minecraft_green_rn"}, {"Y": -1, "X": 0, "Z": 0, "Type": "cwc_minecraft_green_rn"}, {"Y": -1, "X": -1, "Z": 2, "Type": "cwc_minecraft_green_rn"}, {"Y": 0, "X": -1, "Z": 1, "Type": "cwc_minecraft_green_rn"}, {"Y": 1, "X": -1, "Z": 0, "Type": "cwc_minecraft_green_rn"}, {"Y": 1, "X": -1, "Z": 1, "Type": "cwc_minecraft_green_rn"}], "DistanceTravelled": 15077, "BuilderInventory": [{"Index": 0, "Type": "cwc_minecraft_red_rn", "Quantity": 20}, {"Index": 1, "Type": "cwc_minecraft_orange_rn", "Quantity": 20}, {"Index": 2, "Type": "cwc_minecraft_yellow_rn", "Quantity": 20}, {"Index": 3, "Type": "cwc_minecraft_green_rn", "Quantity": 14}, {"Index": 4, "Type": "cwc_minecraft_blue_rn", "Quantity": 20}, {"Index": 5, "Type": "cwc_minecraft_purple_rn", "Quantity": 20}], "Pitch": 5.8499074}, {"BuilderGridAbsolute": [{"Y": 1, "X": -1, "Z": 0, "Type": "cwc_minecraft_green_rn"}, {"Y": 1, "X": 1, "Z": 0, "Type": "cwc_minecraft_green_rn"}, {"Y": 1, "X": 0, "Z": 2, "Type": "cwc_minecraft_green_rn"}, {"Y": 2, "X": 0, "Z": 1, "Type": "cwc_minecraft_green_rn"}, {"Y": 3, "X": 0, "Z": 0, "Type": "cwc_minecraft_green_rn"}, {"Y": 3, "X": 1, "Z": 0, "Type": "cwc_minecraft_green_rn"}, {"Y": 3, "X": 0, "Z": 1, "Type": "cwc_minecraft_green_rn"}], "XPos": 2.9649296192049657, "TimeAlive": 4251, "ZPos": 1.0261362625367514, "Timestamp": "2018-04-15 04:10:28", "Yaw": 99.44991, "YPos": 1.0, "ScreenshotPath": "201599-Builder-putdown.png", "BuilderGridRelative": [{"Y": 0, "X": -3, "Z": -1, "Type": "cwc_minecraft_green_rn"}, {"Y": 0, "X": -1, "Z": -1, "Type": "cwc_minecraft_green_rn"}, {"Y": 0, "X": -2, "Z": 1, "Type": "cwc_minecraft_green_rn"}, {"Y": 1, "X": -2, "Z": 0, "Type": "cwc_minecraft_green_rn"}, {"Y": 2, "X": -2, "Z": -1, "Type": "cwc_minecraft_green_rn"}, {"Y": 2, "X": -1, "Z": -1, "Type": "cwc_minecraft_green_rn"}, {"Y": 2, "X": -2, "Z": 0, "Type": "cwc_minecraft_green_rn"}], "DistanceTravelled": 15247, "BuilderInventory": [{"Index": 0, "Type": "cwc_minecraft_red_rn", "Quantity": 20}, {"Index": 1, "Type": "cwc_minecraft_orange_rn", "Quantity": 20}, {"Index": 2, "Type": "cwc_minecraft_yellow_rn", "Quantity": 20}, {"Index": 3, "Type": "cwc_minecraft_green_rn", "Quantity": 13}, {"Index": 4, "Type": "cwc_minecraft_blue_rn", "Quantity": 20}, {"Index": 5, "Type": "cwc_minecraft_purple_rn", "Quantity": 20}], "Pitch": -19.650091}, {"BuilderGridAbsolute": [{"Y": 1, "X": -1, "Z": 0, "Type": "cwc_minecraft_green_rn"}, {"Y": 1, "X": 1, "Z": 0, "Type": "cwc_minecraft_green_rn"}, {"Y": 1, "X": 0, "Z": 2, "Type": "cwc_minecraft_green_rn"}, {"Y": 2, "X": 0, "Z": 1, "Type": "cwc_minecraft_green_rn"}, {"Y": 3, "X": 0, "Z": 0, "Type": "cwc_minecraft_green_rn"}, {"Y": 3, "X": 1, "Z": 0, "Type": "cwc_minecraft_green_rn"}, {"Y": 3, "X": 0, "Z": 1, "Type": "cwc_minecraft_green_rn"}, {"Y": 3, "X": 1, "Z": 1, "Type": "cwc_minecraft_green_rn"}], "XPos": 2.9649296192049657, "TimeAlive": 4266, "ZPos": 1.0261362625367514, "Timestamp": "2018-04-15 04:10:28", "Yaw": 69.749916, "YPos": 1.0, "BuilderGridRelative": [{"Y": 0, "X": -3, "Z": -1, "Type": "cwc_minecraft_green_rn"}, {"Y": 0, "X": -1, "Z": -1, "Type": "cwc_minecraft_green_rn"}, {"Y": 0, "X": -2, "Z": 1, "Type": "cwc_minecraft_green_rn"}, {"Y": 1, "X": -2, "Z": 0, "Type": "cwc_minecraft_green_rn"}, {"Y": 2, "X": -2, "Z": -1, "Type": "cwc_minecraft_green_rn"}, {"Y": 2, "X": -1, "Z": -1, "Type": "cwc_minecraft_green_rn"}, {"Y": 2, "X": -2, "Z": 0, "Type": "cwc_minecraft_green_rn"}, {"Y": 2, "X": -1, "Z": 0, "Type": "cwc_minecraft_green_rn"}], "DistanceTravelled": 15247, "BuilderInventory": [{"Index": 0, "Type": "cwc_minecraft_red_rn", "Quantity": 20}, {"Index": 1, "Type": "cwc_minecraft_orange_rn", "Quantity": 20}, {"Index": 2, "Type": "cwc_minecraft_yellow_rn", "Quantity": 20}, {"Index": 3, "Type": "cwc_minecraft_green_rn", "Quantity": 12}, {"Index": 4, "Type": "cwc_minecraft_blue_rn", "Quantity": 20}, {"Index": 5, "Type": "cwc_minecraft_purple_rn", "Quantity": 20}], "Pitch": -23.70009}, {"Timestamp": "2018-04-15 04:10:28", "ScreenshotPath": "202399-Builder-putdown.png"}, {"BuilderGridAbsolute": [{"Y": 1, "X": -1, "Z": 0, "Type": "cwc_minecraft_green_rn"}, {"Y": 1, "X": 1, "Z": 0, "Type": "cwc_minecraft_green_rn"}, {"Y": 1, "X": 0, "Z": 2, "Type": "cwc_minecraft_green_rn"}, {"Y": 2, "X": 0, "Z": 1, "Type": "cwc_minecraft_green_rn"}, {"Y": 3, "X": 0, "Z": 0, "Type": "cwc_minecraft_green_rn"}, {"Y": 3, "X": 1, "Z": 0, "Type": "cwc_minecraft_green_rn"}, {"Y": 3, "X": 0, "Z": 1, "Type": "cwc_minecraft_green_rn"}, {"Y": 3, "X": 1, "Z": 1, "Type": "cwc_minecraft_green_rn"}, {"Y": 3, "X": 1, "Z": 2, "Type": "cwc_minecraft_green_rn"}], "XPos": 1.987618436875549, "TimeAlive": 4297, "ZPos": 4.118652296831547, "Timestamp": "2018-04-15 04:10:30", "Yaw": 178.64993, "YPos": 1.0, "BuilderGridRelative": [{"Y": 0, "X": -2, "Z": -4, "Type": "cwc_minecraft_green_rn"}, {"Y": 0, "X": 0, "Z": -4, "Type": "cwc_minecraft_green_rn"}, {"Y": 0, "X": -1, "Z": -2, "Type": "cwc_minecraft_green_rn"}, {"Y": 1, "X": -1, "Z": -3, "Type": "cwc_minecraft_green_rn"}, {"Y": 2, "X": -1, "Z": -4, "Type": "cwc_minecraft_green_rn"}, {"Y": 2, "X": 0, "Z": -4, "Type": "cwc_minecraft_green_rn"}, {"Y": 2, "X": -1, "Z": -3, "Type": "cwc_minecraft_green_rn"}, {"Y": 2, "X": 0, "Z": -3, "Type": "cwc_minecraft_green_rn"}, {"Y": 2, "X": 0, "Z": -2, "Type": "cwc_minecraft_green_rn"}], "DistanceTravelled": 15608, "BuilderInventory": [{"Index": 0, "Type": "cwc_minecraft_red_rn", "Quantity": 20}, {"Index": 1, "Type": "cwc_minecraft_orange_rn", "Quantity": 20}, {"Index": 2, "Type": "cwc_minecraft_yellow_rn", "Quantity": 20}, {"Index": 3, "Type": "cwc_minecraft_green_rn", "Quantity": 11}, {"Index": 4, "Type": "cwc_minecraft_blue_rn", "Quantity": 20}, {"Index": 5, "Type": "cwc_minecraft_purple_rn", "Quantity": 20}], "Pitch": -18.150099}, {"Timestamp": "2018-04-15 04:10:30", "ScreenshotPath": "203948-Builder-putdown.png"}, {"BuilderGridAbsolute": [{"Y": 1, "X": -1, "Z": 0, "Type": "cwc_minecraft_green_rn"}, {"Y": 1, "X": 1, "Z": 0, "Type": "cwc_minecraft_green_rn"}, {"Y": 1, "X": 0, "Z": 2, "Type": "cwc_minecraft_green_rn"}, {"Y": 2, "X": 0, "Z": 1, "Type": "cwc_minecraft_green_rn"}, {"Y": 3, "X": 0, "Z": 0, "Type": "cwc_minecraft_green_rn"}, {"Y": 3, "X": 1, "Z": 0, "Type": "cwc_minecraft_green_rn"}, {"Y": 3, "X": 0, "Z": 1, "Type": "cwc_minecraft_green_rn"}, {"Y": 3, "X": 1, "Z": 1, "Type": "cwc_minecraft_green_rn"}, {"Y": 3, "X": 0, "Z": 2, "Type": "cwc_minecraft_green_rn"}, {"Y": 3, "X": 1, "Z": 2, "Type": "cwc_minecraft_green_rn"}], "XPos": -1.4098948159811862, "TimeAlive": 4338, "ZPos": 2.9824821930243717, "Timestamp": "2018-04-15 04:10:32", "Yaw": 259.0499, "YPos": 1.0, "BuilderGridRelative": [{"Y": 0, "X": 1, "Z": -2, "Type": "cwc_minecraft_green_rn"}, {"Y": 0, "X": 3, "Z": -2, "Type": "cwc_minecraft_green_rn"}, {"Y": 0, "X": 2, "Z": 0, "Type": "cwc_minecraft_green_rn"}, {"Y": 1, "X": 2, "Z": -1, "Type": "cwc_minecraft_green_rn"}, {"Y": 2, "X": 2, "Z": -2, "Type": "cwc_minecraft_green_rn"}, {"Y": 2, "X": 3, "Z": -2, "Type": "cwc_minecraft_green_rn"}, {"Y": 2, "X": 2, "Z": -1, "Type": "cwc_minecraft_green_rn"}, {"Y": 2, "X": 3, "Z": -1, "Type": "cwc_minecraft_green_rn"}, {"Y": 2, "X": 2, "Z": 0, "Type": "cwc_minecraft_green_rn"}, {"Y": 2, "X": 3, "Z": 0, "Type": "cwc_minecraft_green_rn"}], "DistanceTravelled": 16046, "BuilderInventory": [{"Index": 0, "Type": "cwc_minecraft_red_rn", "Quantity": 20}, {"Index": 1, "Type": "cwc_minecraft_orange_rn", "Quantity": 20}, {"Index": 2, "Type": "cwc_minecraft_yellow_rn", "Quantity": 20}, {"Index": 3, "Type": "cwc_minecraft_green_rn", "Quantity": 10}, {"Index": 4, "Type": "cwc_minecraft_blue_rn", "Quantity": 20}, {"Index": 5, "Type": "cwc_minecraft_purple_rn", "Quantity": 20}], "Pitch": -18.900093}, {"Timestamp": "2018-04-15 04:10:32", "ScreenshotPath": "205998-Builder-putdown.png"}, {"BuilderGridAbsolute": [{"Y": 1, "X": -1, "Z": 0, "Type": "cwc_minecraft_green_rn"}, {"Y": 1, "X": 1, "Z": 0, "Type": "cwc_minecraft_green_rn"}, {"Y": 1, "X": 0, "Z": 2, "Type": "cwc_minecraft_green_rn"}, {"Y": 2, "X": 0, "Z": 1, "Type": "cwc_minecraft_green_rn"}, {"Y": 3, "X": 0, "Z": 0, "Type": "cwc_minecraft_green_rn"}, {"Y": 3, "X": 1, "Z": 0, "Type": "cwc_minecraft_green_rn"}, {"Y": 3, "X": 0, "Z": 1, "Type": "cwc_minecraft_green_rn"}, {"Y": 3, "X": 1, "Z": 1, "Type": "cwc_minecraft_green_rn"}, {"Y": 3, "X": -1, "Z": 2, "Type": "cwc_minecraft_green_rn"}, {"Y": 3, "X": 0, "Z": 2, "Type": "cwc_minecraft_green_rn"}, {"Y": 3, "X": 1, "Z": 2, "Type": "cwc_minecraft_green_rn"}], "XPos": -2.6463593741477442, "TimeAlive": 4354, "ZPos": 2.687407553704782, "Timestamp": "2018-04-15 04:10:33", "Yaw": 269.54987, "YPos": 1.0, "BuilderGridRelative": [{"Y": 0, "X": 2, "Z": -2, "Type": "cwc_minecraft_green_rn"}, {"Y": 0, "X": 4, "Z": -2, "Type": "cwc_minecraft_green_rn"}, {"Y": 0, "X": 3, "Z": 0, "Type": "cwc_minecraft_green_rn"}, {"Y": 1, "X": 3, "Z": -1, "Type": "cwc_minecraft_green_rn"}, {"Y": 2, "X": 3, "Z": -2, "Type": "cwc_minecraft_green_rn"}, {"Y": 2, "X": 4, "Z": -2, "Type": "cwc_minecraft_green_rn"}, {"Y": 2, "X": 3, "Z": -1, "Type": "cwc_minecraft_green_rn"}, {"Y": 2, "X": 4, "Z": -1, "Type": "cwc_minecraft_green_rn"}, {"Y": 2, "X": 2, "Z": 0, "Type": "cwc_minecraft_green_rn"}, {"Y": 2, "X": 3, "Z": 0, "Type": "cwc_minecraft_green_rn"}, {"Y": 2, "X": 4, "Z": 0, "Type": "cwc_minecraft_green_rn"}], "DistanceTravelled": 16186, "BuilderInventory": [{"Index": 0, "Type": "cwc_minecraft_red_rn", "Quantity": 20}, {"Index": 1, "Type": "cwc_minecraft_orange_rn", "Quantity": 20}, {"Index": 2, "Type": "cwc_minecraft_yellow_rn", "Quantity": 20}, {"Index": 3, "Type": "cwc_minecraft_green_rn", "Quantity": 9}, {"Index": 4, "Type": "cwc_minecraft_blue_rn", "Quantity": 20}, {"Index": 5, "Type": "cwc_minecraft_purple_rn", "Quantity": 20}], "Pitch": -17.400097}, {"Timestamp": "2018-04-15 04:10:33", "ScreenshotPath": "206798-Builder-putdown.png"}, {"BuilderGridAbsolute": [{"Y": 1, "X": -1, "Z": 0, "Type": "cwc_minecraft_green_rn"}, {"Y": 1, "X": 1, "Z": 0, "Type": "cwc_minecraft_green_rn"}, {"Y": 1, "X": 0, "Z": 2, "Type": "cwc_minecraft_green_rn"}, {"Y": 2, "X": 0, "Z": 1, "Type": "cwc_minecraft_green_rn"}, {"Y": 3, "X": 0, "Z": 0, "Type": "cwc_minecraft_green_rn"}, {"Y": 3, "X": 1, "Z": 0, "Type": "cwc_minecraft_green_rn"}, {"Y": 3, "X": -1, "Z": 1, "Type": "cwc_minecraft_green_rn"}, {"Y": 3, "X": 0, "Z": 1, "Type": "cwc_minecraft_green_rn"}, {"Y": 3, "X": 1, "Z": 1, "Type": "cwc_minecraft_green_rn"}, {"Y": 3, "X": -1, "Z": 2, "Type": "cwc_minecraft_green_rn"}, {"Y": 3, "X": 0, "Z": 2, "Type": "cwc_minecraft_green_rn"}, {"Y": 3, "X": 1, "Z": 2, "Type": "cwc_minecraft_green_rn"}], "XPos": -2.6900473002787817, "TimeAlive": 4373, "ZPos": 1.4005059927619397, "Timestamp": "2018-04-15 04:10:33", "Yaw": 271.34988, "YPos": 1.0, "BuilderGridRelative": [{"Y": 0, "X": 2, "Z": -1, "Type": "cwc_minecraft_green_rn"}, {"Y": 0, "X": 4, "Z": -1, "Type": "cwc_minecraft_green_rn"}, {"Y": 0, "X": 3, "Z": 1, "Type": "cwc_minecraft_green_rn"}, {"Y": 1, "X": 3, "Z": 0, "Type": "cwc_minecraft_green_rn"}, {"Y": 2, "X": 3, "Z": -1, "Type": "cwc_minecraft_green_rn"}, {"Y": 2, "X": 4, "Z": -1, "Type": "cwc_minecraft_green_rn"}, {"Y": 2, "X": 2, "Z": 0, "Type": "cwc_minecraft_green_rn"}, {"Y": 2, "X": 3, "Z": 0, "Type": "cwc_minecraft_green_rn"}, {"Y": 2, "X": 4, "Z": 0, "Type": "cwc_minecraft_green_rn"}, {"Y": 2, "X": 2, "Z": 1, "Type": "cwc_minecraft_green_rn"}, {"Y": 2, "X": 3, "Z": 1, "Type": "cwc_minecraft_green_rn"}, {"Y": 2, "X": 4, "Z": 1, "Type": "cwc_minecraft_green_rn"}], "DistanceTravelled": 16316, "BuilderInventory": [{"Index": 0, "Type": "cwc_minecraft_red_rn", "Quantity": 20}, {"Index": 1, "Type": "cwc_minecraft_orange_rn", "Quantity": 20}, {"Index": 2, "Type": "cwc_minecraft_yellow_rn", "Quantity": 20}, {"Index": 3, "Type": "cwc_minecraft_green_rn", "Quantity": 8}, {"Index": 4, "Type": "cwc_minecraft_blue_rn", "Quantity": 20}, {"Index": 5, "Type": "cwc_minecraft_purple_rn", "Quantity": 20}], "Pitch": -17.100098}, {"Timestamp": "2018-04-15 04:10:34", "ScreenshotPath": "207748-Builder-putdown.png"}, {"BuilderGridAbsolute": [{"Y": 1, "X": -1, "Z": 0, "Type": "cwc_minecraft_green_rn"}, {"Y": 1, "X": 1, "Z": 0, "Type": "cwc_minecraft_green_rn"}, {"Y": 1, "X": 0, "Z": 2, "Type": "cwc_minecraft_green_rn"}, {"Y": 2, "X": 0, "Z": 1, "Type": "cwc_minecraft_green_rn"}, {"Y": 3, "X": -1, "Z": 0, "Type": "cwc_minecraft_green_rn"}, {"Y": 3, "X": 0, "Z": 0, "Type": "cwc_minecraft_green_rn"}, {"Y": 3, "X": 1, "Z": 0, "Type": "cwc_minecraft_green_rn"}, {"Y": 3, "X": -1, "Z": 1, "Type": "cwc_minecraft_green_rn"}, {"Y": 3, "X": 0, "Z": 1, "Type": "cwc_minecraft_green_rn"}, {"Y": 3, "X": 1, "Z": 1, "Type": "cwc_minecraft_green_rn"}, {"Y": 3, "X": -1, "Z": 2, "Type": "cwc_minecraft_green_rn"}, {"Y": 3, "X": 0, "Z": 2, "Type": "cwc_minecraft_green_rn"}, {"Y": 3, "X": 1, "Z": 2, "Type": "cwc_minecraft_green_rn"}], "XPos": -2.6831421459537137, "TimeAlive": 4388, "ZPos": 0.7603739443739481, "Timestamp": "2018-04-15 04:10:34", "Yaw": 265.1999, "YPos": 1.0, "BuilderGridRelative": [{"Y": 0, "X": 2, "Z": 0, "Type": "cwc_minecraft_green_rn"}, {"Y": 0, "X": 4, "Z": 0, "Type": "cwc_minecraft_green_rn"}, {"Y": 0, "X": 3, "Z": 2, "Type": "cwc_minecraft_green_rn"}, {"Y": 1, "X": 3, "Z": 1, "Type": "cwc_minecraft_green_rn"}, {"Y": 2, "X": 2, "Z": 0, "Type": "cwc_minecraft_green_rn"}, {"Y": 2, "X": 3, "Z": 0, "Type": "cwc_minecraft_green_rn"}, {"Y": 2, "X": 4, "Z": 0, "Type": "cwc_minecraft_green_rn"}, {"Y": 2, "X": 2, "Z": 1, "Type": "cwc_minecraft_green_rn"}, {"Y": 2, "X": 3, "Z": 1, "Type": "cwc_minecraft_green_rn"}, {"Y": 2, "X": 4, "Z": 1, "Type": "cwc_minecraft_green_rn"}, {"Y": 2, "X": 2, "Z": 2, "Type": "cwc_minecraft_green_rn"}, {"Y": 2, "X": 3, "Z": 2, "Type": "cwc_minecraft_green_rn"}, {"Y": 2, "X": 4, "Z": 2, "Type": "cwc_minecraft_green_rn"}], "DistanceTravelled": 16380, "BuilderInventory": [{"Index": 0, "Type": "cwc_minecraft_red_rn", "Quantity": 20}, {"Index": 1, "Type": "cwc_minecraft_orange_rn", "Quantity": 20}, {"Index": 2, "Type": "cwc_minecraft_yellow_rn", "Quantity": 20}, {"Index": 3, "Type": "cwc_minecraft_green_rn", "Quantity": 7}, {"Index": 4, "Type": "cwc_minecraft_blue_rn", "Quantity": 20}, {"Index": 5, "Type": "cwc_minecraft_purple_rn", "Quantity": 20}], "Pitch": -16.3501}, {"Timestamp": "2018-04-15 04:10:34", "ScreenshotPath": "208498-Builder-putdown.png"}, {"Timestamp": "2018-04-15 04:10:40", "Chat": ["<Builder> OK"]}, {"BuilderGridAbsolute": [{"Y": 1, "X": -1, "Z": 0, "Type": "cwc_minecraft_green_rn"}, {"Y": 1, "X": 1, "Z": 0, "Type": "cwc_minecraft_green_rn"}, {"Y": 1, "X": 0, "Z": 2, "Type": "cwc_minecraft_green_rn"}, {"Y": 2, "X": 0, "Z": 1, "Type": "cwc_minecraft_green_rn"}, {"Y": 3, "X": -1, "Z": 0, "Type": "cwc_minecraft_green_rn"}, {"Y": 3, "X": 0, "Z": 0, "Type": "cwc_minecraft_green_rn"}, {"Y": 3, "X": 1, "Z": 0, "Type": "cwc_minecraft_green_rn"}, {"Y": 3, "X": -1, "Z": 1, "Type": "cwc_minecraft_green_rn"}, {"Y": 3, "X": 0, "Z": 1, "Type": "cwc_minecraft_green_rn"}, {"Y": 3, "X": 1, "Z": 1, "Type": "cwc_minecraft_green_rn"}, {"Y": 3, "X": -1, "Z": 2, "Type": "cwc_minecraft_green_rn"}, {"Y": 3, "X": 0, "Z": 2, "Type": "cwc_minecraft_green_rn"}, {"Y": 3, "X": 1, "Z": 2, "Type": "cwc_minecraft_green_rn"}], "XPos": -3.8135247656919624, "TimeAlive": 4510, "ZPos": 2.469728541475959, "Timestamp": "2018-04-15 04:10:41", "Yaw": 257.54984, "YPos": 1.0, "ScreenshotPath": "214548-Builder-chat.png", "BuilderGridRelative": [{"Y": 0, "X": 3, "Z": -2, "Type": "cwc_minecraft_green_rn"}, {"Y": 0, "X": 5, "Z": -2, "Type": "cwc_minecraft_green_rn"}, {"Y": 0, "X": 4, "Z": 0, "Type": "cwc_minecraft_green_rn"}, {"Y": 1, "X": 4, "Z": -1, "Type": "cwc_minecraft_green_rn"}, {"Y": 2, "X": 3, "Z": -2, "Type": "cwc_minecraft_green_rn"}, {"Y": 2, "X": 4, "Z": -2, "Type": "cwc_minecraft_green_rn"}, {"Y": 2, "X": 5, "Z": -2, "Type": "cwc_minecraft_green_rn"}, {"Y": 2, "X": 3, "Z": -1, "Type": "cwc_minecraft_green_rn"}, {"Y": 2, "X": 4, "Z": -1, "Type": "cwc_minecraft_green_rn"}, {"Y": 2, "X": 5, "Z": -1, "Type": "cwc_minecraft_green_rn"}, {"Y": 2, "X": 3, "Z": 0, "Type": "cwc_minecraft_green_rn"}, {"Y": 2, "X": 4, "Z": 0, "Type": "cwc_minecraft_green_rn"}, {"Y": 2, "X": 5, "Z": 0, "Type": "cwc_minecraft_green_rn"}], "DistanceTravelled": 17357, "BuilderInventory": [{"Index": 0, "Type": "cwc_minecraft_red_rn", "Quantity": 20}, {"Index": 1, "Type": "cwc_minecraft_orange_rn", "Quantity": 20}, {"Index": 2, "Type": "cwc_minecraft_yellow_rn", "Quantity": 20}, {"Index": 3, "Type": "cwc_minecraft_green_rn", "Quantity": 7}, {"Index": 4, "Type": "cwc_minecraft_blue_rn", "Quantity": 20}, {"Index": 5, "Type": "cwc_minecraft_purple_rn", "Quantity": 20}], "Pitch": 15.599912}, {"Timestamp": "2018-04-15 04:10:46", "Chat": ["<Architect> cool, that's the seat of the chair"], "ScreenshotPath": "219995-Builder-chat.png"}, {"BuilderGridAbsolute": [{"Y": 1, "X": -1, "Z": 0, "Type": "cwc_minecraft_green_rn"}, {"Y": 1, "X": 1, "Z": 0, "Type": "cwc_minecraft_green_rn"}, {"Y": 1, "X": 0, "Z": 2, "Type": "cwc_minecraft_green_rn"}, {"Y": 2, "X": 0, "Z": 1, "Type": "cwc_minecraft_green_rn"}, {"Y": 3, "X": -1, "Z": 0, "Type": "cwc_minecraft_green_rn"}, {"Y": 3, "X": 0, "Z": 0, "Type": "cwc_minecraft_green_rn"}, {"Y": 3, "X": 1, "Z": 0, "Type": "cwc_minecraft_green_rn"}, {"Y": 3, "X": -1, "Z": 1, "Type": "cwc_minecraft_green_rn"}, {"Y": 3, "X": 0, "Z": 1, "Type": "cwc_minecraft_green_rn"}, {"Y": 3, "X": 1, "Z": 1, "Type": "cwc_minecraft_green_rn"}, {"Y": 3, "X": -1, "Z": 2, "Type": "cwc_minecraft_green_rn"}, {"Y": 3, "X": 0, "Z": 2, "Type": "cwc_minecraft_green_rn"}, {"Y": 3, "X": 1, "Z": 2, "Type": "cwc_minecraft_green_rn"}], "XPos": 2.935041607752011, "TimeAlive": 4620, "ZPos": 1.8965060563983291, "Timestamp": "2018-04-15 04:10:46", "Yaw": 122.99982, "YPos": 1.0, "BuilderGridRelative": [{"Y": 0, "X": -3, "Z": -1, "Type": "cwc_minecraft_green_rn"}, {"Y": 0, "X": -1, "Z": -1, "Type": "cwc_minecraft_green_rn"}, {"Y": 0, "X": -2, "Z": 1, "Type": "cwc_minecraft_green_rn"}, {"Y": 1, "X": -2, "Z": 0, "Type": "cwc_minecraft_green_rn"}, {"Y": 2, "X": -3, "Z": -1, "Type": "cwc_minecraft_green_rn"}, {"Y": 2, "X": -2, "Z": -1, "Type": "cwc_minecraft_green_rn"}, {"Y": 2, "X": -1, "Z": -1, "Type": "cwc_minecraft_green_rn"}, {"Y": 2, "X": -3, "Z": 0, "Type": "cwc_minecraft_green_rn"}, {"Y": 2, "X": -2, "Z": 0, "Type": "cwc_minecraft_green_rn"}, {"Y": 2, "X": -1, "Z": 0, "Type": "cwc_minecraft_green_rn"}, {"Y": 2, "X": -3, "Z": 1, "Type": "cwc_minecraft_green_rn"}, {"Y": 2, "X": -2, "Z": 1, "Type": "cwc_minecraft_green_rn"}, {"Y": 2, "X": -1, "Z": 1, "Type": "cwc_minecraft_green_rn"}], "DistanceTravelled": 18780, "BuilderInventory": [{"Index": 0, "Type": "cwc_minecraft_red_rn", "Quantity": 20}, {"Index": 1, "Type": "cwc_minecraft_orange_rn", "Quantity": 20}, {"Index": 2, "Type": "cwc_minecraft_yellow_rn", "Quantity": 20}, {"Index": 3, "Type": "cwc_minecraft_green_rn", "Quantity": 7}, {"Index": 4, "Type": "cwc_minecraft_blue_rn", "Quantity": 20}, {"Index": 5, "Type": "cwc_minecraft_purple_rn", "Quantity": 20}], "Pitch": -3.000091}, {"Timestamp": "2018-04-15 04:11:09", "Chat": ["<Architect> the back will be aligned with the row that is aligned with the one-block leg"], "ScreenshotPath": "242759-Builder-chat.png"}, {"BuilderGridAbsolute": [{"Y": 1, "X": -1, "Z": 0, "Type": "cwc_minecraft_green_rn"}, {"Y": 1, "X": 1, "Z": 0, "Type": "cwc_minecraft_green_rn"}, {"Y": 1, "X": 0, "Z": 2, "Type": "cwc_minecraft_green_rn"}, {"Y": 2, "X": 0, "Z": 1, "Type": "cwc_minecraft_green_rn"}, {"Y": 3, "X": -1, "Z": 0, "Type": "cwc_minecraft_green_rn"}, {"Y": 3, "X": 0, "Z": 0, "Type": "cwc_minecraft_green_rn"}, {"Y": 3, "X": 1, "Z": 0, "Type": "cwc_minecraft_green_rn"}, {"Y": 3, "X": -1, "Z": 1, "Type": "cwc_minecraft_green_rn"}, {"Y": 3, "X": 0, "Z": 1, "Type": "cwc_minecraft_green_rn"}, {"Y": 3, "X": 1, "Z": 1, "Type": "cwc_minecraft_green_rn"}, {"Y": 3, "X": -1, "Z": 2, "Type": "cwc_minecraft_green_rn"}, {"Y": 3, "X": 0, "Z": 2, "Type": "cwc_minecraft_green_rn"}, {"Y": 3, "X": 1, "Z": 2, "Type": "cwc_minecraft_green_rn"}], "XPos": 0.360753548542165, "TimeAlive": 5075, "ZPos": -2.3649436217264737, "Timestamp": "2018-04-15 04:11:09", "Yaw": 1.7997437, "YPos": 3.49390748022948, "BuilderGridRelative": [{"Y": -2, "X": -1, "Z": 3, "Type": "cwc_minecraft_green_rn"}, {"Y": -2, "X": 1, "Z": 3, "Type": "cwc_minecraft_green_rn"}, {"Y": -2, "X": 0, "Z": 5, "Type": "cwc_minecraft_green_rn"}, {"Y": -1, "X": 0, "Z": 4, "Type": "cwc_minecraft_green_rn"}, {"Y": 0, "X": -1, "Z": 3, "Type": "cwc_minecraft_green_rn"}, {"Y": 0, "X": 0, "Z": 3, "Type": "cwc_minecraft_green_rn"}, {"Y": 0, "X": 1, "Z": 3, "Type": "cwc_minecraft_green_rn"}, {"Y": 0, "X": -1, "Z": 4, "Type": "cwc_minecraft_green_rn"}, {"Y": 0, "X": 0, "Z": 4, "Type": "cwc_minecraft_green_rn"}, {"Y": 0, "X": 1, "Z": 4, "Type": "cwc_minecraft_green_rn"}, {"Y": 0, "X": -1, "Z": 5, "Type": "cwc_minecraft_green_rn"}, {"Y": 0, "X": 0, "Z": 5, "Type": "cwc_minecraft_green_rn"}, {"Y": 0, "X": 1, "Z": 5, "Type": "cwc_minecraft_green_rn"}], "DistanceTravelled": 18908, "BuilderInventory": [{"Index": 0, "Type": "cwc_minecraft_red_rn", "Quantity": 20}, {"Index": 1, "Type": "cwc_minecraft_orange_rn", "Quantity": 20}, {"Index": 2, "Type": "cwc_minecraft_yellow_rn", "Quantity": 20}, {"Index": 3, "Type": "cwc_minecraft_green_rn", "Quantity": 7}, {"Index": 4, "Type": "cwc_minecraft_blue_rn", "Quantity": 20}, {"Index": 5, "Type": "cwc_minecraft_purple_rn", "Quantity": 20}], "Pitch": 28.499876}, {"Timestamp": "2018-04-15 04:11:15", "Chat": ["<Builder> OK"], "ScreenshotPath": "249357-Builder-chat.png"}, {"BuilderGridAbsolute": [{"Y": 1, "X": -1, "Z": 0, "Type": "cwc_minecraft_green_rn"}, {"Y": 1, "X": 1, "Z": 0, "Type": "cwc_minecraft_green_rn"}, {"Y": 1, "X": 0, "Z": 2, "Type": "cwc_minecraft_green_rn"}, {"Y": 2, "X": 0, "Z": 1, "Type": "cwc_minecraft_green_rn"}, {"Y": 3, "X": -1, "Z": 0, "Type": "cwc_minecraft_green_rn"}, {"Y": 3, "X": 0, "Z": 0, "Type": "cwc_minecraft_green_rn"}, {"Y": 3, "X": 1, "Z": 0, "Type": "cwc_minecraft_green_rn"}, {"Y": 3, "X": -1, "Z": 1, "Type": "cwc_minecraft_green_rn"}, {"Y": 3, "X": 0, "Z": 1, "Type": "cwc_minecraft_green_rn"}, {"Y": 3, "X": 1, "Z": 1, "Type": "cwc_minecraft_green_rn"}, {"Y": 3, "X": -1, "Z": 2, "Type": "cwc_minecraft_green_rn"}, {"Y": 3, "X": 0, "Z": 2, "Type": "cwc_minecraft_green_rn"}, {"Y": 3, "X": 1, "Z": 2, "Type": "cwc_minecraft_green_rn"}], "XPos": 0.360753548542165, "TimeAlive": 5207, "ZPos": -2.3649436217264737, "Timestamp": "2018-04-15 04:11:15", "Yaw": 1.7997437, "YPos": 3.49390748022948, "BuilderGridRelative": [{"Y": -2, "X": -1, "Z": 3, "Type": "cwc_minecraft_green_rn"}, {"Y": -2, "X": 1, "Z": 3, "Type": "cwc_minecraft_green_rn"}, {"Y": -2, "X": 0, "Z": 5, "Type": "cwc_minecraft_green_rn"}, {"Y": -1, "X": 0, "Z": 4, "Type": "cwc_minecraft_green_rn"}, {"Y": 0, "X": -1, "Z": 3, "Type": "cwc_minecraft_green_rn"}, {"Y": 0, "X": 0, "Z": 3, "Type": "cwc_minecraft_green_rn"}, {"Y": 0, "X": 1, "Z": 3, "Type": "cwc_minecraft_green_rn"}, {"Y": 0, "X": -1, "Z": 4, "Type": "cwc_minecraft_green_rn"}, {"Y": 0, "X": 0, "Z": 4, "Type": "cwc_minecraft_green_rn"}, {"Y": 0, "X": 1, "Z": 4, "Type": "cwc_minecraft_green_rn"}, {"Y": 0, "X": -1, "Z": 5, "Type": "cwc_minecraft_green_rn"}, {"Y": 0, "X": 0, "Z": 5, "Type": "cwc_minecraft_green_rn"}, {"Y": 0, "X": 1, "Z": 5, "Type": "cwc_minecraft_green_rn"}], "DistanceTravelled": 18908, "BuilderInventory": [{"Index": 0, "Type": "cwc_minecraft_red_rn", "Quantity": 20}, {"Index": 1, "Type": "cwc_minecraft_orange_rn", "Quantity": 20}, {"Index": 2, "Type": "cwc_minecraft_yellow_rn", "Quantity": 20}, {"Index": 3, "Type": "cwc_minecraft_green_rn", "Quantity": 7}, {"Index": 4, "Type": "cwc_minecraft_blue_rn", "Quantity": 20}, {"Index": 5, "Type": "cwc_minecraft_purple_rn", "Quantity": 20}], "Pitch": 28.499876}, {"Timestamp": "2018-04-15 04:11:19", "Chat": ["<Architect> and it goes straight up by two blocks"], "ScreenshotPath": "253257-Builder-chat.png"}, {"BuilderGridAbsolute": [{"Y": 1, "X": -1, "Z": 0, "Type": "cwc_minecraft_green_rn"}, {"Y": 1, "X": 1, "Z": 0, "Type": "cwc_minecraft_green_rn"}, {"Y": 1, "X": 0, "Z": 2, "Type": "cwc_minecraft_green_rn"}, {"Y": 2, "X": 0, "Z": 1, "Type": "cwc_minecraft_green_rn"}, {"Y": 3, "X": -1, "Z": 0, "Type": "cwc_minecraft_green_rn"}, {"Y": 3, "X": 0, "Z": 0, "Type": "cwc_minecraft_green_rn"}, {"Y": 3, "X": 1, "Z": 0, "Type": "cwc_minecraft_green_rn"}, {"Y": 3, "X": -1, "Z": 1, "Type": "cwc_minecraft_green_rn"}, {"Y": 3, "X": 0, "Z": 1, "Type": "cwc_minecraft_green_rn"}, {"Y": 3, "X": 1, "Z": 1, "Type": "cwc_minecraft_green_rn"}, {"Y": 3, "X": -1, "Z": 2, "Type": "cwc_minecraft_green_rn"}, {"Y": 3, "X": 0, "Z": 2, "Type": "cwc_minecraft_green_rn"}, {"Y": 3, "X": 1, "Z": 2, "Type": "cwc_minecraft_green_rn"}], "XPos": 0.360753548542165, "TimeAlive": 5285, "ZPos": -2.3649436217264737, "Timestamp": "2018-04-15 04:11:19", "Yaw": 1.7997437, "YPos": 3.49390748022948, "BuilderGridRelative": [{"Y": -2, "X": -1, "Z": 3, "Type": "cwc_minecraft_green_rn"}, {"Y": -2, "X": 1, "Z": 3, "Type": "cwc_minecraft_green_rn"}, {"Y": -2, "X": 0, "Z": 5, "Type": "cwc_minecraft_green_rn"}, {"Y": -1, "X": 0, "Z": 4, "Type": "cwc_minecraft_green_rn"}, {"Y": 0, "X": -1, "Z": 3, "Type": "cwc_minecraft_green_rn"}, {"Y": 0, "X": 0, "Z": 3, "Type": "cwc_minecraft_green_rn"}, {"Y": 0, "X": 1, "Z": 3, "Type": "cwc_minecraft_green_rn"}, {"Y": 0, "X": -1, "Z": 4, "Type": "cwc_minecraft_green_rn"}, {"Y": 0, "X": 0, "Z": 4, "Type": "cwc_minecraft_green_rn"}, {"Y": 0, "X": 1, "Z": 4, "Type": "cwc_minecraft_green_rn"}, {"Y": 0, "X": -1, "Z": 5, "Type": "cwc_minecraft_green_rn"}, {"Y": 0, "X": 0, "Z": 5, "Type": "cwc_minecraft_green_rn"}, {"Y": 0, "X": 1, "Z": 5, "Type": "cwc_minecraft_green_rn"}], "DistanceTravelled": 18908, "BuilderInventory": [{"Index": 0, "Type": "cwc_minecraft_red_rn", "Quantity": 20}, {"Index": 1, "Type": "cwc_minecraft_orange_rn", "Quantity": 20}, {"Index": 2, "Type": "cwc_minecraft_yellow_rn", "Quantity": 20}, {"Index": 3, "Type": "cwc_minecraft_green_rn", "Quantity": 7}, {"Index": 4, "Type": "cwc_minecraft_blue_rn", "Quantity": 20}, {"Index": 5, "Type": "cwc_minecraft_purple_rn", "Quantity": 20}], "Pitch": 28.499876}, {"BuilderGridAbsolute": [{"Y": 1, "X": -1, "Z": 0, "Type": "cwc_minecraft_green_rn"}, {"Y": 1, "X": 1, "Z": 0, "Type": "cwc_minecraft_green_rn"}, {"Y": 1, "X": 0, "Z": 2, "Type": "cwc_minecraft_green_rn"}, {"Y": 2, "X": 0, "Z": 1, "Type": "cwc_minecraft_green_rn"}, {"Y": 3, "X": -1, "Z": 0, "Type": "cwc_minecraft_green_rn"}, {"Y": 3, "X": 0, "Z": 0, "Type": "cwc_minecraft_green_rn"}, {"Y": 3, "X": 1, "Z": 0, "Type": "cwc_minecraft_green_rn"}, {"Y": 3, "X": -1, "Z": 1, "Type": "cwc_minecraft_green_rn"}, {"Y": 3, "X": 0, "Z": 1, "Type": "cwc_minecraft_green_rn"}, {"Y": 3, "X": 1, "Z": 1, "Type": "cwc_minecraft_green_rn"}, {"Y": 3, "X": -1, "Z": 2, "Type": "cwc_minecraft_green_rn"}, {"Y": 3, "X": 0, "Z": 2, "Type": "cwc_minecraft_green_rn"}, {"Y": 3, "X": 1, "Z": 2, "Type": "cwc_minecraft_green_rn"}, {"Y": 4, "X": 1, "Z": 2, "Type": "cwc_minecraft_green_rn"}], "XPos": 1.3837709440713701, "TimeAlive": 5468, "ZPos": 4.729670863064231, "Timestamp": "2018-04-15 04:11:29", "Yaw": 188.39966, "YPos": 3.49390748022948, "ScreenshotPath": "262455-Builder-putdown.png", "BuilderGridRelative": [{"Y": -2, "X": -2, "Z": -4, "Type": "cwc_minecraft_green_rn"}, {"Y": -2, "X": 0, "Z": -4, "Type": "cwc_minecraft_green_rn"}, {"Y": -2, "X": -1, "Z": -2, "Type": "cwc_minecraft_green_rn"}, {"Y": -1, "X": -1, "Z": -3, "Type": "cwc_minecraft_green_rn"}, {"Y": 0, "X": -2, "Z": -4, "Type": "cwc_minecraft_green_rn"}, {"Y": 0, "X": -1, "Z": -4, "Type": "cwc_minecraft_green_rn"}, {"Y": 0, "X": 0, "Z": -4, "Type": "cwc_minecraft_green_rn"}, {"Y": 0, "X": -2, "Z": -3, "Type": "cwc_minecraft_green_rn"}, {"Y": 0, "X": -1, "Z": -3, "Type": "cwc_minecraft_green_rn"}, {"Y": 0, "X": 0, "Z": -3, "Type": "cwc_minecraft_green_rn"}, {"Y": 0, "X": -2, "Z": -2, "Type": "cwc_minecraft_green_rn"}, {"Y": 0, "X": -1, "Z": -2, "Type": "cwc_minecraft_green_rn"}, {"Y": 0, "X": 0, "Z": -2, "Type": "cwc_minecraft_green_rn"}, {"Y": 1, "X": 0, "Z": -2, "Type": "cwc_minecraft_green_rn"}], "DistanceTravelled": 18908, "BuilderInventory": [{"Index": 0, "Type": "cwc_minecraft_red_rn", "Quantity": 20}, {"Index": 1, "Type": "cwc_minecraft_orange_rn", "Quantity": 20}, {"Index": 2, "Type": "cwc_minecraft_yellow_rn", "Quantity": 20}, {"Index": 3, "Type": "cwc_minecraft_green_rn", "Quantity": 6}, {"Index": 4, "Type": "cwc_minecraft_blue_rn", "Quantity": 20}, {"Index": 5, "Type": "cwc_minecraft_purple_rn", "Quantity": 20}], "Pitch": 27.29987}, {"BuilderGridAbsolute": [{"Y": 1, "X": -1, "Z": 0, "Type": "cwc_minecraft_green_rn"}, {"Y": 1, "X": 1, "Z": 0, "Type": "cwc_minecraft_green_rn"}, {"Y": 1, "X": 0, "Z": 2, "Type": "cwc_minecraft_green_rn"}, {"Y": 2, "X": 0, "Z": 1, "Type": "cwc_minecraft_green_rn"}, {"Y": 3, "X": -1, "Z": 0, "Type": "cwc_minecraft_green_rn"}, {"Y": 3, "X": 0, "Z": 0, "Type": "cwc_minecraft_green_rn"}, {"Y": 3, "X": 1, "Z": 0, "Type": "cwc_minecraft_green_rn"}, {"Y": 3, "X": -1, "Z": 1, "Type": "cwc_minecraft_green_rn"}, {"Y": 3, "X": 0, "Z": 1, "Type": "cwc_minecraft_green_rn"}, {"Y": 3, "X": 1, "Z": 1, "Type": "cwc_minecraft_green_rn"}, {"Y": 3, "X": -1, "Z": 2, "Type": "cwc_minecraft_green_rn"}, {"Y": 3, "X": 0, "Z": 2, "Type": "cwc_minecraft_green_rn"}, {"Y": 3, "X": 1, "Z": 2, "Type": "cwc_minecraft_green_rn"}, {"Y": 4, "X": 0, "Z": 2, "Type": "cwc_minecraft_green_rn"}, {"Y": 4, "X": 1, "Z": 2, "Type": "cwc_minecraft_green_rn"}], "XPos": 1.6173991365431748, "TimeAlive": 5489, "ZPos": 4.593374376067049, "Timestamp": "2018-04-15 04:11:30", "Yaw": 149.84964, "YPos": 3.49390748022948, "ScreenshotPath": "263505-Builder-putdown.png", "BuilderGridRelative": [{"Y": -2, "X": -2, "Z": -4, "Type": "cwc_minecraft_green_rn"}, {"Y": -2, "X": 0, "Z": -4, "Type": "cwc_minecraft_green_rn"}, {"Y": -2, "X": -1, "Z": -2, "Type": "cwc_minecraft_green_rn"}, {"Y": -1, "X": -1, "Z": -3, "Type": "cwc_minecraft_green_rn"}, {"Y": 0, "X": -2, "Z": -4, "Type": "cwc_minecraft_green_rn"}, {"Y": 0, "X": -1, "Z": -4, "Type": "cwc_minecraft_green_rn"}, {"Y": 0, "X": 0, "Z": -4, "Type": "cwc_minecraft_green_rn"}, {"Y": 0, "X": -2, "Z": -3, "Type": "cwc_minecraft_green_rn"}, {"Y": 0, "X": -1, "Z": -3, "Type": "cwc_minecraft_green_rn"}, {"Y": 0, "X": 0, "Z": -3, "Type": "cwc_minecraft_green_rn"}, {"Y": 0, "X": -2, "Z": -2, "Type": "cwc_minecraft_green_rn"}, {"Y": 0, "X": -1, "Z": -2, "Type": "cwc_minecraft_green_rn"}, {"Y": 0, "X": 0, "Z": -2, "Type": "cwc_minecraft_green_rn"}, {"Y": 1, "X": -1, "Z": -2, "Type": "cwc_minecraft_green_rn"}, {"Y": 1, "X": 0, "Z": -2, "Type": "cwc_minecraft_green_rn"}], "DistanceTravelled": 18908, "BuilderInventory": [{"Index": 0, "Type": "cwc_minecraft_red_rn", "Quantity": 20}, {"Index": 1, "Type": "cwc_minecraft_orange_rn", "Quantity": 20}, {"Index": 2, "Type": "cwc_minecraft_yellow_rn", "Quantity": 20}, {"Index": 3, "Type": "cwc_minecraft_green_rn", "Quantity": 5}, {"Index": 4, "Type": "cwc_minecraft_blue_rn", "Quantity": 20}, {"Index": 5, "Type": "cwc_minecraft_purple_rn", "Quantity": 20}], "Pitch": 24.749872}, {"BuilderGridAbsolute": [{"Y": 1, "X": -1, "Z": 0, "Type": "cwc_minecraft_green_rn"}, {"Y": 1, "X": 1, "Z": 0, "Type": "cwc_minecraft_green_rn"}, {"Y": 1, "X": 0, "Z": 2, "Type": "cwc_minecraft_green_rn"}, {"Y": 2, "X": 0, "Z": 1, "Type": "cwc_minecraft_green_rn"}, {"Y": 3, "X": -1, "Z": 0, "Type": "cwc_minecraft_green_rn"}, {"Y": 3, "X": 0, "Z": 0, "Type": "cwc_minecraft_green_rn"}, {"Y": 3, "X": 1, "Z": 0, "Type": "cwc_minecraft_green_rn"}, {"Y": 3, "X": -1, "Z": 1, "Type": "cwc_minecraft_green_rn"}, {"Y": 3, "X": 0, "Z": 1, "Type": "cwc_minecraft_green_rn"}, {"Y": 3, "X": 1, "Z": 1, "Type": "cwc_minecraft_green_rn"}, {"Y": 3, "X": -1, "Z": 2, "Type": "cwc_minecraft_green_rn"}, {"Y": 3, "X": 0, "Z": 2, "Type": "cwc_minecraft_green_rn"}, {"Y": 3, "X": 1, "Z": 2, "Type": "cwc_minecraft_green_rn"}, {"Y": 4, "X": -1, "Z": 2, "Type": "cwc_minecraft_green_rn"}, {"Y": 4, "X": 0, "Z": 2, "Type": "cwc_minecraft_green_rn"}, {"Y": 4, "X": 1, "Z": 2, "Type": "cwc_minecraft_green_rn"}], "XPos": 0.06278201172796734, "TimeAlive": 5529, "ZPos": 3.5193544585931598, "Timestamp": "2018-04-15 04:11:31", "Yaw": 140.09958, "YPos": 3.49390748022948, "ScreenshotPath": "265505-Builder-putdown.png", "BuilderGridRelative": [{"Y": -2, "X": -1, "Z": -3, "Type": "cwc_minecraft_green_rn"}, {"Y": -2, "X": 1, "Z": -3, "Type": "cwc_minecraft_green_rn"}, {"Y": -2, "X": 0, "Z": -1, "Type": "cwc_minecraft_green_rn"}, {"Y": -1, "X": 0, "Z": -2, "Type": "cwc_minecraft_green_rn"}, {"Y": 0, "X": -1, "Z": -3, "Type": "cwc_minecraft_green_rn"}, {"Y": 0, "X": 0, "Z": -3, "Type": "cwc_minecraft_green_rn"}, {"Y": 0, "X": 1, "Z": -3, "Type": "cwc_minecraft_green_rn"}, {"Y": 0, "X": -1, "Z": -2, "Type": "cwc_minecraft_green_rn"}, {"Y": 0, "X": 0, "Z": -2, "Type": "cwc_minecraft_green_rn"}, {"Y": 0, "X": 1, "Z": -2, "Type": "cwc_minecraft_green_rn"}, {"Y": 0, "X": -1, "Z": -1, "Type": "cwc_minecraft_green_rn"}, {"Y": 0, "X": 0, "Z": -1, "Type": "cwc_minecraft_green_rn"}, {"Y": 0, "X": 1, "Z": -1, "Type": "cwc_minecraft_green_rn"}, {"Y": 1, "X": -1, "Z": -1, "Type": "cwc_minecraft_green_rn"}, {"Y": 1, "X": 0, "Z": -1, "Type": "cwc_minecraft_green_rn"}, {"Y": 1, "X": 1, "Z": -1, "Type": "cwc_minecraft_green_rn"}], "DistanceTravelled": 18908, "BuilderInventory": [{"Index": 0, "Type": "cwc_minecraft_red_rn", "Quantity": 20}, {"Index": 1, "Type": "cwc_minecraft_orange_rn", "Quantity": 20}, {"Index": 2, "Type": "cwc_minecraft_yellow_rn", "Quantity": 20}, {"Index": 3, "Type": "cwc_minecraft_green_rn", "Quantity": 4}, {"Index": 4, "Type": "cwc_minecraft_blue_rn", "Quantity": 20}, {"Index": 5, "Type": "cwc_minecraft_purple_rn", "Quantity": 20}], "Pitch": 35.84988}, {"BuilderGridAbsolute": [{"Y": 1, "X": -1, "Z": 0, "Type": "cwc_minecraft_green_rn"}, {"Y": 1, "X": 1, "Z": 0, "Type": "cwc_minecraft_green_rn"}, {"Y": 1, "X": 0, "Z": 2, "Type": "cwc_minecraft_green_rn"}, {"Y": 2, "X": 0, "Z": 1, "Type": "cwc_minecraft_green_rn"}, {"Y": 3, "X": -1, "Z": 0, "Type": "cwc_minecraft_green_rn"}, {"Y": 3, "X": 0, "Z": 0, "Type": "cwc_minecraft_green_rn"}, {"Y": 3, "X": 1, "Z": 0, "Type": "cwc_minecraft_green_rn"}, {"Y": 3, "X": -1, "Z": 1, "Type": "cwc_minecraft_green_rn"}, {"Y": 3, "X": 0, "Z": 1, "Type": "cwc_minecraft_green_rn"}, {"Y": 3, "X": 1, "Z": 1, "Type": "cwc_minecraft_green_rn"}, {"Y": 3, "X": -1, "Z": 2, "Type": "cwc_minecraft_green_rn"}, {"Y": 3, "X": 0, "Z": 2, "Type": "cwc_minecraft_green_rn"}, {"Y": 3, "X": 1, "Z": 2, "Type": "cwc_minecraft_green_rn"}, {"Y": 4, "X": -1, "Z": 2, "Type": "cwc_minecraft_green_rn"}, {"Y": 4, "X": 0, "Z": 2, "Type": "cwc_minecraft_green_rn"}, {"Y": 4, "X": 1, "Z": 2, "Type": "cwc_minecraft_green_rn"}, {"Y": 5, "X": 1, "Z": 2, "Type": "cwc_minecraft_green_rn"}], "XPos": 1.7919357893743344, "TimeAlive": 5594, "ZPos": 3.8899365076614068, "Timestamp": "2018-04-15 04:11:35", "Yaw": 164.09943, "YPos": 3.49390748022948, "ScreenshotPath": "268754-Builder-putdown.png", "BuilderGridRelative": [{"Y": -2, "X": -2, "Z": -3, "Type": "cwc_minecraft_green_rn"}, {"Y": -2, "X": 0, "Z": -3, "Type": "cwc_minecraft_green_rn"}, {"Y": -2, "X": -1, "Z": -1, "Type": "cwc_minecraft_green_rn"}, {"Y": -1, "X": -1, "Z": -2, "Type": "cwc_minecraft_green_rn"}, {"Y": 0, "X": -2, "Z": -3, "Type": "cwc_minecraft_green_rn"}, {"Y": 0, "X": -1, "Z": -3, "Type": "cwc_minecraft_green_rn"}, {"Y": 0, "X": 0, "Z": -3, "Type": "cwc_minecraft_green_rn"}, {"Y": 0, "X": -2, "Z": -2, "Type": "cwc_minecraft_green_rn"}, {"Y": 0, "X": -1, "Z": -2, "Type": "cwc_minecraft_green_rn"}, {"Y": 0, "X": 0, "Z": -2, "Type": "cwc_minecraft_green_rn"}, {"Y": 0, "X": -2, "Z": -1, "Type": "cwc_minecraft_green_rn"}, {"Y": 0, "X": -1, "Z": -1, "Type": "cwc_minecraft_green_rn"}, {"Y": 0, "X": 0, "Z": -1, "Type": "cwc_minecraft_green_rn"}, {"Y": 1, "X": -2, "Z": -1, "Type": "cwc_minecraft_green_rn"}, {"Y": 1, "X": -1, "Z": -1, "Type": "cwc_minecraft_green_rn"}, {"Y": 1, "X": 0, "Z": -1, "Type": "cwc_minecraft_green_rn"}, {"Y": 2, "X": 0, "Z": -1, "Type": "cwc_minecraft_green_rn"}], "DistanceTravelled": 18908, "BuilderInventory": [{"Index": 0, "Type": "cwc_minecraft_red_rn", "Quantity": 20}, {"Index": 1, "Type": "cwc_minecraft_orange_rn", "Quantity": 20}, {"Index": 2, "Type": "cwc_minecraft_yellow_rn", "Quantity": 20}, {"Index": 3, "Type": "cwc_minecraft_green_rn", "Quantity": 3}, {"Index": 4, "Type": "cwc_minecraft_blue_rn", "Quantity": 20}, {"Index": 5, "Type": "cwc_minecraft_purple_rn", "Quantity": 20}], "Pitch": 5.0998826}, {"BuilderGridAbsolute": [{"Y": 1, "X": -1, "Z": 0, "Type": "cwc_minecraft_green_rn"}, {"Y": 1, "X": 1, "Z": 0, "Type": "cwc_minecraft_green_rn"}, {"Y": 1, "X": 0, "Z": 2, "Type": "cwc_minecraft_green_rn"}, {"Y": 2, "X": 0, "Z": 1, "Type": "cwc_minecraft_green_rn"}, {"Y": 3, "X": -1, "Z": 0, "Type": "cwc_minecraft_green_rn"}, {"Y": 3, "X": 0, "Z": 0, "Type": "cwc_minecraft_green_rn"}, {"Y": 3, "X": 1, "Z": 0, "Type": "cwc_minecraft_green_rn"}, {"Y": 3, "X": -1, "Z": 1, "Type": "cwc_minecraft_green_rn"}, {"Y": 3, "X": 0, "Z": 1, "Type": "cwc_minecraft_green_rn"}, {"Y": 3, "X": 1, "Z": 1, "Type": "cwc_minecraft_green_rn"}, {"Y": 3, "X": -1, "Z": 2, "Type": "cwc_minecraft_green_rn"}, {"Y": 3, "X": 0, "Z": 2, "Type": "cwc_minecraft_green_rn"}, {"Y": 3, "X": 1, "Z": 2, "Type": "cwc_minecraft_green_rn"}, {"Y": 4, "X": -1, "Z": 2, "Type": "cwc_minecraft_green_rn"}, {"Y": 4, "X": 0, "Z": 2, "Type": "cwc_minecraft_green_rn"}, {"Y": 4, "X": 1, "Z": 2, "Type": "cwc_minecraft_green_rn"}, {"Y": 5, "X": 0, "Z": 2, "Type": "cwc_minecraft_green_rn"}, {"Y": 5, "X": 1, "Z": 2, "Type": "cwc_minecraft_green_rn"}], "XPos": -0.6575119103922659, "TimeAlive": 5634, "ZPos": 4.634754684726185, "Timestamp": "2018-04-15 04:11:37", "Yaw": 218.09924, "YPos": 3.49390748022948, "ScreenshotPath": "270754-Builder-putdown.png", "BuilderGridRelative": [{"Y": -2, "X": 0, "Z": -4, "Type": "cwc_minecraft_green_rn"}, {"Y": -2, "X": 2, "Z": -4, "Type": "cwc_minecraft_green_rn"}, {"Y": -2, "X": 1, "Z": -2, "Type": "cwc_minecraft_green_rn"}, {"Y": -1, "X": 1, "Z": -3, "Type": "cwc_minecraft_green_rn"}, {"Y": 0, "X": 0, "Z": -4, "Type": "cwc_minecraft_green_rn"}, {"Y": 0, "X": 1, "Z": -4, "Type": "cwc_minecraft_green_rn"}, {"Y": 0, "X": 2, "Z": -4, "Type": "cwc_minecraft_green_rn"}, {"Y": 0, "X": 0, "Z": -3, "Type": "cwc_minecraft_green_rn"}, {"Y": 0, "X": 1, "Z": -3, "Type": "cwc_minecraft_green_rn"}, {"Y": 0, "X": 2, "Z": -3, "Type": "cwc_minecraft_green_rn"}, {"Y": 0, "X": 0, "Z": -2, "Type": "cwc_minecraft_green_rn"}, {"Y": 0, "X": 1, "Z": -2, "Type": "cwc_minecraft_green_rn"}, {"Y": 0, "X": 2, "Z": -2, "Type": "cwc_minecraft_green_rn"}, {"Y": 1, "X": 0, "Z": -2, "Type": "cwc_minecraft_green_rn"}, {"Y": 1, "X": 1, "Z": -2, "Type": "cwc_minecraft_green_rn"}, {"Y": 1, "X": 2, "Z": -2, "Type": "cwc_minecraft_green_rn"}, {"Y": 2, "X": 1, "Z": -2, "Type": "cwc_minecraft_green_rn"}, {"Y": 2, "X": 2, "Z": -2, "Type": "cwc_minecraft_green_rn"}], "DistanceTravelled": 18908, "BuilderInventory": [{"Index": 0, "Type": "cwc_minecraft_red_rn", "Quantity": 20}, {"Index": 1, "Type": "cwc_minecraft_orange_rn", "Quantity": 20}, {"Index": 2, "Type": "cwc_minecraft_yellow_rn", "Quantity": 20}, {"Index": 3, "Type": "cwc_minecraft_green_rn", "Quantity": 2}, {"Index": 4, "Type": "cwc_minecraft_blue_rn", "Quantity": 20}, {"Index": 5, "Type": "cwc_minecraft_purple_rn", "Quantity": 20}], "Pitch": -4.2001176}, {"BuilderGridAbsolute": [{"Y": 1, "X": -1, "Z": 0, "Type": "cwc_minecraft_green_rn"}, {"Y": 1, "X": 1, "Z": 0, "Type": "cwc_minecraft_green_rn"}, {"Y": 1, "X": 0, "Z": 2, "Type": "cwc_minecraft_green_rn"}, {"Y": 2, "X": 0, "Z": 1, "Type": "cwc_minecraft_green_rn"}, {"Y": 3, "X": -1, "Z": 0, "Type": "cwc_minecraft_green_rn"}, {"Y": 3, "X": 0, "Z": 0, "Type": "cwc_minecraft_green_rn"}, {"Y": 3, "X": 1, "Z": 0, "Type": "cwc_minecraft_green_rn"}, {"Y": 3, "X": -1, "Z": 1, "Type": "cwc_minecraft_green_rn"}, {"Y": 3, "X": 0, "Z": 1, "Type": "cwc_minecraft_green_rn"}, {"Y": 3, "X": 1, "Z": 1, "Type": "cwc_minecraft_green_rn"}, {"Y": 3, "X": -1, "Z": 2, "Type": "cwc_minecraft_green_rn"}, {"Y": 3, "X": 0, "Z": 2, "Type": "cwc_minecraft_green_rn"}, {"Y": 3, "X": 1, "Z": 2, "Type": "cwc_minecraft_green_rn"}, {"Y": 4, "X": -1, "Z": 2, "Type": "cwc_minecraft_green_rn"}, {"Y": 4, "X": 0, "Z": 2, "Type": "cwc_minecraft_green_rn"}, {"Y": 4, "X": 1, "Z": 2, "Type": "cwc_minecraft_green_rn"}, {"Y": 5, "X": -1, "Z": 2, "Type": "cwc_minecraft_green_rn"}, {"Y": 5, "X": 0, "Z": 2, "Type": "cwc_minecraft_green_rn"}, {"Y": 5, "X": 1, "Z": 2, "Type": "cwc_minecraft_green_rn"}], "XPos": -0.8431870654195306, "TimeAlive": 5658, "ZPos": 4.511578792675051, "Timestamp": "2018-04-15 04:11:38", "Yaw": 200.54932, "YPos": 3.49390748022948, "ScreenshotPath": "271954-Builder-putdown.png", "BuilderGridRelative": [{"Y": -2, "X": 0, "Z": -4, "Type": "cwc_minecraft_green_rn"}, {"Y": -2, "X": 2, "Z": -4, "Type": "cwc_minecraft_green_rn"}, {"Y": -2, "X": 1, "Z": -2, "Type": "cwc_minecraft_green_rn"}, {"Y": -1, "X": 1, "Z": -3, "Type": "cwc_minecraft_green_rn"}, {"Y": 0, "X": 0, "Z": -4, "Type": "cwc_minecraft_green_rn"}, {"Y": 0, "X": 1, "Z": -4, "Type": "cwc_minecraft_green_rn"}, {"Y": 0, "X": 2, "Z": -4, "Type": "cwc_minecraft_green_rn"}, {"Y": 0, "X": 0, "Z": -3, "Type": "cwc_minecraft_green_rn"}, {"Y": 0, "X": 1, "Z": -3, "Type": "cwc_minecraft_green_rn"}, {"Y": 0, "X": 2, "Z": -3, "Type": "cwc_minecraft_green_rn"}, {"Y": 0, "X": 0, "Z": -2, "Type": "cwc_minecraft_green_rn"}, {"Y": 0, "X": 1, "Z": -2, "Type": "cwc_minecraft_green_rn"}, {"Y": 0, "X": 2, "Z": -2, "Type": "cwc_minecraft_green_rn"}, {"Y": 1, "X": 0, "Z": -2, "Type": "cwc_minecraft_green_rn"}, {"Y": 1, "X": 1, "Z": -2, "Type": "cwc_minecraft_green_rn"}, {"Y": 1, "X": 2, "Z": -2, "Type": "cwc_minecraft_green_rn"}, {"Y": 2, "X": 0, "Z": -2, "Type": "cwc_minecraft_green_rn"}, {"Y": 2, "X": 1, "Z": -2, "Type": "cwc_minecraft_green_rn"}, {"Y": 2, "X": 2, "Z": -2, "Type": "cwc_minecraft_green_rn"}], "DistanceTravelled": 18908, "BuilderInventory": [{"Index": 0, "Type": "cwc_minecraft_red_rn", "Quantity": 20}, {"Index": 1, "Type": "cwc_minecraft_orange_rn", "Quantity": 20}, {"Index": 2, "Type": "cwc_minecraft_yellow_rn", "Quantity": 20}, {"Index": 3, "Type": "cwc_minecraft_green_rn", "Quantity": 1}, {"Index": 4, "Type": "cwc_minecraft_blue_rn", "Quantity": 20}, {"Index": 5, "Type": "cwc_minecraft_purple_rn", "Quantity": 20}], "Pitch": -5.400119}, {"Timestamp": "2018-04-15 04:11:42", "Chat": ["<Builder> OK"], "ScreenshotPath": "276103-Builder-chat.png"}, {"BuilderGridAbsolute": [{"Y": 1, "X": -1, "Z": 0, "Type": "cwc_minecraft_green_rn"}, {"Y": 1, "X": 1, "Z": 0, "Type": "cwc_minecraft_green_rn"}, {"Y": 1, "X": 0, "Z": 2, "Type": "cwc_minecraft_green_rn"}, {"Y": 2, "X": 0, "Z": 1, "Type": "cwc_minecraft_green_rn"}, {"Y": 3, "X": -1, "Z": 0, "Type": "cwc_minecraft_green_rn"}, {"Y": 3, "X": 0, "Z": 0, "Type": "cwc_minecraft_green_rn"}, {"Y": 3, "X": 1, "Z": 0, "Type": "cwc_minecraft_green_rn"}, {"Y": 3, "X": -1, "Z": 1, "Type": "cwc_minecraft_green_rn"}, {"Y": 3, "X": 0, "Z": 1, "Type": "cwc_minecraft_green_rn"}, {"Y": 3, "X": 1, "Z": 1, "Type": "cwc_minecraft_green_rn"}, {"Y": 3, "X": -1, "Z": 2, "Type": "cwc_minecraft_green_rn"}, {"Y": 3, "X": 0, "Z": 2, "Type": "cwc_minecraft_green_rn"}, {"Y": 3, "X": 1, "Z": 2, "Type": "cwc_minecraft_green_rn"}, {"Y": 4, "X": -1, "Z": 2, "Type": "cwc_minecraft_green_rn"}, {"Y": 4, "X": 0, "Z": 2, "Type": "cwc_minecraft_green_rn"}, {"Y": 4, "X": 1, "Z": 2, "Type": "cwc_minecraft_green_rn"}, {"Y": 5, "X": -1, "Z": 2, "Type": "cwc_minecraft_green_rn"}, {"Y": 5, "X": 0, "Z": 2, "Type": "cwc_minecraft_green_rn"}, {"Y": 5, "X": 1, "Z": 2, "Type": "cwc_minecraft_green_rn"}], "XPos": 0.08367945610521779, "TimeAlive": 5742, "ZPos": -2.4620264594223995, "Timestamp": "2018-04-15 04:11:42", "Yaw": 10.649414, "YPos": 3.49390748022948, "BuilderGridRelative": [{"Y": -2, "X": -1, "Z": 3, "Type": "cwc_minecraft_green_rn"}, {"Y": -2, "X": 1, "Z": 3, "Type": "cwc_minecraft_green_rn"}, {"Y": -2, "X": 0, "Z": 5, "Type": "cwc_minecraft_green_rn"}, {"Y": -1, "X": 0, "Z": 4, "Type": "cwc_minecraft_green_rn"}, {"Y": 0, "X": -1, "Z": 3, "Type": "cwc_minecraft_green_rn"}, {"Y": 0, "X": 0, "Z": 3, "Type": "cwc_minecraft_green_rn"}, {"Y": 0, "X": 1, "Z": 3, "Type": "cwc_minecraft_green_rn"}, {"Y": 0, "X": -1, "Z": 4, "Type": "cwc_minecraft_green_rn"}, {"Y": 0, "X": 0, "Z": 4, "Type": "cwc_minecraft_green_rn"}, {"Y": 0, "X": 1, "Z": 4, "Type": "cwc_minecraft_green_rn"}, {"Y": 0, "X": -1, "Z": 5, "Type": "cwc_minecraft_green_rn"}, {"Y": 0, "X": 0, "Z": 5, "Type": "cwc_minecraft_green_rn"}, {"Y": 0, "X": 1, "Z": 5, "Type": "cwc_minecraft_green_rn"}, {"Y": 1, "X": -1, "Z": 5, "Type": "cwc_minecraft_green_rn"}, {"Y": 1, "X": 0, "Z": 5, "Type": "cwc_minecraft_green_rn"}, {"Y": 1, "X": 1, "Z": 5, "Type": "cwc_minecraft_green_rn"}, {"Y": 2, "X": -1, "Z": 5, "Type": "cwc_minecraft_green_rn"}, {"Y": 2, "X": 0, "Z": 5, "Type": "cwc_minecraft_green_rn"}, {"Y": 2, "X": 1, "Z": 5, "Type": "cwc_minecraft_green_rn"}], "DistanceTravelled": 18908, "BuilderInventory": [{"Index": 0, "Type": "cwc_minecraft_red_rn", "Quantity": 20}, {"Index": 1, "Type": "cwc_minecraft_orange_rn", "Quantity": 20}, {"Index": 2, "Type": "cwc_minecraft_yellow_rn", "Quantity": 20}, {"Index": 3, "Type": "cwc_minecraft_green_rn", "Quantity": 1}, {"Index": 4, "Type": "cwc_minecraft_blue_rn", "Quantity": 20}, {"Index": 5, "Type": "cwc_minecraft_purple_rn", "Quantity": 20}], "Pitch": 25.499872}, {"Timestamp": "2018-04-15 04:11:45", "Chat": ["<Architect> beautiful :)"], "ScreenshotPath": "278653-Builder-chat.png"}, {"BuilderGridAbsolute": [{"Y": 1, "X": -1, "Z": 0, "Type": "cwc_minecraft_green_rn"}, {"Y": 1, "X": 1, "Z": 0, "Type": "cwc_minecraft_green_rn"}, {"Y": 1, "X": 0, "Z": 2, "Type": "cwc_minecraft_green_rn"}, {"Y": 2, "X": 0, "Z": 1, "Type": "cwc_minecraft_green_rn"}, {"Y": 3, "X": -1, "Z": 0, "Type": "cwc_minecraft_green_rn"}, {"Y": 3, "X": 0, "Z": 0, "Type": "cwc_minecraft_green_rn"}, {"Y": 3, "X": 1, "Z": 0, "Type": "cwc_minecraft_green_rn"}, {"Y": 3, "X": -1, "Z": 1, "Type": "cwc_minecraft_green_rn"}, {"Y": 3, "X": 0, "Z": 1, "Type": "cwc_minecraft_green_rn"}, {"Y": 3, "X": 1, "Z": 1, "Type": "cwc_minecraft_green_rn"}, {"Y": 3, "X": -1, "Z": 2, "Type": "cwc_minecraft_green_rn"}, {"Y": 3, "X": 0, "Z": 2, "Type": "cwc_minecraft_green_rn"}, {"Y": 3, "X": 1, "Z": 2, "Type": "cwc_minecraft_green_rn"}, {"Y": 4, "X": -1, "Z": 2, "Type": "cwc_minecraft_green_rn"}, {"Y": 4, "X": 0, "Z": 2, "Type": "cwc_minecraft_green_rn"}, {"Y": 4, "X": 1, "Z": 2, "Type": "cwc_minecraft_green_rn"}, {"Y": 5, "X": -1, "Z": 2, "Type": "cwc_minecraft_green_rn"}, {"Y": 5, "X": 0, "Z": 2, "Type": "cwc_minecraft_green_rn"}, {"Y": 5, "X": 1, "Z": 2, "Type": "cwc_minecraft_green_rn"}], "XPos": 0.48934520044077845, "TimeAlive": 5793, "ZPos": -4.630191639638426, "Timestamp": "2018-04-15 04:11:45", "Yaw": 10.649414, "YPos": 3.49390748022948, "BuilderGridRelative": [{"Y": -2, "X": -1, "Z": 5, "Type": "cwc_minecraft_green_rn"}, {"Y": -2, "X": 1, "Z": 5, "Type": "cwc_minecraft_green_rn"}, {"Y": -2, "X": 0, "Z": 7, "Type": "cwc_minecraft_green_rn"}, {"Y": -1, "X": 0, "Z": 6, "Type": "cwc_minecraft_green_rn"}, {"Y": 0, "X": -1, "Z": 5, "Type": "cwc_minecraft_green_rn"}, {"Y": 0, "X": 0, "Z": 5, "Type": "cwc_minecraft_green_rn"}, {"Y": 0, "X": 1, "Z": 5, "Type": "cwc_minecraft_green_rn"}, {"Y": 0, "X": -1, "Z": 6, "Type": "cwc_minecraft_green_rn"}, {"Y": 0, "X": 0, "Z": 6, "Type": "cwc_minecraft_green_rn"}, {"Y": 0, "X": 1, "Z": 6, "Type": "cwc_minecraft_green_rn"}, {"Y": 0, "X": -1, "Z": 7, "Type": "cwc_minecraft_green_rn"}, {"Y": 0, "X": 0, "Z": 7, "Type": "cwc_minecraft_green_rn"}, {"Y": 0, "X": 1, "Z": 7, "Type": "cwc_minecraft_green_rn"}, {"Y": 1, "X": -1, "Z": 7, "Type": "cwc_minecraft_green_rn"}, {"Y": 1, "X": 0, "Z": 7, "Type": "cwc_minecraft_green_rn"}, {"Y": 1, "X": 1, "Z": 7, "Type": "cwc_minecraft_green_rn"}, {"Y": 2, "X": -1, "Z": 7, "Type": "cwc_minecraft_green_rn"}, {"Y": 2, "X": 0, "Z": 7, "Type": "cwc_minecraft_green_rn"}, {"Y": 2, "X": 1, "Z": 7, "Type": "cwc_minecraft_green_rn"}], "DistanceTravelled": 18908, "BuilderInventory": [{"Index": 0, "Type": "cwc_minecraft_red_rn", "Quantity": 20}, {"Index": 1, "Type": "cwc_minecraft_orange_rn", "Quantity": 20}, {"Index": 2, "Type": "cwc_minecraft_yellow_rn", "Quantity": 20}, {"Index": 3, "Type": "cwc_minecraft_green_rn", "Quantity": 1}, {"Index": 4, "Type": "cwc_minecraft_blue_rn", "Quantity": 20}, {"Index": 5, "Type": "cwc_minecraft_purple_rn", "Quantity": 20}], "Pitch": 25.499872}, {"Timestamp": "2018-04-15 04:11:51", "Chat": ["<Builder> THANKS"], "ScreenshotPath": "284852-Builder-chat.png"}, {"BuilderGridAbsolute": [{"Y": 1, "X": -1, "Z": 0, "Type": "cwc_minecraft_green_rn"}, {"Y": 1, "X": 1, "Z": 0, "Type": "cwc_minecraft_green_rn"}, {"Y": 1, "X": 0, "Z": 2, "Type": "cwc_minecraft_green_rn"}, {"Y": 2, "X": 0, "Z": 1, "Type": "cwc_minecraft_green_rn"}, {"Y": 3, "X": -1, "Z": 0, "Type": "cwc_minecraft_green_rn"}, {"Y": 3, "X": 0, "Z": 0, "Type": "cwc_minecraft_green_rn"}, {"Y": 3, "X": 1, "Z": 0, "Type": "cwc_minecraft_green_rn"}, {"Y": 3, "X": -1, "Z": 1, "Type": "cwc_minecraft_green_rn"}, {"Y": 3, "X": 0, "Z": 1, "Type": "cwc_minecraft_green_rn"}, {"Y": 3, "X": 1, "Z": 1, "Type": "cwc_minecraft_green_rn"}, {"Y": 3, "X": -1, "Z": 2, "Type": "cwc_minecraft_green_rn"}, {"Y": 3, "X": 0, "Z": 2, "Type": "cwc_minecraft_green_rn"}, {"Y": 3, "X": 1, "Z": 2, "Type": "cwc_minecraft_green_rn"}, {"Y": 4, "X": -1, "Z": 2, "Type": "cwc_minecraft_green_rn"}, {"Y": 4, "X": 0, "Z": 2, "Type": "cwc_minecraft_green_rn"}, {"Y": 4, "X": 1, "Z": 2, "Type": "cwc_minecraft_green_rn"}, {"Y": 5, "X": -1, "Z": 2, "Type": "cwc_minecraft_green_rn"}, {"Y": 5, "X": 0, "Z": 2, "Type": "cwc_minecraft_green_rn"}, {"Y": 5, "X": 1, "Z": 2, "Type": "cwc_minecraft_green_rn"}], "XPos": 0.4861790850719604, "TimeAlive": 5917, "ZPos": -4.484569317182425, "Timestamp": "2018-04-15 04:11:51", "Yaw": 10.649414, "YPos": 3.49390748022948, "BuilderGridRelative": [{"Y": -2, "X": -1, "Z": 5, "Type": "cwc_minecraft_green_rn"}, {"Y": -2, "X": 1, "Z": 5, "Type": "cwc_minecraft_green_rn"}, {"Y": -2, "X": 0, "Z": 7, "Type": "cwc_minecraft_green_rn"}, {"Y": -1, "X": 0, "Z": 6, "Type": "cwc_minecraft_green_rn"}, {"Y": 0, "X": -1, "Z": 5, "Type": "cwc_minecraft_green_rn"}, {"Y": 0, "X": 0, "Z": 5, "Type": "cwc_minecraft_green_rn"}, {"Y": 0, "X": 1, "Z": 5, "Type": "cwc_minecraft_green_rn"}, {"Y": 0, "X": -1, "Z": 6, "Type": "cwc_minecraft_green_rn"}, {"Y": 0, "X": 0, "Z": 6, "Type": "cwc_minecraft_green_rn"}, {"Y": 0, "X": 1, "Z": 6, "Type": "cwc_minecraft_green_rn"}, {"Y": 0, "X": -1, "Z": 7, "Type": "cwc_minecraft_green_rn"}, {"Y": 0, "X": 0, "Z": 7, "Type": "cwc_minecraft_green_rn"}, {"Y": 0, "X": 1, "Z": 7, "Type": "cwc_minecraft_green_rn"}, {"Y": 1, "X": -1, "Z": 7, "Type": "cwc_minecraft_green_rn"}, {"Y": 1, "X": 0, "Z": 7, "Type": "cwc_minecraft_green_rn"}, {"Y": 1, "X": 1, "Z": 7, "Type": "cwc_minecraft_green_rn"}, {"Y": 2, "X": -1, "Z": 7, "Type": "cwc_minecraft_green_rn"}, {"Y": 2, "X": 0, "Z": 7, "Type": "cwc_minecraft_green_rn"}, {"Y": 2, "X": 1, "Z": 7, "Type": "cwc_minecraft_green_rn"}], "DistanceTravelled": 18908, "BuilderInventory": [{"Index": 0, "Type": "cwc_minecraft_red_rn", "Quantity": 20}, {"Index": 1, "Type": "cwc_minecraft_orange_rn", "Quantity": 20}, {"Index": 2, "Type": "cwc_minecraft_yellow_rn", "Quantity": 20}, {"Index": 3, "Type": "cwc_minecraft_green_rn", "Quantity": 1}, {"Index": 4, "Type": "cwc_minecraft_blue_rn", "Quantity": 20}, {"Index": 5, "Type": "cwc_minecraft_purple_rn", "Quantity": 20}], "Pitch": 25.499872}], "NumFixedViewers": 4, "TimeElapsed": 311.66097497940063}