{"WorldStates": [{"BuilderPosition": {"Y": 1.0, "X": 0.0, "Yaw": 0.0, "Z": 0.0, "Pitch": 0.0}, "ChatHistory": ["<Builder> Mission has started."], "Timestamp": "2018-04-12 14:33:55", "BlocksInGrid": [], "ScreenshotPath": "0-Builder-chat.png", "BuilderInventory": [{"Index": 0, "Type": "cwc_minecraft_red_rn", "Quantity": 20}, {"Index": 1, "Type": "cwc_minecraft_orange_rn", "Quantity": 20}, {"Index": 2, "Type": "cwc_minecraft_yellow_rn", "Quantity": 20}, {"Index": 3, "Type": "cwc_minecraft_green_rn", "Quantity": 20}, {"Index": 4, "Type": "cwc_minecraft_blue_rn", "Quantity": 20}, {"Index": 5, "Type": "cwc_minecraft_purple_rn", "Quantity": 20}]}, {"BuilderPosition": {"Y": 1.0, "X": 0.0, "Yaw": -165.29996, "Z": 0.0, "Pitch": 6.900008}, "BuilderInventory": [{"Index": 0, "Type": "cwc_minecraft_red_rn", "Quantity": 20}, {"Index": 1, "Type": "cwc_minecraft_orange_rn", "Quantity": 20}, {"Index": 2, "Type": "cwc_minecraft_yellow_rn", "Quantity": 20}, {"Index": 3, "Type": "cwc_minecraft_green_rn", "Quantity": 20}, {"Index": 4, "Type": "cwc_minecraft_blue_rn", "Quantity": 20}, {"Index": 5, "Type": "cwc_minecraft_purple_rn", "Quantity": 20}], "ChatHistory": ["<Builder> Mission has started.", "<Builder> hi"], "Timestamp": "2018-04-12 14:34:04", "BlocksInGrid": [], "ScreenshotPath": "8675-Builder-chat.png"}, {"BuilderPosition": {"Y": 1.0, "X": 0.0, "Yaw": -87.29998, "Z": 0.0, "Pitch": 16.050007}, "ChatHistory": ["<Builder> Mission has started.", "<Builder> hi", "<Architect> hi. we are building an orange L to start"], "Timestamp": "2018-04-12 14:34:15", "BlocksInGrid": [], "ScreenshotPath": "19890-Builder-chat.png", "BuilderInventory": [{"Index": 0, "Type": "cwc_minecraft_red_rn", "Quantity": 20}, {"Index": 1, "Type": "cwc_minecraft_orange_rn", "Quantity": 20}, {"Index": 2, "Type": "cwc_minecraft_yellow_rn", "Quantity": 20}, {"Index": 3, "Type": "cwc_minecraft_green_rn", "Quantity": 20}, {"Index": 4, "Type": "cwc_minecraft_blue_rn", "Quantity": 20}, {"Index": 5, "Type": "cwc_minecraft_purple_rn", "Quantity": 20}]}, {"BuilderPosition": {"Y": 1.0, "X": 0.0, "Yaw": -88.649994, "Z": 0.0, "Pitch": 15.750008}, "ChatHistory": ["<Builder> Mission has started.", "<Builder> hi", "<Architect> hi. we are building an orange L to start", "<Builder> any orientation?"], "Timestamp": "2018-04-12 14:34:25", "BlocksInGrid": [], "ScreenshotPath": "29389-Builder-chat.png", "BuilderInventory": [{"Index": 0, "Type": "cwc_minecraft_red_rn", "Quantity": 20}, {"Index": 1, "Type": "cwc_minecraft_orange_rn", "Quantity": 20}, {"Index": 2, "Type": "cwc_minecraft_yellow_rn", "Quantity": 20}, {"Index": 3, "Type": "cwc_minecraft_green_rn", "Quantity": 20}, {"Index": 4, "Type": "cwc_minecraft_blue_rn", "Quantity": 20}, {"Index": 5, "Type": "cwc_minecraft_purple_rn", "Quantity": 20}]}, {"BuilderPosition": {"Y": 1.0, "X": -0.07014165509190944, "Yaw": -91.79998, "Z": 0.4203369824137202, "Pitch": 30.599972}, "ChatHistory": ["<Builder> Mission has started.", "<Builder> hi", "<Architect> hi. we are building an orange L to start", "<Builder> any orientation?", "<Architect> it is 2x2 flat on the ground"], "Timestamp": "2018-04-12 14:34:35", "BlocksInGrid": [], "ScreenshotPath": "39937-Builder-chat.png", "BuilderInventory": [{"Index": 0, "Type": "cwc_minecraft_red_rn", "Quantity": 20}, {"Index": 1, "Type": "cwc_minecraft_orange_rn", "Quantity": 20}, {"Index": 2, "Type": "cwc_minecraft_yellow_rn", "Quantity": 20}, {"Index": 3, "Type": "cwc_minecraft_green_rn", "Quantity": 20}, {"Index": 4, "Type": "cwc_minecraft_blue_rn", "Quantity": 20}, {"Index": 5, "Type": "cwc_minecraft_purple_rn", "Quantity": 20}]}, {"BuilderPosition": {"Y": 1.0, "X": 1.9957900703896159, "Yaw": -4.7999797, "Z": -1.8687110726954543, "Pitch": 42.14992}, "BuilderInventory": [{"Index": 0, "Type": "cwc_minecraft_red_rn", "Quantity": 20}, {"Index": 1, "Type": "cwc_minecraft_orange_rn", "Quantity": 19}, {"Index": 2, "Type": "cwc_minecraft_yellow_rn", "Quantity": 20}, {"Index": 3, "Type": "cwc_minecraft_green_rn", "Quantity": 20}, {"Index": 4, "Type": "cwc_minecraft_blue_rn", "Quantity": 20}, {"Index": 5, "Type": "cwc_minecraft_purple_rn", "Quantity": 20}], "ChatHistory": ["<Builder> Mission has started.", "<Builder> hi", "<Architect> hi. we are building an orange L to start", "<Builder> any orientation?", "<Architect> it is 2x2 flat on the ground"], "Timestamp": "2018-04-12 14:34:43", "BlocksInGrid": [{"PerspectiveCoordinates": {"Y": 0.7248729872801134, "X": 0.9128153986239, "Z": 0.8008290706190733}, "AbsoluteCoordinates": {"Y": 1, "X": 2, "Z": -1}, "Type": "cwc_minecraft_orange_rn"}], "ScreenshotPath": "47786-Builder-putdown.png"}, {"BuilderPosition": {"Y": 1.0, "X": -0.23076136708342146, "Yaw": -69.44998, "Z": -0.8991072723109446, "Pitch": 43.649933}, "BuilderInventory": [{"Index": 0, "Type": "cwc_minecraft_red_rn", "Quantity": 20}, {"Index": 1, "Type": "cwc_minecraft_orange_rn", "Quantity": 18}, {"Index": 2, "Type": "cwc_minecraft_yellow_rn", "Quantity": 20}, {"Index": 3, "Type": "cwc_minecraft_green_rn", "Quantity": 20}, {"Index": 4, "Type": "cwc_minecraft_blue_rn", "Quantity": 20}, {"Index": 5, "Type": "cwc_minecraft_purple_rn", "Quantity": 20}], "ChatHistory": ["<Builder> Mission has started.", "<Builder> hi", "<Architect> hi. we are building an orange L to start", "<Builder> any orientation?", "<Architect> it is 2x2 flat on the ground"], "Timestamp": "2018-04-12 14:34:44", "BlocksInGrid": [{"PerspectiveCoordinates": {"Y": 1.2926541342932554, "X": 0.702049950692, "Z": 1.355053930967149}, "AbsoluteCoordinates": {"Y": 1, "X": 1, "Z": -1}, "Type": "cwc_minecraft_orange_rn"}, {"PerspectiveCoordinates": {"Y": 1.938981201439883, "X": 1.0530749260380001, "Z": 2.0325808964507233}, "AbsoluteCoordinates": {"Y": 1, "X": 2, "Z": -1}, "Type": "cwc_minecraft_orange_rn"}], "ScreenshotPath": "49336-Builder-putdown.png"}, {"BuilderPosition": {"Y": 1.0, "X": -0.7648819927824617, "Yaw": -103.8, "Z": 0.9352590178652465, "Pitch": 40.49994}, "ChatHistory": ["<Builder> Mission has started.", "<Builder> hi", "<Architect> hi. we are building an orange L to start", "<Builder> any orientation?", "<Architect> it is 2x2 flat on the ground"], "Timestamp": "2018-04-12 14:34:46", "BlocksInGrid": [{"PerspectiveCoordinates": {"Y": 1.4163158774321647, "X": 0.494067364752, "Z": 1.6582963469861667}, "AbsoluteCoordinates": {"Y": 1, "X": 1, "Z": -1}, "Type": "cwc_minecraft_orange_rn"}, {"PerspectiveCoordinates": {"Y": 2.0470163668767025, "X": 0.25553390717300006, "Z": 2.3967533072968146}, "AbsoluteCoordinates": {"Y": 1, "X": 2, "Z": -1}, "Type": "cwc_minecraft_orange_rn"}, {"PerspectiveCoordinates": {"Y": 1.2614009788890759, "X": -0.477066915158, "Z": 1.476913920621296}, "AbsoluteCoordinates": {"Y": 1, "X": 1, "Z": 0}, "Type": "cwc_minecraft_orange_rn"}], "ScreenshotPath": "50237-Builder-putdown.png", "BuilderInventory": [{"Index": 0, "Type": "cwc_minecraft_red_rn", "Quantity": 20}, {"Index": 1, "Type": "cwc_minecraft_orange_rn", "Quantity": 17}, {"Index": 2, "Type": "cwc_minecraft_yellow_rn", "Quantity": 20}, {"Index": 3, "Type": "cwc_minecraft_green_rn", "Quantity": 20}, {"Index": 4, "Type": "cwc_minecraft_blue_rn", "Quantity": 20}, {"Index": 5, "Type": "cwc_minecraft_purple_rn", "Quantity": 20}]}, {"BuilderPosition": {"Y": 1.0, "X": 2.931084639203297, "Yaw": -157.95003, "Z": 1.3917531814086885, "Pitch": 37.499947}, "ChatHistory": ["<Builder> Mission has started.", "<Builder> hi", "<Architect> hi. we are building an orange L to start", "<Builder> any orientation?", "<Architect> it is 2x2 flat on the ground"], "Timestamp": "2018-04-12 14:34:50", "BlocksInGrid": [{"PerspectiveCoordinates": {"Y": 0.8999300215607559, "X": 1.677686964055, "Z": 1.1728138841821836}, "AbsoluteCoordinates": {"Y": 1, "X": 1, "Z": -1}, "Type": "cwc_minecraft_orange_rn"}, {"PerspectiveCoordinates": {"Y": 1.1284679702327667, "X": 0.750830171848, "Z": 1.4706509079989896}, "AbsoluteCoordinates": {"Y": 1, "X": 2, "Z": -1}, "Type": "cwc_minecraft_orange_rn"}, {"PerspectiveCoordinates": {"Y": 1.3570059189047774, "X": -0.17602662035899996, "Z": 1.7684879318157953}, "AbsoluteCoordinates": {"Y": 1, "X": 3, "Z": -1}, "Type": "cwc_minecraft_orange_rn"}, {"PerspectiveCoordinates": {"Y": 0.33569603644437246, "X": 1.302271878131, "Z": 0.43748843018268874}, "AbsoluteCoordinates": {"Y": 1, "X": 1, "Z": 0}, "Type": "cwc_minecraft_orange_rn"}], "ScreenshotPath": "54884-Builder-putdown.png", "BuilderInventory": [{"Index": 0, "Type": "cwc_minecraft_red_rn", "Quantity": 20}, {"Index": 1, "Type": "cwc_minecraft_orange_rn", "Quantity": 16}, {"Index": 2, "Type": "cwc_minecraft_yellow_rn", "Quantity": 20}, {"Index": 3, "Type": "cwc_minecraft_green_rn", "Quantity": 20}, {"Index": 4, "Type": "cwc_minecraft_blue_rn", "Quantity": 20}, {"Index": 5, "Type": "cwc_minecraft_purple_rn", "Quantity": 20}]}, {"BuilderPosition": {"Y": 1.0, "X": 0.6499757813860441, "Yaw": -149.55008, "Z": 3.0583304781699816, "Pitch": 46.499954}, "BuilderInventory": [{"Index": 0, "Type": "cwc_minecraft_red_rn", "Quantity": 20}, {"Index": 1, "Type": "cwc_minecraft_orange_rn", "Quantity": 15}, {"Index": 2, "Type": "cwc_minecraft_yellow_rn", "Quantity": 20}, {"Index": 3, "Type": "cwc_minecraft_green_rn", "Quantity": 20}, {"Index": 4, "Type": "cwc_minecraft_blue_rn", "Quantity": 20}, {"Index": 5, "Type": "cwc_minecraft_purple_rn", "Quantity": 20}], "ChatHistory": ["<Builder> Mission has started.", "<Builder> hi", "<Architect> hi. we are building an orange L to start", "<Builder> any orientation?", "<Architect> it is 2x2 flat on the ground"], "Timestamp": "2018-04-12 14:34:51", "BlocksInGrid": [{"PerspectiveCoordinates": {"Y": 2.868907749903089, "X": 1.1650677606409998, "Z": 2.7224961773441554}, "AbsoluteCoordinates": {"Y": 1, "X": 1, "Z": -1}, "Type": "cwc_minecraft_orange_rn"}, {"PerspectiveCoordinates": {"Y": 3.2365163587659267, "X": 0.30299530995799984, "Z": 3.0713442824885906}, "AbsoluteCoordinates": {"Y": 1, "X": 2, "Z": -1}, "Type": "cwc_minecraft_orange_rn"}, {"PerspectiveCoordinates": {"Y": 3.604124967628764, "X": -0.5590771407250004, "Z": 3.420192387633026}, "AbsoluteCoordinates": {"Y": 1, "X": 3, "Z": -1}, "Type": "cwc_minecraft_orange_rn"}, {"PerspectiveCoordinates": {"Y": 2.2435829646430263, "X": 0.6582827078099999, "Z": 2.1290841592942256}, "AbsoluteCoordinates": {"Y": 1, "X": 1, "Z": 0}, "Type": "cwc_minecraft_orange_rn"}, {"PerspectiveCoordinates": {"Y": 1.6182581793829633, "X": 0.15149765497899992, "Z": 1.5356721412442953}, "AbsoluteCoordinates": {"Y": 1, "X": 1, "Z": 1}, "Type": "cwc_minecraft_orange_rn"}], "ScreenshotPath": "55985-Builder-putdown.png"}, {"BuilderPosition": {"Y": 2.0, "X": 1.2392313999120685, "Yaw": -97.95011, "Z": 0.36492989351844196, "Pitch": 53.399963}, "ChatHistory": ["<Builder> Mission has started.", "<Builder> hi", "<Architect> hi. we are building an orange L to start", "<Builder> any orientation?", "<Architect> it is 2x2 flat on the ground", "<Architect> oh wait delete the end pieces"], "Timestamp": "2018-04-12 14:35:05", "BlocksInGrid": [{"PerspectiveCoordinates": {"Y": -0.4851871374122473, "X": 0.990388877566, "Z": 0.8852814879361984}, "AbsoluteCoordinates": {"Y": 1, "X": 1, "Z": -1}, "Type": "cwc_minecraft_orange_rn"}, {"PerspectiveCoordinates": {"Y": 0.30991397940805976, "X": 0.852078099993, "Z": 1.475776486083952}, "AbsoluteCoordinates": {"Y": 1, "X": 2, "Z": -1}, "Type": "cwc_minecraft_orange_rn"}, {"PerspectiveCoordinates": {"Y": 1.105015096228367, "X": 0.7137673224200001, "Z": 2.066271484231706}, "AbsoluteCoordinates": {"Y": 1, "X": 3, "Z": -1}, "Type": "cwc_minecraft_orange_rn"}, {"PerspectiveCoordinates": {"Y": -0.596225393402, "X": 0.0, "Z": 0.802817090166}, "AbsoluteCoordinates": {"Y": 1, "X": 1, "Z": 0}, "Type": "cwc_minecraft_orange_rn"}, {"PerspectiveCoordinates": {"Y": -0.7072636493917527, "X": -0.990388877566, "Z": 0.7203526923958016}, "AbsoluteCoordinates": {"Y": 1, "X": 1, "Z": 1}, "Type": "cwc_minecraft_orange_rn"}], "ScreenshotPath": "69334-Builder-chat.png", "BuilderInventory": [{"Index": 0, "Type": "cwc_minecraft_red_rn", "Quantity": 20}, {"Index": 1, "Type": "cwc_minecraft_orange_rn", "Quantity": 15}, {"Index": 2, "Type": "cwc_minecraft_yellow_rn", "Quantity": 20}, {"Index": 3, "Type": "cwc_minecraft_green_rn", "Quantity": 20}, {"Index": 4, "Type": "cwc_minecraft_blue_rn", "Quantity": 20}, {"Index": 5, "Type": "cwc_minecraft_purple_rn", "Quantity": 20}]}, {"BuilderPosition": {"Y": 1.0, "X": 0.09480322219796822, "Yaw": -84.90012, "Z": 1.4185592752780458, "Pitch": 38.849968}, "BuilderInventory": [{"Index": 0, "Type": "cwc_minecraft_red_rn", "Quantity": 20}, {"Index": 1, "Type": "cwc_minecraft_orange_rn", "Quantity": 16}, {"Index": 2, "Type": "cwc_minecraft_yellow_rn", "Quantity": 20}, {"Index": 3, "Type": "cwc_minecraft_green_rn", "Quantity": 20}, {"Index": 4, "Type": "cwc_minecraft_blue_rn", "Quantity": 20}, {"Index": 5, "Type": "cwc_minecraft_purple_rn", "Quantity": 20}], "ChatHistory": ["<Builder> Mission has started.", "<Builder> hi", "<Architect> hi. we are building an orange L to start", "<Builder> any orientation?", "<Architect> it is 2x2 flat on the ground", "<Architect> oh wait delete the end pieces"], "Timestamp": "2018-04-12 14:35:06", "BlocksInGrid": [{"PerspectiveCoordinates": {"Y": 0.5132787942045862, "X": 2.0809747139387, "Z": 0.6372512215473738}, "AbsoluteCoordinates": {"Y": 1, "X": 1, "Z": -1}, "Type": "cwc_minecraft_orange_rn"}, {"PerspectiveCoordinates": {"Y": 1.138078776080696, "X": 2.1698669247014, "Z": 1.412959386717799}, "AbsoluteCoordinates": {"Y": 1, "X": 2, "Z": -1}, "Type": "cwc_minecraft_orange_rn"}, {"PerspectiveCoordinates": {"Y": 1.762878757956806, "X": 2.2587591354641, "Z": 2.1886675518882246}, "AbsoluteCoordinates": {"Y": 1, "X": 3, "Z": -1}, "Type": "cwc_minecraft_orange_rn"}, {"PerspectiveCoordinates": {"Y": 0.569039388040348, "X": 1.0849334623507, "Z": 0.7064796933588995}, "AbsoluteCoordinates": {"Y": 1, "X": 1, "Z": 0}, "Type": "cwc_minecraft_orange_rn"}], "ScreenshotPath": "71236-Builder-pickup.png"}, {"BuilderPosition": {"Y": 1.0, "X": 3.3532821790795384, "Yaw": -172.35014, "Z": 1.4167821103116138, "Pitch": 31.199966}, "BuilderInventory": [{"Index": 0, "Type": "cwc_minecraft_red_rn", "Quantity": 20}, {"Index": 1, "Type": "cwc_minecraft_orange_rn", "Quantity": 17}, {"Index": 2, "Type": "cwc_minecraft_yellow_rn", "Quantity": 20}, {"Index": 3, "Type": "cwc_minecraft_green_rn", "Quantity": 20}, {"Index": 4, "Type": "cwc_minecraft_blue_rn", "Quantity": 20}, {"Index": 5, "Type": "cwc_minecraft_purple_rn", "Quantity": 20}], "ChatHistory": ["<Builder> Mission has started.", "<Builder> hi", "<Architect> hi. we are building an orange L to start", "<Builder> any orientation?", "<Architect> it is 2x2 flat on the ground", "<Architect> oh wait delete the end pieces"], "Timestamp": "2018-04-12 14:35:07", "BlocksInGrid": [{"PerspectiveCoordinates": {"Y": 0.8889139535096033, "X": 2.248437978906, "Z": 1.4677733606640455}, "AbsoluteCoordinates": {"Y": 1, "X": 1, "Z": -1}, "Type": "cwc_minecraft_orange_rn"}, {"PerspectiveCoordinates": {"Y": 0.9578730803083157, "X": 1.257337906266, "Z": 1.5816385653783853}, "AbsoluteCoordinates": {"Y": 1, "X": 2, "Z": -1}, "Type": "cwc_minecraft_orange_rn"}, {"PerspectiveCoordinates": {"Y": 0.3754978499560893, "X": 2.115319062093, "Z": 0.620021475617683}, "AbsoluteCoordinates": {"Y": 1, "X": 1, "Z": 0}, "Type": "cwc_minecraft_orange_rn"}], "ScreenshotPath": "72232-Builder-pickup.png"}], "NumFixedViewers": 4, "TimeElapsed": 89.69628500938416}