{"WorldStates": [{"Timestamp": "2018-04-12 14:33:55", "Chat": ["<Builder> Mission has started."], "ScreenshotPath": "0-Builder-chat.png"}, {"BuilderGridAbsolute": [], "XPos": 0.0, "TimeAlive": 193, "ZPos": 0.0, "Timestamp": "2018-04-12 14:33:55", "Yaw": 0.0, "YPos": 1.0, "BuilderGridRelative": [], "DistanceTravelled": 0, "BuilderInventory": [{"Index": 0, "Type": "cwc_minecraft_red_rn", "Quantity": 20}, {"Index": 1, "Type": "cwc_minecraft_orange_rn", "Quantity": 20}, {"Index": 2, "Type": "cwc_minecraft_yellow_rn", "Quantity": 20}, {"Index": 3, "Type": "cwc_minecraft_green_rn", "Quantity": 20}, {"Index": 4, "Type": "cwc_minecraft_blue_rn", "Quantity": 20}, {"Index": 5, "Type": "cwc_minecraft_purple_rn", "Quantity": 20}], "Pitch": 0.0}, {"Timestamp": "2018-04-12 14:34:04", "Chat": ["<Builder> hi"]}, {"BuilderGridAbsolute": [], "XPos": 0.0, "TimeAlive": 366, "ZPos": 0.0, "Timestamp": "2018-04-12 14:34:04", "Yaw": -165.29996, "YPos": 1.0, "ScreenshotPath": "8675-Builder-chat.png", "BuilderGridRelative": [], "DistanceTravelled": 0, "BuilderInventory": [{"Index": 0, "Type": "cwc_minecraft_red_rn", "Quantity": 20}, {"Index": 1, "Type": "cwc_minecraft_orange_rn", "Quantity": 20}, {"Index": 2, "Type": "cwc_minecraft_yellow_rn", "Quantity": 20}, {"Index": 3, "Type": "cwc_minecraft_green_rn", "Quantity": 20}, {"Index": 4, "Type": "cwc_minecraft_blue_rn", "Quantity": 20}, {"Index": 5, "Type": "cwc_minecraft_purple_rn", "Quantity": 20}], "Pitch": 6.900008}, {"Timestamp": "2018-04-12 14:34:15", "Chat": ["<Architect> hi. we are building an orange L to start"], "ScreenshotPath": "19890-Builder-chat.png"}, {"BuilderGridAbsolute": [], "XPos": 0.0, "TimeAlive": 591, "ZPos": 0.0, "Timestamp": "2018-04-12 14:34:15", "Yaw": -87.29998, "YPos": 1.0, "BuilderGridRelative": [], "DistanceTravelled": 0, "BuilderInventory": [{"Index": 0, "Type": "cwc_minecraft_red_rn", "Quantity": 20}, {"Index": 1, "Type": "cwc_minecraft_orange_rn", "Quantity": 20}, {"Index": 2, "Type": "cwc_minecraft_yellow_rn", "Quantity": 20}, {"Index": 3, "Type": "cwc_minecraft_green_rn", "Quantity": 20}, {"Index": 4, "Type": "cwc_minecraft_blue_rn", "Quantity": 20}, {"Index": 5, "Type": "cwc_minecraft_purple_rn", "Quantity": 20}], "Pitch": 16.050007}, {"Timestamp": "2018-04-12 14:34:25", "Chat": ["<Builder> any orientation?"], "ScreenshotPath": "29389-Builder-chat.png"}, {"BuilderGridAbsolute": [], "XPos": 0.0, "TimeAlive": 781, "ZPos": 0.0, "Timestamp": "2018-04-12 14:34:25", "Yaw": -88.649994, "YPos": 1.0, "BuilderGridRelative": [], "DistanceTravelled": 0, "BuilderInventory": [{"Index": 0, "Type": "cwc_minecraft_red_rn", "Quantity": 20}, {"Index": 1, "Type": "cwc_minecraft_orange_rn", "Quantity": 20}, {"Index": 2, "Type": "cwc_minecraft_yellow_rn", "Quantity": 20}, {"Index": 3, "Type": "cwc_minecraft_green_rn", "Quantity": 20}, {"Index": 4, "Type": "cwc_minecraft_blue_rn", "Quantity": 20}, {"Index": 5, "Type": "cwc_minecraft_purple_rn", "Quantity": 20}], "Pitch": 15.750008}, {"Timestamp": "2018-04-12 14:34:35", "Chat": ["<Architect> it is 2x2 flat on the ground"], "ScreenshotPath": "39937-Builder-chat.png"}, {"BuilderGridAbsolute": [], "XPos": -0.07014165509190944, "TimeAlive": 992, "ZPos": 0.4203369824137202, "Timestamp": "2018-04-12 14:34:35", "Yaw": -91.79998, "YPos": 1.0, "BuilderGridRelative": [], "DistanceTravelled": 43, "BuilderInventory": [{"Index": 0, "Type": "cwc_minecraft_red_rn", "Quantity": 20}, {"Index": 1, "Type": "cwc_minecraft_orange_rn", "Quantity": 20}, {"Index": 2, "Type": "cwc_minecraft_yellow_rn", "Quantity": 20}, {"Index": 3, "Type": "cwc_minecraft_green_rn", "Quantity": 20}, {"Index": 4, "Type": "cwc_minecraft_blue_rn", "Quantity": 20}, {"Index": 5, "Type": "cwc_minecraft_purple_rn", "Quantity": 20}], "Pitch": 30.599972}, {"BuilderGridAbsolute": [{"Y": 1, "X": 2, "Z": -1, "Type": "cwc_minecraft_orange_rn"}], "XPos": 1.9957900703896159, "TimeAlive": 1147, "ZPos": -1.8687110726954543, "Timestamp": "2018-04-12 14:34:43", "Yaw": -4.7999797, "YPos": 1.0, "BuilderGridRelative": [{"Y": 0, "X": 1, "Z": 1, "Type": "cwc_minecraft_orange_rn"}], "DistanceTravelled": 1056, "BuilderInventory": [{"Index": 0, "Type": "cwc_minecraft_red_rn", "Quantity": 20}, {"Index": 1, "Type": "cwc_minecraft_orange_rn", "Quantity": 19}, {"Index": 2, "Type": "cwc_minecraft_yellow_rn", "Quantity": 20}, {"Index": 3, "Type": "cwc_minecraft_green_rn", "Quantity": 20}, {"Index": 4, "Type": "cwc_minecraft_blue_rn", "Quantity": 20}, {"Index": 5, "Type": "cwc_minecraft_purple_rn", "Quantity": 20}], "Pitch": 42.14992}, {"Timestamp": "2018-04-12 14:34:43", "ScreenshotPath": "47786-Builder-putdown.png"}, {"BuilderGridAbsolute": [{"Y": 1, "X": 1, "Z": -1, "Type": "cwc_minecraft_orange_rn"}, {"Y": 1, "X": 2, "Z": -1, "Type": "cwc_minecraft_orange_rn"}], "XPos": -0.23076136708342146, "TimeAlive": 1178, "ZPos": -0.8991072723109446, "Timestamp": "2018-04-12 14:34:44", "Yaw": -69.44998, "YPos": 1.0, "BuilderGridRelative": [{"Y": 0, "X": 2, "Z": 0, "Type": "cwc_minecraft_orange_rn"}, {"Y": 0, "X": 3, "Z": 0, "Type": "cwc_minecraft_orange_rn"}], "DistanceTravelled": 1309, "BuilderInventory": [{"Index": 0, "Type": "cwc_minecraft_red_rn", "Quantity": 20}, {"Index": 1, "Type": "cwc_minecraft_orange_rn", "Quantity": 18}, {"Index": 2, "Type": "cwc_minecraft_yellow_rn", "Quantity": 20}, {"Index": 3, "Type": "cwc_minecraft_green_rn", "Quantity": 20}, {"Index": 4, "Type": "cwc_minecraft_blue_rn", "Quantity": 20}, {"Index": 5, "Type": "cwc_minecraft_purple_rn", "Quantity": 20}], "Pitch": 43.649933}, {"Timestamp": "2018-04-12 14:34:45", "ScreenshotPath": "49336-Builder-putdown.png"}, {"BuilderGridAbsolute": [{"Y": 1, "X": 1, "Z": -1, "Type": "cwc_minecraft_orange_rn"}, {"Y": 1, "X": 2, "Z": -1, "Type": "cwc_minecraft_orange_rn"}, {"Y": 1, "X": 1, "Z": 0, "Type": "cwc_minecraft_orange_rn"}], "XPos": -0.7648819927824617, "TimeAlive": 1197, "ZPos": 0.9352590178652465, "Timestamp": "2018-04-12 14:34:46", "Yaw": -103.8, "YPos": 1.0, "ScreenshotPath": "50237-Builder-putdown.png", "BuilderGridRelative": [{"Y": 0, "X": 2, "Z": -1, "Type": "cwc_minecraft_orange_rn"}, {"Y": 0, "X": 3, "Z": -1, "Type": "cwc_minecraft_orange_rn"}, {"Y": 0, "X": 2, "Z": 0, "Type": "cwc_minecraft_orange_rn"}], "DistanceTravelled": 1565, "BuilderInventory": [{"Index": 0, "Type": "cwc_minecraft_red_rn", "Quantity": 20}, {"Index": 1, "Type": "cwc_minecraft_orange_rn", "Quantity": 17}, {"Index": 2, "Type": "cwc_minecraft_yellow_rn", "Quantity": 20}, {"Index": 3, "Type": "cwc_minecraft_green_rn", "Quantity": 20}, {"Index": 4, "Type": "cwc_minecraft_blue_rn", "Quantity": 20}, {"Index": 5, "Type": "cwc_minecraft_purple_rn", "Quantity": 20}], "Pitch": 40.49994}, {"BuilderGridAbsolute": [{"Y": 1, "X": 1, "Z": -1, "Type": "cwc_minecraft_orange_rn"}, {"Y": 1, "X": 2, "Z": -1, "Type": "cwc_minecraft_orange_rn"}, {"Y": 1, "X": 3, "Z": -1, "Type": "cwc_minecraft_orange_rn"}, {"Y": 1, "X": 1, "Z": 0, "Type": "cwc_minecraft_orange_rn"}], "XPos": 2.931084639203297, "TimeAlive": 1290, "ZPos": 1.3917531814086885, "Timestamp": "2018-04-12 14:34:50", "Yaw": -157.95003, "YPos": 1.0, "ScreenshotPath": "54884-Builder-putdown.png", "BuilderGridRelative": [{"Y": 0, "X": -1, "Z": -2, "Type": "cwc_minecraft_orange_rn"}, {"Y": 0, "X": 0, "Z": -2, "Type": "cwc_minecraft_orange_rn"}, {"Y": 0, "X": 1, "Z": -2, "Type": "cwc_minecraft_orange_rn"}, {"Y": 0, "X": -1, "Z": -1, "Type": "cwc_minecraft_orange_rn"}], "DistanceTravelled": 2399, "BuilderInventory": [{"Index": 0, "Type": "cwc_minecraft_red_rn", "Quantity": 20}, {"Index": 1, "Type": "cwc_minecraft_orange_rn", "Quantity": 16}, {"Index": 2, "Type": "cwc_minecraft_yellow_rn", "Quantity": 20}, {"Index": 3, "Type": "cwc_minecraft_green_rn", "Quantity": 20}, {"Index": 4, "Type": "cwc_minecraft_blue_rn", "Quantity": 20}, {"Index": 5, "Type": "cwc_minecraft_purple_rn", "Quantity": 20}], "Pitch": 37.499947}, {"BuilderGridAbsolute": [{"Y": 1, "X": 1, "Z": -1, "Type": "cwc_minecraft_orange_rn"}, {"Y": 1, "X": 2, "Z": -1, "Type": "cwc_minecraft_orange_rn"}, {"Y": 1, "X": 3, "Z": -1, "Type": "cwc_minecraft_orange_rn"}, {"Y": 1, "X": 1, "Z": 0, "Type": "cwc_minecraft_orange_rn"}, {"Y": 1, "X": 1, "Z": 1, "Type": "cwc_minecraft_orange_rn"}], "XPos": 0.6499757813860441, "TimeAlive": 1311, "ZPos": 3.0583304781699816, "Timestamp": "2018-04-12 14:34:51", "Yaw": -149.55008, "YPos": 1.0, "BuilderGridRelative": [{"Y": 0, "X": 1, "Z": -4, "Type": "cwc_minecraft_orange_rn"}, {"Y": 0, "X": 2, "Z": -4, "Type": "cwc_minecraft_orange_rn"}, {"Y": 0, "X": 3, "Z": -4, "Type": "cwc_minecraft_orange_rn"}, {"Y": 0, "X": 1, "Z": -3, "Type": "cwc_minecraft_orange_rn"}, {"Y": 0, "X": 1, "Z": -2, "Type": "cwc_minecraft_orange_rn"}], "DistanceTravelled": 2696, "BuilderInventory": [{"Index": 0, "Type": "cwc_minecraft_red_rn", "Quantity": 20}, {"Index": 1, "Type": "cwc_minecraft_orange_rn", "Quantity": 15}, {"Index": 2, "Type": "cwc_minecraft_yellow_rn", "Quantity": 20}, {"Index": 3, "Type": "cwc_minecraft_green_rn", "Quantity": 20}, {"Index": 4, "Type": "cwc_minecraft_blue_rn", "Quantity": 20}, {"Index": 5, "Type": "cwc_minecraft_purple_rn", "Quantity": 20}], "Pitch": 46.499954}, {"Timestamp": "2018-04-12 14:34:51", "ScreenshotPath": "55985-Builder-putdown.png"}, {"Timestamp": "2018-04-12 14:35:05", "Chat": ["<Architect> oh wait delete the end pieces"], "ScreenshotPath": "69334-Builder-chat.png"}, {"BuilderGridAbsolute": [{"Y": 1, "X": 1, "Z": -1, "Type": "cwc_minecraft_orange_rn"}, {"Y": 1, "X": 2, "Z": -1, "Type": "cwc_minecraft_orange_rn"}, {"Y": 1, "X": 3, "Z": -1, "Type": "cwc_minecraft_orange_rn"}, {"Y": 1, "X": 1, "Z": 0, "Type": "cwc_minecraft_orange_rn"}, {"Y": 1, "X": 1, "Z": 1, "Type": "cwc_minecraft_orange_rn"}], "XPos": 1.2392313999120685, "TimeAlive": 1580, "ZPos": 0.36492989351844196, "Timestamp": "2018-04-12 14:35:05", "Yaw": -97.95011, "YPos": 2.0, "BuilderGridRelative": [{"Y": -1, "X": 0, "Z": -1, "Type": "cwc_minecraft_orange_rn"}, {"Y": -1, "X": 1, "Z": -1, "Type": "cwc_minecraft_orange_rn"}, {"Y": -1, "X": 2, "Z": -1, "Type": "cwc_minecraft_orange_rn"}, {"Y": -1, "X": 0, "Z": 0, "Type": "cwc_minecraft_orange_rn"}, {"Y": -1, "X": 0, "Z": 1, "Type": "cwc_minecraft_orange_rn"}], "DistanceTravelled": 3306, "BuilderInventory": [{"Index": 0, "Type": "cwc_minecraft_red_rn", "Quantity": 20}, {"Index": 1, "Type": "cwc_minecraft_orange_rn", "Quantity": 15}, {"Index": 2, "Type": "cwc_minecraft_yellow_rn", "Quantity": 20}, {"Index": 3, "Type": "cwc_minecraft_green_rn", "Quantity": 20}, {"Index": 4, "Type": "cwc_minecraft_blue_rn", "Quantity": 20}, {"Index": 5, "Type": "cwc_minecraft_purple_rn", "Quantity": 20}], "Pitch": 53.399963}, {"BuilderGridAbsolute": [{"Y": 1, "X": 1, "Z": -1, "Type": "cwc_minecraft_orange_rn"}, {"Y": 1, "X": 2, "Z": -1, "Type": "cwc_minecraft_orange_rn"}, {"Y": 1, "X": 3, "Z": -1, "Type": "cwc_minecraft_orange_rn"}, {"Y": 1, "X": 1, "Z": 0, "Type": "cwc_minecraft_orange_rn"}], "XPos": 0.09480322219796822, "TimeAlive": 1615, "ZPos": 1.4185592752780458, "Timestamp": "2018-04-12 14:35:06", "Yaw": -84.90012, "YPos": 1.0, "BuilderGridRelative": [{"Y": 0, "X": 1, "Z": -2, "Type": "cwc_minecraft_orange_rn"}, {"Y": 0, "X": 2, "Z": -2, "Type": "cwc_minecraft_orange_rn"}, {"Y": 0, "X": 3, "Z": -2, "Type": "cwc_minecraft_orange_rn"}, {"Y": 0, "X": 1, "Z": -1, "Type": "cwc_minecraft_orange_rn"}], "DistanceTravelled": 3403, "BuilderInventory": [{"Index": 0, "Type": "cwc_minecraft_red_rn", "Quantity": 20}, {"Index": 1, "Type": "cwc_minecraft_orange_rn", "Quantity": 16}, {"Index": 2, "Type": "cwc_minecraft_yellow_rn", "Quantity": 20}, {"Index": 3, "Type": "cwc_minecraft_green_rn", "Quantity": 20}, {"Index": 4, "Type": "cwc_minecraft_blue_rn", "Quantity": 20}, {"Index": 5, "Type": "cwc_minecraft_purple_rn", "Quantity": 20}], "Pitch": 38.849968}, {"Timestamp": "2018-04-12 14:35:07", "ScreenshotPath": "71236-Builder-pickup.png"}, {"BuilderGridAbsolute": [{"Y": 1, "X": 1, "Z": -1, "Type": "cwc_minecraft_orange_rn"}, {"Y": 1, "X": 2, "Z": -1, "Type": "cwc_minecraft_orange_rn"}, {"Y": 1, "X": 1, "Z": 0, "Type": "cwc_minecraft_orange_rn"}], "XPos": 3.3532821790795384, "TimeAlive": 1635, "ZPos": 1.4167821103116138, "Timestamp": "2018-04-12 14:35:07", "Yaw": -172.35014, "YPos": 1.0, "BuilderGridRelative": [{"Y": 0, "X": -2, "Z": -2, "Type": "cwc_minecraft_orange_rn"}, {"Y": 0, "X": -1, "Z": -2, "Type": "cwc_minecraft_orange_rn"}, {"Y": 0, "X": -2, "Z": -1, "Type": "cwc_minecraft_orange_rn"}], "DistanceTravelled": 3755, "BuilderInventory": [{"Index": 0, "Type": "cwc_minecraft_red_rn", "Quantity": 20}, {"Index": 1, "Type": "cwc_minecraft_orange_rn", "Quantity": 17}, {"Index": 2, "Type": "cwc_minecraft_yellow_rn", "Quantity": 20}, {"Index": 3, "Type": "cwc_minecraft_green_rn", "Quantity": 20}, {"Index": 4, "Type": "cwc_minecraft_blue_rn", "Quantity": 20}, {"Index": 5, "Type": "cwc_minecraft_purple_rn", "Quantity": 20}], "Pitch": 31.199966}, {"Timestamp": "2018-04-12 14:35:08", "ScreenshotPath": "72232-Builder-pickup.png"}], "NumFixedViewers": 4, "TimeElapsed": 89.69628500938416}