{"WorldStates": [{"Timestamp": "2018-04-13 23:01:35", "Chat": ["<Builder> Mission has started."]}, {"BuilderGridAbsolute": [], "XPos": 0.0, "TimeAlive": 180, "ZPos": 0.0, "Timestamp": "2018-04-13 23:01:35", "Yaw": 0.0, "YPos": 1.0, "ScreenshotPath": "0-Builder-chat.png", "BuilderGridRelative": [], "DistanceTravelled": 0, "BuilderInventory": [{"Index": 0, "Type": "cwc_minecraft_red_rn", "Quantity": 20}, {"Index": 1, "Type": "cwc_minecraft_orange_rn", "Quantity": 20}, {"Index": 2, "Type": "cwc_minecraft_yellow_rn", "Quantity": 20}, {"Index": 3, "Type": "cwc_minecraft_green_rn", "Quantity": 20}, {"Index": 4, "Type": "cwc_minecraft_blue_rn", "Quantity": 20}, {"Index": 5, "Type": "cwc_minecraft_purple_rn", "Quantity": 20}], "Pitch": 0.0}, {"Timestamp": "2018-04-13 23:02:02", "Chat": ["<Builder> where should we start?"]}, {"BuilderGridAbsolute": [], "XPos": 1.6471505652766234, "TimeAlive": 722, "ZPos": -6.591028833669306, "Timestamp": "2018-04-13 23:02:02", "Yaw": -0.90002257, "YPos": 1.0, "ScreenshotPath": "27112-Builder-chat.png", "BuilderGridRelative": [], "DistanceTravelled": 1165, "BuilderInventory": [{"Index": 0, "Type": "cwc_minecraft_red_rn", "Quantity": 20}, {"Index": 1, "Type": "cwc_minecraft_orange_rn", "Quantity": 20}, {"Index": 2, "Type": "cwc_minecraft_yellow_rn", "Quantity": 20}, {"Index": 3, "Type": "cwc_minecraft_green_rn", "Quantity": 20}, {"Index": 4, "Type": "cwc_minecraft_blue_rn", "Quantity": 20}, {"Index": 5, "Type": "cwc_minecraft_purple_rn", "Quantity": 20}], "Pitch": 17.25}, {"Timestamp": "2018-04-13 23:02:25", "Chat": ["<Architect> in the middle build a 3x3 wall of red"]}, {"BuilderGridAbsolute": [], "XPos": -4.6451824851580845, "TimeAlive": 1186, "ZPos": -4.731326343398568, "Timestamp": "2018-04-13 23:02:25", "Yaw": -45.300037, "YPos": 1.0, "ScreenshotPath": "50307-Builder-chat.png", "BuilderGridRelative": [], "DistanceTravelled": 2255, "BuilderInventory": [{"Index": 0, "Type": "cwc_minecraft_red_rn", "Quantity": 20}, {"Index": 1, "Type": "cwc_minecraft_orange_rn", "Quantity": 20}, {"Index": 2, "Type": "cwc_minecraft_yellow_rn", "Quantity": 20}, {"Index": 3, "Type": "cwc_minecraft_green_rn", "Quantity": 20}, {"Index": 4, "Type": "cwc_minecraft_blue_rn", "Quantity": 20}, {"Index": 5, "Type": "cwc_minecraft_purple_rn", "Quantity": 20}], "Pitch": 17.399958}, {"BuilderGridAbsolute": [{"Y": 1, "X": 1, "Z": 0, "Type": "cwc_minecraft_red_rn"}], "XPos": 0.5227481901708799, "TimeAlive": 1343, "ZPos": -2.4588405628107113, "Timestamp": "2018-04-13 23:02:33", "Yaw": -17.250032, "YPos": 1.0, "BuilderGridRelative": [{"Y": 0, "X": 1, "Z": 3, "Type": "cwc_minecraft_red_rn"}], "DistanceTravelled": 2987, "BuilderInventory": [{"Index": 0, "Type": "cwc_minecraft_red_rn", "Quantity": 19}, {"Index": 1, "Type": "cwc_minecraft_orange_rn", "Quantity": 20}, {"Index": 2, "Type": "cwc_minecraft_yellow_rn", "Quantity": 20}, {"Index": 3, "Type": "cwc_minecraft_green_rn", "Quantity": 20}, {"Index": 4, "Type": "cwc_minecraft_blue_rn", "Quantity": 20}, {"Index": 5, "Type": "cwc_minecraft_purple_rn", "Quantity": 20}], "Pitch": 29.849949}, {"Timestamp": "2018-04-13 23:02:33", "ScreenshotPath": "58208-Builder-putdown.png"}, {"BuilderGridAbsolute": [{"Y": 1, "X": 0, "Z": 0, "Type": "cwc_minecraft_red_rn"}, {"Y": 1, "X": 1, "Z": 0, "Type": "cwc_minecraft_red_rn"}], "XPos": 0.5227481901708799, "TimeAlive": 1357, "ZPos": -2.4588405628107113, "Timestamp": "2018-04-13 23:02:34", "Yaw": -2.400033, "YPos": 1.0, "BuilderGridRelative": [{"Y": 0, "X": 0, "Z": 3, "Type": "cwc_minecraft_red_rn"}, {"Y": 0, "X": 1, "Z": 3, "Type": "cwc_minecraft_red_rn"}], "DistanceTravelled": 2987, "BuilderInventory": [{"Index": 0, "Type": "cwc_minecraft_red_rn", "Quantity": 18}, {"Index": 1, "Type": "cwc_minecraft_orange_rn", "Quantity": 20}, {"Index": 2, "Type": "cwc_minecraft_yellow_rn", "Quantity": 20}, {"Index": 3, "Type": "cwc_minecraft_green_rn", "Quantity": 20}, {"Index": 4, "Type": "cwc_minecraft_blue_rn", "Quantity": 20}, {"Index": 5, "Type": "cwc_minecraft_purple_rn", "Quantity": 20}], "Pitch": 30.149948}, {"Timestamp": "2018-04-13 23:02:34", "ScreenshotPath": "58906-Builder-putdown.png"}, {"BuilderGridAbsolute": [{"Y": 1, "X": -1, "Z": 0, "Type": "cwc_minecraft_red_rn"}, {"Y": 1, "X": 0, "Z": 0, "Type": "cwc_minecraft_red_rn"}, {"Y": 1, "X": 1, "Z": 0, "Type": "cwc_minecraft_red_rn"}], "XPos": 0.5227481901708799, "TimeAlive": 1371, "ZPos": -2.455749630776059, "Timestamp": "2018-04-13 23:02:34", "Yaw": 13.649965, "YPos": 1.0, "BuilderGridRelative": [{"Y": 0, "X": -1, "Z": 3, "Type": "cwc_minecraft_red_rn"}, {"Y": 0, "X": 0, "Z": 3, "Type": "cwc_minecraft_red_rn"}, {"Y": 0, "X": 1, "Z": 3, "Type": "cwc_minecraft_red_rn"}], "DistanceTravelled": 2987, "BuilderInventory": [{"Index": 0, "Type": "cwc_minecraft_red_rn", "Quantity": 17}, {"Index": 1, "Type": "cwc_minecraft_orange_rn", "Quantity": 20}, {"Index": 2, "Type": "cwc_minecraft_yellow_rn", "Quantity": 20}, {"Index": 3, "Type": "cwc_minecraft_green_rn", "Quantity": 20}, {"Index": 4, "Type": "cwc_minecraft_blue_rn", "Quantity": 20}, {"Index": 5, "Type": "cwc_minecraft_purple_rn", "Quantity": 20}], "Pitch": 29.39995}, {"Timestamp": "2018-04-13 23:02:35", "ScreenshotPath": "59606-Builder-putdown.png"}, {"BuilderGridAbsolute": [{"Y": 1, "X": -1, "Z": 0, "Type": "cwc_minecraft_red_rn"}, {"Y": 1, "X": 0, "Z": 0, "Type": "cwc_minecraft_red_rn"}, {"Y": 1, "X": 1, "Z": 0, "Type": "cwc_minecraft_red_rn"}, {"Y": 2, "X": 1, "Z": 0, "Type": "cwc_minecraft_red_rn"}], "XPos": 0.7484817579125483, "TimeAlive": 1420, "ZPos": -1.6228759516581523, "Timestamp": "2018-04-13 23:02:37", "Yaw": -16.650032, "YPos": 3.492745412442804, "BuilderGridRelative": [{"Y": -2, "X": -1, "Z": 2, "Type": "cwc_minecraft_red_rn"}, {"Y": -2, "X": 0, "Z": 2, "Type": "cwc_minecraft_red_rn"}, {"Y": -2, "X": 1, "Z": 2, "Type": "cwc_minecraft_red_rn"}, {"Y": -1, "X": 1, "Z": 2, "Type": "cwc_minecraft_red_rn"}], "DistanceTravelled": 2987, "BuilderInventory": [{"Index": 0, "Type": "cwc_minecraft_red_rn", "Quantity": 16}, {"Index": 1, "Type": "cwc_minecraft_orange_rn", "Quantity": 20}, {"Index": 2, "Type": "cwc_minecraft_yellow_rn", "Quantity": 20}, {"Index": 3, "Type": "cwc_minecraft_green_rn", "Quantity": 20}, {"Index": 4, "Type": "cwc_minecraft_blue_rn", "Quantity": 20}, {"Index": 5, "Type": "cwc_minecraft_purple_rn", "Quantity": 20}], "Pitch": 55.649967}, {"Timestamp": "2018-04-13 23:02:37", "ScreenshotPath": "62055-Builder-putdown.png"}, {"BuilderGridAbsolute": [{"Y": 1, "X": -1, "Z": 0, "Type": "cwc_minecraft_red_rn"}, {"Y": 1, "X": 0, "Z": 0, "Type": "cwc_minecraft_red_rn"}, {"Y": 1, "X": 1, "Z": 0, "Type": "cwc_minecraft_red_rn"}, {"Y": 2, "X": 1, "Z": 0, "Type": "cwc_minecraft_red_rn"}, {"Y": 3, "X": 1, "Z": 0, "Type": "cwc_minecraft_red_rn"}], "XPos": 0.9101766016664308, "TimeAlive": 1438, "ZPos": -1.02920430537842, "Timestamp": "2018-04-13 23:02:38", "Yaw": -13.050032, "YPos": 3.492745412442804, "BuilderGridRelative": [{"Y": -2, "X": -1, "Z": 2, "Type": "cwc_minecraft_red_rn"}, {"Y": -2, "X": 0, "Z": 2, "Type": "cwc_minecraft_red_rn"}, {"Y": -2, "X": 1, "Z": 2, "Type": "cwc_minecraft_red_rn"}, {"Y": -1, "X": 1, "Z": 2, "Type": "cwc_minecraft_red_rn"}, {"Y": 0, "X": 1, "Z": 2, "Type": "cwc_minecraft_red_rn"}], "DistanceTravelled": 2987, "BuilderInventory": [{"Index": 0, "Type": "cwc_minecraft_red_rn", "Quantity": 15}, {"Index": 1, "Type": "cwc_minecraft_orange_rn", "Quantity": 20}, {"Index": 2, "Type": "cwc_minecraft_yellow_rn", "Quantity": 20}, {"Index": 3, "Type": "cwc_minecraft_green_rn", "Quantity": 20}, {"Index": 4, "Type": "cwc_minecraft_blue_rn", "Quantity": 20}, {"Index": 5, "Type": "cwc_minecraft_purple_rn", "Quantity": 20}], "Pitch": 48.29996}, {"Timestamp": "2018-04-13 23:02:38", "ScreenshotPath": "62955-Builder-putdown.png"}, {"BuilderGridAbsolute": [{"Y": 1, "X": -1, "Z": 0, "Type": "cwc_minecraft_red_rn"}, {"Y": 1, "X": 0, "Z": 0, "Type": "cwc_minecraft_red_rn"}, {"Y": 1, "X": 1, "Z": 0, "Type": "cwc_minecraft_red_rn"}, {"Y": 2, "X": 0, "Z": 0, "Type": "cwc_minecraft_red_rn"}, {"Y": 2, "X": 1, "Z": 0, "Type": "cwc_minecraft_red_rn"}, {"Y": 3, "X": 1, "Z": 0, "Type": "cwc_minecraft_red_rn"}], "XPos": 0.46302626878827713, "TimeAlive": 1461, "ZPos": -0.7892506041053687, "Timestamp": "2018-04-13 23:02:39", "Yaw": -16.050032, "YPos": 3.492745412442804, "BuilderGridRelative": [{"Y": -2, "X": -1, "Z": 1, "Type": "cwc_minecraft_red_rn"}, {"Y": -2, "X": 0, "Z": 1, "Type": "cwc_minecraft_red_rn"}, {"Y": -2, "X": 1, "Z": 1, "Type": "cwc_minecraft_red_rn"}, {"Y": -1, "X": 0, "Z": 1, "Type": "cwc_minecraft_red_rn"}, {"Y": -1, "X": 1, "Z": 1, "Type": "cwc_minecraft_red_rn"}, {"Y": 0, "X": 1, "Z": 1, "Type": "cwc_minecraft_red_rn"}], "DistanceTravelled": 2987, "BuilderInventory": [{"Index": 0, "Type": "cwc_minecraft_red_rn", "Quantity": 14}, {"Index": 1, "Type": "cwc_minecraft_orange_rn", "Quantity": 20}, {"Index": 2, "Type": "cwc_minecraft_yellow_rn", "Quantity": 20}, {"Index": 3, "Type": "cwc_minecraft_green_rn", "Quantity": 20}, {"Index": 4, "Type": "cwc_minecraft_blue_rn", "Quantity": 20}, {"Index": 5, "Type": "cwc_minecraft_purple_rn", "Quantity": 20}], "Pitch": 67.64995}, {"Timestamp": "2018-04-13 23:02:39", "ScreenshotPath": "64105-Builder-putdown.png"}, {"BuilderGridAbsolute": [{"Y": 1, "X": -1, "Z": 0, "Type": "cwc_minecraft_red_rn"}, {"Y": 1, "X": 0, "Z": 0, "Type": "cwc_minecraft_red_rn"}, {"Y": 1, "X": 1, "Z": 0, "Type": "cwc_minecraft_red_rn"}, {"Y": 2, "X": 0, "Z": 0, "Type": "cwc_minecraft_red_rn"}, {"Y": 2, "X": 1, "Z": 0, "Type": "cwc_minecraft_red_rn"}, {"Y": 3, "X": 0, "Z": 0, "Type": "cwc_minecraft_red_rn"}, {"Y": 3, "X": 1, "Z": 0, "Type": "cwc_minecraft_red_rn"}], "XPos": 0.4313982874690898, "TimeAlive": 1470, "ZPos": -0.7892506041053687, "Timestamp": "2018-04-13 23:02:39", "Yaw": -13.500032, "YPos": 3.492745412442804, "BuilderGridRelative": [{"Y": -2, "X": -1, "Z": 1, "Type": "cwc_minecraft_red_rn"}, {"Y": -2, "X": 0, "Z": 1, "Type": "cwc_minecraft_red_rn"}, {"Y": -2, "X": 1, "Z": 1, "Type": "cwc_minecraft_red_rn"}, {"Y": -1, "X": 0, "Z": 1, "Type": "cwc_minecraft_red_rn"}, {"Y": -1, "X": 1, "Z": 1, "Type": "cwc_minecraft_red_rn"}, {"Y": 0, "X": 0, "Z": 1, "Type": "cwc_minecraft_red_rn"}, {"Y": 0, "X": 1, "Z": 1, "Type": "cwc_minecraft_red_rn"}], "DistanceTravelled": 2987, "BuilderInventory": [{"Index": 0, "Type": "cwc_minecraft_red_rn", "Quantity": 13}, {"Index": 1, "Type": "cwc_minecraft_orange_rn", "Quantity": 20}, {"Index": 2, "Type": "cwc_minecraft_yellow_rn", "Quantity": 20}, {"Index": 3, "Type": "cwc_minecraft_green_rn", "Quantity": 20}, {"Index": 4, "Type": "cwc_minecraft_blue_rn", "Quantity": 20}, {"Index": 5, "Type": "cwc_minecraft_purple_rn", "Quantity": 20}], "Pitch": 56.249954}, {"Timestamp": "2018-04-13 23:02:40", "ScreenshotPath": "64555-Builder-putdown.png"}, {"BuilderGridAbsolute": [{"Y": 1, "X": -1, "Z": 0, "Type": "cwc_minecraft_red_rn"}, {"Y": 1, "X": 0, "Z": 0, "Type": "cwc_minecraft_red_rn"}, {"Y": 1, "X": 1, "Z": 0, "Type": "cwc_minecraft_red_rn"}, {"Y": 2, "X": -1, "Z": 0, "Type": "cwc_minecraft_red_rn"}, {"Y": 2, "X": 0, "Z": 0, "Type": "cwc_minecraft_red_rn"}, {"Y": 2, "X": 1, "Z": 0, "Type": "cwc_minecraft_red_rn"}, {"Y": 3, "X": 0, "Z": 0, "Type": "cwc_minecraft_red_rn"}, {"Y": 3, "X": 1, "Z": 0, "Type": "cwc_minecraft_red_rn"}], "XPos": -0.33089446041029213, "TimeAlive": 1495, "ZPos": -0.422190059333265, "Timestamp": "2018-04-13 23:02:41", "Yaw": 12.899967, "YPos": 3.492745412442804, "BuilderGridRelative": [{"Y": -2, "X": 0, "Z": 1, "Type": "cwc_minecraft_red_rn"}, {"Y": -2, "X": 1, "Z": 1, "Type": "cwc_minecraft_red_rn"}, {"Y": -2, "X": 2, "Z": 1, "Type": "cwc_minecraft_red_rn"}, {"Y": -1, "X": 0, "Z": 1, "Type": "cwc_minecraft_red_rn"}, {"Y": -1, "X": 1, "Z": 1, "Type": "cwc_minecraft_red_rn"}, {"Y": -1, "X": 2, "Z": 1, "Type": "cwc_minecraft_red_rn"}, {"Y": 0, "X": 1, "Z": 1, "Type": "cwc_minecraft_red_rn"}, {"Y": 0, "X": 2, "Z": 1, "Type": "cwc_minecraft_red_rn"}], "DistanceTravelled": 2987, "BuilderInventory": [{"Index": 0, "Type": "cwc_minecraft_red_rn", "Quantity": 12}, {"Index": 1, "Type": "cwc_minecraft_orange_rn", "Quantity": 20}, {"Index": 2, "Type": "cwc_minecraft_yellow_rn", "Quantity": 20}, {"Index": 3, "Type": "cwc_minecraft_green_rn", "Quantity": 20}, {"Index": 4, "Type": "cwc_minecraft_blue_rn", "Quantity": 20}, {"Index": 5, "Type": "cwc_minecraft_purple_rn", "Quantity": 20}], "Pitch": 69.44997}, {"Timestamp": "2018-04-13 23:02:41", "ScreenshotPath": "65807-Builder-putdown.png"}, {"BuilderGridAbsolute": [{"Y": 1, "X": -1, "Z": 0, "Type": "cwc_minecraft_red_rn"}, {"Y": 1, "X": 0, "Z": 0, "Type": "cwc_minecraft_red_rn"}, {"Y": 1, "X": 1, "Z": 0, "Type": "cwc_minecraft_red_rn"}, {"Y": 2, "X": -1, "Z": 0, "Type": "cwc_minecraft_red_rn"}, {"Y": 2, "X": 0, "Z": 0, "Type": "cwc_minecraft_red_rn"}, {"Y": 2, "X": 1, "Z": 0, "Type": "cwc_minecraft_red_rn"}, {"Y": 3, "X": -1, "Z": 0, "Type": "cwc_minecraft_red_rn"}, {"Y": 3, "X": 0, "Z": 0, "Type": "cwc_minecraft_red_rn"}, {"Y": 3, "X": 1, "Z": 0, "Type": "cwc_minecraft_red_rn"}], "XPos": -0.69840900541867, "TimeAlive": 1503, "ZPos": -0.30000001192092973, "Timestamp": "2018-04-13 23:02:41", "Yaw": 10.499968, "YPos": 3.492745412442804, "BuilderGridRelative": [{"Y": -2, "X": 0, "Z": 1, "Type": "cwc_minecraft_red_rn"}, {"Y": -2, "X": 1, "Z": 1, "Type": "cwc_minecraft_red_rn"}, {"Y": -2, "X": 2, "Z": 1, "Type": "cwc_minecraft_red_rn"}, {"Y": -1, "X": 0, "Z": 1, "Type": "cwc_minecraft_red_rn"}, {"Y": -1, "X": 1, "Z": 1, "Type": "cwc_minecraft_red_rn"}, {"Y": -1, "X": 2, "Z": 1, "Type": "cwc_minecraft_red_rn"}, {"Y": 0, "X": 0, "Z": 1, "Type": "cwc_minecraft_red_rn"}, {"Y": 0, "X": 1, "Z": 1, "Type": "cwc_minecraft_red_rn"}, {"Y": 0, "X": 2, "Z": 1, "Type": "cwc_minecraft_red_rn"}], "DistanceTravelled": 2987, "BuilderInventory": [{"Index": 0, "Type": "cwc_minecraft_red_rn", "Quantity": 11}, {"Index": 1, "Type": "cwc_minecraft_orange_rn", "Quantity": 20}, {"Index": 2, "Type": "cwc_minecraft_yellow_rn", "Quantity": 20}, {"Index": 3, "Type": "cwc_minecraft_green_rn", "Quantity": 20}, {"Index": 4, "Type": "cwc_minecraft_blue_rn", "Quantity": 20}, {"Index": 5, "Type": "cwc_minecraft_purple_rn", "Quantity": 20}], "Pitch": 69.44997}, {"Timestamp": "2018-04-13 23:02:41", "ScreenshotPath": "66206-Builder-putdown.png"}, {"Timestamp": "2018-04-13 23:02:54", "Chat": ["<Architect> and remove the middle block"]}, {"BuilderGridAbsolute": [{"Y": 1, "X": -1, "Z": 0, "Type": "cwc_minecraft_red_rn"}, {"Y": 1, "X": 0, "Z": 0, "Type": "cwc_minecraft_red_rn"}, {"Y": 1, "X": 1, "Z": 0, "Type": "cwc_minecraft_red_rn"}, {"Y": 2, "X": -1, "Z": 0, "Type": "cwc_minecraft_red_rn"}, {"Y": 2, "X": 0, "Z": 0, "Type": "cwc_minecraft_red_rn"}, {"Y": 2, "X": 1, "Z": 0, "Type": "cwc_minecraft_red_rn"}, {"Y": 3, "X": -1, "Z": 0, "Type": "cwc_minecraft_red_rn"}, {"Y": 3, "X": 0, "Z": 0, "Type": "cwc_minecraft_red_rn"}, {"Y": 3, "X": 1, "Z": 0, "Type": "cwc_minecraft_red_rn"}], "XPos": -4.5787660384179585, "TimeAlive": 1766, "ZPos": -3.1104082225750407, "Timestamp": "2018-04-13 23:02:54", "Yaw": -48.75003, "YPos": 1.0, "ScreenshotPath": "79302-Builder-chat.png", "BuilderGridRelative": [{"Y": 0, "X": 4, "Z": 4, "Type": "cwc_minecraft_red_rn"}, {"Y": 0, "X": 5, "Z": 4, "Type": "cwc_minecraft_red_rn"}, {"Y": 0, "X": 6, "Z": 4, "Type": "cwc_minecraft_red_rn"}, {"Y": 1, "X": 4, "Z": 4, "Type": "cwc_minecraft_red_rn"}, {"Y": 1, "X": 5, "Z": 4, "Type": "cwc_minecraft_red_rn"}, {"Y": 1, "X": 6, "Z": 4, "Type": "cwc_minecraft_red_rn"}, {"Y": 2, "X": 4, "Z": 4, "Type": "cwc_minecraft_red_rn"}, {"Y": 2, "X": 5, "Z": 4, "Type": "cwc_minecraft_red_rn"}, {"Y": 2, "X": 6, "Z": 4, "Type": "cwc_minecraft_red_rn"}], "DistanceTravelled": 3583, "BuilderInventory": [{"Index": 0, "Type": "cwc_minecraft_red_rn", "Quantity": 11}, {"Index": 1, "Type": "cwc_minecraft_orange_rn", "Quantity": 20}, {"Index": 2, "Type": "cwc_minecraft_yellow_rn", "Quantity": 20}, {"Index": 3, "Type": "cwc_minecraft_green_rn", "Quantity": 20}, {"Index": 4, "Type": "cwc_minecraft_blue_rn", "Quantity": 20}, {"Index": 5, "Type": "cwc_minecraft_purple_rn", "Quantity": 20}], "Pitch": 13.499975}, {"BuilderGridAbsolute": [{"Y": 1, "X": -1, "Z": 0, "Type": "cwc_minecraft_red_rn"}, {"Y": 1, "X": 0, "Z": 0, "Type": "cwc_minecraft_red_rn"}, {"Y": 1, "X": 1, "Z": 0, "Type": "cwc_minecraft_red_rn"}, {"Y": 2, "X": -1, "Z": 0, "Type": "cwc_minecraft_red_rn"}, {"Y": 2, "X": 1, "Z": 0, "Type": "cwc_minecraft_red_rn"}, {"Y": 3, "X": -1, "Z": 0, "Type": "cwc_minecraft_red_rn"}, {"Y": 3, "X": 0, "Z": 0, "Type": "cwc_minecraft_red_rn"}, {"Y": 3, "X": 1, "Z": 0, "Type": "cwc_minecraft_red_rn"}], "XPos": 0.19105970463880467, "TimeAlive": 1823, "ZPos": -1.3256390852233477, "Timestamp": "2018-04-13 23:02:57", "Yaw": -11.850027, "YPos": 1.0, "BuilderGridRelative": [{"Y": 0, "X": -1, "Z": 2, "Type": "cwc_minecraft_red_rn"}, {"Y": 0, "X": 0, "Z": 2, "Type": "cwc_minecraft_red_rn"}, {"Y": 0, "X": 1, "Z": 2, "Type": "cwc_minecraft_red_rn"}, {"Y": 1, "X": -1, "Z": 2, "Type": "cwc_minecraft_red_rn"}, {"Y": 1, "X": 1, "Z": 2, "Type": "cwc_minecraft_red_rn"}, {"Y": 2, "X": -1, "Z": 2, "Type": "cwc_minecraft_red_rn"}, {"Y": 2, "X": 0, "Z": 2, "Type": "cwc_minecraft_red_rn"}, {"Y": 2, "X": 1, "Z": 2, "Type": "cwc_minecraft_red_rn"}], "DistanceTravelled": 4131, "BuilderInventory": [{"Index": 0, "Type": "cwc_minecraft_red_rn", "Quantity": 12}, {"Index": 1, "Type": "cwc_minecraft_orange_rn", "Quantity": 20}, {"Index": 2, "Type": "cwc_minecraft_yellow_rn", "Quantity": 20}, {"Index": 3, "Type": "cwc_minecraft_green_rn", "Quantity": 20}, {"Index": 4, "Type": "cwc_minecraft_blue_rn", "Quantity": 20}, {"Index": 5, "Type": "cwc_minecraft_purple_rn", "Quantity": 20}], "Pitch": 11.099977}, {"Timestamp": "2018-04-13 23:02:57", "ScreenshotPath": "82254-Builder-pickup.png"}, {"Timestamp": "2018-04-13 23:03:24", "Chat": ["<Architect> leaving one space inbetween make another 3x3 wall parallel to the red of blue"]}, {"BuilderGridAbsolute": [{"Y": 1, "X": -1, "Z": 0, "Type": "cwc_minecraft_red_rn"}, {"Y": 1, "X": 0, "Z": 0, "Type": "cwc_minecraft_red_rn"}, {"Y": 1, "X": 1, "Z": 0, "Type": "cwc_minecraft_red_rn"}, {"Y": 2, "X": -1, "Z": 0, "Type": "cwc_minecraft_red_rn"}, {"Y": 2, "X": 1, "Z": 0, "Type": "cwc_minecraft_red_rn"}, {"Y": 3, "X": -1, "Z": 0, "Type": "cwc_minecraft_red_rn"}, {"Y": 3, "X": 0, "Z": 0, "Type": "cwc_minecraft_red_rn"}, {"Y": 3, "X": 1, "Z": 0, "Type": "cwc_minecraft_red_rn"}], "XPos": -3.0749473341075477, "TimeAlive": 2364, "ZPos": 4.28418382096107, "Timestamp": "2018-04-13 23:03:24", "Yaw": -114.90006, "YPos": 1.0, "ScreenshotPath": "109199-Builder-chat.png", "BuilderGridRelative": [{"Y": 0, "X": 3, "Z": -4, "Type": "cwc_minecraft_red_rn"}, {"Y": 0, "X": 4, "Z": -4, "Type": "cwc_minecraft_red_rn"}, {"Y": 0, "X": 5, "Z": -4, "Type": "cwc_minecraft_red_rn"}, {"Y": 1, "X": 3, "Z": -4, "Type": "cwc_minecraft_red_rn"}, {"Y": 1, "X": 5, "Z": -4, "Type": "cwc_minecraft_red_rn"}, {"Y": 2, "X": 3, "Z": -4, "Type": "cwc_minecraft_red_rn"}, {"Y": 2, "X": 4, "Z": -4, "Type": "cwc_minecraft_red_rn"}, {"Y": 2, "X": 5, "Z": -4, "Type": "cwc_minecraft_red_rn"}], "DistanceTravelled": 5830, "BuilderInventory": [{"Index": 0, "Type": "cwc_minecraft_red_rn", "Quantity": 12}, {"Index": 1, "Type": "cwc_minecraft_orange_rn", "Quantity": 20}, {"Index": 2, "Type": "cwc_minecraft_yellow_rn", "Quantity": 20}, {"Index": 3, "Type": "cwc_minecraft_green_rn", "Quantity": 20}, {"Index": 4, "Type": "cwc_minecraft_blue_rn", "Quantity": 20}, {"Index": 5, "Type": "cwc_minecraft_purple_rn", "Quantity": 20}], "Pitch": -1.0500289}, {"Timestamp": "2018-04-13 23:03:32", "Chat": ["<Builder> also with a hole?"]}, {"BuilderGridAbsolute": [{"Y": 1, "X": -1, "Z": 0, "Type": "cwc_minecraft_red_rn"}, {"Y": 1, "X": 0, "Z": 0, "Type": "cwc_minecraft_red_rn"}, {"Y": 1, "X": 1, "Z": 0, "Type": "cwc_minecraft_red_rn"}, {"Y": 2, "X": -1, "Z": 0, "Type": "cwc_minecraft_red_rn"}, {"Y": 2, "X": 1, "Z": 0, "Type": "cwc_minecraft_red_rn"}, {"Y": 3, "X": -1, "Z": 0, "Type": "cwc_minecraft_red_rn"}, {"Y": 3, "X": 0, "Z": 0, "Type": "cwc_minecraft_red_rn"}, {"Y": 3, "X": 1, "Z": 0, "Type": "cwc_minecraft_red_rn"}], "XPos": -3.3431097494194395, "TimeAlive": 2525, "ZPos": 3.702002576383144, "Timestamp": "2018-04-13 23:03:32", "Yaw": -114.90006, "YPos": 1.0, "ScreenshotPath": "117263-Builder-chat.png", "BuilderGridRelative": [{"Y": 0, "X": 3, "Z": -3, "Type": "cwc_minecraft_red_rn"}, {"Y": 0, "X": 4, "Z": -3, "Type": "cwc_minecraft_red_rn"}, {"Y": 0, "X": 5, "Z": -3, "Type": "cwc_minecraft_red_rn"}, {"Y": 1, "X": 3, "Z": -3, "Type": "cwc_minecraft_red_rn"}, {"Y": 1, "X": 5, "Z": -3, "Type": "cwc_minecraft_red_rn"}, {"Y": 2, "X": 3, "Z": -3, "Type": "cwc_minecraft_red_rn"}, {"Y": 2, "X": 4, "Z": -3, "Type": "cwc_minecraft_red_rn"}, {"Y": 2, "X": 5, "Z": -3, "Type": "cwc_minecraft_red_rn"}], "DistanceTravelled": 5894, "BuilderInventory": [{"Index": 0, "Type": "cwc_minecraft_red_rn", "Quantity": 12}, {"Index": 1, "Type": "cwc_minecraft_orange_rn", "Quantity": 20}, {"Index": 2, "Type": "cwc_minecraft_yellow_rn", "Quantity": 20}, {"Index": 3, "Type": "cwc_minecraft_green_rn", "Quantity": 20}, {"Index": 4, "Type": "cwc_minecraft_blue_rn", "Quantity": 20}, {"Index": 5, "Type": "cwc_minecraft_purple_rn", "Quantity": 20}], "Pitch": -1.0500289}, {"BuilderGridAbsolute": [{"Y": 1, "X": -1, "Z": 0, "Type": "cwc_minecraft_red_rn"}, {"Y": 1, "X": 0, "Z": 0, "Type": "cwc_minecraft_red_rn"}, {"Y": 1, "X": 1, "Z": 0, "Type": "cwc_minecraft_red_rn"}, {"Y": 1, "X": -1, "Z": 2, "Type": "cwc_minecraft_blue_rn"}, {"Y": 2, "X": -1, "Z": 0, "Type": "cwc_minecraft_red_rn"}, {"Y": 2, "X": 1, "Z": 0, "Type": "cwc_minecraft_red_rn"}, {"Y": 3, "X": -1, "Z": 0, "Type": "cwc_minecraft_red_rn"}, {"Y": 3, "X": 0, "Z": 0, "Type": "cwc_minecraft_red_rn"}, {"Y": 3, "X": 1, "Z": 0, "Type": "cwc_minecraft_red_rn"}], "XPos": -0.6991373769861103, "TimeAlive": 2593, "ZPos": 4.3001974707564585, "Timestamp": "2018-04-13 23:03:35", "Yaw": -175.94998, "YPos": 1.0, "BuilderGridRelative": [{"Y": 0, "X": 0, "Z": -4, "Type": "cwc_minecraft_red_rn"}, {"Y": 0, "X": 1, "Z": -4, "Type": "cwc_minecraft_red_rn"}, {"Y": 0, "X": 2, "Z": -4, "Type": "cwc_minecraft_red_rn"}, {"Y": 0, "X": 0, "Z": -2, "Type": "cwc_minecraft_blue_rn"}, {"Y": 1, "X": 0, "Z": -4, "Type": "cwc_minecraft_red_rn"}, {"Y": 1, "X": 2, "Z": -4, "Type": "cwc_minecraft_red_rn"}, {"Y": 2, "X": 0, "Z": -4, "Type": "cwc_minecraft_red_rn"}, {"Y": 2, "X": 1, "Z": -4, "Type": "cwc_minecraft_red_rn"}, {"Y": 2, "X": 2, "Z": -4, "Type": "cwc_minecraft_red_rn"}], "DistanceTravelled": 6229, "BuilderInventory": [{"Index": 0, "Type": "cwc_minecraft_red_rn", "Quantity": 12}, {"Index": 1, "Type": "cwc_minecraft_orange_rn", "Quantity": 20}, {"Index": 2, "Type": "cwc_minecraft_yellow_rn", "Quantity": 20}, {"Index": 3, "Type": "cwc_minecraft_green_rn", "Quantity": 20}, {"Index": 4, "Type": "cwc_minecraft_blue_rn", "Quantity": 19}, {"Index": 5, "Type": "cwc_minecraft_purple_rn", "Quantity": 20}], "Pitch": 40.949978}, {"Timestamp": "2018-04-13 23:03:36", "ScreenshotPath": "120700-Builder-putdown.png"}, {"Timestamp": "2018-04-13 23:03:36", "Chat": ["<Architect> yes"]}, {"BuilderGridAbsolute": [{"Y": 1, "X": -1, "Z": 0, "Type": "cwc_minecraft_red_rn"}, {"Y": 1, "X": 0, "Z": 0, "Type": "cwc_minecraft_red_rn"}, {"Y": 1, "X": 1, "Z": 0, "Type": "cwc_minecraft_red_rn"}, {"Y": 1, "X": -1, "Z": 2, "Type": "cwc_minecraft_blue_rn"}, {"Y": 2, "X": -1, "Z": 0, "Type": "cwc_minecraft_red_rn"}, {"Y": 2, "X": 1, "Z": 0, "Type": "cwc_minecraft_red_rn"}, {"Y": 3, "X": -1, "Z": 0, "Type": "cwc_minecraft_red_rn"}, {"Y": 3, "X": 0, "Z": 0, "Type": "cwc_minecraft_red_rn"}, {"Y": 3, "X": 1, "Z": 0, "Type": "cwc_minecraft_red_rn"}], "XPos": 1.271577002828466, "TimeAlive": 2609, "ZPos": 4.026597150644952, "Timestamp": "2018-04-13 23:03:36", "Yaw": -195.74997, "YPos": 1.0, "ScreenshotPath": "121462-Builder-chat.png", "BuilderGridRelative": [{"Y": 0, "X": -2, "Z": -4, "Type": "cwc_minecraft_red_rn"}, {"Y": 0, "X": -1, "Z": -4, "Type": "cwc_minecraft_red_rn"}, {"Y": 0, "X": 0, "Z": -4, "Type": "cwc_minecraft_red_rn"}, {"Y": 0, "X": -2, "Z": -2, "Type": "cwc_minecraft_blue_rn"}, {"Y": 1, "X": -2, "Z": -4, "Type": "cwc_minecraft_red_rn"}, {"Y": 1, "X": 0, "Z": -4, "Type": "cwc_minecraft_red_rn"}, {"Y": 2, "X": -2, "Z": -4, "Type": "cwc_minecraft_red_rn"}, {"Y": 2, "X": -1, "Z": -4, "Type": "cwc_minecraft_red_rn"}, {"Y": 2, "X": 0, "Z": -4, "Type": "cwc_minecraft_red_rn"}], "DistanceTravelled": 6434, "BuilderInventory": [{"Index": 0, "Type": "cwc_minecraft_red_rn", "Quantity": 12}, {"Index": 1, "Type": "cwc_minecraft_orange_rn", "Quantity": 20}, {"Index": 2, "Type": "cwc_minecraft_yellow_rn", "Quantity": 20}, {"Index": 3, "Type": "cwc_minecraft_green_rn", "Quantity": 20}, {"Index": 4, "Type": "cwc_minecraft_blue_rn", "Quantity": 19}, {"Index": 5, "Type": "cwc_minecraft_purple_rn", "Quantity": 20}], "Pitch": 44.849987}, {"BuilderGridAbsolute": [{"Y": 1, "X": -1, "Z": 0, "Type": "cwc_minecraft_red_rn"}, {"Y": 1, "X": 0, "Z": 0, "Type": "cwc_minecraft_red_rn"}, {"Y": 1, "X": 1, "Z": 0, "Type": "cwc_minecraft_red_rn"}, {"Y": 1, "X": -1, "Z": 2, "Type": "cwc_minecraft_blue_rn"}, {"Y": 1, "X": 0, "Z": 2, "Type": "cwc_minecraft_blue_rn"}, {"Y": 2, "X": -1, "Z": 0, "Type": "cwc_minecraft_red_rn"}, {"Y": 2, "X": 1, "Z": 0, "Type": "cwc_minecraft_red_rn"}, {"Y": 3, "X": -1, "Z": 0, "Type": "cwc_minecraft_red_rn"}, {"Y": 3, "X": 0, "Z": 0, "Type": "cwc_minecraft_red_rn"}, {"Y": 3, "X": 1, "Z": 0, "Type": "cwc_minecraft_red_rn"}], "XPos": 1.304764958098878, "TimeAlive": 2614, "ZPos": 4.022367121765522, "Timestamp": "2018-04-13 23:03:36", "Yaw": -202.94995, "YPos": 1.0, "BuilderGridRelative": [{"Y": 0, "X": -2, "Z": -4, "Type": "cwc_minecraft_red_rn"}, {"Y": 0, "X": -1, "Z": -4, "Type": "cwc_minecraft_red_rn"}, {"Y": 0, "X": 0, "Z": -4, "Type": "cwc_minecraft_red_rn"}, {"Y": 0, "X": -2, "Z": -2, "Type": "cwc_minecraft_blue_rn"}, {"Y": 0, "X": -1, "Z": -2, "Type": "cwc_minecraft_blue_rn"}, {"Y": 1, "X": -2, "Z": -4, "Type": "cwc_minecraft_red_rn"}, {"Y": 1, "X": 0, "Z": -4, "Type": "cwc_minecraft_red_rn"}, {"Y": 2, "X": -2, "Z": -4, "Type": "cwc_minecraft_red_rn"}, {"Y": 2, "X": -1, "Z": -4, "Type": "cwc_minecraft_red_rn"}, {"Y": 2, "X": 0, "Z": -4, "Type": "cwc_minecraft_red_rn"}], "DistanceTravelled": 6437, "BuilderInventory": [{"Index": 0, "Type": "cwc_minecraft_red_rn", "Quantity": 12}, {"Index": 1, "Type": "cwc_minecraft_orange_rn", "Quantity": 20}, {"Index": 2, "Type": "cwc_minecraft_yellow_rn", "Quantity": 20}, {"Index": 3, "Type": "cwc_minecraft_green_rn", "Quantity": 20}, {"Index": 4, "Type": "cwc_minecraft_blue_rn", "Quantity": 18}, {"Index": 5, "Type": "cwc_minecraft_purple_rn", "Quantity": 20}], "Pitch": 44.849987}, {"Timestamp": "2018-04-13 23:03:37", "ScreenshotPath": "121764-Builder-putdown.png"}, {"BuilderGridAbsolute": [{"Y": 1, "X": -1, "Z": 0, "Type": "cwc_minecraft_red_rn"}, {"Y": 1, "X": 0, "Z": 0, "Type": "cwc_minecraft_red_rn"}, {"Y": 1, "X": 1, "Z": 0, "Type": "cwc_minecraft_red_rn"}, {"Y": 1, "X": -1, "Z": 2, "Type": "cwc_minecraft_blue_rn"}, {"Y": 1, "X": 0, "Z": 2, "Type": "cwc_minecraft_blue_rn"}, {"Y": 1, "X": 1, "Z": 2, "Type": "cwc_minecraft_blue_rn"}, {"Y": 2, "X": -1, "Z": 0, "Type": "cwc_minecraft_red_rn"}, {"Y": 2, "X": 1, "Z": 0, "Type": "cwc_minecraft_red_rn"}, {"Y": 3, "X": -1, "Z": 0, "Type": "cwc_minecraft_red_rn"}, {"Y": 3, "X": 0, "Z": 0, "Type": "cwc_minecraft_red_rn"}, {"Y": 3, "X": 1, "Z": 0, "Type": "cwc_minecraft_red_rn"}], "XPos": 1.304764958098878, "TimeAlive": 2627, "ZPos": 4.022367121765522, "Timestamp": "2018-04-13 23:03:37", "Yaw": -182.84998, "YPos": 1.0, "BuilderGridRelative": [{"Y": 0, "X": -2, "Z": -4, "Type": "cwc_minecraft_red_rn"}, {"Y": 0, "X": -1, "Z": -4, "Type": "cwc_minecraft_red_rn"}, {"Y": 0, "X": 0, "Z": -4, "Type": "cwc_minecraft_red_rn"}, {"Y": 0, "X": -2, "Z": -2, "Type": "cwc_minecraft_blue_rn"}, {"Y": 0, "X": -1, "Z": -2, "Type": "cwc_minecraft_blue_rn"}, {"Y": 0, "X": 0, "Z": -2, "Type": "cwc_minecraft_blue_rn"}, {"Y": 1, "X": -2, "Z": -4, "Type": "cwc_minecraft_red_rn"}, {"Y": 1, "X": 0, "Z": -4, "Type": "cwc_minecraft_red_rn"}, {"Y": 2, "X": -2, "Z": -4, "Type": "cwc_minecraft_red_rn"}, {"Y": 2, "X": -1, "Z": -4, "Type": "cwc_minecraft_red_rn"}, {"Y": 2, "X": 0, "Z": -4, "Type": "cwc_minecraft_red_rn"}], "DistanceTravelled": 6437, "BuilderInventory": [{"Index": 0, "Type": "cwc_minecraft_red_rn", "Quantity": 12}, {"Index": 1, "Type": "cwc_minecraft_orange_rn", "Quantity": 20}, {"Index": 2, "Type": "cwc_minecraft_yellow_rn", "Quantity": 20}, {"Index": 3, "Type": "cwc_minecraft_green_rn", "Quantity": 20}, {"Index": 4, "Type": "cwc_minecraft_blue_rn", "Quantity": 17}, {"Index": 5, "Type": "cwc_minecraft_purple_rn", "Quantity": 20}], "Pitch": 48.149986}, {"Timestamp": "2018-04-13 23:03:37", "ScreenshotPath": "122412-Builder-putdown.png"}, {"BuilderGridAbsolute": [{"Y": 1, "X": -1, "Z": 0, "Type": "cwc_minecraft_red_rn"}, {"Y": 1, "X": 0, "Z": 0, "Type": "cwc_minecraft_red_rn"}, {"Y": 1, "X": 1, "Z": 0, "Type": "cwc_minecraft_red_rn"}, {"Y": 1, "X": -1, "Z": 2, "Type": "cwc_minecraft_blue_rn"}, {"Y": 1, "X": 0, "Z": 2, "Type": "cwc_minecraft_blue_rn"}, {"Y": 1, "X": 1, "Z": 2, "Type": "cwc_minecraft_blue_rn"}, {"Y": 2, "X": -1, "Z": 0, "Type": "cwc_minecraft_red_rn"}, {"Y": 2, "X": 1, "Z": 0, "Type": "cwc_minecraft_red_rn"}, {"Y": 2, "X": -1, "Z": 2, "Type": "cwc_minecraft_blue_rn"}, {"Y": 3, "X": -1, "Z": 0, "Type": "cwc_minecraft_red_rn"}, {"Y": 3, "X": 0, "Z": 0, "Type": "cwc_minecraft_red_rn"}, {"Y": 3, "X": 1, "Z": 0, "Type": "cwc_minecraft_red_rn"}], "XPos": 0.8057543578410464, "TimeAlive": 2645, "ZPos": 4.913254117389827, "Timestamp": "2018-04-13 23:03:38", "Yaw": -208.94995, "YPos": 1.0, "ScreenshotPath": "123262-Builder-putdown.png", "BuilderGridRelative": [{"Y": 0, "X": -1, "Z": -4, "Type": "cwc_minecraft_red_rn"}, {"Y": 0, "X": 0, "Z": -4, "Type": "cwc_minecraft_red_rn"}, {"Y": 0, "X": 1, "Z": -4, "Type": "cwc_minecraft_red_rn"}, {"Y": 0, "X": -1, "Z": -2, "Type": "cwc_minecraft_blue_rn"}, {"Y": 0, "X": 0, "Z": -2, "Type": "cwc_minecraft_blue_rn"}, {"Y": 0, "X": 1, "Z": -2, "Type": "cwc_minecraft_blue_rn"}, {"Y": 1, "X": -1, "Z": -4, "Type": "cwc_minecraft_red_rn"}, {"Y": 1, "X": 1, "Z": -4, "Type": "cwc_minecraft_red_rn"}, {"Y": 1, "X": -1, "Z": -2, "Type": "cwc_minecraft_blue_rn"}, {"Y": 2, "X": -1, "Z": -4, "Type": "cwc_minecraft_red_rn"}, {"Y": 2, "X": 0, "Z": -4, "Type": "cwc_minecraft_red_rn"}, {"Y": 2, "X": 1, "Z": -4, "Type": "cwc_minecraft_red_rn"}], "DistanceTravelled": 6541, "BuilderInventory": [{"Index": 0, "Type": "cwc_minecraft_red_rn", "Quantity": 12}, {"Index": 1, "Type": "cwc_minecraft_orange_rn", "Quantity": 20}, {"Index": 2, "Type": "cwc_minecraft_yellow_rn", "Quantity": 20}, {"Index": 3, "Type": "cwc_minecraft_green_rn", "Quantity": 20}, {"Index": 4, "Type": "cwc_minecraft_blue_rn", "Quantity": 16}, {"Index": 5, "Type": "cwc_minecraft_purple_rn", "Quantity": 20}], "Pitch": 12.599984}, {"BuilderGridAbsolute": [{"Y": 1, "X": -1, "Z": 0, "Type": "cwc_minecraft_red_rn"}, {"Y": 1, "X": 0, "Z": 0, "Type": "cwc_minecraft_red_rn"}, {"Y": 1, "X": 1, "Z": 0, "Type": "cwc_minecraft_red_rn"}, {"Y": 1, "X": -1, "Z": 2, "Type": "cwc_minecraft_blue_rn"}, {"Y": 1, "X": 0, "Z": 2, "Type": "cwc_minecraft_blue_rn"}, {"Y": 1, "X": 1, "Z": 2, "Type": "cwc_minecraft_blue_rn"}, {"Y": 2, "X": -1, "Z": 0, "Type": "cwc_minecraft_red_rn"}, {"Y": 2, "X": 1, "Z": 0, "Type": "cwc_minecraft_red_rn"}, {"Y": 2, "X": -1, "Z": 2, "Type": "cwc_minecraft_blue_rn"}, {"Y": 2, "X": 1, "Z": 2, "Type": "cwc_minecraft_blue_rn"}, {"Y": 3, "X": -1, "Z": 0, "Type": "cwc_minecraft_red_rn"}, {"Y": 3, "X": 0, "Z": 0, "Type": "cwc_minecraft_red_rn"}, {"Y": 3, "X": 1, "Z": 0, "Type": "cwc_minecraft_red_rn"}], "XPos": 0.8057543578410464, "TimeAlive": 2673, "ZPos": 4.913254117389827, "Timestamp": "2018-04-13 23:03:39", "Yaw": -164.54996, "YPos": 1.0, "BuilderGridRelative": [{"Y": 0, "X": -1, "Z": -4, "Type": "cwc_minecraft_red_rn"}, {"Y": 0, "X": 0, "Z": -4, "Type": "cwc_minecraft_red_rn"}, {"Y": 0, "X": 1, "Z": -4, "Type": "cwc_minecraft_red_rn"}, {"Y": 0, "X": -1, "Z": -2, "Type": "cwc_minecraft_blue_rn"}, {"Y": 0, "X": 0, "Z": -2, "Type": "cwc_minecraft_blue_rn"}, {"Y": 0, "X": 1, "Z": -2, "Type": "cwc_minecraft_blue_rn"}, {"Y": 1, "X": -1, "Z": -4, "Type": "cwc_minecraft_red_rn"}, {"Y": 1, "X": 1, "Z": -4, "Type": "cwc_minecraft_red_rn"}, {"Y": 1, "X": -1, "Z": -2, "Type": "cwc_minecraft_blue_rn"}, {"Y": 1, "X": 1, "Z": -2, "Type": "cwc_minecraft_blue_rn"}, {"Y": 2, "X": -1, "Z": -4, "Type": "cwc_minecraft_red_rn"}, {"Y": 2, "X": 0, "Z": -4, "Type": "cwc_minecraft_red_rn"}, {"Y": 2, "X": 1, "Z": -4, "Type": "cwc_minecraft_red_rn"}], "DistanceTravelled": 6541, "BuilderInventory": [{"Index": 0, "Type": "cwc_minecraft_red_rn", "Quantity": 12}, {"Index": 1, "Type": "cwc_minecraft_orange_rn", "Quantity": 20}, {"Index": 2, "Type": "cwc_minecraft_yellow_rn", "Quantity": 20}, {"Index": 3, "Type": "cwc_minecraft_green_rn", "Quantity": 20}, {"Index": 4, "Type": "cwc_minecraft_blue_rn", "Quantity": 15}, {"Index": 5, "Type": "cwc_minecraft_purple_rn", "Quantity": 20}], "Pitch": 15.599983}, {"Timestamp": "2018-04-13 23:03:40", "ScreenshotPath": "124713-Builder-putdown.png"}, {"BuilderGridAbsolute": [{"Y": 1, "X": -1, "Z": 0, "Type": "cwc_minecraft_red_rn"}, {"Y": 1, "X": 0, "Z": 0, "Type": "cwc_minecraft_red_rn"}, {"Y": 1, "X": 1, "Z": 0, "Type": "cwc_minecraft_red_rn"}, {"Y": 1, "X": -1, "Z": 2, "Type": "cwc_minecraft_blue_rn"}, {"Y": 1, "X": 0, "Z": 2, "Type": "cwc_minecraft_blue_rn"}, {"Y": 1, "X": 1, "Z": 2, "Type": "cwc_minecraft_blue_rn"}, {"Y": 2, "X": -1, "Z": 0, "Type": "cwc_minecraft_red_rn"}, {"Y": 2, "X": 1, "Z": 0, "Type": "cwc_minecraft_red_rn"}, {"Y": 2, "X": -1, "Z": 2, "Type": "cwc_minecraft_blue_rn"}, {"Y": 2, "X": 1, "Z": 2, "Type": "cwc_minecraft_blue_rn"}, {"Y": 3, "X": -1, "Z": 0, "Type": "cwc_minecraft_red_rn"}, {"Y": 3, "X": 0, "Z": 0, "Type": "cwc_minecraft_red_rn"}, {"Y": 3, "X": 1, "Z": 0, "Type": "cwc_minecraft_red_rn"}, {"Y": 3, "X": -1, "Z": 2, "Type": "cwc_minecraft_blue_rn"}], "XPos": 0.5738883909447248, "TimeAlive": 2719, "ZPos": 4.307014929508685, "Timestamp": "2018-04-13 23:03:42", "Yaw": -206.0999, "YPos": 4.28271854438603, "BuilderGridRelative": [{"Y": -3, "X": -1, "Z": -4, "Type": "cwc_minecraft_red_rn"}, {"Y": -3, "X": 0, "Z": -4, "Type": "cwc_minecraft_red_rn"}, {"Y": -3, "X": 1, "Z": -4, "Type": "cwc_minecraft_red_rn"}, {"Y": -3, "X": -1, "Z": -2, "Type": "cwc_minecraft_blue_rn"}, {"Y": -3, "X": 0, "Z": -2, "Type": "cwc_minecraft_blue_rn"}, {"Y": -3, "X": 1, "Z": -2, "Type": "cwc_minecraft_blue_rn"}, {"Y": -2, "X": -1, "Z": -4, "Type": "cwc_minecraft_red_rn"}, {"Y": -2, "X": 1, "Z": -4, "Type": "cwc_minecraft_red_rn"}, {"Y": -2, "X": -1, "Z": -2, "Type": "cwc_minecraft_blue_rn"}, {"Y": -2, "X": 1, "Z": -2, "Type": "cwc_minecraft_blue_rn"}, {"Y": -1, "X": -1, "Z": -4, "Type": "cwc_minecraft_red_rn"}, {"Y": -1, "X": 0, "Z": -4, "Type": "cwc_minecraft_red_rn"}, {"Y": -1, "X": 1, "Z": -4, "Type": "cwc_minecraft_red_rn"}, {"Y": -1, "X": -1, "Z": -2, "Type": "cwc_minecraft_blue_rn"}], "DistanceTravelled": 6577, "BuilderInventory": [{"Index": 0, "Type": "cwc_minecraft_red_rn", "Quantity": 12}, {"Index": 1, "Type": "cwc_minecraft_orange_rn", "Quantity": 20}, {"Index": 2, "Type": "cwc_minecraft_yellow_rn", "Quantity": 20}, {"Index": 3, "Type": "cwc_minecraft_green_rn", "Quantity": 20}, {"Index": 4, "Type": "cwc_minecraft_blue_rn", "Quantity": 14}, {"Index": 5, "Type": "cwc_minecraft_purple_rn", "Quantity": 20}], "Pitch": 56.999985}, {"Timestamp": "2018-04-13 23:03:42", "ScreenshotPath": "127013-Builder-putdown.png"}, {"BuilderGridAbsolute": [{"Y": 1, "X": -1, "Z": 0, "Type": "cwc_minecraft_red_rn"}, {"Y": 1, "X": 0, "Z": 0, "Type": "cwc_minecraft_red_rn"}, {"Y": 1, "X": 1, "Z": 0, "Type": "cwc_minecraft_red_rn"}, {"Y": 1, "X": -1, "Z": 2, "Type": "cwc_minecraft_blue_rn"}, {"Y": 1, "X": 0, "Z": 2, "Type": "cwc_minecraft_blue_rn"}, {"Y": 1, "X": 1, "Z": 2, "Type": "cwc_minecraft_blue_rn"}, {"Y": 2, "X": -1, "Z": 0, "Type": "cwc_minecraft_red_rn"}, {"Y": 2, "X": 1, "Z": 0, "Type": "cwc_minecraft_red_rn"}, {"Y": 2, "X": -1, "Z": 2, "Type": "cwc_minecraft_blue_rn"}, {"Y": 2, "X": 1, "Z": 2, "Type": "cwc_minecraft_blue_rn"}, {"Y": 3, "X": -1, "Z": 0, "Type": "cwc_minecraft_red_rn"}, {"Y": 3, "X": 0, "Z": 0, "Type": "cwc_minecraft_red_rn"}, {"Y": 3, "X": 1, "Z": 0, "Type": "cwc_minecraft_red_rn"}, {"Y": 3, "X": -1, "Z": 2, "Type": "cwc_minecraft_blue_rn"}, {"Y": 3, "X": 1, "Z": 2, "Type": "cwc_minecraft_blue_rn"}], "XPos": 0.379466804345997, "TimeAlive": 2738, "ZPos": 3.901954411214482, "Timestamp": "2018-04-13 23:03:43", "Yaw": -142.94989, "YPos": 4.28271854438603, "BuilderGridRelative": [{"Y": -3, "X": -1, "Z": -3, "Type": "cwc_minecraft_red_rn"}, {"Y": -3, "X": 0, "Z": -3, "Type": "cwc_minecraft_red_rn"}, {"Y": -3, "X": 1, "Z": -3, "Type": "cwc_minecraft_red_rn"}, {"Y": -3, "X": -1, "Z": -1, "Type": "cwc_minecraft_blue_rn"}, {"Y": -3, "X": 0, "Z": -1, "Type": "cwc_minecraft_blue_rn"}, {"Y": -3, "X": 1, "Z": -1, "Type": "cwc_minecraft_blue_rn"}, {"Y": -2, "X": -1, "Z": -3, "Type": "cwc_minecraft_red_rn"}, {"Y": -2, "X": 1, "Z": -3, "Type": "cwc_minecraft_red_rn"}, {"Y": -2, "X": -1, "Z": -1, "Type": "cwc_minecraft_blue_rn"}, {"Y": -2, "X": 1, "Z": -1, "Type": "cwc_minecraft_blue_rn"}, {"Y": -1, "X": -1, "Z": -3, "Type": "cwc_minecraft_red_rn"}, {"Y": -1, "X": 0, "Z": -3, "Type": "cwc_minecraft_red_rn"}, {"Y": -1, "X": 1, "Z": -3, "Type": "cwc_minecraft_red_rn"}, {"Y": -1, "X": -1, "Z": -1, "Type": "cwc_minecraft_blue_rn"}, {"Y": -1, "X": 1, "Z": -1, "Type": "cwc_minecraft_blue_rn"}], "DistanceTravelled": 6577, "BuilderInventory": [{"Index": 0, "Type": "cwc_minecraft_red_rn", "Quantity": 12}, {"Index": 1, "Type": "cwc_minecraft_orange_rn", "Quantity": 20}, {"Index": 2, "Type": "cwc_minecraft_yellow_rn", "Quantity": 20}, {"Index": 3, "Type": "cwc_minecraft_green_rn", "Quantity": 20}, {"Index": 4, "Type": "cwc_minecraft_blue_rn", "Quantity": 13}, {"Index": 5, "Type": "cwc_minecraft_purple_rn", "Quantity": 20}], "Pitch": 62.549976}, {"Timestamp": "2018-04-13 23:03:43", "ScreenshotPath": "127961-Builder-putdown.png"}, {"BuilderGridAbsolute": [{"Y": 1, "X": -1, "Z": 0, "Type": "cwc_minecraft_red_rn"}, {"Y": 1, "X": 0, "Z": 0, "Type": "cwc_minecraft_red_rn"}, {"Y": 1, "X": 1, "Z": 0, "Type": "cwc_minecraft_red_rn"}, {"Y": 1, "X": -1, "Z": 2, "Type": "cwc_minecraft_blue_rn"}, {"Y": 1, "X": 0, "Z": 2, "Type": "cwc_minecraft_blue_rn"}, {"Y": 1, "X": 1, "Z": 2, "Type": "cwc_minecraft_blue_rn"}, {"Y": 2, "X": -1, "Z": 0, "Type": "cwc_minecraft_red_rn"}, {"Y": 2, "X": 1, "Z": 0, "Type": "cwc_minecraft_red_rn"}, {"Y": 2, "X": -1, "Z": 2, "Type": "cwc_minecraft_blue_rn"}, {"Y": 2, "X": 1, "Z": 2, "Type": "cwc_minecraft_blue_rn"}, {"Y": 3, "X": -1, "Z": 0, "Type": "cwc_minecraft_red_rn"}, {"Y": 3, "X": 0, "Z": 0, "Type": "cwc_minecraft_red_rn"}, {"Y": 3, "X": 1, "Z": 0, "Type": "cwc_minecraft_red_rn"}, {"Y": 3, "X": -1, "Z": 2, "Type": "cwc_minecraft_blue_rn"}, {"Y": 3, "X": 0, "Z": 2, "Type": "cwc_minecraft_blue_rn"}, {"Y": 3, "X": 1, "Z": 2, "Type": "cwc_minecraft_blue_rn"}], "XPos": 0.36105145166338665, "TimeAlive": 2756, "ZPos": 3.8396455065170736, "Timestamp": "2018-04-13 23:03:44", "Yaw": -152.9999, "YPos": 4.28271854438603, "BuilderGridRelative": [{"Y": -3, "X": -1, "Z": -3, "Type": "cwc_minecraft_red_rn"}, {"Y": -3, "X": 0, "Z": -3, "Type": "cwc_minecraft_red_rn"}, {"Y": -3, "X": 1, "Z": -3, "Type": "cwc_minecraft_red_rn"}, {"Y": -3, "X": -1, "Z": -1, "Type": "cwc_minecraft_blue_rn"}, {"Y": -3, "X": 0, "Z": -1, "Type": "cwc_minecraft_blue_rn"}, {"Y": -3, "X": 1, "Z": -1, "Type": "cwc_minecraft_blue_rn"}, {"Y": -2, "X": -1, "Z": -3, "Type": "cwc_minecraft_red_rn"}, {"Y": -2, "X": 1, "Z": -3, "Type": "cwc_minecraft_red_rn"}, {"Y": -2, "X": -1, "Z": -1, "Type": "cwc_minecraft_blue_rn"}, {"Y": -2, "X": 1, "Z": -1, "Type": "cwc_minecraft_blue_rn"}, {"Y": -1, "X": -1, "Z": -3, "Type": "cwc_minecraft_red_rn"}, {"Y": -1, "X": 0, "Z": -3, "Type": "cwc_minecraft_red_rn"}, {"Y": -1, "X": 1, "Z": -3, "Type": "cwc_minecraft_red_rn"}, {"Y": -1, "X": -1, "Z": -1, "Type": "cwc_minecraft_blue_rn"}, {"Y": -1, "X": 0, "Z": -1, "Type": "cwc_minecraft_blue_rn"}, {"Y": -1, "X": 1, "Z": -1, "Type": "cwc_minecraft_blue_rn"}], "DistanceTravelled": 6577, "BuilderInventory": [{"Index": 0, "Type": "cwc_minecraft_red_rn", "Quantity": 12}, {"Index": 1, "Type": "cwc_minecraft_orange_rn", "Quantity": 20}, {"Index": 2, "Type": "cwc_minecraft_yellow_rn", "Quantity": 20}, {"Index": 3, "Type": "cwc_minecraft_green_rn", "Quantity": 20}, {"Index": 4, "Type": "cwc_minecraft_blue_rn", "Quantity": 12}, {"Index": 5, "Type": "cwc_minecraft_purple_rn", "Quantity": 20}], "Pitch": 55.64998}, {"Timestamp": "2018-04-13 23:03:44", "ScreenshotPath": "128861-Builder-putdown.png"}, {"Timestamp": "2018-04-13 23:04:06", "Chat": ["<Architect> connect them at the bottom with an orange block on both sides"]}, {"BuilderGridAbsolute": [{"Y": 1, "X": -1, "Z": 0, "Type": "cwc_minecraft_red_rn"}, {"Y": 1, "X": 0, "Z": 0, "Type": "cwc_minecraft_red_rn"}, {"Y": 1, "X": 1, "Z": 0, "Type": "cwc_minecraft_red_rn"}, {"Y": 1, "X": -1, "Z": 2, "Type": "cwc_minecraft_blue_rn"}, {"Y": 1, "X": 0, "Z": 2, "Type": "cwc_minecraft_blue_rn"}, {"Y": 1, "X": 1, "Z": 2, "Type": "cwc_minecraft_blue_rn"}, {"Y": 2, "X": -1, "Z": 0, "Type": "cwc_minecraft_red_rn"}, {"Y": 2, "X": 1, "Z": 0, "Type": "cwc_minecraft_red_rn"}, {"Y": 2, "X": -1, "Z": 2, "Type": "cwc_minecraft_blue_rn"}, {"Y": 2, "X": 1, "Z": 2, "Type": "cwc_minecraft_blue_rn"}, {"Y": 3, "X": -1, "Z": 0, "Type": "cwc_minecraft_red_rn"}, {"Y": 3, "X": 0, "Z": 0, "Type": "cwc_minecraft_red_rn"}, {"Y": 3, "X": 1, "Z": 0, "Type": "cwc_minecraft_red_rn"}, {"Y": 3, "X": -1, "Z": 2, "Type": "cwc_minecraft_blue_rn"}, {"Y": 3, "X": 0, "Z": 2, "Type": "cwc_minecraft_blue_rn"}, {"Y": 3, "X": 1, "Z": 2, "Type": "cwc_minecraft_blue_rn"}], "XPos": 3.4526155930840523, "TimeAlive": 3214, "ZPos": -2.2734307573273456, "Timestamp": "2018-04-13 23:04:07", "Yaw": 35.4001, "YPos": 1.0, "ScreenshotPath": "151707-Builder-chat.png", "BuilderGridRelative": [{"Y": 0, "X": -4, "Z": 3, "Type": "cwc_minecraft_red_rn"}, {"Y": 0, "X": -3, "Z": 3, "Type": "cwc_minecraft_red_rn"}, {"Y": 0, "X": -2, "Z": 3, "Type": "cwc_minecraft_red_rn"}, {"Y": 0, "X": -4, "Z": 5, "Type": "cwc_minecraft_blue_rn"}, {"Y": 0, "X": -3, "Z": 5, "Type": "cwc_minecraft_blue_rn"}, {"Y": 0, "X": -2, "Z": 5, "Type": "cwc_minecraft_blue_rn"}, {"Y": 1, "X": -4, "Z": 3, "Type": "cwc_minecraft_red_rn"}, {"Y": 1, "X": -2, "Z": 3, "Type": "cwc_minecraft_red_rn"}, {"Y": 1, "X": -4, "Z": 5, "Type": "cwc_minecraft_blue_rn"}, {"Y": 1, "X": -2, "Z": 5, "Type": "cwc_minecraft_blue_rn"}, {"Y": 2, "X": -4, "Z": 3, "Type": "cwc_minecraft_red_rn"}, {"Y": 2, "X": -3, "Z": 3, "Type": "cwc_minecraft_red_rn"}, {"Y": 2, "X": -2, "Z": 3, "Type": "cwc_minecraft_red_rn"}, {"Y": 2, "X": -4, "Z": 5, "Type": "cwc_minecraft_blue_rn"}, {"Y": 2, "X": -3, "Z": 5, "Type": "cwc_minecraft_blue_rn"}, {"Y": 2, "X": -2, "Z": 5, "Type": "cwc_minecraft_blue_rn"}], "DistanceTravelled": 7299, "BuilderInventory": [{"Index": 0, "Type": "cwc_minecraft_red_rn", "Quantity": 12}, {"Index": 1, "Type": "cwc_minecraft_orange_rn", "Quantity": 20}, {"Index": 2, "Type": "cwc_minecraft_yellow_rn", "Quantity": 20}, {"Index": 3, "Type": "cwc_minecraft_green_rn", "Quantity": 20}, {"Index": 4, "Type": "cwc_minecraft_blue_rn", "Quantity": 12}, {"Index": 5, "Type": "cwc_minecraft_purple_rn", "Quantity": 20}], "Pitch": 5.399954}, {"BuilderGridAbsolute": [{"Y": 1, "X": -1, "Z": 0, "Type": "cwc_minecraft_red_rn"}, {"Y": 1, "X": 0, "Z": 0, "Type": "cwc_minecraft_red_rn"}, {"Y": 1, "X": 1, "Z": 0, "Type": "cwc_minecraft_red_rn"}, {"Y": 1, "X": 1, "Z": 1, "Type": "cwc_minecraft_orange_rn"}, {"Y": 1, "X": -1, "Z": 2, "Type": "cwc_minecraft_blue_rn"}, {"Y": 1, "X": 0, "Z": 2, "Type": "cwc_minecraft_blue_rn"}, {"Y": 1, "X": 1, "Z": 2, "Type": "cwc_minecraft_blue_rn"}, {"Y": 2, "X": -1, "Z": 0, "Type": "cwc_minecraft_red_rn"}, {"Y": 2, "X": 1, "Z": 0, "Type": "cwc_minecraft_red_rn"}, {"Y": 2, "X": -1, "Z": 2, "Type": "cwc_minecraft_blue_rn"}, {"Y": 2, "X": 1, "Z": 2, "Type": "cwc_minecraft_blue_rn"}, {"Y": 3, "X": -1, "Z": 0, "Type": "cwc_minecraft_red_rn"}, {"Y": 3, "X": 0, "Z": 0, "Type": "cwc_minecraft_red_rn"}, {"Y": 3, "X": 1, "Z": 0, "Type": "cwc_minecraft_red_rn"}, {"Y": 3, "X": -1, "Z": 2, "Type": "cwc_minecraft_blue_rn"}, {"Y": 3, "X": 0, "Z": 2, "Type": "cwc_minecraft_blue_rn"}, {"Y": 3, "X": 1, "Z": 2, "Type": "cwc_minecraft_blue_rn"}], "XPos": 3.4799628775497276, "TimeAlive": 3325, "ZPos": 0.6902197514120517, "Timestamp": "2018-04-13 23:04:12", "Yaw": 70.20009, "YPos": 1.0, "BuilderGridRelative": [{"Y": 0, "X": -4, "Z": 0, "Type": "cwc_minecraft_red_rn"}, {"Y": 0, "X": -3, "Z": 0, "Type": "cwc_minecraft_red_rn"}, {"Y": 0, "X": -2, "Z": 0, "Type": "cwc_minecraft_red_rn"}, {"Y": 0, "X": -2, "Z": 1, "Type": "cwc_minecraft_orange_rn"}, {"Y": 0, "X": -4, "Z": 2, "Type": "cwc_minecraft_blue_rn"}, {"Y": 0, "X": -3, "Z": 2, "Type": "cwc_minecraft_blue_rn"}, {"Y": 0, "X": -2, "Z": 2, "Type": "cwc_minecraft_blue_rn"}, {"Y": 1, "X": -4, "Z": 0, "Type": "cwc_minecraft_red_rn"}, {"Y": 1, "X": -2, "Z": 0, "Type": "cwc_minecraft_red_rn"}, {"Y": 1, "X": -4, "Z": 2, "Type": "cwc_minecraft_blue_rn"}, {"Y": 1, "X": -2, "Z": 2, "Type": "cwc_minecraft_blue_rn"}, {"Y": 2, "X": -4, "Z": 0, "Type": "cwc_minecraft_red_rn"}, {"Y": 2, "X": -3, "Z": 0, "Type": "cwc_minecraft_red_rn"}, {"Y": 2, "X": -2, "Z": 0, "Type": "cwc_minecraft_red_rn"}, {"Y": 2, "X": -4, "Z": 2, "Type": "cwc_minecraft_blue_rn"}, {"Y": 2, "X": -3, "Z": 2, "Type": "cwc_minecraft_blue_rn"}, {"Y": 2, "X": -2, "Z": 2, "Type": "cwc_minecraft_blue_rn"}], "DistanceTravelled": 7622, "BuilderInventory": [{"Index": 0, "Type": "cwc_minecraft_red_rn", "Quantity": 12}, {"Index": 1, "Type": "cwc_minecraft_orange_rn", "Quantity": 19}, {"Index": 2, "Type": "cwc_minecraft_yellow_rn", "Quantity": 20}, {"Index": 3, "Type": "cwc_minecraft_green_rn", "Quantity": 20}, {"Index": 4, "Type": "cwc_minecraft_blue_rn", "Quantity": 12}, {"Index": 5, "Type": "cwc_minecraft_purple_rn", "Quantity": 20}], "Pitch": 39.149944}, {"Timestamp": "2018-04-13 23:04:12", "ScreenshotPath": "157306-Builder-putdown.png"}, {"BuilderGridAbsolute": [{"Y": 1, "X": -1, "Z": 0, "Type": "cwc_minecraft_red_rn"}, {"Y": 1, "X": 0, "Z": 0, "Type": "cwc_minecraft_red_rn"}, {"Y": 1, "X": 1, "Z": 0, "Type": "cwc_minecraft_red_rn"}, {"Y": 1, "X": -1, "Z": 1, "Type": "cwc_minecraft_orange_rn"}, {"Y": 1, "X": 1, "Z": 1, "Type": "cwc_minecraft_orange_rn"}, {"Y": 1, "X": -1, "Z": 2, "Type": "cwc_minecraft_blue_rn"}, {"Y": 1, "X": 0, "Z": 2, "Type": "cwc_minecraft_blue_rn"}, {"Y": 1, "X": 1, "Z": 2, "Type": "cwc_minecraft_blue_rn"}, {"Y": 2, "X": -1, "Z": 0, "Type": "cwc_minecraft_red_rn"}, {"Y": 2, "X": 1, "Z": 0, "Type": "cwc_minecraft_red_rn"}, {"Y": 2, "X": -1, "Z": 2, "Type": "cwc_minecraft_blue_rn"}, {"Y": 2, "X": 1, "Z": 2, "Type": "cwc_minecraft_blue_rn"}, {"Y": 3, "X": -1, "Z": 0, "Type": "cwc_minecraft_red_rn"}, {"Y": 3, "X": 0, "Z": 0, "Type": "cwc_minecraft_red_rn"}, {"Y": 3, "X": 1, "Z": 0, "Type": "cwc_minecraft_red_rn"}, {"Y": 3, "X": -1, "Z": 2, "Type": "cwc_minecraft_blue_rn"}, {"Y": 3, "X": 0, "Z": 2, "Type": "cwc_minecraft_blue_rn"}, {"Y": 3, "X": 1, "Z": 2, "Type": "cwc_minecraft_blue_rn"}], "XPos": -1.9050419061957098, "TimeAlive": 3380, "ZPos": 2.1612571523378765, "Timestamp": "2018-04-13 23:04:15", "Yaw": 229.95015, "YPos": 1.0, "BuilderGridRelative": [{"Y": 0, "X": 1, "Z": -2, "Type": "cwc_minecraft_red_rn"}, {"Y": 0, "X": 2, "Z": -2, "Type": "cwc_minecraft_red_rn"}, {"Y": 0, "X": 3, "Z": -2, "Type": "cwc_minecraft_red_rn"}, {"Y": 0, "X": 1, "Z": -1, "Type": "cwc_minecraft_orange_rn"}, {"Y": 0, "X": 3, "Z": -1, "Type": "cwc_minecraft_orange_rn"}, {"Y": 0, "X": 1, "Z": 0, "Type": "cwc_minecraft_blue_rn"}, {"Y": 0, "X": 2, "Z": 0, "Type": "cwc_minecraft_blue_rn"}, {"Y": 0, "X": 3, "Z": 0, "Type": "cwc_minecraft_blue_rn"}, {"Y": 1, "X": 1, "Z": -2, "Type": "cwc_minecraft_red_rn"}, {"Y": 1, "X": 3, "Z": -2, "Type": "cwc_minecraft_red_rn"}, {"Y": 1, "X": 1, "Z": 0, "Type": "cwc_minecraft_blue_rn"}, {"Y": 1, "X": 3, "Z": 0, "Type": "cwc_minecraft_blue_rn"}, {"Y": 2, "X": 1, "Z": -2, "Type": "cwc_minecraft_red_rn"}, {"Y": 2, "X": 2, "Z": -2, "Type": "cwc_minecraft_red_rn"}, {"Y": 2, "X": 3, "Z": -2, "Type": "cwc_minecraft_red_rn"}, {"Y": 2, "X": 1, "Z": 0, "Type": "cwc_minecraft_blue_rn"}, {"Y": 2, "X": 2, "Z": 0, "Type": "cwc_minecraft_blue_rn"}, {"Y": 2, "X": 3, "Z": 0, "Type": "cwc_minecraft_blue_rn"}], "DistanceTravelled": 8503, "BuilderInventory": [{"Index": 0, "Type": "cwc_minecraft_red_rn", "Quantity": 12}, {"Index": 1, "Type": "cwc_minecraft_orange_rn", "Quantity": 18}, {"Index": 2, "Type": "cwc_minecraft_yellow_rn", "Quantity": 20}, {"Index": 3, "Type": "cwc_minecraft_green_rn", "Quantity": 20}, {"Index": 4, "Type": "cwc_minecraft_blue_rn", "Quantity": 12}, {"Index": 5, "Type": "cwc_minecraft_purple_rn", "Quantity": 20}], "Pitch": 39.899937}, {"Timestamp": "2018-04-13 23:04:15", "ScreenshotPath": "160057-Builder-putdown.png"}, {"Timestamp": "2018-04-13 23:04:25", "Chat": ["<Builder> cozy"]}, {"BuilderGridAbsolute": [{"Y": 1, "X": -1, "Z": 0, "Type": "cwc_minecraft_red_rn"}, {"Y": 1, "X": 0, "Z": 0, "Type": "cwc_minecraft_red_rn"}, {"Y": 1, "X": 1, "Z": 0, "Type": "cwc_minecraft_red_rn"}, {"Y": 1, "X": -1, "Z": 1, "Type": "cwc_minecraft_orange_rn"}, {"Y": 1, "X": 1, "Z": 1, "Type": "cwc_minecraft_orange_rn"}, {"Y": 1, "X": -1, "Z": 2, "Type": "cwc_minecraft_blue_rn"}, {"Y": 1, "X": 0, "Z": 2, "Type": "cwc_minecraft_blue_rn"}, {"Y": 1, "X": 1, "Z": 2, "Type": "cwc_minecraft_blue_rn"}, {"Y": 2, "X": -1, "Z": 0, "Type": "cwc_minecraft_red_rn"}, {"Y": 2, "X": 1, "Z": 0, "Type": "cwc_minecraft_red_rn"}, {"Y": 2, "X": -1, "Z": 2, "Type": "cwc_minecraft_blue_rn"}, {"Y": 2, "X": 1, "Z": 2, "Type": "cwc_minecraft_blue_rn"}, {"Y": 3, "X": -1, "Z": 0, "Type": "cwc_minecraft_red_rn"}, {"Y": 3, "X": 0, "Z": 0, "Type": "cwc_minecraft_red_rn"}, {"Y": 3, "X": 1, "Z": 0, "Type": "cwc_minecraft_red_rn"}, {"Y": 3, "X": -1, "Z": 2, "Type": "cwc_minecraft_blue_rn"}, {"Y": 3, "X": 0, "Z": 2, "Type": "cwc_minecraft_blue_rn"}, {"Y": 3, "X": 1, "Z": 2, "Type": "cwc_minecraft_blue_rn"}], "XPos": 0.6999999880790695, "TimeAlive": 3579, "ZPos": 1.5120658583125428, "Timestamp": "2018-04-13 23:04:25", "Yaw": 256.05, "YPos": 1.0, "ScreenshotPath": "169956-Builder-chat.png", "BuilderGridRelative": [{"Y": 0, "X": -1, "Z": -1, "Type": "cwc_minecraft_red_rn"}, {"Y": 0, "X": 0, "Z": -1, "Type": "cwc_minecraft_red_rn"}, {"Y": 0, "X": 1, "Z": -1, "Type": "cwc_minecraft_red_rn"}, {"Y": 0, "X": -1, "Z": 0, "Type": "cwc_minecraft_orange_rn"}, {"Y": 0, "X": 1, "Z": 0, "Type": "cwc_minecraft_orange_rn"}, {"Y": 0, "X": -1, "Z": 1, "Type": "cwc_minecraft_blue_rn"}, {"Y": 0, "X": 0, "Z": 1, "Type": "cwc_minecraft_blue_rn"}, {"Y": 0, "X": 1, "Z": 1, "Type": "cwc_minecraft_blue_rn"}, {"Y": 1, "X": -1, "Z": -1, "Type": "cwc_minecraft_red_rn"}, {"Y": 1, "X": 1, "Z": -1, "Type": "cwc_minecraft_red_rn"}, {"Y": 1, "X": -1, "Z": 1, "Type": "cwc_minecraft_blue_rn"}, {"Y": 1, "X": 1, "Z": 1, "Type": "cwc_minecraft_blue_rn"}, {"Y": 2, "X": -1, "Z": -1, "Type": "cwc_minecraft_red_rn"}, {"Y": 2, "X": 0, "Z": -1, "Type": "cwc_minecraft_red_rn"}, {"Y": 2, "X": 1, "Z": -1, "Type": "cwc_minecraft_red_rn"}, {"Y": 2, "X": -1, "Z": 1, "Type": "cwc_minecraft_blue_rn"}, {"Y": 2, "X": 0, "Z": 1, "Type": "cwc_minecraft_blue_rn"}, {"Y": 2, "X": 1, "Z": 1, "Type": "cwc_minecraft_blue_rn"}], "DistanceTravelled": 9133, "BuilderInventory": [{"Index": 0, "Type": "cwc_minecraft_red_rn", "Quantity": 12}, {"Index": 1, "Type": "cwc_minecraft_orange_rn", "Quantity": 18}, {"Index": 2, "Type": "cwc_minecraft_yellow_rn", "Quantity": 20}, {"Index": 3, "Type": "cwc_minecraft_green_rn", "Quantity": 20}, {"Index": 4, "Type": "cwc_minecraft_blue_rn", "Quantity": 12}, {"Index": 5, "Type": "cwc_minecraft_purple_rn", "Quantity": 20}], "Pitch": 15.600006}, {"Timestamp": "2018-04-13 23:04:38", "Chat": ["<Architect> sorry one side should be purple"]}, {"BuilderGridAbsolute": [{"Y": 1, "X": -1, "Z": 0, "Type": "cwc_minecraft_red_rn"}, {"Y": 1, "X": 0, "Z": 0, "Type": "cwc_minecraft_red_rn"}, {"Y": 1, "X": 1, "Z": 0, "Type": "cwc_minecraft_red_rn"}, {"Y": 1, "X": -1, "Z": 1, "Type": "cwc_minecraft_orange_rn"}, {"Y": 1, "X": 1, "Z": 1, "Type": "cwc_minecraft_orange_rn"}, {"Y": 1, "X": -1, "Z": 2, "Type": "cwc_minecraft_blue_rn"}, {"Y": 1, "X": 0, "Z": 2, "Type": "cwc_minecraft_blue_rn"}, {"Y": 1, "X": 1, "Z": 2, "Type": "cwc_minecraft_blue_rn"}, {"Y": 2, "X": -1, "Z": 0, "Type": "cwc_minecraft_red_rn"}, {"Y": 2, "X": 1, "Z": 0, "Type": "cwc_minecraft_red_rn"}, {"Y": 2, "X": -1, "Z": 2, "Type": "cwc_minecraft_blue_rn"}, {"Y": 2, "X": 1, "Z": 2, "Type": "cwc_minecraft_blue_rn"}, {"Y": 3, "X": -1, "Z": 0, "Type": "cwc_minecraft_red_rn"}, {"Y": 3, "X": 0, "Z": 0, "Type": "cwc_minecraft_red_rn"}, {"Y": 3, "X": 1, "Z": 0, "Type": "cwc_minecraft_red_rn"}, {"Y": 3, "X": -1, "Z": 2, "Type": "cwc_minecraft_blue_rn"}, {"Y": 3, "X": 0, "Z": 2, "Type": "cwc_minecraft_blue_rn"}, {"Y": 3, "X": 1, "Z": 2, "Type": "cwc_minecraft_blue_rn"}], "XPos": 0.492420971444961, "TimeAlive": 3841, "ZPos": 1.5062962639886144, "Timestamp": "2018-04-13 23:04:38", "Yaw": 92.39993, "YPos": 1.0, "ScreenshotPath": "183052-Builder-chat.png", "BuilderGridRelative": [{"Y": 0, "X": -1, "Z": -1, "Type": "cwc_minecraft_red_rn"}, {"Y": 0, "X": 0, "Z": -1, "Type": "cwc_minecraft_red_rn"}, {"Y": 0, "X": 1, "Z": -1, "Type": "cwc_minecraft_red_rn"}, {"Y": 0, "X": -1, "Z": 0, "Type": "cwc_minecraft_orange_rn"}, {"Y": 0, "X": 1, "Z": 0, "Type": "cwc_minecraft_orange_rn"}, {"Y": 0, "X": -1, "Z": 1, "Type": "cwc_minecraft_blue_rn"}, {"Y": 0, "X": 0, "Z": 1, "Type": "cwc_minecraft_blue_rn"}, {"Y": 0, "X": 1, "Z": 1, "Type": "cwc_minecraft_blue_rn"}, {"Y": 1, "X": -1, "Z": -1, "Type": "cwc_minecraft_red_rn"}, {"Y": 1, "X": 1, "Z": -1, "Type": "cwc_minecraft_red_rn"}, {"Y": 1, "X": -1, "Z": 1, "Type": "cwc_minecraft_blue_rn"}, {"Y": 1, "X": 1, "Z": 1, "Type": "cwc_minecraft_blue_rn"}, {"Y": 2, "X": -1, "Z": -1, "Type": "cwc_minecraft_red_rn"}, {"Y": 2, "X": 0, "Z": -1, "Type": "cwc_minecraft_red_rn"}, {"Y": 2, "X": 1, "Z": -1, "Type": "cwc_minecraft_red_rn"}, {"Y": 2, "X": -1, "Z": 1, "Type": "cwc_minecraft_blue_rn"}, {"Y": 2, "X": 0, "Z": 1, "Type": "cwc_minecraft_blue_rn"}, {"Y": 2, "X": 1, "Z": 1, "Type": "cwc_minecraft_blue_rn"}], "DistanceTravelled": 9216, "BuilderInventory": [{"Index": 0, "Type": "cwc_minecraft_red_rn", "Quantity": 12}, {"Index": 1, "Type": "cwc_minecraft_orange_rn", "Quantity": 18}, {"Index": 2, "Type": "cwc_minecraft_yellow_rn", "Quantity": 20}, {"Index": 3, "Type": "cwc_minecraft_green_rn", "Quantity": 20}, {"Index": 4, "Type": "cwc_minecraft_blue_rn", "Quantity": 12}, {"Index": 5, "Type": "cwc_minecraft_purple_rn", "Quantity": 20}], "Pitch": 24.15}, {"BuilderGridAbsolute": [{"Y": 1, "X": -1, "Z": 0, "Type": "cwc_minecraft_red_rn"}, {"Y": 1, "X": 0, "Z": 0, "Type": "cwc_minecraft_red_rn"}, {"Y": 1, "X": 1, "Z": 0, "Type": "cwc_minecraft_red_rn"}, {"Y": 1, "X": 1, "Z": 1, "Type": "cwc_minecraft_orange_rn"}, {"Y": 1, "X": -1, "Z": 2, "Type": "cwc_minecraft_blue_rn"}, {"Y": 1, "X": 0, "Z": 2, "Type": "cwc_minecraft_blue_rn"}, {"Y": 1, "X": 1, "Z": 2, "Type": "cwc_minecraft_blue_rn"}, {"Y": 2, "X": -1, "Z": 0, "Type": "cwc_minecraft_red_rn"}, {"Y": 2, "X": 1, "Z": 0, "Type": "cwc_minecraft_red_rn"}, {"Y": 2, "X": -1, "Z": 2, "Type": "cwc_minecraft_blue_rn"}, {"Y": 2, "X": 1, "Z": 2, "Type": "cwc_minecraft_blue_rn"}, {"Y": 3, "X": -1, "Z": 0, "Type": "cwc_minecraft_red_rn"}, {"Y": 3, "X": 0, "Z": 0, "Type": "cwc_minecraft_red_rn"}, {"Y": 3, "X": 1, "Z": 0, "Type": "cwc_minecraft_red_rn"}, {"Y": 3, "X": -1, "Z": 2, "Type": "cwc_minecraft_blue_rn"}, {"Y": 3, "X": 0, "Z": 2, "Type": "cwc_minecraft_blue_rn"}, {"Y": 3, "X": 1, "Z": 2, "Type": "cwc_minecraft_blue_rn"}], "XPos": 0.492420971444961, "TimeAlive": 3883, "ZPos": 1.5062962639886144, "Timestamp": "2018-04-13 23:04:40", "Yaw": 99.44989, "YPos": 1.0, "BuilderGridRelative": [{"Y": 0, "X": -1, "Z": -1, "Type": "cwc_minecraft_red_rn"}, {"Y": 0, "X": 0, "Z": -1, "Type": "cwc_minecraft_red_rn"}, {"Y": 0, "X": 1, "Z": -1, "Type": "cwc_minecraft_red_rn"}, {"Y": 0, "X": 1, "Z": 0, "Type": "cwc_minecraft_orange_rn"}, {"Y": 0, "X": -1, "Z": 1, "Type": "cwc_minecraft_blue_rn"}, {"Y": 0, "X": 0, "Z": 1, "Type": "cwc_minecraft_blue_rn"}, {"Y": 0, "X": 1, "Z": 1, "Type": "cwc_minecraft_blue_rn"}, {"Y": 1, "X": -1, "Z": -1, "Type": "cwc_minecraft_red_rn"}, {"Y": 1, "X": 1, "Z": -1, "Type": "cwc_minecraft_red_rn"}, {"Y": 1, "X": -1, "Z": 1, "Type": "cwc_minecraft_blue_rn"}, {"Y": 1, "X": 1, "Z": 1, "Type": "cwc_minecraft_blue_rn"}, {"Y": 2, "X": -1, "Z": -1, "Type": "cwc_minecraft_red_rn"}, {"Y": 2, "X": 0, "Z": -1, "Type": "cwc_minecraft_red_rn"}, {"Y": 2, "X": 1, "Z": -1, "Type": "cwc_minecraft_red_rn"}, {"Y": 2, "X": -1, "Z": 1, "Type": "cwc_minecraft_blue_rn"}, {"Y": 2, "X": 0, "Z": 1, "Type": "cwc_minecraft_blue_rn"}, {"Y": 2, "X": 1, "Z": 1, "Type": "cwc_minecraft_blue_rn"}], "DistanceTravelled": 9216, "BuilderInventory": [{"Index": 0, "Type": "cwc_minecraft_red_rn", "Quantity": 12}, {"Index": 1, "Type": "cwc_minecraft_orange_rn", "Quantity": 19}, {"Index": 2, "Type": "cwc_minecraft_yellow_rn", "Quantity": 20}, {"Index": 3, "Type": "cwc_minecraft_green_rn", "Quantity": 20}, {"Index": 4, "Type": "cwc_minecraft_blue_rn", "Quantity": 12}, {"Index": 5, "Type": "cwc_minecraft_purple_rn", "Quantity": 20}], "Pitch": 49.350006}, {"Timestamp": "2018-04-13 23:04:40", "ScreenshotPath": "185253-Builder-pickup.png"}, {"BuilderGridAbsolute": [{"Y": 1, "X": -1, "Z": 0, "Type": "cwc_minecraft_red_rn"}, {"Y": 1, "X": 0, "Z": 0, "Type": "cwc_minecraft_red_rn"}, {"Y": 1, "X": 1, "Z": 0, "Type": "cwc_minecraft_red_rn"}, {"Y": 1, "X": -1, "Z": 1, "Type": "cwc_minecraft_orange_rn"}, {"Y": 1, "X": 1, "Z": 1, "Type": "cwc_minecraft_orange_rn"}, {"Y": 1, "X": -1, "Z": 2, "Type": "cwc_minecraft_blue_rn"}, {"Y": 1, "X": 0, "Z": 2, "Type": "cwc_minecraft_blue_rn"}, {"Y": 1, "X": 1, "Z": 2, "Type": "cwc_minecraft_blue_rn"}, {"Y": 2, "X": -1, "Z": 0, "Type": "cwc_minecraft_red_rn"}, {"Y": 2, "X": 1, "Z": 0, "Type": "cwc_minecraft_red_rn"}, {"Y": 2, "X": -1, "Z": 2, "Type": "cwc_minecraft_blue_rn"}, {"Y": 2, "X": 1, "Z": 2, "Type": "cwc_minecraft_blue_rn"}, {"Y": 3, "X": -1, "Z": 0, "Type": "cwc_minecraft_red_rn"}, {"Y": 3, "X": 0, "Z": 0, "Type": "cwc_minecraft_red_rn"}, {"Y": 3, "X": 1, "Z": 0, "Type": "cwc_minecraft_red_rn"}, {"Y": 3, "X": -1, "Z": 2, "Type": "cwc_minecraft_blue_rn"}, {"Y": 3, "X": 0, "Z": 2, "Type": "cwc_minecraft_blue_rn"}, {"Y": 3, "X": 1, "Z": 2, "Type": "cwc_minecraft_blue_rn"}], "XPos": 0.492420971444961, "TimeAlive": 3897, "ZPos": 1.5062962639886144, "Timestamp": "2018-04-13 23:04:41", "Yaw": 98.69989, "YPos": 1.0, "BuilderGridRelative": [{"Y": 0, "X": -1, "Z": -1, "Type": "cwc_minecraft_red_rn"}, {"Y": 0, "X": 0, "Z": -1, "Type": "cwc_minecraft_red_rn"}, {"Y": 0, "X": 1, "Z": -1, "Type": "cwc_minecraft_red_rn"}, {"Y": 0, "X": -1, "Z": 0, "Type": "cwc_minecraft_orange_rn"}, {"Y": 0, "X": 1, "Z": 0, "Type": "cwc_minecraft_orange_rn"}, {"Y": 0, "X": -1, "Z": 1, "Type": "cwc_minecraft_blue_rn"}, {"Y": 0, "X": 0, "Z": 1, "Type": "cwc_minecraft_blue_rn"}, {"Y": 0, "X": 1, "Z": 1, "Type": "cwc_minecraft_blue_rn"}, {"Y": 1, "X": -1, "Z": -1, "Type": "cwc_minecraft_red_rn"}, {"Y": 1, "X": 1, "Z": -1, "Type": "cwc_minecraft_red_rn"}, {"Y": 1, "X": -1, "Z": 1, "Type": "cwc_minecraft_blue_rn"}, {"Y": 1, "X": 1, "Z": 1, "Type": "cwc_minecraft_blue_rn"}, {"Y": 2, "X": -1, "Z": -1, "Type": "cwc_minecraft_red_rn"}, {"Y": 2, "X": 0, "Z": -1, "Type": "cwc_minecraft_red_rn"}, {"Y": 2, "X": 1, "Z": -1, "Type": "cwc_minecraft_red_rn"}, {"Y": 2, "X": -1, "Z": 1, "Type": "cwc_minecraft_blue_rn"}, {"Y": 2, "X": 0, "Z": 1, "Type": "cwc_minecraft_blue_rn"}, {"Y": 2, "X": 1, "Z": 1, "Type": "cwc_minecraft_blue_rn"}], "DistanceTravelled": 9216, "BuilderInventory": [{"Index": 0, "Type": "cwc_minecraft_red_rn", "Quantity": 12}, {"Index": 1, "Type": "cwc_minecraft_orange_rn", "Quantity": 18}, {"Index": 2, "Type": "cwc_minecraft_yellow_rn", "Quantity": 20}, {"Index": 3, "Type": "cwc_minecraft_green_rn", "Quantity": 20}, {"Index": 4, "Type": "cwc_minecraft_blue_rn", "Quantity": 12}, {"Index": 5, "Type": "cwc_minecraft_purple_rn", "Quantity": 20}], "Pitch": 61.65001}, {"Timestamp": "2018-04-13 23:04:41", "ScreenshotPath": "185901-Builder-putdown.png"}, {"BuilderGridAbsolute": [{"Y": 1, "X": -1, "Z": 0, "Type": "cwc_minecraft_red_rn"}, {"Y": 1, "X": 0, "Z": 0, "Type": "cwc_minecraft_red_rn"}, {"Y": 1, "X": 1, "Z": 0, "Type": "cwc_minecraft_red_rn"}, {"Y": 1, "X": 1, "Z": 1, "Type": "cwc_minecraft_orange_rn"}, {"Y": 1, "X": -1, "Z": 2, "Type": "cwc_minecraft_blue_rn"}, {"Y": 1, "X": 0, "Z": 2, "Type": "cwc_minecraft_blue_rn"}, {"Y": 1, "X": 1, "Z": 2, "Type": "cwc_minecraft_blue_rn"}, {"Y": 2, "X": -1, "Z": 0, "Type": "cwc_minecraft_red_rn"}, {"Y": 2, "X": 1, "Z": 0, "Type": "cwc_minecraft_red_rn"}, {"Y": 2, "X": -1, "Z": 2, "Type": "cwc_minecraft_blue_rn"}, {"Y": 2, "X": 1, "Z": 2, "Type": "cwc_minecraft_blue_rn"}, {"Y": 3, "X": -1, "Z": 0, "Type": "cwc_minecraft_red_rn"}, {"Y": 3, "X": 0, "Z": 0, "Type": "cwc_minecraft_red_rn"}, {"Y": 3, "X": 1, "Z": 0, "Type": "cwc_minecraft_red_rn"}, {"Y": 3, "X": -1, "Z": 2, "Type": "cwc_minecraft_blue_rn"}, {"Y": 3, "X": 0, "Z": 2, "Type": "cwc_minecraft_blue_rn"}, {"Y": 3, "X": 1, "Z": 2, "Type": "cwc_minecraft_blue_rn"}], "XPos": 0.492420971444961, "TimeAlive": 3913, "ZPos": 1.5062962639886144, "Timestamp": "2018-04-13 23:04:41", "Yaw": 98.39984, "YPos": 1.0, "BuilderGridRelative": [{"Y": 0, "X": -1, "Z": -1, "Type": "cwc_minecraft_red_rn"}, {"Y": 0, "X": 0, "Z": -1, "Type": "cwc_minecraft_red_rn"}, {"Y": 0, "X": 1, "Z": -1, "Type": "cwc_minecraft_red_rn"}, {"Y": 0, "X": 1, "Z": 0, "Type": "cwc_minecraft_orange_rn"}, {"Y": 0, "X": -1, "Z": 1, "Type": "cwc_minecraft_blue_rn"}, {"Y": 0, "X": 0, "Z": 1, "Type": "cwc_minecraft_blue_rn"}, {"Y": 0, "X": 1, "Z": 1, "Type": "cwc_minecraft_blue_rn"}, {"Y": 1, "X": -1, "Z": -1, "Type": "cwc_minecraft_red_rn"}, {"Y": 1, "X": 1, "Z": -1, "Type": "cwc_minecraft_red_rn"}, {"Y": 1, "X": -1, "Z": 1, "Type": "cwc_minecraft_blue_rn"}, {"Y": 1, "X": 1, "Z": 1, "Type": "cwc_minecraft_blue_rn"}, {"Y": 2, "X": -1, "Z": -1, "Type": "cwc_minecraft_red_rn"}, {"Y": 2, "X": 0, "Z": -1, "Type": "cwc_minecraft_red_rn"}, {"Y": 2, "X": 1, "Z": -1, "Type": "cwc_minecraft_red_rn"}, {"Y": 2, "X": -1, "Z": 1, "Type": "cwc_minecraft_blue_rn"}, {"Y": 2, "X": 0, "Z": 1, "Type": "cwc_minecraft_blue_rn"}, {"Y": 2, "X": 1, "Z": 1, "Type": "cwc_minecraft_blue_rn"}], "DistanceTravelled": 9216, "BuilderInventory": [{"Index": 0, "Type": "cwc_minecraft_red_rn", "Quantity": 12}, {"Index": 1, "Type": "cwc_minecraft_orange_rn", "Quantity": 19}, {"Index": 2, "Type": "cwc_minecraft_yellow_rn", "Quantity": 20}, {"Index": 3, "Type": "cwc_minecraft_green_rn", "Quantity": 20}, {"Index": 4, "Type": "cwc_minecraft_blue_rn", "Quantity": 12}, {"Index": 5, "Type": "cwc_minecraft_purple_rn", "Quantity": 20}], "Pitch": 45.000008}, {"Timestamp": "2018-04-13 23:04:42", "ScreenshotPath": "186753-Builder-pickup.png"}, {"BuilderGridAbsolute": [{"Y": 1, "X": -1, "Z": 0, "Type": "cwc_minecraft_red_rn"}, {"Y": 1, "X": 0, "Z": 0, "Type": "cwc_minecraft_red_rn"}, {"Y": 1, "X": 1, "Z": 0, "Type": "cwc_minecraft_red_rn"}, {"Y": 1, "X": -1, "Z": 1, "Type": "cwc_minecraft_purple_rn"}, {"Y": 1, "X": 1, "Z": 1, "Type": "cwc_minecraft_orange_rn"}, {"Y": 1, "X": -1, "Z": 2, "Type": "cwc_minecraft_blue_rn"}, {"Y": 1, "X": 0, "Z": 2, "Type": "cwc_minecraft_blue_rn"}, {"Y": 1, "X": 1, "Z": 2, "Type": "cwc_minecraft_blue_rn"}, {"Y": 2, "X": -1, "Z": 0, "Type": "cwc_minecraft_red_rn"}, {"Y": 2, "X": 1, "Z": 0, "Type": "cwc_minecraft_red_rn"}, {"Y": 2, "X": -1, "Z": 2, "Type": "cwc_minecraft_blue_rn"}, {"Y": 2, "X": 1, "Z": 2, "Type": "cwc_minecraft_blue_rn"}, {"Y": 3, "X": -1, "Z": 0, "Type": "cwc_minecraft_red_rn"}, {"Y": 3, "X": 0, "Z": 0, "Type": "cwc_minecraft_red_rn"}, {"Y": 3, "X": 1, "Z": 0, "Type": "cwc_minecraft_red_rn"}, {"Y": 3, "X": -1, "Z": 2, "Type": "cwc_minecraft_blue_rn"}, {"Y": 3, "X": 0, "Z": 2, "Type": "cwc_minecraft_blue_rn"}, {"Y": 3, "X": 1, "Z": 2, "Type": "cwc_minecraft_blue_rn"}], "XPos": 0.6999999880790695, "TimeAlive": 3949, "ZPos": 1.5957181519091919, "Timestamp": "2018-04-13 23:04:43", "Yaw": 107.549866, "YPos": 1.0, "BuilderGridRelative": [{"Y": 0, "X": -1, "Z": -1, "Type": "cwc_minecraft_red_rn"}, {"Y": 0, "X": 0, "Z": -1, "Type": "cwc_minecraft_red_rn"}, {"Y": 0, "X": 1, "Z": -1, "Type": "cwc_minecraft_red_rn"}, {"Y": 0, "X": -1, "Z": 0, "Type": "cwc_minecraft_purple_rn"}, {"Y": 0, "X": 1, "Z": 0, "Type": "cwc_minecraft_orange_rn"}, {"Y": 0, "X": -1, "Z": 1, "Type": "cwc_minecraft_blue_rn"}, {"Y": 0, "X": 0, "Z": 1, "Type": "cwc_minecraft_blue_rn"}, {"Y": 0, "X": 1, "Z": 1, "Type": "cwc_minecraft_blue_rn"}, {"Y": 1, "X": -1, "Z": -1, "Type": "cwc_minecraft_red_rn"}, {"Y": 1, "X": 1, "Z": -1, "Type": "cwc_minecraft_red_rn"}, {"Y": 1, "X": -1, "Z": 1, "Type": "cwc_minecraft_blue_rn"}, {"Y": 1, "X": 1, "Z": 1, "Type": "cwc_minecraft_blue_rn"}, {"Y": 2, "X": -1, "Z": -1, "Type": "cwc_minecraft_red_rn"}, {"Y": 2, "X": 0, "Z": -1, "Type": "cwc_minecraft_red_rn"}, {"Y": 2, "X": 1, "Z": -1, "Type": "cwc_minecraft_red_rn"}, {"Y": 2, "X": -1, "Z": 1, "Type": "cwc_minecraft_blue_rn"}, {"Y": 2, "X": 0, "Z": 1, "Type": "cwc_minecraft_blue_rn"}, {"Y": 2, "X": 1, "Z": 1, "Type": "cwc_minecraft_blue_rn"}], "DistanceTravelled": 9242, "BuilderInventory": [{"Index": 0, "Type": "cwc_minecraft_red_rn", "Quantity": 12}, {"Index": 1, "Type": "cwc_minecraft_orange_rn", "Quantity": 19}, {"Index": 2, "Type": "cwc_minecraft_yellow_rn", "Quantity": 20}, {"Index": 3, "Type": "cwc_minecraft_green_rn", "Quantity": 20}, {"Index": 4, "Type": "cwc_minecraft_blue_rn", "Quantity": 12}, {"Index": 5, "Type": "cwc_minecraft_purple_rn", "Quantity": 19}], "Pitch": 59.25002}, {"Timestamp": "2018-04-13 23:04:43", "ScreenshotPath": "188503-Builder-putdown.png"}, {"Timestamp": "2018-04-13 23:04:46", "Chat": ["<Builder> no biggie"]}, {"BuilderGridAbsolute": [{"Y": 1, "X": -1, "Z": 0, "Type": "cwc_minecraft_red_rn"}, {"Y": 1, "X": 0, "Z": 0, "Type": "cwc_minecraft_red_rn"}, {"Y": 1, "X": 1, "Z": 0, "Type": "cwc_minecraft_red_rn"}, {"Y": 1, "X": -1, "Z": 1, "Type": "cwc_minecraft_purple_rn"}, {"Y": 1, "X": 1, "Z": 1, "Type": "cwc_minecraft_orange_rn"}, {"Y": 1, "X": -1, "Z": 2, "Type": "cwc_minecraft_blue_rn"}, {"Y": 1, "X": 0, "Z": 2, "Type": "cwc_minecraft_blue_rn"}, {"Y": 1, "X": 1, "Z": 2, "Type": "cwc_minecraft_blue_rn"}, {"Y": 2, "X": -1, "Z": 0, "Type": "cwc_minecraft_red_rn"}, {"Y": 2, "X": 1, "Z": 0, "Type": "cwc_minecraft_red_rn"}, {"Y": 2, "X": -1, "Z": 2, "Type": "cwc_minecraft_blue_rn"}, {"Y": 2, "X": 1, "Z": 2, "Type": "cwc_minecraft_blue_rn"}, {"Y": 3, "X": -1, "Z": 0, "Type": "cwc_minecraft_red_rn"}, {"Y": 3, "X": 0, "Z": 0, "Type": "cwc_minecraft_red_rn"}, {"Y": 3, "X": 1, "Z": 0, "Type": "cwc_minecraft_red_rn"}, {"Y": 3, "X": -1, "Z": 2, "Type": "cwc_minecraft_blue_rn"}, {"Y": 3, "X": 0, "Z": 2, "Type": "cwc_minecraft_blue_rn"}, {"Y": 3, "X": 1, "Z": 2, "Type": "cwc_minecraft_blue_rn"}], "XPos": 0.6999999880790695, "TimeAlive": 4009, "ZPos": 1.5957181519091919, "Timestamp": "2018-04-13 23:04:46", "Yaw": 104.69986, "YPos": 1.0, "ScreenshotPath": "191452-Builder-chat.png", "BuilderGridRelative": [{"Y": 0, "X": -1, "Z": -1, "Type": "cwc_minecraft_red_rn"}, {"Y": 0, "X": 0, "Z": -1, "Type": "cwc_minecraft_red_rn"}, {"Y": 0, "X": 1, "Z": -1, "Type": "cwc_minecraft_red_rn"}, {"Y": 0, "X": -1, "Z": 0, "Type": "cwc_minecraft_purple_rn"}, {"Y": 0, "X": 1, "Z": 0, "Type": "cwc_minecraft_orange_rn"}, {"Y": 0, "X": -1, "Z": 1, "Type": "cwc_minecraft_blue_rn"}, {"Y": 0, "X": 0, "Z": 1, "Type": "cwc_minecraft_blue_rn"}, {"Y": 0, "X": 1, "Z": 1, "Type": "cwc_minecraft_blue_rn"}, {"Y": 1, "X": -1, "Z": -1, "Type": "cwc_minecraft_red_rn"}, {"Y": 1, "X": 1, "Z": -1, "Type": "cwc_minecraft_red_rn"}, {"Y": 1, "X": -1, "Z": 1, "Type": "cwc_minecraft_blue_rn"}, {"Y": 1, "X": 1, "Z": 1, "Type": "cwc_minecraft_blue_rn"}, {"Y": 2, "X": -1, "Z": -1, "Type": "cwc_minecraft_red_rn"}, {"Y": 2, "X": 0, "Z": -1, "Type": "cwc_minecraft_red_rn"}, {"Y": 2, "X": 1, "Z": -1, "Type": "cwc_minecraft_red_rn"}, {"Y": 2, "X": -1, "Z": 1, "Type": "cwc_minecraft_blue_rn"}, {"Y": 2, "X": 0, "Z": 1, "Type": "cwc_minecraft_blue_rn"}, {"Y": 2, "X": 1, "Z": 1, "Type": "cwc_minecraft_blue_rn"}], "DistanceTravelled": 9242, "BuilderInventory": [{"Index": 0, "Type": "cwc_minecraft_red_rn", "Quantity": 12}, {"Index": 1, "Type": "cwc_minecraft_orange_rn", "Quantity": 19}, {"Index": 2, "Type": "cwc_minecraft_yellow_rn", "Quantity": 20}, {"Index": 3, "Type": "cwc_minecraft_green_rn", "Quantity": 20}, {"Index": 4, "Type": "cwc_minecraft_blue_rn", "Quantity": 12}, {"Index": 5, "Type": "cwc_minecraft_purple_rn", "Quantity": 19}], "Pitch": 58.80002}, {"Timestamp": "2018-04-13 23:04:54", "Chat": ["<Architect> then connect at the top with the same colors"]}, {"BuilderGridAbsolute": [{"Y": 1, "X": -1, "Z": 0, "Type": "cwc_minecraft_red_rn"}, {"Y": 1, "X": 0, "Z": 0, "Type": "cwc_minecraft_red_rn"}, {"Y": 1, "X": 1, "Z": 0, "Type": "cwc_minecraft_red_rn"}, {"Y": 1, "X": -1, "Z": 1, "Type": "cwc_minecraft_purple_rn"}, {"Y": 1, "X": 1, "Z": 1, "Type": "cwc_minecraft_orange_rn"}, {"Y": 1, "X": -1, "Z": 2, "Type": "cwc_minecraft_blue_rn"}, {"Y": 1, "X": 0, "Z": 2, "Type": "cwc_minecraft_blue_rn"}, {"Y": 1, "X": 1, "Z": 2, "Type": "cwc_minecraft_blue_rn"}, {"Y": 2, "X": -1, "Z": 0, "Type": "cwc_minecraft_red_rn"}, {"Y": 2, "X": 1, "Z": 0, "Type": "cwc_minecraft_red_rn"}, {"Y": 2, "X": -1, "Z": 2, "Type": "cwc_minecraft_blue_rn"}, {"Y": 2, "X": 1, "Z": 2, "Type": "cwc_minecraft_blue_rn"}, {"Y": 3, "X": -1, "Z": 0, "Type": "cwc_minecraft_red_rn"}, {"Y": 3, "X": 0, "Z": 0, "Type": "cwc_minecraft_red_rn"}, {"Y": 3, "X": 1, "Z": 0, "Type": "cwc_minecraft_red_rn"}, {"Y": 3, "X": -1, "Z": 2, "Type": "cwc_minecraft_blue_rn"}, {"Y": 3, "X": 0, "Z": 2, "Type": "cwc_minecraft_blue_rn"}, {"Y": 3, "X": 1, "Z": 2, "Type": "cwc_minecraft_blue_rn"}], "XPos": -0.6329087625731643, "TimeAlive": 4157, "ZPos": 1.6999999880790713, "Timestamp": "2018-04-13 23:04:54", "Yaw": 258.90063, "YPos": 2.0, "ScreenshotPath": "198850-Builder-chat.png", "BuilderGridRelative": [{"Y": -1, "X": 0, "Z": -1, "Type": "cwc_minecraft_red_rn"}, {"Y": -1, "X": 1, "Z": -1, "Type": "cwc_minecraft_red_rn"}, {"Y": -1, "X": 2, "Z": -1, "Type": "cwc_minecraft_red_rn"}, {"Y": -1, "X": 0, "Z": 0, "Type": "cwc_minecraft_purple_rn"}, {"Y": -1, "X": 2, "Z": 0, "Type": "cwc_minecraft_orange_rn"}, {"Y": -1, "X": 0, "Z": 1, "Type": "cwc_minecraft_blue_rn"}, {"Y": -1, "X": 1, "Z": 1, "Type": "cwc_minecraft_blue_rn"}, {"Y": -1, "X": 2, "Z": 1, "Type": "cwc_minecraft_blue_rn"}, {"Y": 0, "X": 0, "Z": -1, "Type": "cwc_minecraft_red_rn"}, {"Y": 0, "X": 2, "Z": -1, "Type": "cwc_minecraft_red_rn"}, {"Y": 0, "X": 0, "Z": 1, "Type": "cwc_minecraft_blue_rn"}, {"Y": 0, "X": 2, "Z": 1, "Type": "cwc_minecraft_blue_rn"}, {"Y": 1, "X": 0, "Z": -1, "Type": "cwc_minecraft_red_rn"}, {"Y": 1, "X": 1, "Z": -1, "Type": "cwc_minecraft_red_rn"}, {"Y": 1, "X": 2, "Z": -1, "Type": "cwc_minecraft_red_rn"}, {"Y": 1, "X": 0, "Z": 1, "Type": "cwc_minecraft_blue_rn"}, {"Y": 1, "X": 1, "Z": 1, "Type": "cwc_minecraft_blue_rn"}, {"Y": 1, "X": 2, "Z": 1, "Type": "cwc_minecraft_blue_rn"}], "DistanceTravelled": 9345, "BuilderInventory": [{"Index": 0, "Type": "cwc_minecraft_red_rn", "Quantity": 12}, {"Index": 1, "Type": "cwc_minecraft_orange_rn", "Quantity": 19}, {"Index": 2, "Type": "cwc_minecraft_yellow_rn", "Quantity": 20}, {"Index": 3, "Type": "cwc_minecraft_green_rn", "Quantity": 20}, {"Index": 4, "Type": "cwc_minecraft_blue_rn", "Quantity": 12}, {"Index": 5, "Type": "cwc_minecraft_purple_rn", "Quantity": 19}], "Pitch": 28.650026}, {"BuilderGridAbsolute": [{"Y": 1, "X": -1, "Z": 0, "Type": "cwc_minecraft_red_rn"}, {"Y": 1, "X": 0, "Z": 0, "Type": "cwc_minecraft_red_rn"}, {"Y": 1, "X": 1, "Z": 0, "Type": "cwc_minecraft_red_rn"}, {"Y": 1, "X": -1, "Z": 1, "Type": "cwc_minecraft_purple_rn"}, {"Y": 1, "X": 1, "Z": 1, "Type": "cwc_minecraft_orange_rn"}, {"Y": 1, "X": -1, "Z": 2, "Type": "cwc_minecraft_blue_rn"}, {"Y": 1, "X": 0, "Z": 2, "Type": "cwc_minecraft_blue_rn"}, {"Y": 1, "X": 1, "Z": 2, "Type": "cwc_minecraft_blue_rn"}, {"Y": 2, "X": -1, "Z": 0, "Type": "cwc_minecraft_red_rn"}, {"Y": 2, "X": 1, "Z": 0, "Type": "cwc_minecraft_red_rn"}, {"Y": 2, "X": -1, "Z": 2, "Type": "cwc_minecraft_blue_rn"}, {"Y": 2, "X": 1, "Z": 2, "Type": "cwc_minecraft_blue_rn"}, {"Y": 3, "X": -1, "Z": 0, "Type": "cwc_minecraft_red_rn"}, {"Y": 3, "X": 0, "Z": 0, "Type": "cwc_minecraft_red_rn"}, {"Y": 3, "X": 1, "Z": 0, "Type": "cwc_minecraft_red_rn"}, {"Y": 3, "X": -1, "Z": 1, "Type": "cwc_minecraft_purple_rn"}, {"Y": 3, "X": -1, "Z": 2, "Type": "cwc_minecraft_blue_rn"}, {"Y": 3, "X": 0, "Z": 2, "Type": "cwc_minecraft_blue_rn"}, {"Y": 3, "X": 1, "Z": 2, "Type": "cwc_minecraft_blue_rn"}], "XPos": -2.937566745289732, "TimeAlive": 4246, "ZPos": 1.5307927367223564, "Timestamp": "2018-04-13 23:04:58", "Yaw": 254.55072, "YPos": 4.532928275344888, "BuilderGridRelative": [{"Y": -3, "X": 2, "Z": -1, "Type": "cwc_minecraft_red_rn"}, {"Y": -3, "X": 3, "Z": -1, "Type": "cwc_minecraft_red_rn"}, {"Y": -3, "X": 4, "Z": -1, "Type": "cwc_minecraft_red_rn"}, {"Y": -3, "X": 2, "Z": 0, "Type": "cwc_minecraft_purple_rn"}, {"Y": -3, "X": 4, "Z": 0, "Type": "cwc_minecraft_orange_rn"}, {"Y": -3, "X": 2, "Z": 1, "Type": "cwc_minecraft_blue_rn"}, {"Y": -3, "X": 3, "Z": 1, "Type": "cwc_minecraft_blue_rn"}, {"Y": -3, "X": 4, "Z": 1, "Type": "cwc_minecraft_blue_rn"}, {"Y": -2, "X": 2, "Z": -1, "Type": "cwc_minecraft_red_rn"}, {"Y": -2, "X": 4, "Z": -1, "Type": "cwc_minecraft_red_rn"}, {"Y": -2, "X": 2, "Z": 1, "Type": "cwc_minecraft_blue_rn"}, {"Y": -2, "X": 4, "Z": 1, "Type": "cwc_minecraft_blue_rn"}, {"Y": -1, "X": 2, "Z": -1, "Type": "cwc_minecraft_red_rn"}, {"Y": -1, "X": 3, "Z": -1, "Type": "cwc_minecraft_red_rn"}, {"Y": -1, "X": 4, "Z": -1, "Type": "cwc_minecraft_red_rn"}, {"Y": -1, "X": 2, "Z": 0, "Type": "cwc_minecraft_purple_rn"}, {"Y": -1, "X": 2, "Z": 1, "Type": "cwc_minecraft_blue_rn"}, {"Y": -1, "X": 3, "Z": 1, "Type": "cwc_minecraft_blue_rn"}, {"Y": -1, "X": 4, "Z": 1, "Type": "cwc_minecraft_blue_rn"}], "DistanceTravelled": 9346, "BuilderInventory": [{"Index": 0, "Type": "cwc_minecraft_red_rn", "Quantity": 12}, {"Index": 1, "Type": "cwc_minecraft_orange_rn", "Quantity": 19}, {"Index": 2, "Type": "cwc_minecraft_yellow_rn", "Quantity": 20}, {"Index": 3, "Type": "cwc_minecraft_green_rn", "Quantity": 20}, {"Index": 4, "Type": "cwc_minecraft_blue_rn", "Quantity": 12}, {"Index": 5, "Type": "cwc_minecraft_purple_rn", "Quantity": 18}], "Pitch": 50.850018}, {"Timestamp": "2018-04-13 23:04:59", "ScreenshotPath": "203349-Builder-putdown.png"}, {"BuilderGridAbsolute": [{"Y": 1, "X": -1, "Z": 0, "Type": "cwc_minecraft_red_rn"}, {"Y": 1, "X": 0, "Z": 0, "Type": "cwc_minecraft_red_rn"}, {"Y": 1, "X": 1, "Z": 0, "Type": "cwc_minecraft_red_rn"}, {"Y": 1, "X": -1, "Z": 1, "Type": "cwc_minecraft_purple_rn"}, {"Y": 1, "X": 1, "Z": 1, "Type": "cwc_minecraft_orange_rn"}, {"Y": 1, "X": -1, "Z": 2, "Type": "cwc_minecraft_blue_rn"}, {"Y": 1, "X": 0, "Z": 2, "Type": "cwc_minecraft_blue_rn"}, {"Y": 1, "X": 1, "Z": 2, "Type": "cwc_minecraft_blue_rn"}, {"Y": 2, "X": -1, "Z": 0, "Type": "cwc_minecraft_red_rn"}, {"Y": 2, "X": 1, "Z": 0, "Type": "cwc_minecraft_red_rn"}, {"Y": 2, "X": -1, "Z": 2, "Type": "cwc_minecraft_blue_rn"}, {"Y": 2, "X": 1, "Z": 2, "Type": "cwc_minecraft_blue_rn"}, {"Y": 3, "X": -1, "Z": 0, "Type": "cwc_minecraft_red_rn"}, {"Y": 3, "X": 0, "Z": 0, "Type": "cwc_minecraft_red_rn"}, {"Y": 3, "X": 1, "Z": 0, "Type": "cwc_minecraft_red_rn"}, {"Y": 3, "X": -1, "Z": 1, "Type": "cwc_minecraft_purple_rn"}, {"Y": 3, "X": 1, "Z": 1, "Type": "cwc_minecraft_orange_rn"}, {"Y": 3, "X": -1, "Z": 2, "Type": "cwc_minecraft_blue_rn"}, {"Y": 3, "X": 0, "Z": 2, "Type": "cwc_minecraft_blue_rn"}, {"Y": 3, "X": 1, "Z": 2, "Type": "cwc_minecraft_blue_rn"}], "XPos": 3.078278264264735, "TimeAlive": 4318, "ZPos": 1.231949998272178, "Timestamp": "2018-04-13 23:05:02", "Yaw": 58.651184, "YPos": 4.532928275344888, "BuilderGridRelative": [{"Y": -3, "X": -4, "Z": -1, "Type": "cwc_minecraft_red_rn"}, {"Y": -3, "X": -3, "Z": -1, "Type": "cwc_minecraft_red_rn"}, {"Y": -3, "X": -2, "Z": -1, "Type": "cwc_minecraft_red_rn"}, {"Y": -3, "X": -4, "Z": 0, "Type": "cwc_minecraft_purple_rn"}, {"Y": -3, "X": -2, "Z": 0, "Type": "cwc_minecraft_orange_rn"}, {"Y": -3, "X": -4, "Z": 1, "Type": "cwc_minecraft_blue_rn"}, {"Y": -3, "X": -3, "Z": 1, "Type": "cwc_minecraft_blue_rn"}, {"Y": -3, "X": -2, "Z": 1, "Type": "cwc_minecraft_blue_rn"}, {"Y": -2, "X": -4, "Z": -1, "Type": "cwc_minecraft_red_rn"}, {"Y": -2, "X": -2, "Z": -1, "Type": "cwc_minecraft_red_rn"}, {"Y": -2, "X": -4, "Z": 1, "Type": "cwc_minecraft_blue_rn"}, {"Y": -2, "X": -2, "Z": 1, "Type": "cwc_minecraft_blue_rn"}, {"Y": -1, "X": -4, "Z": -1, "Type": "cwc_minecraft_red_rn"}, {"Y": -1, "X": -3, "Z": -1, "Type": "cwc_minecraft_red_rn"}, {"Y": -1, "X": -2, "Z": -1, "Type": "cwc_minecraft_red_rn"}, {"Y": -1, "X": -4, "Z": 0, "Type": "cwc_minecraft_purple_rn"}, {"Y": -1, "X": -2, "Z": 0, "Type": "cwc_minecraft_orange_rn"}, {"Y": -1, "X": -4, "Z": 1, "Type": "cwc_minecraft_blue_rn"}, {"Y": -1, "X": -3, "Z": 1, "Type": "cwc_minecraft_blue_rn"}, {"Y": -1, "X": -2, "Z": 1, "Type": "cwc_minecraft_blue_rn"}], "DistanceTravelled": 9346, "BuilderInventory": [{"Index": 0, "Type": "cwc_minecraft_red_rn", "Quantity": 12}, {"Index": 1, "Type": "cwc_minecraft_orange_rn", "Quantity": 18}, {"Index": 2, "Type": "cwc_minecraft_yellow_rn", "Quantity": 20}, {"Index": 3, "Type": "cwc_minecraft_green_rn", "Quantity": 20}, {"Index": 4, "Type": "cwc_minecraft_blue_rn", "Quantity": 12}, {"Index": 5, "Type": "cwc_minecraft_purple_rn", "Quantity": 18}], "Pitch": 57.300026}, {"Timestamp": "2018-04-13 23:05:02", "ScreenshotPath": "206950-Builder-putdown.png"}, {"Timestamp": "2018-04-13 23:05:12", "Chat": ["<Architect> done"], "ScreenshotPath": "216613-Builder-chat.png"}, {"BuilderGridAbsolute": [{"Y": 1, "X": -1, "Z": 0, "Type": "cwc_minecraft_red_rn"}, {"Y": 1, "X": 0, "Z": 0, "Type": "cwc_minecraft_red_rn"}, {"Y": 1, "X": 1, "Z": 0, "Type": "cwc_minecraft_red_rn"}, {"Y": 1, "X": -1, "Z": 1, "Type": "cwc_minecraft_purple_rn"}, {"Y": 1, "X": 1, "Z": 1, "Type": "cwc_minecraft_orange_rn"}, {"Y": 1, "X": -1, "Z": 2, "Type": "cwc_minecraft_blue_rn"}, {"Y": 1, "X": 0, "Z": 2, "Type": "cwc_minecraft_blue_rn"}, {"Y": 1, "X": 1, "Z": 2, "Type": "cwc_minecraft_blue_rn"}, {"Y": 2, "X": -1, "Z": 0, "Type": "cwc_minecraft_red_rn"}, {"Y": 2, "X": 1, "Z": 0, "Type": "cwc_minecraft_red_rn"}, {"Y": 2, "X": -1, "Z": 2, "Type": "cwc_minecraft_blue_rn"}, {"Y": 2, "X": 1, "Z": 2, "Type": "cwc_minecraft_blue_rn"}, {"Y": 3, "X": -1, "Z": 0, "Type": "cwc_minecraft_red_rn"}, {"Y": 3, "X": 0, "Z": 0, "Type": "cwc_minecraft_red_rn"}, {"Y": 3, "X": 1, "Z": 0, "Type": "cwc_minecraft_red_rn"}, {"Y": 3, "X": -1, "Z": 1, "Type": "cwc_minecraft_purple_rn"}, {"Y": 3, "X": 1, "Z": 1, "Type": "cwc_minecraft_orange_rn"}, {"Y": 3, "X": -1, "Z": 2, "Type": "cwc_minecraft_blue_rn"}, {"Y": 3, "X": 0, "Z": 2, "Type": "cwc_minecraft_blue_rn"}, {"Y": 3, "X": 1, "Z": 2, "Type": "cwc_minecraft_blue_rn"}], "XPos": -0.3984197626431387, "TimeAlive": 4513, "ZPos": 2.5824739854384084, "Timestamp": "2018-04-13 23:05:12", "Yaw": 229.20026, "YPos": 4.0, "BuilderGridRelative": [{"Y": -3, "X": 0, "Z": -2, "Type": "cwc_minecraft_red_rn"}, {"Y": -3, "X": 1, "Z": -2, "Type": "cwc_minecraft_red_rn"}, {"Y": -3, "X": 2, "Z": -2, "Type": "cwc_minecraft_red_rn"}, {"Y": -3, "X": 0, "Z": -1, "Type": "cwc_minecraft_purple_rn"}, {"Y": -3, "X": 2, "Z": -1, "Type": "cwc_minecraft_orange_rn"}, {"Y": -3, "X": 0, "Z": 0, "Type": "cwc_minecraft_blue_rn"}, {"Y": -3, "X": 1, "Z": 0, "Type": "cwc_minecraft_blue_rn"}, {"Y": -3, "X": 2, "Z": 0, "Type": "cwc_minecraft_blue_rn"}, {"Y": -2, "X": 0, "Z": -2, "Type": "cwc_minecraft_red_rn"}, {"Y": -2, "X": 2, "Z": -2, "Type": "cwc_minecraft_red_rn"}, {"Y": -2, "X": 0, "Z": 0, "Type": "cwc_minecraft_blue_rn"}, {"Y": -2, "X": 2, "Z": 0, "Type": "cwc_minecraft_blue_rn"}, {"Y": -1, "X": 0, "Z": -2, "Type": "cwc_minecraft_red_rn"}, {"Y": -1, "X": 1, "Z": -2, "Type": "cwc_minecraft_red_rn"}, {"Y": -1, "X": 2, "Z": -2, "Type": "cwc_minecraft_red_rn"}, {"Y": -1, "X": 0, "Z": -1, "Type": "cwc_minecraft_purple_rn"}, {"Y": -1, "X": 2, "Z": -1, "Type": "cwc_minecraft_orange_rn"}, {"Y": -1, "X": 0, "Z": 0, "Type": "cwc_minecraft_blue_rn"}, {"Y": -1, "X": 1, "Z": 0, "Type": "cwc_minecraft_blue_rn"}, {"Y": -1, "X": 2, "Z": 0, "Type": "cwc_minecraft_blue_rn"}], "DistanceTravelled": 9347, "BuilderInventory": [{"Index": 0, "Type": "cwc_minecraft_red_rn", "Quantity": 12}, {"Index": 1, "Type": "cwc_minecraft_orange_rn", "Quantity": 18}, {"Index": 2, "Type": "cwc_minecraft_yellow_rn", "Quantity": 20}, {"Index": 3, "Type": "cwc_minecraft_green_rn", "Quantity": 20}, {"Index": 4, "Type": "cwc_minecraft_blue_rn", "Quantity": 12}, {"Index": 5, "Type": "cwc_minecraft_purple_rn", "Quantity": 18}], "Pitch": 53.700016}, {"Timestamp": "2018-04-13 23:05:15", "Chat": ["<Builder> :)"], "ScreenshotPath": "219415-Builder-chat.png"}, {"BuilderGridAbsolute": [{"Y": 1, "X": -1, "Z": 0, "Type": "cwc_minecraft_red_rn"}, {"Y": 1, "X": 0, "Z": 0, "Type": "cwc_minecraft_red_rn"}, {"Y": 1, "X": 1, "Z": 0, "Type": "cwc_minecraft_red_rn"}, {"Y": 1, "X": -1, "Z": 1, "Type": "cwc_minecraft_purple_rn"}, {"Y": 1, "X": 1, "Z": 1, "Type": "cwc_minecraft_orange_rn"}, {"Y": 1, "X": -1, "Z": 2, "Type": "cwc_minecraft_blue_rn"}, {"Y": 1, "X": 0, "Z": 2, "Type": "cwc_minecraft_blue_rn"}, {"Y": 1, "X": 1, "Z": 2, "Type": "cwc_minecraft_blue_rn"}, {"Y": 2, "X": -1, "Z": 0, "Type": "cwc_minecraft_red_rn"}, {"Y": 2, "X": 1, "Z": 0, "Type": "cwc_minecraft_red_rn"}, {"Y": 2, "X": -1, "Z": 2, "Type": "cwc_minecraft_blue_rn"}, {"Y": 2, "X": 1, "Z": 2, "Type": "cwc_minecraft_blue_rn"}, {"Y": 3, "X": -1, "Z": 0, "Type": "cwc_minecraft_red_rn"}, {"Y": 3, "X": 0, "Z": 0, "Type": "cwc_minecraft_red_rn"}, {"Y": 3, "X": 1, "Z": 0, "Type": "cwc_minecraft_red_rn"}, {"Y": 3, "X": -1, "Z": 1, "Type": "cwc_minecraft_purple_rn"}, {"Y": 3, "X": 1, "Z": 1, "Type": "cwc_minecraft_orange_rn"}, {"Y": 3, "X": -1, "Z": 2, "Type": "cwc_minecraft_blue_rn"}, {"Y": 3, "X": 0, "Z": 2, "Type": "cwc_minecraft_blue_rn"}, {"Y": 3, "X": 1, "Z": 2, "Type": "cwc_minecraft_blue_rn"}], "XPos": -0.3984197626431387, "TimeAlive": 4569, "ZPos": 2.5824739854384084, "Timestamp": "2018-04-13 23:05:15", "Yaw": 229.20026, "YPos": 4.0, "BuilderGridRelative": [{"Y": -3, "X": 0, "Z": -2, "Type": "cwc_minecraft_red_rn"}, {"Y": -3, "X": 1, "Z": -2, "Type": "cwc_minecraft_red_rn"}, {"Y": -3, "X": 2, "Z": -2, "Type": "cwc_minecraft_red_rn"}, {"Y": -3, "X": 0, "Z": -1, "Type": "cwc_minecraft_purple_rn"}, {"Y": -3, "X": 2, "Z": -1, "Type": "cwc_minecraft_orange_rn"}, {"Y": -3, "X": 0, "Z": 0, "Type": "cwc_minecraft_blue_rn"}, {"Y": -3, "X": 1, "Z": 0, "Type": "cwc_minecraft_blue_rn"}, {"Y": -3, "X": 2, "Z": 0, "Type": "cwc_minecraft_blue_rn"}, {"Y": -2, "X": 0, "Z": -2, "Type": "cwc_minecraft_red_rn"}, {"Y": -2, "X": 2, "Z": -2, "Type": "cwc_minecraft_red_rn"}, {"Y": -2, "X": 0, "Z": 0, "Type": "cwc_minecraft_blue_rn"}, {"Y": -2, "X": 2, "Z": 0, "Type": "cwc_minecraft_blue_rn"}, {"Y": -1, "X": 0, "Z": -2, "Type": "cwc_minecraft_red_rn"}, {"Y": -1, "X": 1, "Z": -2, "Type": "cwc_minecraft_red_rn"}, {"Y": -1, "X": 2, "Z": -2, "Type": "cwc_minecraft_red_rn"}, {"Y": -1, "X": 0, "Z": -1, "Type": "cwc_minecraft_purple_rn"}, {"Y": -1, "X": 2, "Z": -1, "Type": "cwc_minecraft_orange_rn"}, {"Y": -1, "X": 0, "Z": 0, "Type": "cwc_minecraft_blue_rn"}, {"Y": -1, "X": 1, "Z": 0, "Type": "cwc_minecraft_blue_rn"}, {"Y": -1, "X": 2, "Z": 0, "Type": "cwc_minecraft_blue_rn"}], "DistanceTravelled": 9347, "BuilderInventory": [{"Index": 0, "Type": "cwc_minecraft_red_rn", "Quantity": 12}, {"Index": 1, "Type": "cwc_minecraft_orange_rn", "Quantity": 18}, {"Index": 2, "Type": "cwc_minecraft_yellow_rn", "Quantity": 20}, {"Index": 3, "Type": "cwc_minecraft_green_rn", "Quantity": 20}, {"Index": 4, "Type": "cwc_minecraft_blue_rn", "Quantity": 12}, {"Index": 5, "Type": "cwc_minecraft_purple_rn", "Quantity": 18}], "Pitch": 53.700016}], "NumFixedViewers": 4, "TimeElapsed": 235.1466419696808}