{"WorldStates": [{"BuilderPosition": {"Y": 1.0, "X": 0.0, "Yaw": 0.0, "Z": 0.0, "Pitch": 0.0}, "ChatHistory": ["<Builder> Mission has started."], "Timestamp": "2018-04-13 22:40:04", "BlocksInGrid": [], "ScreenshotPath": "0-Builder-chat.png", "BuilderInventory": [{"Index": 0, "Type": "cwc_minecraft_red_rn", "Quantity": 20}, {"Index": 1, "Type": "cwc_minecraft_orange_rn", "Quantity": 20}, {"Index": 2, "Type": "cwc_minecraft_yellow_rn", "Quantity": 20}, {"Index": 3, "Type": "cwc_minecraft_green_rn", "Quantity": 20}, {"Index": 4, "Type": "cwc_minecraft_blue_rn", "Quantity": 20}, {"Index": 5, "Type": "cwc_minecraft_purple_rn", "Quantity": 20}]}, {"BuilderPosition": {"Y": 1.0, "X": 0.0, "Yaw": -14.099966, "Z": 0.0, "Pitch": 0.59999716}, "ChatHistory": ["<Builder> Mission has started.", "<Builder> hi"], "Timestamp": "2018-04-13 22:40:15", "BlocksInGrid": [], "ScreenshotPath": "10376-Builder-chat.png", "BuilderInventory": [{"Index": 0, "Type": "cwc_minecraft_red_rn", "Quantity": 20}, {"Index": 1, "Type": "cwc_minecraft_orange_rn", "Quantity": 20}, {"Index": 2, "Type": "cwc_minecraft_yellow_rn", "Quantity": 20}, {"Index": 3, "Type": "cwc_minecraft_green_rn", "Quantity": 20}, {"Index": 4, "Type": "cwc_minecraft_blue_rn", "Quantity": 20}, {"Index": 5, "Type": "cwc_minecraft_purple_rn", "Quantity": 20}]}, {"BuilderPosition": {"Y": 1.0, "X": 2.6517803602096723, "Yaw": 277.95023, "Z": 0.010916979655851894, "Pitch": 26.999979}, "ChatHistory": ["<Builder> Mission has started.", "<Builder> hi"], "Timestamp": "2018-04-13 22:40:25", "BlocksInGrid": [{"PerspectiveCoordinates": {"Y": 1.3488800595582615, "X": 0.41493855551399994, "Z": 2.647328574259042}, "AbsoluteCoordinates": {"Y": 1, "X": 5, "Z": 0}, "Type": "cwc_minecraft_red_rn"}], "ScreenshotPath": "20475-Builder-putdown.png", "BuilderInventory": [{"Index": 0, "Type": "cwc_minecraft_red_rn", "Quantity": 19}, {"Index": 1, "Type": "cwc_minecraft_orange_rn", "Quantity": 20}, {"Index": 2, "Type": "cwc_minecraft_yellow_rn", "Quantity": 20}, {"Index": 3, "Type": "cwc_minecraft_green_rn", "Quantity": 20}, {"Index": 4, "Type": "cwc_minecraft_blue_rn", "Quantity": 20}, {"Index": 5, "Type": "cwc_minecraft_purple_rn", "Quantity": 20}]}, {"BuilderPosition": {"Y": 1.0, "X": 2.6517803602096723, "Yaw": 278.70023, "Z": 0.010916979655851894, "Pitch": 31.19998}, "BuilderInventory": [{"Index": 0, "Type": "cwc_minecraft_red_rn", "Quantity": 18}, {"Index": 1, "Type": "cwc_minecraft_orange_rn", "Quantity": 20}, {"Index": 2, "Type": "cwc_minecraft_yellow_rn", "Quantity": 20}, {"Index": 3, "Type": "cwc_minecraft_green_rn", "Quantity": 20}, {"Index": 4, "Type": "cwc_minecraft_blue_rn", "Quantity": 20}, {"Index": 5, "Type": "cwc_minecraft_purple_rn", "Quantity": 20}], "ChatHistory": ["<Builder> Mission has started.", "<Builder> hi"], "Timestamp": "2018-04-13 22:40:25", "BlocksInGrid": [{"PerspectiveCoordinates": {"Y": 1.0241318445493366, "X": 0.30252957663, "Z": 1.6910440030486542}, "AbsoluteCoordinates": {"Y": 1, "X": 4, "Z": 0}, "Type": "cwc_minecraft_red_rn"}, {"PerspectiveCoordinates": {"Y": 1.5361977668240046, "X": 0.45379436494500003, "Z": 2.536566004572981}, "AbsoluteCoordinates": {"Y": 1, "X": 5, "Z": 0}, "Type": "cwc_minecraft_red_rn"}], "ScreenshotPath": "20975-Builder-putdown.png"}, {"BuilderPosition": {"Y": 2.176759275064237, "X": 2.6548125960458355, "Yaw": 284.10025, "Z": 0.010916979655851894, "Pitch": 46.349968}, "BuilderInventory": [{"Index": 0, "Type": "cwc_minecraft_red_rn", "Quantity": 17}, {"Index": 1, "Type": "cwc_minecraft_orange_rn", "Quantity": 20}, {"Index": 2, "Type": "cwc_minecraft_yellow_rn", "Quantity": 20}, {"Index": 3, "Type": "cwc_minecraft_green_rn", "Quantity": 20}, {"Index": 4, "Type": "cwc_minecraft_blue_rn", "Quantity": 20}, {"Index": 5, "Type": "cwc_minecraft_purple_rn", "Quantity": 20}], "ChatHistory": ["<Builder> Mission has started.", "<Builder> hi"], "Timestamp": "2018-04-13 22:40:26", "BlocksInGrid": [{"PerspectiveCoordinates": {"Y": 0.7132862294589591, "X": 0.487238487298, "Z": 2.062479432953152}, "AbsoluteCoordinates": {"Y": 1, "X": 4, "Z": 0}, "Type": "cwc_minecraft_red_rn"}, {"PerspectiveCoordinates": {"Y": 1.4150551663644388, "X": 0.730857730947, "Z": 2.7319344525902287}, "AbsoluteCoordinates": {"Y": 1, "X": 5, "Z": 0}, "Type": "cwc_minecraft_red_rn"}, {"PerspectiveCoordinates": {"Y": 1.4035378738109592, "X": 0.487238487298, "Z": 1.3389100392741524}, "AbsoluteCoordinates": {"Y": 2, "X": 4, "Z": 0}, "Type": "cwc_minecraft_red_rn"}], "ScreenshotPath": "21976-Builder-putdown.png"}, {"BuilderPosition": {"Y": 4.641001058905213, "X": 2.6548125960458355, "Yaw": 286.80026, "Z": 0.010916979655851894, "Pitch": 59.849968}, "BuilderInventory": [{"Index": 0, "Type": "cwc_minecraft_red_rn", "Quantity": 16}, {"Index": 1, "Type": "cwc_minecraft_orange_rn", "Quantity": 20}, {"Index": 2, "Type": "cwc_minecraft_yellow_rn", "Quantity": 20}, {"Index": 3, "Type": "cwc_minecraft_green_rn", "Quantity": 20}, {"Index": 4, "Type": "cwc_minecraft_blue_rn", "Quantity": 20}, {"Index": 5, "Type": "cwc_minecraft_purple_rn", "Quantity": 20}], "ChatHistory": ["<Builder> Mission has started.", "<Builder> hi"], "Timestamp": "2018-04-13 22:40:28", "BlocksInGrid": [{"PerspectiveCoordinates": {"Y": 0.14881321910966058, "X": 0.57807228224, "Z": 3.5557962627691704}, "AbsoluteCoordinates": {"Y": 1, "X": 4, "Z": 0}, "Type": "cwc_minecraft_red_rn"}, {"PerspectiveCoordinates": {"Y": 0.9766188527994908, "X": 0.8671084233599999, "Z": 4.0366246541507556}, "AbsoluteCoordinates": {"Y": 1, "X": 5, "Z": 0}, "Type": "cwc_minecraft_red_rn"}, {"PerspectiveCoordinates": {"Y": 0.6510792351996605, "X": 0.57807228224, "Z": 2.69108310276717}, "AbsoluteCoordinates": {"Y": 2, "X": 4, "Z": 0}, "Type": "cwc_minecraft_red_rn"}, {"PerspectiveCoordinates": {"Y": 1.1533452512896605, "X": 0.57807228224, "Z": 1.8263699427651703}, "AbsoluteCoordinates": {"Y": 3, "X": 4, "Z": 0}, "Type": "cwc_minecraft_red_rn"}], "ScreenshotPath": "23725-Builder-putdown.png"}, {"BuilderPosition": {"Y": 2.788687170100494, "X": 2.818031048676592, "Yaw": 299.70038, "Z": -0.9875345908335547, "Pitch": 20.399954}, "BuilderInventory": [{"Index": 0, "Type": "cwc_minecraft_red_rn", "Quantity": 15}, {"Index": 1, "Type": "cwc_minecraft_orange_rn", "Quantity": 20}, {"Index": 2, "Type": "cwc_minecraft_yellow_rn", "Quantity": 20}, {"Index": 3, "Type": "cwc_minecraft_green_rn", "Quantity": 20}, {"Index": 4, "Type": "cwc_minecraft_blue_rn", "Quantity": 20}, {"Index": 5, "Type": "cwc_minecraft_purple_rn", "Quantity": 20}], "ChatHistory": ["<Builder> Mission has started.", "<Builder> hi"], "Timestamp": "2018-04-13 22:40:31", "BlocksInGrid": [{"PerspectiveCoordinates": {"Y": -0.1590198590514528, "X": 0.12230063039499994, "Z": 2.4412609938781684}, "AbsoluteCoordinates": {"Y": 1, "X": 4, "Z": 0}, "Type": "cwc_minecraft_red_rn"}, {"PerspectiveCoordinates": {"Y": 0.14375900724627527, "X": 0.6177650597989999, "Z": 3.255410831020495}, "AbsoluteCoordinates": {"Y": 1, "X": 5, "Z": 0}, "Type": "cwc_minecraft_red_rn"}, {"PerspectiveCoordinates": {"Y": 0.7782624102915472, "X": 0.12230063039499994, "Z": 2.0926896990551684}, "AbsoluteCoordinates": {"Y": 2, "X": 4, "Z": 0}, "Type": "cwc_minecraft_red_rn"}, {"PerspectiveCoordinates": {"Y": 1.542840001938456, "X": 0.990928858808, "Z": 1.2797283794616527}, "AbsoluteCoordinates": {"Y": 3, "X": 4, "Z": -1}, "Type": "cwc_minecraft_red_rn"}, {"PerspectiveCoordinates": {"Y": 1.715544679634547, "X": 0.12230063039499994, "Z": 1.7441184042321685}, "AbsoluteCoordinates": {"Y": 3, "X": 4, "Z": 0}, "Type": "cwc_minecraft_red_rn"}], "ScreenshotPath": "26974-Builder-putdown.png"}, {"BuilderPosition": {"Y": 2.788687170100494, "X": 1.9906957173490762, "Yaw": 219.00035, "Z": 3.174855319045377, "Pitch": 17.999952}, "BuilderInventory": [{"Index": 0, "Type": "cwc_minecraft_red_rn", "Quantity": 15}, {"Index": 1, "Type": "cwc_minecraft_orange_rn", "Quantity": 20}, {"Index": 2, "Type": "cwc_minecraft_yellow_rn", "Quantity": 19}, {"Index": 3, "Type": "cwc_minecraft_green_rn", "Quantity": 20}, {"Index": 4, "Type": "cwc_minecraft_blue_rn", "Quantity": 20}, {"Index": 5, "Type": "cwc_minecraft_purple_rn", "Quantity": 20}], "ChatHistory": ["<Builder> Mission has started.", "<Builder> hi"], "Timestamp": "2018-04-13 22:40:34", "BlocksInGrid": [{"PerspectiveCoordinates": {"Y": 0.3528067149352328, "X": -0.4434509363700002, "Z": 4.3219068348279945}, "AbsoluteCoordinates": {"Y": 1, "X": 4, "Z": 0}, "Type": "cwc_minecraft_red_rn"}, {"PerspectiveCoordinates": {"Y": 0.5472783762557573, "X": -1.2205930535129998, "Z": 4.920430771447188}, "AbsoluteCoordinates": {"Y": 1, "X": 5, "Z": 0}, "Type": "cwc_minecraft_red_rn"}, {"PerspectiveCoordinates": {"Y": 1.3038634901112327, "X": -0.4434509363700002, "Z": 4.012890637207994}, "AbsoluteCoordinates": {"Y": 2, "X": 4, "Z": 0}, "Type": "cwc_minecraft_red_rn"}, {"PerspectiveCoordinates": {"Y": 2.495069767337119, "X": 0.18587420198299975, "Z": 4.4429807153714655}, "AbsoluteCoordinates": {"Y": 3, "X": 4, "Z": -1}, "Type": "cwc_minecraft_red_rn"}, {"PerspectiveCoordinates": {"Y": 2.0604486039667083, "X": 0.333691180773, "Z": 3.1053505029688004}, "AbsoluteCoordinates": {"Y": 3, "X": 3, "Z": 0}, "Type": "cwc_minecraft_yellow_rn"}, {"PerspectiveCoordinates": {"Y": 2.254920265287233, "X": -0.4434509363700002, "Z": 3.703874439587995}, "AbsoluteCoordinates": {"Y": 3, "X": 4, "Z": 0}, "Type": "cwc_minecraft_red_rn"}], "ScreenshotPath": "29973-Builder-putdown.png"}, {"BuilderPosition": {"Y": 2.788687170100494, "X": 2.473321353720163, "Yaw": 87.90033, "Z": 3.477818627517021, "Pitch": 51.299946}, "BuilderInventory": [{"Index": 0, "Type": "cwc_minecraft_red_rn", "Quantity": 15}, {"Index": 1, "Type": "cwc_minecraft_orange_rn", "Quantity": 20}, {"Index": 2, "Type": "cwc_minecraft_yellow_rn", "Quantity": 18}, {"Index": 3, "Type": "cwc_minecraft_green_rn", "Quantity": 20}, {"Index": 4, "Type": "cwc_minecraft_blue_rn", "Quantity": 20}, {"Index": 5, "Type": "cwc_minecraft_purple_rn", "Quantity": 20}], "ChatHistory": ["<Builder> Mission has started.", "<Builder> hi"], "Timestamp": "2018-04-13 22:40:36", "BlocksInGrid": [{"PerspectiveCoordinates": {"Y": -2.2708351273045673, "X": -2.9247099084698, "Z": -0.537940308873347}, "AbsoluteCoordinates": {"Y": 1, "X": 4, "Z": 0}, "Type": "cwc_minecraft_red_rn"}, {"PerspectiveCoordinates": {"Y": -3.0507409685434905, "X": -2.8880719554822, "Z": -1.1627639153445897}, "AbsoluteCoordinates": {"Y": 1, "X": 5, "Z": 0}, "Type": "cwc_minecraft_red_rn"}, {"PerspectiveCoordinates": {"Y": 1.71447413184277, "X": -0.10991385896280001, "Z": 2.654900637474728}, "AbsoluteCoordinates": {"Y": 1, "X": -1, "Z": 3}, "Type": "cwc_minecraft_yellow_rn"}, {"PerspectiveCoordinates": {"Y": -1.6455917354305671, "X": -2.9247099084698, "Z": -1.3183701269343469}, "AbsoluteCoordinates": {"Y": 2, "X": 4, "Z": 0}, "Type": "cwc_minecraft_red_rn"}, {"PerspectiveCoordinates": {"Y": -1.0489416945408074, "X": -3.9240385132848, "Z": -2.1217075829926344}, "AbsoluteCoordinates": {"Y": 3, "X": 4, "Z": -1}, "Type": "cwc_minecraft_red_rn"}, {"PerspectiveCoordinates": {"Y": -0.2404425023176438, "X": -2.9613478614574, "Z": -1.4739763385241043}, "AbsoluteCoordinates": {"Y": 3, "X": 3, "Z": 0}, "Type": "cwc_minecraft_yellow_rn"}, {"PerspectiveCoordinates": {"Y": -1.020348343556567, "X": -2.9247099084698, "Z": -2.098799944995347}, "AbsoluteCoordinates": {"Y": 3, "X": 4, "Z": 0}, "Type": "cwc_minecraft_red_rn"}], "ScreenshotPath": "32074-Builder-putdown.png"}, {"BuilderPosition": {"Y": 2.788687170100494, "X": 2.4796918811937028, "Yaw": 106.95033, "Z": 3.477818627517021, "Pitch": 52.199947}, "BuilderInventory": [{"Index": 0, "Type": "cwc_minecraft_red_rn", "Quantity": 15}, {"Index": 1, "Type": "cwc_minecraft_orange_rn", "Quantity": 20}, {"Index": 2, "Type": "cwc_minecraft_yellow_rn", "Quantity": 17}, {"Index": 3, "Type": "cwc_minecraft_green_rn", "Quantity": 20}, {"Index": 4, "Type": "cwc_minecraft_blue_rn", "Quantity": 20}, {"Index": 5, "Type": "cwc_minecraft_purple_rn", "Quantity": 20}], "ChatHistory": ["<Builder> Mission has started.", "<Builder> hi"], "Timestamp": "2018-04-13 22:40:37", "BlocksInGrid": [{"PerspectiveCoordinates": {"Y": -1.4334736954887195, "X": -3.45275870438, "Z": 0.15365706510713922}, "AbsoluteCoordinates": {"Y": 1, "X": 4, "Z": 0}, "Type": "cwc_minecraft_red_rn"}, {"PerspectiveCoordinates": {"Y": -2.18930213699204, "X": -3.744301273932, "Z": -0.43262469066554676}, "AbsoluteCoordinates": {"Y": 1, "X": 5, "Z": 0}, "Type": "cwc_minecraft_red_rn"}, {"PerspectiveCoordinates": {"Y": 1.8849411973059356, "X": -0.08193014643600005, "Z": 2.7276884231495617}, "AbsoluteCoordinates": {"Y": 1, "X": -1, "Z": 2}, "Type": "cwc_minecraft_yellow_rn"}, {"PerspectiveCoordinates": {"Y": 1.6545775399449616, "X": 0.8746277086559999, "Z": 2.548999712739058}, "AbsoluteCoordinates": {"Y": 1, "X": -1, "Z": 3}, "Type": "cwc_minecraft_yellow_rn"}, {"PerspectiveCoordinates": {"Y": -0.8205659109237194, "X": -3.45275870438, "Z": -0.6364973803138608}, "AbsoluteCoordinates": {"Y": 2, "X": 4, "Z": 0}, "Type": "cwc_minecraft_red_rn"}, {"PerspectiveCoordinates": {"Y": 0.02270553100225435, "X": -4.409316559472, "Z": -1.247963115324357}, "AbsoluteCoordinates": {"Y": 3, "X": 4, "Z": -1}, "Type": "cwc_minecraft_red_rn"}, {"PerspectiveCoordinates": {"Y": 0.548170315144601, "X": -3.161216134828, "Z": -0.8403700699621748}, "AbsoluteCoordinates": {"Y": 3, "X": 3, "Z": 0}, "Type": "cwc_minecraft_yellow_rn"}, {"PerspectiveCoordinates": {"Y": -0.2076581263587195, "X": -3.45275870438, "Z": -1.4266518257348608}, "AbsoluteCoordinates": {"Y": 3, "X": 4, "Z": 0}, "Type": "cwc_minecraft_red_rn"}], "ScreenshotPath": "32623-Builder-putdown.png"}, {"BuilderPosition": {"Y": 2.788687170100494, "X": 2.4796918811937028, "Yaw": 98.40034, "Z": 3.477818627517021, "Pitch": 43.199944}, "BuilderInventory": [{"Index": 0, "Type": "cwc_minecraft_red_rn", "Quantity": 15}, {"Index": 1, "Type": "cwc_minecraft_orange_rn", "Quantity": 20}, {"Index": 2, "Type": "cwc_minecraft_yellow_rn", "Quantity": 18}, {"Index": 3, "Type": "cwc_minecraft_green_rn", "Quantity": 20}, {"Index": 4, "Type": "cwc_minecraft_blue_rn", "Quantity": 20}, {"Index": 5, "Type": "cwc_minecraft_purple_rn", "Quantity": 20}], "ChatHistory": ["<Builder> Mission has started.", "<Builder> hi"], "Timestamp": "2018-04-13 22:40:38", "BlocksInGrid": [{"PerspectiveCoordinates": {"Y": -1.7833598381229665, "X": -3.259992196253, "Z": -0.4382676900373707}, "AbsoluteCoordinates": {"Y": 1, "X": 4, "Z": 0}, "Type": "cwc_minecraft_red_rn"}, {"PerspectiveCoordinates": {"Y": -2.4605620523609066, "X": -3.406081095273, "Z": -1.1594162146938107}, "AbsoluteCoordinates": {"Y": 1, "X": 5, "Z": 0}, "Type": "cwc_minecraft_red_rn"}, {"PerspectiveCoordinates": {"Y": 1.4026419751734578, "X": -0.551004769011, "Z": 2.95448628935849}, "AbsoluteCoordinates": {"Y": 1, "X": -1, "Z": 2}, "Type": "cwc_minecraft_yellow_rn"}, {"PerspectiveCoordinates": {"Y": -1.0543905416359665, "X": -3.259992196253, "Z": -1.1228140834833706}, "AbsoluteCoordinates": {"Y": 2, "X": 4, "Z": 0}, "Type": "cwc_minecraft_red_rn"}, {"PerspectiveCoordinates": {"Y": -0.22541661620232847, "X": -4.249263662324, "Z": -1.700866154986201}, "AbsoluteCoordinates": {"Y": 3, "X": 4, "Z": -1}, "Type": "cwc_minecraft_red_rn"}, {"PerspectiveCoordinates": {"Y": 0.35178096908897366, "X": -3.113903297233, "Z": -1.0862119522729305}, "AbsoluteCoordinates": {"Y": 3, "X": 3, "Z": 0}, "Type": "cwc_minecraft_yellow_rn"}, {"PerspectiveCoordinates": {"Y": -0.32542124514896636, "X": -3.259992196253, "Z": -1.8073604769293707}, "AbsoluteCoordinates": {"Y": 3, "X": 4, "Z": 0}, "Type": "cwc_minecraft_red_rn"}], "ScreenshotPath": "33823-Builder-pickup.png"}, {"BuilderPosition": {"Y": 2.788687170100494, "X": 2.4796918811937028, "Yaw": 98.70034, "Z": 3.477818627517021, "Pitch": 43.049942}, "BuilderInventory": [{"Index": 0, "Type": "cwc_minecraft_red_rn", "Quantity": 15}, {"Index": 1, "Type": "cwc_minecraft_orange_rn", "Quantity": 20}, {"Index": 2, "Type": "cwc_minecraft_yellow_rn", "Quantity": 19}, {"Index": 3, "Type": "cwc_minecraft_green_rn", "Quantity": 20}, {"Index": 4, "Type": "cwc_minecraft_blue_rn", "Quantity": 20}, {"Index": 5, "Type": "cwc_minecraft_purple_rn", "Quantity": 20}], "ChatHistory": ["<Builder> Mission has started.", "<Builder> hi"], "Timestamp": "2018-04-13 22:40:38", "BlocksInGrid": [{"PerspectiveCoordinates": {"Y": -1.7705398731867863, "X": -3.268012339746, "Z": -0.43044616937996727}, "AbsoluteCoordinates": {"Y": 1, "X": 4, "Z": 0}, "Type": "cwc_minecraft_red_rn"}, {"PerspectiveCoordinates": {"Y": -2.4453203651685613, "X": -3.419279025831, "Z": -1.1527962765456383}, "AbsoluteCoordinates": {"Y": 1, "X": 5, "Z": 0}, "Type": "cwc_minecraft_red_rn"}, {"PerspectiveCoordinates": {"Y": -1.0397809147887864, "X": -3.268012339746, "Z": -1.1130817564399673}, "AbsoluteCoordinates": {"Y": 2, "X": 4, "Z": 0}, "Type": "cwc_minecraft_red_rn"}, {"PerspectiveCoordinates": {"Y": -0.20576193333253162, "X": -4.256505328938, "Z": -1.6851778575361755}, "AbsoluteCoordinates": {"Y": 3, "X": 4, "Z": -1}, "Type": "cwc_minecraft_red_rn"}, {"PerspectiveCoordinates": {"Y": 0.36575853559098886, "X": -3.116745653661, "Z": -1.0733672363342959}, "AbsoluteCoordinates": {"Y": 3, "X": 3, "Z": 0}, "Type": "cwc_minecraft_yellow_rn"}, {"PerspectiveCoordinates": {"Y": -0.30902195639078633, "X": -3.268012339746, "Z": -1.7957173434999674}, "AbsoluteCoordinates": {"Y": 3, "X": 4, "Z": 0}, "Type": "cwc_minecraft_red_rn"}], "ScreenshotPath": "34473-Builder-pickup.png"}, {"BuilderPosition": {"Y": 2.788687170100494, "X": 2.4796918811937028, "Yaw": 107.85034, "Z": 3.477818627517021, "Pitch": 40.34994}, "BuilderInventory": [{"Index": 0, "Type": "cwc_minecraft_red_rn", "Quantity": 15}, {"Index": 1, "Type": "cwc_minecraft_orange_rn", "Quantity": 20}, {"Index": 2, "Type": "cwc_minecraft_yellow_rn", "Quantity": 19}, {"Index": 3, "Type": "cwc_minecraft_green_rn", "Quantity": 20}, {"Index": 4, "Type": "cwc_minecraft_blue_rn", "Quantity": 20}, {"Index": 5, "Type": "cwc_minecraft_purple_rn", "Quantity": 20}], "ChatHistory": ["<Builder> Mission has started.", "<Builder> hi", "<Architect> this is super easy"], "Timestamp": "2018-04-13 22:40:39", "BlocksInGrid": [{"PerspectiveCoordinates": {"Y": -1.3992806944573397, "X": -3.468644778436, "Z": -0.10255212894545923}, "AbsoluteCoordinates": {"Y": 1, "X": 4, "Z": 0}, "Type": "cwc_minecraft_red_rn"}, {"PerspectiveCoordinates": {"Y": -2.015566819771578, "X": -3.775176504993, "Z": -0.8279690520729481}, "AbsoluteCoordinates": {"Y": 1, "X": 5, "Z": 0}, "Type": "cwc_minecraft_red_rn"}, {"PerspectiveCoordinates": {"Y": -0.6371764076403396, "X": -3.468644778436, "Z": -0.7500064176914593}, "AbsoluteCoordinates": {"Y": 2, "X": 4, "Z": 0}, "Type": "cwc_minecraft_red_rn"}, {"PerspectiveCoordinates": {"Y": 0.32339316017270625, "X": -4.42050522021, "Z": -1.163851563582953}, "AbsoluteCoordinates": {"Y": 3, "X": 4, "Z": -1}, "Type": "cwc_minecraft_red_rn"}, {"PerspectiveCoordinates": {"Y": 0.7412140044908989, "X": -3.162113051879, "Z": -0.6720437833099704}, "AbsoluteCoordinates": {"Y": 3, "X": 3, "Z": 0}, "Type": "cwc_minecraft_yellow_rn"}, {"PerspectiveCoordinates": {"Y": 0.12492787917666046, "X": -3.468644778436, "Z": -1.3974607064374591}, "AbsoluteCoordinates": {"Y": 3, "X": 4, "Z": 0}, "Type": "cwc_minecraft_red_rn"}], "ScreenshotPath": "35021-Builder-chat.png"}, {"BuilderPosition": {"Y": 2.788687170100494, "X": 2.4796918811937028, "Yaw": 203.85037, "Z": 3.477818627517021, "Pitch": 13.34994}, "BuilderInventory": [{"Index": 0, "Type": "cwc_minecraft_red_rn", "Quantity": 15}, {"Index": 1, "Type": "cwc_minecraft_orange_rn", "Quantity": 20}, {"Index": 2, "Type": "cwc_minecraft_yellow_rn", "Quantity": 20}, {"Index": 3, "Type": "cwc_minecraft_green_rn", "Quantity": 20}, {"Index": 4, "Type": "cwc_minecraft_blue_rn", "Quantity": 20}, {"Index": 5, "Type": "cwc_minecraft_purple_rn", "Quantity": 20}], "ChatHistory": ["<Builder> Mission has started.", "<Builder> hi", "<Architect> this is super easy"], "Timestamp": "2018-04-13 22:40:40", "BlocksInGrid": [{"PerspectiveCoordinates": {"Y": -0.15271031506934718, "X": -0.616160591898, "Z": 3.6874144986265183}, "AbsoluteCoordinates": {"Y": 1, "X": 4, "Z": 0}, "Type": "cwc_minecraft_red_rn"}, {"PerspectiveCoordinates": {"Y": -0.05934686854047885, "X": -1.5307651405409999, "Z": 4.080837663240602}, "AbsoluteCoordinates": {"Y": 1, "X": 5, "Z": 0}, "Type": "cwc_minecraft_red_rn"}, {"PerspectiveCoordinates": {"Y": 0.8202676727026528, "X": -0.616160591898, "Z": 3.4565166092655186}, "AbsoluteCoordinates": {"Y": 2, "X": 4, "Z": 0}, "Type": "cwc_minecraft_red_rn"}, {"PerspectiveCoordinates": {"Y": 2.0044259203562915, "X": -0.21181109010200005, "Z": 4.115508813250303}, "AbsoluteCoordinates": {"Y": 3, "X": 4, "Z": -1}, "Type": "cwc_minecraft_red_rn"}, {"PerspectiveCoordinates": {"Y": 1.7932456604746527, "X": -0.616160591898, "Z": 3.2256187199045185}, "AbsoluteCoordinates": {"Y": 3, "X": 4, "Z": 0}, "Type": "cwc_minecraft_red_rn"}], "ScreenshotPath": "35972-Builder-pickup.png"}, {"BuilderPosition": {"Y": 2.788687170100494, "X": 2.4796918811937028, "Yaw": 203.85037, "Z": 3.477818627517021, "Pitch": 13.34994}, "BuilderInventory": [{"Index": 0, "Type": "cwc_minecraft_red_rn", "Quantity": 16}, {"Index": 1, "Type": "cwc_minecraft_orange_rn", "Quantity": 20}, {"Index": 2, "Type": "cwc_minecraft_yellow_rn", "Quantity": 20}, {"Index": 3, "Type": "cwc_minecraft_green_rn", "Quantity": 20}, {"Index": 4, "Type": "cwc_minecraft_blue_rn", "Quantity": 20}, {"Index": 5, "Type": "cwc_minecraft_purple_rn", "Quantity": 20}], "ChatHistory": ["<Builder> Mission has started.", "<Builder> hi", "<Architect> this is super easy"], "Timestamp": "2018-04-13 22:40:40", "BlocksInGrid": [{"PerspectiveCoordinates": {"Y": -0.15271031506934718, "X": -0.616160591898, "Z": 3.6874144986265183}, "AbsoluteCoordinates": {"Y": 1, "X": 4, "Z": 0}, "Type": "cwc_minecraft_red_rn"}, {"PerspectiveCoordinates": {"Y": -0.05934686854047885, "X": -1.5307651405409999, "Z": 4.080837663240602}, "AbsoluteCoordinates": {"Y": 1, "X": 5, "Z": 0}, "Type": "cwc_minecraft_red_rn"}, {"PerspectiveCoordinates": {"Y": 0.8202676727026528, "X": -0.616160591898, "Z": 3.4565166092655186}, "AbsoluteCoordinates": {"Y": 2, "X": 4, "Z": 0}, "Type": "cwc_minecraft_red_rn"}, {"PerspectiveCoordinates": {"Y": 2.0044259203562915, "X": -0.21181109010200005, "Z": 4.115508813250303}, "AbsoluteCoordinates": {"Y": 3, "X": 4, "Z": -1}, "Type": "cwc_minecraft_red_rn"}], "ScreenshotPath": "36522-Builder-pickup.png"}, {"BuilderPosition": {"Y": 2.788687170100494, "X": 2.4796918811937028, "Yaw": 214.50038, "Z": 3.477818627517021, "Pitch": 24.89994}, "BuilderInventory": [{"Index": 0, "Type": "cwc_minecraft_red_rn", "Quantity": 17}, {"Index": 1, "Type": "cwc_minecraft_orange_rn", "Quantity": 20}, {"Index": 2, "Type": "cwc_minecraft_yellow_rn", "Quantity": 20}, {"Index": 3, "Type": "cwc_minecraft_green_rn", "Quantity": 20}, {"Index": 4, "Type": "cwc_minecraft_blue_rn", "Quantity": 20}, {"Index": 5, "Type": "cwc_minecraft_purple_rn", "Quantity": 20}], "ChatHistory": ["<Builder> Mission has started.", "<Builder> hi", "<Architect> this is super easy"], "Timestamp": "2018-04-13 22:40:41", "BlocksInGrid": [{"PerspectiveCoordinates": {"Y": 0.6108665197929662, "X": 0.05099024406199992, "Z": 3.6911030993460643}, "AbsoluteCoordinates": {"Y": 1, "X": 4, "Z": 0}, "Type": "cwc_minecraft_red_rn"}, {"PerspectiveCoordinates": {"Y": 0.8493455937415316, "X": -0.7731321879930003, "Z": 4.204863693661693}, "AbsoluteCoordinates": {"Y": 1, "X": 5, "Z": 0}, "Type": "cwc_minecraft_red_rn"}, {"PerspectiveCoordinates": {"Y": 2.7719397058892445, "X": 0.6174019467859999, "Z": 3.596549054720666}, "AbsoluteCoordinates": {"Y": 3, "X": 4, "Z": -1}, "Type": "cwc_minecraft_red_rn"}], "ScreenshotPath": "37122-Builder-pickup.png"}, {"BuilderPosition": {"Y": 2.788687170100494, "X": 3.667842334390278, "Yaw": 209.25041, "Z": 1.461575625028432, "Pitch": 60.299946}, "BuilderInventory": [{"Index": 0, "Type": "cwc_minecraft_red_rn", "Quantity": 18}, {"Index": 1, "Type": "cwc_minecraft_orange_rn", "Quantity": 20}, {"Index": 2, "Type": "cwc_minecraft_yellow_rn", "Quantity": 20}, {"Index": 3, "Type": "cwc_minecraft_green_rn", "Quantity": 20}, {"Index": 4, "Type": "cwc_minecraft_blue_rn", "Quantity": 20}, {"Index": 5, "Type": "cwc_minecraft_purple_rn", "Quantity": 20}], "ChatHistory": ["<Builder> Mission has started.", "<Builder> hi", "<Architect> this is super easy"], "Timestamp": "2018-04-13 22:40:43", "BlocksInGrid": [{"PerspectiveCoordinates": {"Y": 1.1112886043908656, "X": -1.256357536165, "Z": 1.785105985388711}, "AbsoluteCoordinates": {"Y": 1, "X": 5, "Z": 0}, "Type": "cwc_minecraft_red_rn"}, {"PerspectiveCoordinates": {"Y": 2.435644657877376, "X": 0.10476245932000006, "Z": 0.2380334591367795}, "AbsoluteCoordinates": {"Y": 3, "X": 4, "Z": -1}, "Type": "cwc_minecraft_red_rn"}], "ScreenshotPath": "39273-Builder-pickup.png"}, {"BuilderPosition": {"Y": 2.788687170100494, "X": 4.060282265128564, "Yaw": 254.5504, "Z": 0.7967791629918981, "Pitch": 58.79995}, "BuilderInventory": [{"Index": 0, "Type": "cwc_minecraft_red_rn", "Quantity": 19}, {"Index": 1, "Type": "cwc_minecraft_orange_rn", "Quantity": 20}, {"Index": 2, "Type": "cwc_minecraft_yellow_rn", "Quantity": 20}, {"Index": 3, "Type": "cwc_minecraft_green_rn", "Quantity": 20}, {"Index": 4, "Type": "cwc_minecraft_blue_rn", "Quantity": 20}, {"Index": 5, "Type": "cwc_minecraft_purple_rn", "Quantity": 20}], "ChatHistory": ["<Builder> Mission has started.", "<Builder> hi", "<Architect> this is super easy"], "Timestamp": "2018-04-13 22:40:44", "BlocksInGrid": [{"PerspectiveCoordinates": {"Y": 0.74588865027929, "X": 0.963865155514, "Z": -0.7173660734725048}, "AbsoluteCoordinates": {"Y": 3, "X": 4, "Z": -1}, "Type": "cwc_minecraft_red_rn"}], "ScreenshotPath": "40371-Builder-pickup.png"}, {"BuilderPosition": {"Y": 2.788687170100494, "X": 4.108197538878808, "Yaw": 189.0004, "Z": 0.7028532544849918, "Pitch": 27.599958}, "BuilderInventory": [{"Index": 0, "Type": "cwc_minecraft_red_rn", "Quantity": 20}, {"Index": 1, "Type": "cwc_minecraft_orange_rn", "Quantity": 20}, {"Index": 2, "Type": "cwc_minecraft_yellow_rn", "Quantity": 20}, {"Index": 3, "Type": "cwc_minecraft_green_rn", "Quantity": 20}, {"Index": 4, "Type": "cwc_minecraft_blue_rn", "Quantity": 20}, {"Index": 5, "Type": "cwc_minecraft_purple_rn", "Quantity": 20}], "ChatHistory": ["<Builder> Mission has started.", "<Builder> hi", "<Architect> this is super easy"], "Timestamp": "2018-04-13 22:40:46", "BlocksInGrid": [], "ScreenshotPath": "41672-Builder-pickup.png"}, {"BuilderPosition": {"Y": 1.0, "X": -0.08135974421812915, "Yaw": 179.40042, "Z": 0.8491756931108914, "Pitch": 43.349964}, "ChatHistory": ["<Builder> Mission has started.", "<Builder> hi", "<Architect> this is super easy", "<Builder> rad! seems fun, easy way to earn some Amazon bucks"], "Timestamp": "2018-04-13 22:41:12", "BlocksInGrid": [], "ScreenshotPath": "68019-Builder-chat.png", "BuilderInventory": [{"Index": 0, "Type": "cwc_minecraft_red_rn", "Quantity": 20}, {"Index": 1, "Type": "cwc_minecraft_orange_rn", "Quantity": 20}, {"Index": 2, "Type": "cwc_minecraft_yellow_rn", "Quantity": 20}, {"Index": 3, "Type": "cwc_minecraft_green_rn", "Quantity": 20}, {"Index": 4, "Type": "cwc_minecraft_blue_rn", "Quantity": 20}, {"Index": 5, "Type": "cwc_minecraft_purple_rn", "Quantity": 20}]}, {"BuilderPosition": {"Y": 1.0, "X": -0.05062694380304321, "Yaw": 173.70032, "Z": 1.5235104610726529, "Pitch": 31.349913}, "ChatHistory": ["<Builder> Mission has started.", "<Builder> hi", "<Architect> this is super easy", "<Builder> rad! seems fun, easy way to earn some Amazon bucks"], "Timestamp": "2018-04-13 22:41:21", "BlocksInGrid": [{"PerspectiveCoordinates": {"Y": 1.5513650969218566, "X": -0.329186279292, "Z": 2.54654721723106}, "AbsoluteCoordinates": {"Y": 1, "X": -1, "Z": -2}, "Type": "cwc_minecraft_blue_rn"}], "ScreenshotPath": "77115-Builder-putdown.png", "BuilderInventory": [{"Index": 0, "Type": "cwc_minecraft_red_rn", "Quantity": 20}, {"Index": 1, "Type": "cwc_minecraft_orange_rn", "Quantity": 20}, {"Index": 2, "Type": "cwc_minecraft_yellow_rn", "Quantity": 20}, {"Index": 3, "Type": "cwc_minecraft_green_rn", "Quantity": 20}, {"Index": 4, "Type": "cwc_minecraft_blue_rn", "Quantity": 19}, {"Index": 5, "Type": "cwc_minecraft_purple_rn", "Quantity": 20}]}, {"BuilderPosition": {"Y": 1.0, "X": -0.05062694380304321, "Yaw": 209.85028, "Z": 1.5235104610726529, "Pitch": 25.799915}, "ChatHistory": ["<Builder> Mission has started.", "<Builder> hi", "<Architect> this is super easy", "<Builder> rad! seems fun, easy way to earn some Amazon bucks"], "Timestamp": "2018-04-13 22:41:22", "BlocksInGrid": [{"PerspectiveCoordinates": {"Y": 1.1324621859433628, "X": 1.4932058354639999, "Z": 2.3426194164536023}, "AbsoluteCoordinates": {"Y": 1, "X": -1, "Z": -2}, "Type": "cwc_minecraft_blue_rn"}, {"PerspectiveCoordinates": {"Y": 1.565720601248235, "X": -0.24145216258399999, "Z": 3.238860888030538}, "AbsoluteCoordinates": {"Y": 1, "X": 1, "Z": -2}, "Type": "cwc_minecraft_blue_rn"}], "ScreenshotPath": "78165-Builder-putdown.png", "BuilderInventory": [{"Index": 0, "Type": "cwc_minecraft_red_rn", "Quantity": 20}, {"Index": 1, "Type": "cwc_minecraft_orange_rn", "Quantity": 20}, {"Index": 2, "Type": "cwc_minecraft_yellow_rn", "Quantity": 20}, {"Index": 3, "Type": "cwc_minecraft_green_rn", "Quantity": 20}, {"Index": 4, "Type": "cwc_minecraft_blue_rn", "Quantity": 18}, {"Index": 5, "Type": "cwc_minecraft_purple_rn", "Quantity": 20}]}, {"BuilderPosition": {"Y": 1.0, "X": 0.4620468301403142, "Yaw": 183.0003, "Z": -0.05578652101311682, "Pitch": 50.249916}, "ChatHistory": ["<Builder> Mission has started.", "<Builder> hi", "<Architect> this is super easy", "<Builder> rad! seems fun, easy way to earn some Amazon bucks"], "Timestamp": "2018-04-13 22:41:25", "BlocksInGrid": [{"PerspectiveCoordinates": {"Y": 0.7275449706421955, "X": 1.0509704457642, "Z": 0.6050945693208589}, "AbsoluteCoordinates": {"Y": 1, "X": -1, "Z": -2}, "Type": "cwc_minecraft_blue_rn"}, {"PerspectiveCoordinates": {"Y": 0.7677870141840049, "X": 0.0523411850542, "Z": 0.6385636234523564}, "AbsoluteCoordinates": {"Y": 1, "X": 0, "Z": -2}, "Type": "cwc_minecraft_purple_rn"}, {"PerspectiveCoordinates": {"Y": 0.8080290577258141, "X": -0.9462880756558, "Z": 0.6720326775838538}, "AbsoluteCoordinates": {"Y": 1, "X": 1, "Z": -2}, "Type": "cwc_minecraft_blue_rn"}], "ScreenshotPath": "80667-Builder-putdown.png", "BuilderInventory": [{"Index": 0, "Type": "cwc_minecraft_red_rn", "Quantity": 20}, {"Index": 1, "Type": "cwc_minecraft_orange_rn", "Quantity": 20}, {"Index": 2, "Type": "cwc_minecraft_yellow_rn", "Quantity": 20}, {"Index": 3, "Type": "cwc_minecraft_green_rn", "Quantity": 20}, {"Index": 4, "Type": "cwc_minecraft_blue_rn", "Quantity": 18}, {"Index": 5, "Type": "cwc_minecraft_purple_rn", "Quantity": 19}]}, {"BuilderPosition": {"Y": 1.0, "X": 0.3683844898305939, "Yaw": 182.7002, "Z": 0.7958344083799742, "Pitch": 16.649921}, "ChatHistory": ["<Builder> Mission has started.", "<Builder> hi", "<Architect> this is super easy", "<Builder> rad! seems fun, easy way to earn some Amazon bucks"], "Timestamp": "2018-04-13 22:41:26", "BlocksInGrid": [{"PerspectiveCoordinates": {"Y": 0.558912124458901, "X": 1.0931095855086, "Z": 1.868884338635244}, "AbsoluteCoordinates": {"Y": 1, "X": -1, "Z": -2}, "Type": "cwc_minecraft_blue_rn"}, {"PerspectiveCoordinates": {"Y": 0.572410215995795, "X": 0.0942198749856, "Z": 1.9140191116537906}, "AbsoluteCoordinates": {"Y": 1, "X": 0, "Z": -2}, "Type": "cwc_minecraft_purple_rn"}, {"PerspectiveCoordinates": {"Y": 0.585908307532689, "X": -0.9046698355374, "Z": 1.959153884672337}, "AbsoluteCoordinates": {"Y": 1, "X": 1, "Z": -2}, "Type": "cwc_minecraft_blue_rn"}, {"PerspectiveCoordinates": {"Y": 1.530483510519795, "X": 0.0942198749856, "Z": 1.6274958799267907}, "AbsoluteCoordinates": {"Y": 2, "X": 0, "Z": -2}, "Type": "cwc_minecraft_purple_rn"}], "ScreenshotPath": "81665-Builder-putdown.png", "BuilderInventory": [{"Index": 0, "Type": "cwc_minecraft_red_rn", "Quantity": 20}, {"Index": 1, "Type": "cwc_minecraft_orange_rn", "Quantity": 20}, {"Index": 2, "Type": "cwc_minecraft_yellow_rn", "Quantity": 20}, {"Index": 3, "Type": "cwc_minecraft_green_rn", "Quantity": 20}, {"Index": 4, "Type": "cwc_minecraft_blue_rn", "Quantity": 18}, {"Index": 5, "Type": "cwc_minecraft_purple_rn", "Quantity": 18}]}, {"BuilderPosition": {"Y": 1.0, "X": 0.3683844898305939, "Yaw": 184.9502, "Z": 0.7958344083799742, "Pitch": 31.19992}, "BuilderInventory": [{"Index": 0, "Type": "cwc_minecraft_red_rn", "Quantity": 20}, {"Index": 1, "Type": "cwc_minecraft_orange_rn", "Quantity": 20}, {"Index": 2, "Type": "cwc_minecraft_yellow_rn", "Quantity": 20}, {"Index": 3, "Type": "cwc_minecraft_green_rn", "Quantity": 20}, {"Index": 4, "Type": "cwc_minecraft_blue_rn", "Quantity": 18}, {"Index": 5, "Type": "cwc_minecraft_purple_rn", "Quantity": 19}], "ChatHistory": ["<Builder> Mission has started.", "<Builder> hi", "<Architect> this is super easy", "<Builder> rad! seems fun, easy way to earn some Amazon bucks"], "Timestamp": "2018-04-13 22:41:26", "BlocksInGrid": [{"PerspectiveCoordinates": {"Y": 0.987486869065206, "X": 1.1688497621652, "Z": 1.6305397624454296}, "AbsoluteCoordinates": {"Y": 1, "X": -1, "Z": -2}, "Type": "cwc_minecraft_blue_rn"}, {"PerspectiveCoordinates": {"Y": 1.0768876020208402, "X": -0.8236903884168, "Z": 1.7781583834544568}, "AbsoluteCoordinates": {"Y": 1, "X": 1, "Z": -2}, "Type": "cwc_minecraft_blue_rn"}, {"PerspectiveCoordinates": {"Y": 1.8875522190050231, "X": 0.1725796868742, "Z": 1.1863232578909433}, "AbsoluteCoordinates": {"Y": 2, "X": 0, "Z": -2}, "Type": "cwc_minecraft_purple_rn"}], "ScreenshotPath": "82115-Builder-pickup.png"}, {"BuilderPosition": {"Y": 3.5329282753448883, "X": 0.4183976756628226, "Yaw": 180.89984, "Z": -0.17845073225561506, "Pitch": 53.099937}, "ChatHistory": ["<Builder> Mission has started.", "<Builder> hi", "<Architect> this is super easy", "<Builder> rad! seems fun, easy way to earn some Amazon bucks"], "Timestamp": "2018-04-13 22:41:29", "BlocksInGrid": [{"PerspectiveCoordinates": {"Y": -0.4138154883635172, "X": 1.0155812014705, "Z": 2.190285726751571}, "AbsoluteCoordinates": {"Y": 1, "X": -1, "Z": -2}, "Type": "cwc_minecraft_blue_rn"}, {"PerspectiveCoordinates": {"Y": -0.38869817346990854, "X": -0.9841721512114999, "Z": 2.209144383403302}, "AbsoluteCoordinates": {"Y": 1, "X": 1, "Z": -2}, "Type": "cwc_minecraft_blue_rn"}, {"PerspectiveCoordinates": {"Y": 0.19916427370828715, "X": 0.0157045251295, "Z": 1.4000310567874368}, "AbsoluteCoordinates": {"Y": 2, "X": 0, "Z": -2}, "Type": "cwc_minecraft_purple_rn"}, {"PerspectiveCoordinates": {"Y": 0.7995853783332871, "X": 0.0157045251295, "Z": 0.6003470584974367}, "AbsoluteCoordinates": {"Y": 3, "X": 0, "Z": -2}, "Type": "cwc_minecraft_blue_rn"}], "ScreenshotPath": "84614-Builder-putdown.png", "BuilderInventory": [{"Index": 0, "Type": "cwc_minecraft_red_rn", "Quantity": 20}, {"Index": 1, "Type": "cwc_minecraft_orange_rn", "Quantity": 20}, {"Index": 2, "Type": "cwc_minecraft_yellow_rn", "Quantity": 20}, {"Index": 3, "Type": "cwc_minecraft_green_rn", "Quantity": 20}, {"Index": 4, "Type": "cwc_minecraft_blue_rn", "Quantity": 17}, {"Index": 5, "Type": "cwc_minecraft_purple_rn", "Quantity": 19}]}, {"BuilderPosition": {"Y": 3.5329282753448883, "X": 0.4183976756628226, "Yaw": 185.54993, "Z": -0.1890156141056649, "Pitch": 59.849922}, "BuilderInventory": [{"Index": 0, "Type": "cwc_minecraft_red_rn", "Quantity": 20}, {"Index": 1, "Type": "cwc_minecraft_orange_rn", "Quantity": 20}, {"Index": 2, "Type": "cwc_minecraft_yellow_rn", "Quantity": 20}, {"Index": 3, "Type": "cwc_minecraft_green_rn", "Quantity": 20}, {"Index": 4, "Type": "cwc_minecraft_blue_rn", "Quantity": 18}, {"Index": 5, "Type": "cwc_minecraft_purple_rn", "Quantity": 19}], "ChatHistory": ["<Builder> Mission has started.", "<Builder> hi", "<Architect> this is super easy", "<Builder> rad! seems fun, easy way to earn some Amazon bucks"], "Timestamp": "2018-04-13 22:41:30", "BlocksInGrid": [{"PerspectiveCoordinates": {"Y": -0.22750327299244574, "X": 1.0920254432815, "Z": 2.180761952163031}, "AbsoluteCoordinates": {"Y": 1, "X": -1, "Z": -2}, "Type": "cwc_minecraft_blue_rn"}, {"PerspectiveCoordinates": {"Y": -0.060245089143269245, "X": -0.8985991493565, "Z": 2.277913540503291}, "AbsoluteCoordinates": {"Y": 1, "X": 1, "Z": -2}, "Type": "cwc_minecraft_blue_rn"}, {"PerspectiveCoordinates": {"Y": 0.3583925292581425, "X": 0.0967131469625, "Z": 1.364624989576161}, "AbsoluteCoordinates": {"Y": 2, "X": 0, "Z": -2}, "Type": "cwc_minecraft_purple_rn"}], "ScreenshotPath": "85664-Builder-pickup.png"}, {"BuilderPosition": {"Y": 3.5329282753448883, "X": 0.4183976756628226, "Yaw": 201.74994, "Z": -0.1890156141056649, "Pitch": 66.899925}, "BuilderInventory": [{"Index": 0, "Type": "cwc_minecraft_red_rn", "Quantity": 20}, {"Index": 1, "Type": "cwc_minecraft_orange_rn", "Quantity": 20}, {"Index": 2, "Type": "cwc_minecraft_yellow_rn", "Quantity": 20}, {"Index": 3, "Type": "cwc_minecraft_green_rn", "Quantity": 20}, {"Index": 4, "Type": "cwc_minecraft_blue_rn", "Quantity": 18}, {"Index": 5, "Type": "cwc_minecraft_purple_rn", "Quantity": 20}], "ChatHistory": ["<Builder> Mission has started.", "<Builder> hi", "<Architect> this is super easy", "<Builder> rad! seems fun, easy way to earn some Amazon bucks"], "Timestamp": "2018-04-13 22:41:30", "BlocksInGrid": [{"PerspectiveCoordinates": {"Y": -0.2711833797655581, "X": 1.299366405781, "Z": 2.058666198796769}, "AbsoluteCoordinates": {"Y": 1, "X": -1, "Z": -2}, "Type": "cwc_minecraft_blue_rn"}, {"PerspectiveCoordinates": {"Y": 0.41050784432707915, "X": -0.558253476055, "Z": 2.349433201055246}, "AbsoluteCoordinates": {"Y": 1, "X": 1, "Z": -2}, "Type": "cwc_minecraft_blue_rn"}], "ScreenshotPath": "86367-Builder-pickup.png"}, {"BuilderPosition": {"Y": 3.5329282753448883, "X": 0.4183976756628226, "Yaw": 205.49988, "Z": -0.1890156141056649, "Pitch": 67.64993}, "BuilderInventory": [{"Index": 0, "Type": "cwc_minecraft_red_rn", "Quantity": 20}, {"Index": 1, "Type": "cwc_minecraft_orange_rn", "Quantity": 20}, {"Index": 2, "Type": "cwc_minecraft_yellow_rn", "Quantity": 20}, {"Index": 3, "Type": "cwc_minecraft_green_rn", "Quantity": 20}, {"Index": 4, "Type": "cwc_minecraft_blue_rn", "Quantity": 19}, {"Index": 5, "Type": "cwc_minecraft_purple_rn", "Quantity": 20}], "ChatHistory": ["<Builder> Mission has started.", "<Builder> hi", "<Architect> this is super easy", "<Builder> rad! seems fun, easy way to earn some Amazon bucks"], "Timestamp": "2018-04-13 22:41:31", "BlocksInGrid": [{"PerspectiveCoordinates": {"Y": -0.3239155842639397, "X": 1.333095392445, "Z": 2.0292696639206826}, "AbsoluteCoordinates": {"Y": 1, "X": -1, "Z": -2}, "Type": "cwc_minecraft_blue_rn"}], "ScreenshotPath": "87016-Builder-pickup.png"}, {"BuilderPosition": {"Y": 3.5329282753448883, "X": 0.4183976756628226, "Yaw": 150.59988, "Z": -0.1890156141056649, "Pitch": 64.04994}, "BuilderInventory": [{"Index": 0, "Type": "cwc_minecraft_red_rn", "Quantity": 20}, {"Index": 1, "Type": "cwc_minecraft_orange_rn", "Quantity": 20}, {"Index": 2, "Type": "cwc_minecraft_yellow_rn", "Quantity": 20}, {"Index": 3, "Type": "cwc_minecraft_green_rn", "Quantity": 20}, {"Index": 4, "Type": "cwc_minecraft_blue_rn", "Quantity": 20}, {"Index": 5, "Type": "cwc_minecraft_purple_rn", "Quantity": 20}], "ChatHistory": ["<Builder> Mission has started.", "<Builder> hi", "<Architect> this is super easy", "<Builder> rad! seems fun, easy way to earn some Amazon bucks"], "Timestamp": "2018-04-13 22:41:32", "BlocksInGrid": [], "ScreenshotPath": "87766-Builder-pickup.png"}, {"BuilderPosition": {"Y": 1.0, "X": 3.0171328945076246, "Yaw": 148.34961, "Z": 2.369650440398076, "Pitch": 64.64992}, "ChatHistory": ["<Builder> Mission has started.", "<Builder> hi", "<Architect> this is super easy", "<Builder> rad! seems fun, easy way to earn some Amazon bucks", "<Architect> youre gonna build a L with blue blocks so put down two blue blocks in a row and put one more on top of the left one"], "Timestamp": "2018-04-13 22:41:40", "BlocksInGrid": [], "ScreenshotPath": "96114-Builder-chat.png", "BuilderInventory": [{"Index": 0, "Type": "cwc_minecraft_red_rn", "Quantity": 20}, {"Index": 1, "Type": "cwc_minecraft_orange_rn", "Quantity": 20}, {"Index": 2, "Type": "cwc_minecraft_yellow_rn", "Quantity": 20}, {"Index": 3, "Type": "cwc_minecraft_green_rn", "Quantity": 20}, {"Index": 4, "Type": "cwc_minecraft_blue_rn", "Quantity": 20}, {"Index": 5, "Type": "cwc_minecraft_purple_rn", "Quantity": 20}]}, {"BuilderPosition": {"Y": 1.0, "X": 2.685987708962291, "Yaw": 88.34979, "Z": 1.0555417693780758, "Pitch": 38.24992}, "ChatHistory": ["<Builder> Mission has started.", "<Builder> hi", "<Architect> this is super easy", "<Builder> rad! seems fun, easy way to earn some Amazon bucks", "<Architect> youre gonna build a L with blue blocks so put down two blue blocks in a row and put one more on top of the left one"], "Timestamp": "2018-04-13 22:41:45", "BlocksInGrid": [{"PerspectiveCoordinates": {"Y": 1.237672183744128, "X": -0.0575952320796, "Z": 1.5699841893564819}, "AbsoluteCoordinates": {"Y": 1, "X": 0, "Z": 1}, "Type": "cwc_minecraft_blue_rn"}], "ScreenshotPath": "101111-Builder-putdown.png", "BuilderInventory": [{"Index": 0, "Type": "cwc_minecraft_red_rn", "Quantity": 20}, {"Index": 1, "Type": "cwc_minecraft_orange_rn", "Quantity": 20}, {"Index": 2, "Type": "cwc_minecraft_yellow_rn", "Quantity": 20}, {"Index": 3, "Type": "cwc_minecraft_green_rn", "Quantity": 20}, {"Index": 4, "Type": "cwc_minecraft_blue_rn", "Quantity": 19}, {"Index": 5, "Type": "cwc_minecraft_purple_rn", "Quantity": 20}]}, {"BuilderPosition": {"Y": 1.0, "X": 2.685987708962291, "Yaw": 101.549805, "Z": 1.0555417693780758, "Pitch": 39.899918}, "ChatHistory": ["<Builder> Mission has started.", "<Builder> hi", "<Architect> this is super easy", "<Builder> rad! seems fun, easy way to earn some Amazon bucks", "<Architect> youre gonna build a L with blue blocks so put down two blue blocks in a row and put one more on top of the left one"], "Timestamp": "2018-04-13 22:41:46", "BlocksInGrid": [{"PerspectiveCoordinates": {"Y": 1.3853503385111732, "X": -0.579311692513, "Z": 1.6568652336583}, "AbsoluteCoordinates": {"Y": 1, "X": 0, "Z": 0}, "Type": "cwc_minecraft_blue_rn"}, {"PerspectiveCoordinates": {"Y": 1.2569197250786508, "X": 0.40043933909, "Z": 1.5032634966691993}, "AbsoluteCoordinates": {"Y": 1, "X": 0, "Z": 1}, "Type": "cwc_minecraft_blue_rn"}], "ScreenshotPath": "101611-Builder-putdown.png", "BuilderInventory": [{"Index": 0, "Type": "cwc_minecraft_red_rn", "Quantity": 20}, {"Index": 1, "Type": "cwc_minecraft_orange_rn", "Quantity": 20}, {"Index": 2, "Type": "cwc_minecraft_yellow_rn", "Quantity": 20}, {"Index": 3, "Type": "cwc_minecraft_green_rn", "Quantity": 20}, {"Index": 4, "Type": "cwc_minecraft_blue_rn", "Quantity": 18}, {"Index": 5, "Type": "cwc_minecraft_purple_rn", "Quantity": 20}]}, {"BuilderPosition": {"Y": 1.0, "X": 2.685987708962291, "Yaw": 80.849915, "Z": 1.0555417693780758, "Pitch": 16.799911}, "BuilderInventory": [{"Index": 0, "Type": "cwc_minecraft_red_rn", "Quantity": 20}, {"Index": 1, "Type": "cwc_minecraft_orange_rn", "Quantity": 20}, {"Index": 2, "Type": "cwc_minecraft_yellow_rn", "Quantity": 20}, {"Index": 3, "Type": "cwc_minecraft_green_rn", "Quantity": 20}, {"Index": 4, "Type": "cwc_minecraft_blue_rn", "Quantity": 17}, {"Index": 5, "Type": "cwc_minecraft_purple_rn", "Quantity": 20}], "ChatHistory": ["<Builder> Mission has started.", "<Builder> hi", "<Architect> this is super easy", "<Builder> rad! seems fun, easy way to earn some Amazon bucks", "<Architect> youre gonna build a L with blue blocks so put down two blue blocks in a row and put one more on top of the left one"], "Timestamp": "2018-04-13 22:41:48", "BlocksInGrid": [{"PerspectiveCoordinates": {"Y": 0.5247429670691007, "X": -1.305317481279, "Z": 1.7380423158190088}, "AbsoluteCoordinates": {"Y": 1, "X": 0, "Z": 0}, "Type": "cwc_minecraft_blue_rn"}, {"PerspectiveCoordinates": {"Y": 0.5707049001075412, "X": -0.318042305352, "Z": 1.8902764371905294}, "AbsoluteCoordinates": {"Y": 1, "X": 0, "Z": 1}, "Type": "cwc_minecraft_blue_rn"}, {"PerspectiveCoordinates": {"Y": 1.528024846603541, "X": -0.318042305352, "Z": 1.6012461272915293}, "AbsoluteCoordinates": {"Y": 2, "X": 0, "Z": 1}, "Type": "cwc_minecraft_blue_rn"}], "ScreenshotPath": "103761-Builder-putdown.png"}, {"BuilderPosition": {"Y": 1.0, "X": 3.3980887505935113, "Yaw": 87.89978, "Z": 0.30137471608310196, "Pitch": 24.749907}, "BuilderInventory": [{"Index": 0, "Type": "cwc_minecraft_red_rn", "Quantity": 20}, {"Index": 1, "Type": "cwc_minecraft_orange_rn", "Quantity": 20}, {"Index": 2, "Type": "cwc_minecraft_yellow_rn", "Quantity": 20}, {"Index": 3, "Type": "cwc_minecraft_green_rn", "Quantity": 20}, {"Index": 4, "Type": "cwc_minecraft_blue_rn", "Quantity": 17}, {"Index": 5, "Type": "cwc_minecraft_purple_rn", "Quantity": 20}], "ChatHistory": ["<Builder> Mission has started.", "<Builder> hi", "<Architect> this is super easy", "<Builder> rad! seems fun, easy way to earn some Amazon bucks", "<Architect> youre gonna build a L with blue blocks so put down two blue blocks in a row and put one more on top of the left one", "<Builder> like so?"], "Timestamp": "2018-04-13 22:41:52", "BlocksInGrid": [{"PerspectiveCoordinates": {"Y": 1.2551310932273665, "X": -0.1099426375557, "Z": 2.722601431585493}, "AbsoluteCoordinates": {"Y": 1, "X": 0, "Z": 0}, "Type": "cwc_minecraft_blue_rn"}, {"PerspectiveCoordinates": {"Y": 1.27047389113449, "X": 0.8893856155143, "Z": 2.755882675092138}, "AbsoluteCoordinates": {"Y": 1, "X": 0, "Z": 1}, "Type": "cwc_minecraft_blue_rn"}, {"PerspectiveCoordinates": {"Y": 2.17861774450849, "X": 0.8893856155143, "Z": 2.3372244116131378}, "AbsoluteCoordinates": {"Y": 2, "X": 0, "Z": 1}, "Type": "cwc_minecraft_blue_rn"}], "ScreenshotPath": "108477-Builder-chat.png"}, {"BuilderPosition": {"Y": 2.0, "X": 0.6799856500602046, "Yaw": 348.4497, "Z": 0.6999999880790713, "Pitch": 58.349895}, "BuilderInventory": [{"Index": 0, "Type": "cwc_minecraft_red_rn", "Quantity": 20}, {"Index": 1, "Type": "cwc_minecraft_orange_rn", "Quantity": 20}, {"Index": 2, "Type": "cwc_minecraft_yellow_rn", "Quantity": 20}, {"Index": 3, "Type": "cwc_minecraft_green_rn", "Quantity": 20}, {"Index": 4, "Type": "cwc_minecraft_blue_rn", "Quantity": 17}, {"Index": 5, "Type": "cwc_minecraft_purple_rn", "Quantity": 20}], "ChatHistory": ["<Builder> Mission has started.", "<Builder> hi", "<Architect> this is super easy", "<Builder> rad! seems fun, easy way to earn some Amazon bucks", "<Architect> youre gonna build a L with blue blocks so put down two blue blocks in a row and put one more on top of the left one", "<Builder> like so?", "<Architect> perfect"], "Timestamp": "2018-04-13 22:41:56", "BlocksInGrid": [{"PerspectiveCoordinates": {"Y": -0.524730538355, "X": 0.0, "Z": 0.851268384305}, "AbsoluteCoordinates": {"Y": 1, "X": 0, "Z": 0}, "Type": "cwc_minecraft_blue_rn"}, {"PerspectiveCoordinates": {"Y": 0.3092990668062789, "X": -0.200228133979, "Z": 1.3653727628877763}, "AbsoluteCoordinates": {"Y": 1, "X": 0, "Z": 1}, "Type": "cwc_minecraft_blue_rn"}, {"PerspectiveCoordinates": {"Y": 0.8340296051612789, "X": -0.200228133979, "Z": 0.5141043785827764}, "AbsoluteCoordinates": {"Y": 2, "X": 0, "Z": 1}, "Type": "cwc_minecraft_blue_rn"}], "ScreenshotPath": "111926-Builder-chat.png"}], "NumFixedViewers": 4, "TimeElapsed": 145.44566202163696}