{"WorldStates": [{"Timestamp": "2018-04-13 22:40:04", "Chat": ["<Builder> Mission has started."], "ScreenshotPath": "0-Builder-chat.png"}, {"BuilderGridAbsolute": [], "XPos": 0.0, "TimeAlive": 432, "ZPos": 0.0, "Timestamp": "2018-04-13 22:40:04", "Yaw": 0.0, "YPos": 1.0, "BuilderGridRelative": [], "DistanceTravelled": 0, "BuilderInventory": [{"Index": 0, "Type": "cwc_minecraft_red_rn", "Quantity": 20}, {"Index": 1, "Type": "cwc_minecraft_orange_rn", "Quantity": 20}, {"Index": 2, "Type": "cwc_minecraft_yellow_rn", "Quantity": 20}, {"Index": 3, "Type": "cwc_minecraft_green_rn", "Quantity": 20}, {"Index": 4, "Type": "cwc_minecraft_blue_rn", "Quantity": 20}, {"Index": 5, "Type": "cwc_minecraft_purple_rn", "Quantity": 20}], "Pitch": 0.0}, {"Timestamp": "2018-04-13 22:40:15", "Chat": ["<Builder> hi"], "ScreenshotPath": "10376-Builder-chat.png"}, {"BuilderGridAbsolute": [], "XPos": 0.0, "TimeAlive": 640, "ZPos": 0.0, "Timestamp": "2018-04-13 22:40:15", "Yaw": -14.099966, "YPos": 1.0, "BuilderGridRelative": [], "DistanceTravelled": 0, "BuilderInventory": [{"Index": 0, "Type": "cwc_minecraft_red_rn", "Quantity": 20}, {"Index": 1, "Type": "cwc_minecraft_orange_rn", "Quantity": 20}, {"Index": 2, "Type": "cwc_minecraft_yellow_rn", "Quantity": 20}, {"Index": 3, "Type": "cwc_minecraft_green_rn", "Quantity": 20}, {"Index": 4, "Type": "cwc_minecraft_blue_rn", "Quantity": 20}, {"Index": 5, "Type": "cwc_minecraft_purple_rn", "Quantity": 20}], "Pitch": 0.59999716}, {"BuilderGridAbsolute": [{"Y": 1, "X": 5, "Z": 0, "Type": "cwc_minecraft_red_rn"}], "XPos": 2.6517803602096723, "TimeAlive": 840, "ZPos": 0.010916979655851894, "Timestamp": "2018-04-13 22:40:25", "Yaw": 277.95023, "YPos": 1.0, "ScreenshotPath": "20475-Builder-putdown.png", "BuilderGridRelative": [{"Y": 0, "X": 3, "Z": 0, "Type": "cwc_minecraft_red_rn"}], "DistanceTravelled": 733, "BuilderInventory": [{"Index": 0, "Type": "cwc_minecraft_red_rn", "Quantity": 19}, {"Index": 1, "Type": "cwc_minecraft_orange_rn", "Quantity": 20}, {"Index": 2, "Type": "cwc_minecraft_yellow_rn", "Quantity": 20}, {"Index": 3, "Type": "cwc_minecraft_green_rn", "Quantity": 20}, {"Index": 4, "Type": "cwc_minecraft_blue_rn", "Quantity": 20}, {"Index": 5, "Type": "cwc_minecraft_purple_rn", "Quantity": 20}], "Pitch": 26.999979}, {"BuilderGridAbsolute": [{"Y": 1, "X": 4, "Z": 0, "Type": "cwc_minecraft_red_rn"}, {"Y": 1, "X": 5, "Z": 0, "Type": "cwc_minecraft_red_rn"}], "XPos": 2.6517803602096723, "TimeAlive": 850, "ZPos": 0.010916979655851894, "Timestamp": "2018-04-13 22:40:25", "Yaw": 278.70023, "YPos": 1.0, "BuilderGridRelative": [{"Y": 0, "X": 2, "Z": 0, "Type": "cwc_minecraft_red_rn"}, {"Y": 0, "X": 3, "Z": 0, "Type": "cwc_minecraft_red_rn"}], "DistanceTravelled": 733, "BuilderInventory": [{"Index": 0, "Type": "cwc_minecraft_red_rn", "Quantity": 18}, {"Index": 1, "Type": "cwc_minecraft_orange_rn", "Quantity": 20}, {"Index": 2, "Type": "cwc_minecraft_yellow_rn", "Quantity": 20}, {"Index": 3, "Type": "cwc_minecraft_green_rn", "Quantity": 20}, {"Index": 4, "Type": "cwc_minecraft_blue_rn", "Quantity": 20}, {"Index": 5, "Type": "cwc_minecraft_purple_rn", "Quantity": 20}], "Pitch": 31.19998}, {"Timestamp": "2018-04-13 22:40:25", "ScreenshotPath": "20975-Builder-putdown.png"}, {"BuilderGridAbsolute": [{"Y": 1, "X": 4, "Z": 0, "Type": "cwc_minecraft_red_rn"}, {"Y": 1, "X": 5, "Z": 0, "Type": "cwc_minecraft_red_rn"}, {"Y": 2, "X": 4, "Z": 0, "Type": "cwc_minecraft_red_rn"}], "XPos": 2.6548125960458355, "TimeAlive": 870, "ZPos": 0.010916979655851894, "Timestamp": "2018-04-13 22:40:26", "Yaw": 284.10025, "YPos": 2.176759275064237, "BuilderGridRelative": [{"Y": -1, "X": 2, "Z": 0, "Type": "cwc_minecraft_red_rn"}, {"Y": -1, "X": 3, "Z": 0, "Type": "cwc_minecraft_red_rn"}, {"Y": 0, "X": 2, "Z": 0, "Type": "cwc_minecraft_red_rn"}], "DistanceTravelled": 733, "BuilderInventory": [{"Index": 0, "Type": "cwc_minecraft_red_rn", "Quantity": 17}, {"Index": 1, "Type": "cwc_minecraft_orange_rn", "Quantity": 20}, {"Index": 2, "Type": "cwc_minecraft_yellow_rn", "Quantity": 20}, {"Index": 3, "Type": "cwc_minecraft_green_rn", "Quantity": 20}, {"Index": 4, "Type": "cwc_minecraft_blue_rn", "Quantity": 20}, {"Index": 5, "Type": "cwc_minecraft_purple_rn", "Quantity": 20}], "Pitch": 46.349968}, {"Timestamp": "2018-04-13 22:40:26", "ScreenshotPath": "21976-Builder-putdown.png"}, {"BuilderGridAbsolute": [{"Y": 1, "X": 4, "Z": 0, "Type": "cwc_minecraft_red_rn"}, {"Y": 1, "X": 5, "Z": 0, "Type": "cwc_minecraft_red_rn"}, {"Y": 2, "X": 4, "Z": 0, "Type": "cwc_minecraft_red_rn"}, {"Y": 3, "X": 4, "Z": 0, "Type": "cwc_minecraft_red_rn"}], "XPos": 2.6548125960458355, "TimeAlive": 905, "ZPos": 0.010916979655851894, "Timestamp": "2018-04-13 22:40:28", "Yaw": 286.80026, "YPos": 4.641001058905213, "BuilderGridRelative": [{"Y": -3, "X": 2, "Z": 0, "Type": "cwc_minecraft_red_rn"}, {"Y": -3, "X": 3, "Z": 0, "Type": "cwc_minecraft_red_rn"}, {"Y": -2, "X": 2, "Z": 0, "Type": "cwc_minecraft_red_rn"}, {"Y": -1, "X": 2, "Z": 0, "Type": "cwc_minecraft_red_rn"}], "DistanceTravelled": 733, "BuilderInventory": [{"Index": 0, "Type": "cwc_minecraft_red_rn", "Quantity": 16}, {"Index": 1, "Type": "cwc_minecraft_orange_rn", "Quantity": 20}, {"Index": 2, "Type": "cwc_minecraft_yellow_rn", "Quantity": 20}, {"Index": 3, "Type": "cwc_minecraft_green_rn", "Quantity": 20}, {"Index": 4, "Type": "cwc_minecraft_blue_rn", "Quantity": 20}, {"Index": 5, "Type": "cwc_minecraft_purple_rn", "Quantity": 20}], "Pitch": 59.849968}, {"Timestamp": "2018-04-13 22:40:29", "ScreenshotPath": "23725-Builder-putdown.png"}, {"BuilderGridAbsolute": [{"Y": 1, "X": 4, "Z": 0, "Type": "cwc_minecraft_red_rn"}, {"Y": 1, "X": 5, "Z": 0, "Type": "cwc_minecraft_red_rn"}, {"Y": 2, "X": 4, "Z": 0, "Type": "cwc_minecraft_red_rn"}, {"Y": 3, "X": 4, "Z": -1, "Type": "cwc_minecraft_red_rn"}, {"Y": 3, "X": 4, "Z": 0, "Type": "cwc_minecraft_red_rn"}], "XPos": 2.818031048676592, "TimeAlive": 970, "ZPos": -0.9875345908335547, "Timestamp": "2018-04-13 22:40:31", "Yaw": 299.70038, "YPos": 2.788687170100494, "BuilderGridRelative": [{"Y": -1, "X": 2, "Z": 1, "Type": "cwc_minecraft_red_rn"}, {"Y": -1, "X": 3, "Z": 1, "Type": "cwc_minecraft_red_rn"}, {"Y": 0, "X": 2, "Z": 1, "Type": "cwc_minecraft_red_rn"}, {"Y": 1, "X": 2, "Z": 0, "Type": "cwc_minecraft_red_rn"}, {"Y": 1, "X": 2, "Z": 1, "Type": "cwc_minecraft_red_rn"}], "DistanceTravelled": 733, "BuilderInventory": [{"Index": 0, "Type": "cwc_minecraft_red_rn", "Quantity": 15}, {"Index": 1, "Type": "cwc_minecraft_orange_rn", "Quantity": 20}, {"Index": 2, "Type": "cwc_minecraft_yellow_rn", "Quantity": 20}, {"Index": 3, "Type": "cwc_minecraft_green_rn", "Quantity": 20}, {"Index": 4, "Type": "cwc_minecraft_blue_rn", "Quantity": 20}, {"Index": 5, "Type": "cwc_minecraft_purple_rn", "Quantity": 20}], "Pitch": 20.399954}, {"Timestamp": "2018-04-13 22:40:31", "ScreenshotPath": "26974-Builder-putdown.png"}, {"BuilderGridAbsolute": [{"Y": 1, "X": 4, "Z": 0, "Type": "cwc_minecraft_red_rn"}, {"Y": 1, "X": 5, "Z": 0, "Type": "cwc_minecraft_red_rn"}, {"Y": 2, "X": 4, "Z": 0, "Type": "cwc_minecraft_red_rn"}, {"Y": 3, "X": 4, "Z": -1, "Type": "cwc_minecraft_red_rn"}, {"Y": 3, "X": 3, "Z": 0, "Type": "cwc_minecraft_yellow_rn"}, {"Y": 3, "X": 4, "Z": 0, "Type": "cwc_minecraft_red_rn"}], "XPos": 1.9906957173490762, "TimeAlive": 1030, "ZPos": 3.174855319045377, "Timestamp": "2018-04-13 22:40:34", "Yaw": 219.00035, "YPos": 2.788687170100494, "BuilderGridRelative": [{"Y": -1, "X": 3, "Z": -3, "Type": "cwc_minecraft_red_rn"}, {"Y": -1, "X": 4, "Z": -3, "Type": "cwc_minecraft_red_rn"}, {"Y": 0, "X": 3, "Z": -3, "Type": "cwc_minecraft_red_rn"}, {"Y": 1, "X": 3, "Z": -4, "Type": "cwc_minecraft_red_rn"}, {"Y": 1, "X": 2, "Z": -3, "Type": "cwc_minecraft_yellow_rn"}, {"Y": 1, "X": 3, "Z": -3, "Type": "cwc_minecraft_red_rn"}], "DistanceTravelled": 733, "BuilderInventory": [{"Index": 0, "Type": "cwc_minecraft_red_rn", "Quantity": 15}, {"Index": 1, "Type": "cwc_minecraft_orange_rn", "Quantity": 20}, {"Index": 2, "Type": "cwc_minecraft_yellow_rn", "Quantity": 19}, {"Index": 3, "Type": "cwc_minecraft_green_rn", "Quantity": 20}, {"Index": 4, "Type": "cwc_minecraft_blue_rn", "Quantity": 20}, {"Index": 5, "Type": "cwc_minecraft_purple_rn", "Quantity": 20}], "Pitch": 17.999952}, {"Timestamp": "2018-04-13 22:40:34", "ScreenshotPath": "29973-Builder-putdown.png"}, {"BuilderGridAbsolute": [{"Y": 1, "X": 4, "Z": 0, "Type": "cwc_minecraft_red_rn"}, {"Y": 1, "X": 5, "Z": 0, "Type": "cwc_minecraft_red_rn"}, {"Y": 1, "X": -1, "Z": 3, "Type": "cwc_minecraft_yellow_rn"}, {"Y": 2, "X": 4, "Z": 0, "Type": "cwc_minecraft_red_rn"}, {"Y": 3, "X": 4, "Z": -1, "Type": "cwc_minecraft_red_rn"}, {"Y": 3, "X": 3, "Z": 0, "Type": "cwc_minecraft_yellow_rn"}, {"Y": 3, "X": 4, "Z": 0, "Type": "cwc_minecraft_red_rn"}], "XPos": 2.473321353720163, "TimeAlive": 1072, "ZPos": 3.477818627517021, "Timestamp": "2018-04-13 22:40:36", "Yaw": 87.90033, "YPos": 2.788687170100494, "BuilderGridRelative": [{"Y": -1, "X": 2, "Z": -3, "Type": "cwc_minecraft_red_rn"}, {"Y": -1, "X": 3, "Z": -3, "Type": "cwc_minecraft_red_rn"}, {"Y": -1, "X": -3, "Z": 0, "Type": "cwc_minecraft_yellow_rn"}, {"Y": 0, "X": 2, "Z": -3, "Type": "cwc_minecraft_red_rn"}, {"Y": 1, "X": 2, "Z": -4, "Type": "cwc_minecraft_red_rn"}, {"Y": 1, "X": 1, "Z": -3, "Type": "cwc_minecraft_yellow_rn"}, {"Y": 1, "X": 2, "Z": -3, "Type": "cwc_minecraft_red_rn"}], "DistanceTravelled": 733, "BuilderInventory": [{"Index": 0, "Type": "cwc_minecraft_red_rn", "Quantity": 15}, {"Index": 1, "Type": "cwc_minecraft_orange_rn", "Quantity": 20}, {"Index": 2, "Type": "cwc_minecraft_yellow_rn", "Quantity": 18}, {"Index": 3, "Type": "cwc_minecraft_green_rn", "Quantity": 20}, {"Index": 4, "Type": "cwc_minecraft_blue_rn", "Quantity": 20}, {"Index": 5, "Type": "cwc_minecraft_purple_rn", "Quantity": 20}], "Pitch": 51.299946}, {"Timestamp": "2018-04-13 22:40:36", "ScreenshotPath": "32074-Builder-putdown.png"}, {"BuilderGridAbsolute": [{"Y": 1, "X": 4, "Z": 0, "Type": "cwc_minecraft_red_rn"}, {"Y": 1, "X": 5, "Z": 0, "Type": "cwc_minecraft_red_rn"}, {"Y": 1, "X": -1, "Z": 2, "Type": "cwc_minecraft_yellow_rn"}, {"Y": 1, "X": -1, "Z": 3, "Type": "cwc_minecraft_yellow_rn"}, {"Y": 2, "X": 4, "Z": 0, "Type": "cwc_minecraft_red_rn"}, {"Y": 3, "X": 4, "Z": -1, "Type": "cwc_minecraft_red_rn"}, {"Y": 3, "X": 3, "Z": 0, "Type": "cwc_minecraft_yellow_rn"}, {"Y": 3, "X": 4, "Z": 0, "Type": "cwc_minecraft_red_rn"}], "XPos": 2.4796918811937028, "TimeAlive": 1083, "ZPos": 3.477818627517021, "Timestamp": "2018-04-13 22:40:37", "Yaw": 106.95033, "YPos": 2.788687170100494, "BuilderGridRelative": [{"Y": -1, "X": 2, "Z": -3, "Type": "cwc_minecraft_red_rn"}, {"Y": -1, "X": 3, "Z": -3, "Type": "cwc_minecraft_red_rn"}, {"Y": -1, "X": -3, "Z": -1, "Type": "cwc_minecraft_yellow_rn"}, {"Y": -1, "X": -3, "Z": 0, "Type": "cwc_minecraft_yellow_rn"}, {"Y": 0, "X": 2, "Z": -3, "Type": "cwc_minecraft_red_rn"}, {"Y": 1, "X": 2, "Z": -4, "Type": "cwc_minecraft_red_rn"}, {"Y": 1, "X": 1, "Z": -3, "Type": "cwc_minecraft_yellow_rn"}, {"Y": 1, "X": 2, "Z": -3, "Type": "cwc_minecraft_red_rn"}], "DistanceTravelled": 733, "BuilderInventory": [{"Index": 0, "Type": "cwc_minecraft_red_rn", "Quantity": 15}, {"Index": 1, "Type": "cwc_minecraft_orange_rn", "Quantity": 20}, {"Index": 2, "Type": "cwc_minecraft_yellow_rn", "Quantity": 17}, {"Index": 3, "Type": "cwc_minecraft_green_rn", "Quantity": 20}, {"Index": 4, "Type": "cwc_minecraft_blue_rn", "Quantity": 20}, {"Index": 5, "Type": "cwc_minecraft_purple_rn", "Quantity": 20}], "Pitch": 52.199947}, {"Timestamp": "2018-04-13 22:40:37", "ScreenshotPath": "32623-Builder-putdown.png"}, {"BuilderGridAbsolute": [{"Y": 1, "X": 4, "Z": 0, "Type": "cwc_minecraft_red_rn"}, {"Y": 1, "X": 5, "Z": 0, "Type": "cwc_minecraft_red_rn"}, {"Y": 1, "X": -1, "Z": 2, "Type": "cwc_minecraft_yellow_rn"}, {"Y": 2, "X": 4, "Z": 0, "Type": "cwc_minecraft_red_rn"}, {"Y": 3, "X": 4, "Z": -1, "Type": "cwc_minecraft_red_rn"}, {"Y": 3, "X": 3, "Z": 0, "Type": "cwc_minecraft_yellow_rn"}, {"Y": 3, "X": 4, "Z": 0, "Type": "cwc_minecraft_red_rn"}], "XPos": 2.4796918811937028, "TimeAlive": 1106, "ZPos": 3.477818627517021, "Timestamp": "2018-04-13 22:40:38", "Yaw": 98.40034, "YPos": 2.788687170100494, "BuilderGridRelative": [{"Y": -1, "X": 2, "Z": -3, "Type": "cwc_minecraft_red_rn"}, {"Y": -1, "X": 3, "Z": -3, "Type": "cwc_minecraft_red_rn"}, {"Y": -1, "X": -3, "Z": -1, "Type": "cwc_minecraft_yellow_rn"}, {"Y": 0, "X": 2, "Z": -3, "Type": "cwc_minecraft_red_rn"}, {"Y": 1, "X": 2, "Z": -4, "Type": "cwc_minecraft_red_rn"}, {"Y": 1, "X": 1, "Z": -3, "Type": "cwc_minecraft_yellow_rn"}, {"Y": 1, "X": 2, "Z": -3, "Type": "cwc_minecraft_red_rn"}], "DistanceTravelled": 733, "BuilderInventory": [{"Index": 0, "Type": "cwc_minecraft_red_rn", "Quantity": 15}, {"Index": 1, "Type": "cwc_minecraft_orange_rn", "Quantity": 20}, {"Index": 2, "Type": "cwc_minecraft_yellow_rn", "Quantity": 18}, {"Index": 3, "Type": "cwc_minecraft_green_rn", "Quantity": 20}, {"Index": 4, "Type": "cwc_minecraft_blue_rn", "Quantity": 20}, {"Index": 5, "Type": "cwc_minecraft_purple_rn", "Quantity": 20}], "Pitch": 43.199944}, {"Timestamp": "2018-04-13 22:40:38", "ScreenshotPath": "33823-Builder-pickup.png"}, {"BuilderGridAbsolute": [{"Y": 1, "X": 4, "Z": 0, "Type": "cwc_minecraft_red_rn"}, {"Y": 1, "X": 5, "Z": 0, "Type": "cwc_minecraft_red_rn"}, {"Y": 2, "X": 4, "Z": 0, "Type": "cwc_minecraft_red_rn"}, {"Y": 3, "X": 4, "Z": -1, "Type": "cwc_minecraft_red_rn"}, {"Y": 3, "X": 3, "Z": 0, "Type": "cwc_minecraft_yellow_rn"}, {"Y": 3, "X": 4, "Z": 0, "Type": "cwc_minecraft_red_rn"}], "XPos": 2.4796918811937028, "TimeAlive": 1119, "ZPos": 3.477818627517021, "Timestamp": "2018-04-13 22:40:38", "Yaw": 98.70034, "YPos": 2.788687170100494, "BuilderGridRelative": [{"Y": -1, "X": 2, "Z": -3, "Type": "cwc_minecraft_red_rn"}, {"Y": -1, "X": 3, "Z": -3, "Type": "cwc_minecraft_red_rn"}, {"Y": 0, "X": 2, "Z": -3, "Type": "cwc_minecraft_red_rn"}, {"Y": 1, "X": 2, "Z": -4, "Type": "cwc_minecraft_red_rn"}, {"Y": 1, "X": 1, "Z": -3, "Type": "cwc_minecraft_yellow_rn"}, {"Y": 1, "X": 2, "Z": -3, "Type": "cwc_minecraft_red_rn"}], "DistanceTravelled": 733, "BuilderInventory": [{"Index": 0, "Type": "cwc_minecraft_red_rn", "Quantity": 15}, {"Index": 1, "Type": "cwc_minecraft_orange_rn", "Quantity": 20}, {"Index": 2, "Type": "cwc_minecraft_yellow_rn", "Quantity": 19}, {"Index": 3, "Type": "cwc_minecraft_green_rn", "Quantity": 20}, {"Index": 4, "Type": "cwc_minecraft_blue_rn", "Quantity": 20}, {"Index": 5, "Type": "cwc_minecraft_purple_rn", "Quantity": 20}], "Pitch": 43.049942}, {"Timestamp": "2018-04-13 22:40:39", "ScreenshotPath": "34473-Builder-pickup.png"}, {"Timestamp": "2018-04-13 22:40:39", "Chat": ["<Architect> this is super easy"]}, {"BuilderGridAbsolute": [{"Y": 1, "X": 4, "Z": 0, "Type": "cwc_minecraft_red_rn"}, {"Y": 1, "X": 5, "Z": 0, "Type": "cwc_minecraft_red_rn"}, {"Y": 2, "X": 4, "Z": 0, "Type": "cwc_minecraft_red_rn"}, {"Y": 3, "X": 4, "Z": -1, "Type": "cwc_minecraft_red_rn"}, {"Y": 3, "X": 3, "Z": 0, "Type": "cwc_minecraft_yellow_rn"}, {"Y": 3, "X": 4, "Z": 0, "Type": "cwc_minecraft_red_rn"}], "XPos": 2.4796918811937028, "TimeAlive": 1132, "ZPos": 3.477818627517021, "Timestamp": "2018-04-13 22:40:39", "Yaw": 107.85034, "YPos": 2.788687170100494, "ScreenshotPath": "35021-Builder-chat.png", "BuilderGridRelative": [{"Y": -1, "X": 2, "Z": -3, "Type": "cwc_minecraft_red_rn"}, {"Y": -1, "X": 3, "Z": -3, "Type": "cwc_minecraft_red_rn"}, {"Y": 0, "X": 2, "Z": -3, "Type": "cwc_minecraft_red_rn"}, {"Y": 1, "X": 2, "Z": -4, "Type": "cwc_minecraft_red_rn"}, {"Y": 1, "X": 1, "Z": -3, "Type": "cwc_minecraft_yellow_rn"}, {"Y": 1, "X": 2, "Z": -3, "Type": "cwc_minecraft_red_rn"}], "DistanceTravelled": 733, "BuilderInventory": [{"Index": 0, "Type": "cwc_minecraft_red_rn", "Quantity": 15}, {"Index": 1, "Type": "cwc_minecraft_orange_rn", "Quantity": 20}, {"Index": 2, "Type": "cwc_minecraft_yellow_rn", "Quantity": 19}, {"Index": 3, "Type": "cwc_minecraft_green_rn", "Quantity": 20}, {"Index": 4, "Type": "cwc_minecraft_blue_rn", "Quantity": 20}, {"Index": 5, "Type": "cwc_minecraft_purple_rn", "Quantity": 20}], "Pitch": 40.34994}, {"BuilderGridAbsolute": [{"Y": 1, "X": 4, "Z": 0, "Type": "cwc_minecraft_red_rn"}, {"Y": 1, "X": 5, "Z": 0, "Type": "cwc_minecraft_red_rn"}, {"Y": 2, "X": 4, "Z": 0, "Type": "cwc_minecraft_red_rn"}, {"Y": 3, "X": 4, "Z": -1, "Type": "cwc_minecraft_red_rn"}, {"Y": 3, "X": 4, "Z": 0, "Type": "cwc_minecraft_red_rn"}], "XPos": 2.4796918811937028, "TimeAlive": 1149, "ZPos": 3.477818627517021, "Timestamp": "2018-04-13 22:40:40", "Yaw": 203.85037, "YPos": 2.788687170100494, "BuilderGridRelative": [{"Y": -1, "X": 2, "Z": -3, "Type": "cwc_minecraft_red_rn"}, {"Y": -1, "X": 3, "Z": -3, "Type": "cwc_minecraft_red_rn"}, {"Y": 0, "X": 2, "Z": -3, "Type": "cwc_minecraft_red_rn"}, {"Y": 1, "X": 2, "Z": -4, "Type": "cwc_minecraft_red_rn"}, {"Y": 1, "X": 2, "Z": -3, "Type": "cwc_minecraft_red_rn"}], "DistanceTravelled": 733, "BuilderInventory": [{"Index": 0, "Type": "cwc_minecraft_red_rn", "Quantity": 15}, {"Index": 1, "Type": "cwc_minecraft_orange_rn", "Quantity": 20}, {"Index": 2, "Type": "cwc_minecraft_yellow_rn", "Quantity": 20}, {"Index": 3, "Type": "cwc_minecraft_green_rn", "Quantity": 20}, {"Index": 4, "Type": "cwc_minecraft_blue_rn", "Quantity": 20}, {"Index": 5, "Type": "cwc_minecraft_purple_rn", "Quantity": 20}], "Pitch": 13.34994}, {"Timestamp": "2018-04-13 22:40:40", "ScreenshotPath": "35972-Builder-pickup.png"}, {"BuilderGridAbsolute": [{"Y": 1, "X": 4, "Z": 0, "Type": "cwc_minecraft_red_rn"}, {"Y": 1, "X": 5, "Z": 0, "Type": "cwc_minecraft_red_rn"}, {"Y": 2, "X": 4, "Z": 0, "Type": "cwc_minecraft_red_rn"}, {"Y": 3, "X": 4, "Z": -1, "Type": "cwc_minecraft_red_rn"}], "XPos": 2.4796918811937028, "TimeAlive": 1160, "ZPos": 3.477818627517021, "Timestamp": "2018-04-13 22:40:40", "Yaw": 203.85037, "YPos": 2.788687170100494, "BuilderGridRelative": [{"Y": -1, "X": 2, "Z": -3, "Type": "cwc_minecraft_red_rn"}, {"Y": -1, "X": 3, "Z": -3, "Type": "cwc_minecraft_red_rn"}, {"Y": 0, "X": 2, "Z": -3, "Type": "cwc_minecraft_red_rn"}, {"Y": 1, "X": 2, "Z": -4, "Type": "cwc_minecraft_red_rn"}], "DistanceTravelled": 733, "BuilderInventory": [{"Index": 0, "Type": "cwc_minecraft_red_rn", "Quantity": 16}, {"Index": 1, "Type": "cwc_minecraft_orange_rn", "Quantity": 20}, {"Index": 2, "Type": "cwc_minecraft_yellow_rn", "Quantity": 20}, {"Index": 3, "Type": "cwc_minecraft_green_rn", "Quantity": 20}, {"Index": 4, "Type": "cwc_minecraft_blue_rn", "Quantity": 20}, {"Index": 5, "Type": "cwc_minecraft_purple_rn", "Quantity": 20}], "Pitch": 13.34994}, {"Timestamp": "2018-04-13 22:40:41", "ScreenshotPath": "36522-Builder-pickup.png"}, {"BuilderGridAbsolute": [{"Y": 1, "X": 4, "Z": 0, "Type": "cwc_minecraft_red_rn"}, {"Y": 1, "X": 5, "Z": 0, "Type": "cwc_minecraft_red_rn"}, {"Y": 3, "X": 4, "Z": -1, "Type": "cwc_minecraft_red_rn"}], "XPos": 2.4796918811937028, "TimeAlive": 1172, "ZPos": 3.477818627517021, "Timestamp": "2018-04-13 22:40:41", "Yaw": 214.50038, "YPos": 2.788687170100494, "BuilderGridRelative": [{"Y": -1, "X": 2, "Z": -3, "Type": "cwc_minecraft_red_rn"}, {"Y": -1, "X": 3, "Z": -3, "Type": "cwc_minecraft_red_rn"}, {"Y": 1, "X": 2, "Z": -4, "Type": "cwc_minecraft_red_rn"}], "DistanceTravelled": 733, "BuilderInventory": [{"Index": 0, "Type": "cwc_minecraft_red_rn", "Quantity": 17}, {"Index": 1, "Type": "cwc_minecraft_orange_rn", "Quantity": 20}, {"Index": 2, "Type": "cwc_minecraft_yellow_rn", "Quantity": 20}, {"Index": 3, "Type": "cwc_minecraft_green_rn", "Quantity": 20}, {"Index": 4, "Type": "cwc_minecraft_blue_rn", "Quantity": 20}, {"Index": 5, "Type": "cwc_minecraft_purple_rn", "Quantity": 20}], "Pitch": 24.89994}, {"Timestamp": "2018-04-13 22:40:42", "ScreenshotPath": "37122-Builder-pickup.png"}, {"BuilderGridAbsolute": [{"Y": 1, "X": 5, "Z": 0, "Type": "cwc_minecraft_red_rn"}, {"Y": 3, "X": 4, "Z": -1, "Type": "cwc_minecraft_red_rn"}], "XPos": 3.667842334390278, "TimeAlive": 1215, "ZPos": 1.461575625028432, "Timestamp": "2018-04-13 22:40:43", "Yaw": 209.25041, "YPos": 2.788687170100494, "BuilderGridRelative": [{"Y": -1, "X": 2, "Z": -1, "Type": "cwc_minecraft_red_rn"}, {"Y": 1, "X": 1, "Z": -2, "Type": "cwc_minecraft_red_rn"}], "DistanceTravelled": 733, "BuilderInventory": [{"Index": 0, "Type": "cwc_minecraft_red_rn", "Quantity": 18}, {"Index": 1, "Type": "cwc_minecraft_orange_rn", "Quantity": 20}, {"Index": 2, "Type": "cwc_minecraft_yellow_rn", "Quantity": 20}, {"Index": 3, "Type": "cwc_minecraft_green_rn", "Quantity": 20}, {"Index": 4, "Type": "cwc_minecraft_blue_rn", "Quantity": 20}, {"Index": 5, "Type": "cwc_minecraft_purple_rn", "Quantity": 20}], "Pitch": 60.299946}, {"Timestamp": "2018-04-13 22:40:44", "ScreenshotPath": "39273-Builder-pickup.png"}, {"BuilderGridAbsolute": [{"Y": 3, "X": 4, "Z": -1, "Type": "cwc_minecraft_red_rn"}], "XPos": 4.060282265128564, "TimeAlive": 1237, "ZPos": 0.7967791629918981, "Timestamp": "2018-04-13 22:40:44", "Yaw": 254.5504, "YPos": 2.788687170100494, "BuilderGridRelative": [{"Y": 1, "X": 0, "Z": -1, "Type": "cwc_minecraft_red_rn"}], "DistanceTravelled": 733, "BuilderInventory": [{"Index": 0, "Type": "cwc_minecraft_red_rn", "Quantity": 19}, {"Index": 1, "Type": "cwc_minecraft_orange_rn", "Quantity": 20}, {"Index": 2, "Type": "cwc_minecraft_yellow_rn", "Quantity": 20}, {"Index": 3, "Type": "cwc_minecraft_green_rn", "Quantity": 20}, {"Index": 4, "Type": "cwc_minecraft_blue_rn", "Quantity": 20}, {"Index": 5, "Type": "cwc_minecraft_purple_rn", "Quantity": 20}], "Pitch": 58.79995}, {"Timestamp": "2018-04-13 22:40:45", "ScreenshotPath": "40371-Builder-pickup.png"}, {"BuilderGridAbsolute": [], "XPos": 4.108197538878808, "TimeAlive": 1263, "ZPos": 0.7028532544849918, "Timestamp": "2018-04-13 22:40:46", "Yaw": 189.0004, "YPos": 2.788687170100494, "BuilderGridRelative": [], "DistanceTravelled": 733, "BuilderInventory": [{"Index": 0, "Type": "cwc_minecraft_red_rn", "Quantity": 20}, {"Index": 1, "Type": "cwc_minecraft_orange_rn", "Quantity": 20}, {"Index": 2, "Type": "cwc_minecraft_yellow_rn", "Quantity": 20}, {"Index": 3, "Type": "cwc_minecraft_green_rn", "Quantity": 20}, {"Index": 4, "Type": "cwc_minecraft_blue_rn", "Quantity": 20}, {"Index": 5, "Type": "cwc_minecraft_purple_rn", "Quantity": 20}], "Pitch": 27.599958}, {"Timestamp": "2018-04-13 22:40:46", "ScreenshotPath": "41672-Builder-pickup.png"}, {"Timestamp": "2018-04-13 22:41:12", "Chat": ["<Builder> rad! seems fun, easy way to earn some Amazon bucks"]}, {"Timestamp": "2018-04-13 22:41:12", "ScreenshotPath": "68019-Builder-chat.png"}, {"BuilderGridAbsolute": [], "XPos": -0.08135974421812915, "TimeAlive": 1792, "ZPos": 0.8491756931108914, "Timestamp": "2018-04-13 22:41:12", "Yaw": 179.40042, "YPos": 1.0, "BuilderGridRelative": [], "DistanceTravelled": 972, "BuilderInventory": [{"Index": 0, "Type": "cwc_minecraft_red_rn", "Quantity": 20}, {"Index": 1, "Type": "cwc_minecraft_orange_rn", "Quantity": 20}, {"Index": 2, "Type": "cwc_minecraft_yellow_rn", "Quantity": 20}, {"Index": 3, "Type": "cwc_minecraft_green_rn", "Quantity": 20}, {"Index": 4, "Type": "cwc_minecraft_blue_rn", "Quantity": 20}, {"Index": 5, "Type": "cwc_minecraft_purple_rn", "Quantity": 20}], "Pitch": 43.349964}, {"BuilderGridAbsolute": [{"Y": 1, "X": -1, "Z": -2, "Type": "cwc_minecraft_blue_rn"}], "XPos": -0.05062694380304321, "TimeAlive": 1973, "ZPos": 1.5235104610726529, "Timestamp": "2018-04-13 22:41:21", "Yaw": 173.70032, "YPos": 1.0, "ScreenshotPath": "77115-Builder-putdown.png", "BuilderGridRelative": [{"Y": 0, "X": 0, "Z": -3, "Type": "cwc_minecraft_blue_rn"}], "DistanceTravelled": 2041, "BuilderInventory": [{"Index": 0, "Type": "cwc_minecraft_red_rn", "Quantity": 20}, {"Index": 1, "Type": "cwc_minecraft_orange_rn", "Quantity": 20}, {"Index": 2, "Type": "cwc_minecraft_yellow_rn", "Quantity": 20}, {"Index": 3, "Type": "cwc_minecraft_green_rn", "Quantity": 20}, {"Index": 4, "Type": "cwc_minecraft_blue_rn", "Quantity": 19}, {"Index": 5, "Type": "cwc_minecraft_purple_rn", "Quantity": 20}], "Pitch": 31.349913}, {"BuilderGridAbsolute": [{"Y": 1, "X": -1, "Z": -2, "Type": "cwc_minecraft_blue_rn"}, {"Y": 1, "X": 1, "Z": -2, "Type": "cwc_minecraft_blue_rn"}], "XPos": -0.05062694380304321, "TimeAlive": 1994, "ZPos": 1.5235104610726529, "Timestamp": "2018-04-13 22:41:22", "Yaw": 209.85028, "YPos": 1.0, "ScreenshotPath": "78165-Builder-putdown.png", "BuilderGridRelative": [{"Y": 0, "X": 0, "Z": -3, "Type": "cwc_minecraft_blue_rn"}, {"Y": 0, "X": 2, "Z": -3, "Type": "cwc_minecraft_blue_rn"}], "DistanceTravelled": 2041, "BuilderInventory": [{"Index": 0, "Type": "cwc_minecraft_red_rn", "Quantity": 20}, {"Index": 1, "Type": "cwc_minecraft_orange_rn", "Quantity": 20}, {"Index": 2, "Type": "cwc_minecraft_yellow_rn", "Quantity": 20}, {"Index": 3, "Type": "cwc_minecraft_green_rn", "Quantity": 20}, {"Index": 4, "Type": "cwc_minecraft_blue_rn", "Quantity": 18}, {"Index": 5, "Type": "cwc_minecraft_purple_rn", "Quantity": 20}], "Pitch": 25.799915}, {"BuilderGridAbsolute": [{"Y": 1, "X": -1, "Z": -2, "Type": "cwc_minecraft_blue_rn"}, {"Y": 1, "X": 0, "Z": -2, "Type": "cwc_minecraft_purple_rn"}, {"Y": 1, "X": 1, "Z": -2, "Type": "cwc_minecraft_blue_rn"}], "XPos": 0.4620468301403142, "TimeAlive": 2044, "ZPos": -0.05578652101311682, "Timestamp": "2018-04-13 22:41:25", "Yaw": 183.0003, "YPos": 1.0, "ScreenshotPath": "80667-Builder-putdown.png", "BuilderGridRelative": [{"Y": 0, "X": -1, "Z": -1, "Type": "cwc_minecraft_blue_rn"}, {"Y": 0, "X": 0, "Z": -1, "Type": "cwc_minecraft_purple_rn"}, {"Y": 0, "X": 1, "Z": -1, "Type": "cwc_minecraft_blue_rn"}], "DistanceTravelled": 2210, "BuilderInventory": [{"Index": 0, "Type": "cwc_minecraft_red_rn", "Quantity": 20}, {"Index": 1, "Type": "cwc_minecraft_orange_rn", "Quantity": 20}, {"Index": 2, "Type": "cwc_minecraft_yellow_rn", "Quantity": 20}, {"Index": 3, "Type": "cwc_minecraft_green_rn", "Quantity": 20}, {"Index": 4, "Type": "cwc_minecraft_blue_rn", "Quantity": 18}, {"Index": 5, "Type": "cwc_minecraft_purple_rn", "Quantity": 19}], "Pitch": 50.249916}, {"BuilderGridAbsolute": [{"Y": 1, "X": -1, "Z": -2, "Type": "cwc_minecraft_blue_rn"}, {"Y": 1, "X": 0, "Z": -2, "Type": "cwc_minecraft_purple_rn"}, {"Y": 1, "X": 1, "Z": -2, "Type": "cwc_minecraft_blue_rn"}, {"Y": 2, "X": 0, "Z": -2, "Type": "cwc_minecraft_purple_rn"}], "XPos": 0.3683844898305939, "TimeAlive": 2064, "ZPos": 0.7958344083799742, "Timestamp": "2018-04-13 22:41:26", "Yaw": 182.7002, "YPos": 1.0, "ScreenshotPath": "81665-Builder-putdown.png", "BuilderGridRelative": [{"Y": 0, "X": -1, "Z": -2, "Type": "cwc_minecraft_blue_rn"}, {"Y": 0, "X": 0, "Z": -2, "Type": "cwc_minecraft_purple_rn"}, {"Y": 0, "X": 1, "Z": -2, "Type": "cwc_minecraft_blue_rn"}, {"Y": 1, "X": 0, "Z": -2, "Type": "cwc_minecraft_purple_rn"}], "DistanceTravelled": 2296, "BuilderInventory": [{"Index": 0, "Type": "cwc_minecraft_red_rn", "Quantity": 20}, {"Index": 1, "Type": "cwc_minecraft_orange_rn", "Quantity": 20}, {"Index": 2, "Type": "cwc_minecraft_yellow_rn", "Quantity": 20}, {"Index": 3, "Type": "cwc_minecraft_green_rn", "Quantity": 20}, {"Index": 4, "Type": "cwc_minecraft_blue_rn", "Quantity": 18}, {"Index": 5, "Type": "cwc_minecraft_purple_rn", "Quantity": 18}], "Pitch": 16.649921}, {"BuilderGridAbsolute": [{"Y": 1, "X": -1, "Z": -2, "Type": "cwc_minecraft_blue_rn"}, {"Y": 1, "X": 1, "Z": -2, "Type": "cwc_minecraft_blue_rn"}, {"Y": 2, "X": 0, "Z": -2, "Type": "cwc_minecraft_purple_rn"}], "XPos": 0.3683844898305939, "TimeAlive": 2072, "ZPos": 0.7958344083799742, "Timestamp": "2018-04-13 22:41:26", "Yaw": 184.9502, "YPos": 1.0, "BuilderGridRelative": [{"Y": 0, "X": -1, "Z": -2, "Type": "cwc_minecraft_blue_rn"}, {"Y": 0, "X": 1, "Z": -2, "Type": "cwc_minecraft_blue_rn"}, {"Y": 1, "X": 0, "Z": -2, "Type": "cwc_minecraft_purple_rn"}], "DistanceTravelled": 2296, "BuilderInventory": [{"Index": 0, "Type": "cwc_minecraft_red_rn", "Quantity": 20}, {"Index": 1, "Type": "cwc_minecraft_orange_rn", "Quantity": 20}, {"Index": 2, "Type": "cwc_minecraft_yellow_rn", "Quantity": 20}, {"Index": 3, "Type": "cwc_minecraft_green_rn", "Quantity": 20}, {"Index": 4, "Type": "cwc_minecraft_blue_rn", "Quantity": 18}, {"Index": 5, "Type": "cwc_minecraft_purple_rn", "Quantity": 19}], "Pitch": 31.19992}, {"Timestamp": "2018-04-13 22:41:26", "ScreenshotPath": "82115-Builder-pickup.png"}, {"BuilderGridAbsolute": [{"Y": 1, "X": -1, "Z": -2, "Type": "cwc_minecraft_blue_rn"}, {"Y": 1, "X": 1, "Z": -2, "Type": "cwc_minecraft_blue_rn"}, {"Y": 2, "X": 0, "Z": -2, "Type": "cwc_minecraft_purple_rn"}, {"Y": 3, "X": 0, "Z": -2, "Type": "cwc_minecraft_blue_rn"}], "XPos": 0.4183976756628226, "TimeAlive": 2123, "ZPos": -0.17845073225561506, "Timestamp": "2018-04-13 22:41:29", "Yaw": 180.89984, "YPos": 3.5329282753448883, "ScreenshotPath": "84614-Builder-putdown.png", "BuilderGridRelative": [{"Y": -2, "X": -1, "Z": -1, "Type": "cwc_minecraft_blue_rn"}, {"Y": -2, "X": 1, "Z": -1, "Type": "cwc_minecraft_blue_rn"}, {"Y": -1, "X": 0, "Z": -1, "Type": "cwc_minecraft_purple_rn"}, {"Y": 0, "X": 0, "Z": -1, "Type": "cwc_minecraft_blue_rn"}], "DistanceTravelled": 2376, "BuilderInventory": [{"Index": 0, "Type": "cwc_minecraft_red_rn", "Quantity": 20}, {"Index": 1, "Type": "cwc_minecraft_orange_rn", "Quantity": 20}, {"Index": 2, "Type": "cwc_minecraft_yellow_rn", "Quantity": 20}, {"Index": 3, "Type": "cwc_minecraft_green_rn", "Quantity": 20}, {"Index": 4, "Type": "cwc_minecraft_blue_rn", "Quantity": 17}, {"Index": 5, "Type": "cwc_minecraft_purple_rn", "Quantity": 19}], "Pitch": 53.099937}, {"BuilderGridAbsolute": [{"Y": 1, "X": -1, "Z": -2, "Type": "cwc_minecraft_blue_rn"}, {"Y": 1, "X": 1, "Z": -2, "Type": "cwc_minecraft_blue_rn"}, {"Y": 2, "X": 0, "Z": -2, "Type": "cwc_minecraft_purple_rn"}], "XPos": 0.4183976756628226, "TimeAlive": 2143, "ZPos": -0.1890156141056649, "Timestamp": "2018-04-13 22:41:30", "Yaw": 185.54993, "YPos": 3.5329282753448883, "BuilderGridRelative": [{"Y": -2, "X": -1, "Z": -1, "Type": "cwc_minecraft_blue_rn"}, {"Y": -2, "X": 1, "Z": -1, "Type": "cwc_minecraft_blue_rn"}, {"Y": -1, "X": 0, "Z": -1, "Type": "cwc_minecraft_purple_rn"}], "DistanceTravelled": 2376, "BuilderInventory": [{"Index": 0, "Type": "cwc_minecraft_red_rn", "Quantity": 20}, {"Index": 1, "Type": "cwc_minecraft_orange_rn", "Quantity": 20}, {"Index": 2, "Type": "cwc_minecraft_yellow_rn", "Quantity": 20}, {"Index": 3, "Type": "cwc_minecraft_green_rn", "Quantity": 20}, {"Index": 4, "Type": "cwc_minecraft_blue_rn", "Quantity": 18}, {"Index": 5, "Type": "cwc_minecraft_purple_rn", "Quantity": 19}], "Pitch": 59.849922}, {"Timestamp": "2018-04-13 22:41:30", "ScreenshotPath": "85664-Builder-pickup.png"}, {"BuilderGridAbsolute": [{"Y": 1, "X": -1, "Z": -2, "Type": "cwc_minecraft_blue_rn"}, {"Y": 1, "X": 1, "Z": -2, "Type": "cwc_minecraft_blue_rn"}], "XPos": 0.4183976756628226, "TimeAlive": 2157, "ZPos": -0.1890156141056649, "Timestamp": "2018-04-13 22:41:30", "Yaw": 201.74994, "YPos": 3.5329282753448883, "BuilderGridRelative": [{"Y": -2, "X": -1, "Z": -1, "Type": "cwc_minecraft_blue_rn"}, {"Y": -2, "X": 1, "Z": -1, "Type": "cwc_minecraft_blue_rn"}], "DistanceTravelled": 2376, "BuilderInventory": [{"Index": 0, "Type": "cwc_minecraft_red_rn", "Quantity": 20}, {"Index": 1, "Type": "cwc_minecraft_orange_rn", "Quantity": 20}, {"Index": 2, "Type": "cwc_minecraft_yellow_rn", "Quantity": 20}, {"Index": 3, "Type": "cwc_minecraft_green_rn", "Quantity": 20}, {"Index": 4, "Type": "cwc_minecraft_blue_rn", "Quantity": 18}, {"Index": 5, "Type": "cwc_minecraft_purple_rn", "Quantity": 20}], "Pitch": 66.899925}, {"Timestamp": "2018-04-13 22:41:31", "ScreenshotPath": "86367-Builder-pickup.png"}, {"BuilderGridAbsolute": [{"Y": 1, "X": -1, "Z": -2, "Type": "cwc_minecraft_blue_rn"}], "XPos": 0.4183976756628226, "TimeAlive": 2170, "ZPos": -0.1890156141056649, "Timestamp": "2018-04-13 22:41:31", "Yaw": 205.49988, "YPos": 3.5329282753448883, "BuilderGridRelative": [{"Y": -2, "X": -1, "Z": -1, "Type": "cwc_minecraft_blue_rn"}], "DistanceTravelled": 2376, "BuilderInventory": [{"Index": 0, "Type": "cwc_minecraft_red_rn", "Quantity": 20}, {"Index": 1, "Type": "cwc_minecraft_orange_rn", "Quantity": 20}, {"Index": 2, "Type": "cwc_minecraft_yellow_rn", "Quantity": 20}, {"Index": 3, "Type": "cwc_minecraft_green_rn", "Quantity": 20}, {"Index": 4, "Type": "cwc_minecraft_blue_rn", "Quantity": 19}, {"Index": 5, "Type": "cwc_minecraft_purple_rn", "Quantity": 20}], "Pitch": 67.64993}, {"Timestamp": "2018-04-13 22:41:32", "ScreenshotPath": "87016-Builder-pickup.png"}, {"BuilderGridAbsolute": [], "XPos": 0.4183976756628226, "TimeAlive": 2185, "ZPos": -0.1890156141056649, "Timestamp": "2018-04-13 22:41:32", "Yaw": 150.59988, "YPos": 3.5329282753448883, "BuilderGridRelative": [], "DistanceTravelled": 2376, "BuilderInventory": [{"Index": 0, "Type": "cwc_minecraft_red_rn", "Quantity": 20}, {"Index": 1, "Type": "cwc_minecraft_orange_rn", "Quantity": 20}, {"Index": 2, "Type": "cwc_minecraft_yellow_rn", "Quantity": 20}, {"Index": 3, "Type": "cwc_minecraft_green_rn", "Quantity": 20}, {"Index": 4, "Type": "cwc_minecraft_blue_rn", "Quantity": 20}, {"Index": 5, "Type": "cwc_minecraft_purple_rn", "Quantity": 20}], "Pitch": 64.04994}, {"Timestamp": "2018-04-13 22:41:32", "ScreenshotPath": "87766-Builder-pickup.png"}, {"Timestamp": "2018-04-13 22:41:40", "Chat": ["<Architect> youre gonna build a L with blue blocks so put down two blue blocks in a row and put one more on top of the left one"], "ScreenshotPath": "96114-Builder-chat.png"}, {"BuilderGridAbsolute": [], "XPos": 3.0171328945076246, "TimeAlive": 2354, "ZPos": 2.369650440398076, "Timestamp": "2018-04-13 22:41:40", "Yaw": 148.34961, "YPos": 1.0, "BuilderGridRelative": [], "DistanceTravelled": 2772, "BuilderInventory": [{"Index": 0, "Type": "cwc_minecraft_red_rn", "Quantity": 20}, {"Index": 1, "Type": "cwc_minecraft_orange_rn", "Quantity": 20}, {"Index": 2, "Type": "cwc_minecraft_yellow_rn", "Quantity": 20}, {"Index": 3, "Type": "cwc_minecraft_green_rn", "Quantity": 20}, {"Index": 4, "Type": "cwc_minecraft_blue_rn", "Quantity": 20}, {"Index": 5, "Type": "cwc_minecraft_purple_rn", "Quantity": 20}], "Pitch": 64.64992}, {"BuilderGridAbsolute": [{"Y": 1, "X": 0, "Z": 1, "Type": "cwc_minecraft_blue_rn"}], "XPos": 2.685987708962291, "TimeAlive": 2453, "ZPos": 1.0555417693780758, "Timestamp": "2018-04-13 22:41:45", "Yaw": 88.34979, "YPos": 1.0, "ScreenshotPath": "101111-Builder-putdown.png", "BuilderGridRelative": [{"Y": 0, "X": -2, "Z": 0, "Type": "cwc_minecraft_blue_rn"}], "DistanceTravelled": 3050, "BuilderInventory": [{"Index": 0, "Type": "cwc_minecraft_red_rn", "Quantity": 20}, {"Index": 1, "Type": "cwc_minecraft_orange_rn", "Quantity": 20}, {"Index": 2, "Type": "cwc_minecraft_yellow_rn", "Quantity": 20}, {"Index": 3, "Type": "cwc_minecraft_green_rn", "Quantity": 20}, {"Index": 4, "Type": "cwc_minecraft_blue_rn", "Quantity": 19}, {"Index": 5, "Type": "cwc_minecraft_purple_rn", "Quantity": 20}], "Pitch": 38.24992}, {"BuilderGridAbsolute": [{"Y": 1, "X": 0, "Z": 0, "Type": "cwc_minecraft_blue_rn"}, {"Y": 1, "X": 0, "Z": 1, "Type": "cwc_minecraft_blue_rn"}], "XPos": 2.685987708962291, "TimeAlive": 2463, "ZPos": 1.0555417693780758, "Timestamp": "2018-04-13 22:41:46", "Yaw": 101.549805, "YPos": 1.0, "ScreenshotPath": "101611-Builder-putdown.png", "BuilderGridRelative": [{"Y": 0, "X": -2, "Z": -1, "Type": "cwc_minecraft_blue_rn"}, {"Y": 0, "X": -2, "Z": 0, "Type": "cwc_minecraft_blue_rn"}], "DistanceTravelled": 3050, "BuilderInventory": [{"Index": 0, "Type": "cwc_minecraft_red_rn", "Quantity": 20}, {"Index": 1, "Type": "cwc_minecraft_orange_rn", "Quantity": 20}, {"Index": 2, "Type": "cwc_minecraft_yellow_rn", "Quantity": 20}, {"Index": 3, "Type": "cwc_minecraft_green_rn", "Quantity": 20}, {"Index": 4, "Type": "cwc_minecraft_blue_rn", "Quantity": 18}, {"Index": 5, "Type": "cwc_minecraft_purple_rn", "Quantity": 20}], "Pitch": 39.899918}, {"Timestamp": "2018-04-13 22:41:48", "ScreenshotPath": "103761-Builder-putdown.png"}, {"BuilderGridAbsolute": [{"Y": 1, "X": 0, "Z": 0, "Type": "cwc_minecraft_blue_rn"}, {"Y": 1, "X": 0, "Z": 1, "Type": "cwc_minecraft_blue_rn"}, {"Y": 2, "X": 0, "Z": 1, "Type": "cwc_minecraft_blue_rn"}], "XPos": 2.685987708962291, "TimeAlive": 2507, "ZPos": 1.0555417693780758, "Timestamp": "2018-04-13 22:41:48", "Yaw": 80.849915, "YPos": 1.0, "BuilderGridRelative": [{"Y": 0, "X": -2, "Z": -1, "Type": "cwc_minecraft_blue_rn"}, {"Y": 0, "X": -2, "Z": 0, "Type": "cwc_minecraft_blue_rn"}, {"Y": 1, "X": -2, "Z": 0, "Type": "cwc_minecraft_blue_rn"}], "DistanceTravelled": 3050, "BuilderInventory": [{"Index": 0, "Type": "cwc_minecraft_red_rn", "Quantity": 20}, {"Index": 1, "Type": "cwc_minecraft_orange_rn", "Quantity": 20}, {"Index": 2, "Type": "cwc_minecraft_yellow_rn", "Quantity": 20}, {"Index": 3, "Type": "cwc_minecraft_green_rn", "Quantity": 20}, {"Index": 4, "Type": "cwc_minecraft_blue_rn", "Quantity": 17}, {"Index": 5, "Type": "cwc_minecraft_purple_rn", "Quantity": 20}], "Pitch": 16.799911}, {"Timestamp": "2018-04-13 22:41:52", "Chat": ["<Builder> like so?"]}, {"BuilderGridAbsolute": [{"Y": 1, "X": 0, "Z": 0, "Type": "cwc_minecraft_blue_rn"}, {"Y": 1, "X": 0, "Z": 1, "Type": "cwc_minecraft_blue_rn"}, {"Y": 2, "X": 0, "Z": 1, "Type": "cwc_minecraft_blue_rn"}], "XPos": 3.3980887505935113, "TimeAlive": 2601, "ZPos": 0.30137471608310196, "Timestamp": "2018-04-13 22:41:53", "Yaw": 87.89978, "YPos": 1.0, "ScreenshotPath": "108477-Builder-chat.png", "BuilderGridRelative": [{"Y": 0, "X": -3, "Z": 0, "Type": "cwc_minecraft_blue_rn"}, {"Y": 0, "X": -3, "Z": 1, "Type": "cwc_minecraft_blue_rn"}, {"Y": 1, "X": -3, "Z": 1, "Type": "cwc_minecraft_blue_rn"}], "DistanceTravelled": 3170, "BuilderInventory": [{"Index": 0, "Type": "cwc_minecraft_red_rn", "Quantity": 20}, {"Index": 1, "Type": "cwc_minecraft_orange_rn", "Quantity": 20}, {"Index": 2, "Type": "cwc_minecraft_yellow_rn", "Quantity": 20}, {"Index": 3, "Type": "cwc_minecraft_green_rn", "Quantity": 20}, {"Index": 4, "Type": "cwc_minecraft_blue_rn", "Quantity": 17}, {"Index": 5, "Type": "cwc_minecraft_purple_rn", "Quantity": 20}], "Pitch": 24.749907}, {"Timestamp": "2018-04-13 22:41:56", "Chat": ["<Architect> perfect"]}, {"BuilderGridAbsolute": [{"Y": 1, "X": 0, "Z": 0, "Type": "cwc_minecraft_blue_rn"}, {"Y": 1, "X": 0, "Z": 1, "Type": "cwc_minecraft_blue_rn"}, {"Y": 2, "X": 0, "Z": 1, "Type": "cwc_minecraft_blue_rn"}], "XPos": 0.6799856500602046, "TimeAlive": 2670, "ZPos": 0.6999999880790713, "Timestamp": "2018-04-13 22:41:56", "Yaw": 348.4497, "YPos": 2.0, "ScreenshotPath": "111926-Builder-chat.png", "BuilderGridRelative": [{"Y": -1, "X": 0, "Z": 0, "Type": "cwc_minecraft_blue_rn"}, {"Y": -1, "X": 0, "Z": 1, "Type": "cwc_minecraft_blue_rn"}, {"Y": 0, "X": 0, "Z": 1, "Type": "cwc_minecraft_blue_rn"}], "DistanceTravelled": 3416, "BuilderInventory": [{"Index": 0, "Type": "cwc_minecraft_red_rn", "Quantity": 20}, {"Index": 1, "Type": "cwc_minecraft_orange_rn", "Quantity": 20}, {"Index": 2, "Type": "cwc_minecraft_yellow_rn", "Quantity": 20}, {"Index": 3, "Type": "cwc_minecraft_green_rn", "Quantity": 20}, {"Index": 4, "Type": "cwc_minecraft_blue_rn", "Quantity": 17}, {"Index": 5, "Type": "cwc_minecraft_purple_rn", "Quantity": 20}], "Pitch": 58.349895}], "NumFixedViewers": 4, "TimeElapsed": 145.44566202163696}