{"WorldStates": [{"Timestamp": "2018-04-13 14:25:21", "Chat": ["<Builder> Mission has started."], "ScreenshotPath": "0-Builder-chat.png"}, {"BuilderGridAbsolute": [], "XPos": 0.0, "TimeAlive": 245, "ZPos": 0.0, "Timestamp": "2018-04-13 14:25:21", "Yaw": 0.0, "YPos": 1.0, "BuilderGridRelative": [], "DistanceTravelled": 0, "BuilderInventory": [{"Index": 0, "Type": "cwc_minecraft_red_rn", "Quantity": 20}, {"Index": 1, "Type": "cwc_minecraft_orange_rn", "Quantity": 20}, {"Index": 2, "Type": "cwc_minecraft_yellow_rn", "Quantity": 20}, {"Index": 3, "Type": "cwc_minecraft_green_rn", "Quantity": 20}, {"Index": 4, "Type": "cwc_minecraft_blue_rn", "Quantity": 20}, {"Index": 5, "Type": "cwc_minecraft_purple_rn", "Quantity": 20}], "Pitch": 0.0}, {"Timestamp": "2018-04-13 14:25:26", "Chat": ["<Architect> Howdy!"]}, {"BuilderGridAbsolute": [], "XPos": 0.0, "TimeAlive": 345, "ZPos": 0.0, "Timestamp": "2018-04-13 14:25:26", "Yaw": 81.74999, "YPos": 1.0, "ScreenshotPath": "5028-Builder-chat.png", "BuilderGridRelative": [], "DistanceTravelled": 0, "BuilderInventory": [{"Index": 0, "Type": "cwc_minecraft_red_rn", "Quantity": 20}, {"Index": 1, "Type": "cwc_minecraft_orange_rn", "Quantity": 20}, {"Index": 2, "Type": "cwc_minecraft_yellow_rn", "Quantity": 20}, {"Index": 3, "Type": "cwc_minecraft_green_rn", "Quantity": 20}, {"Index": 4, "Type": "cwc_minecraft_blue_rn", "Quantity": 20}, {"Index": 5, "Type": "cwc_minecraft_purple_rn", "Quantity": 20}], "Pitch": 10.499996}, {"Timestamp": "2018-04-13 14:25:30", "Chat": ["<Builder> hi!"], "ScreenshotPath": "8844-Builder-chat.png"}, {"BuilderGridAbsolute": [], "XPos": 0.0, "TimeAlive": 422, "ZPos": 0.0, "Timestamp": "2018-04-13 14:25:30", "Yaw": 91.799965, "YPos": 1.0, "BuilderGridRelative": [], "DistanceTravelled": 0, "BuilderInventory": [{"Index": 0, "Type": "cwc_minecraft_red_rn", "Quantity": 20}, {"Index": 1, "Type": "cwc_minecraft_orange_rn", "Quantity": 20}, {"Index": 2, "Type": "cwc_minecraft_yellow_rn", "Quantity": 20}, {"Index": 3, "Type": "cwc_minecraft_green_rn", "Quantity": 20}, {"Index": 4, "Type": "cwc_minecraft_blue_rn", "Quantity": 20}, {"Index": 5, "Type": "cwc_minecraft_purple_rn", "Quantity": 20}], "Pitch": 7.049998}, {"Timestamp": "2018-04-13 14:25:48", "Chat": ["<Architect> you'll need only green blocks. we are making a chair"], "ScreenshotPath": "26407-Builder-chat.png"}, {"BuilderGridAbsolute": [], "XPos": 0.0, "TimeAlive": 773, "ZPos": 0.0, "Timestamp": "2018-04-13 14:25:48", "Yaw": 91.799965, "YPos": 1.0, "BuilderGridRelative": [], "DistanceTravelled": 0, "BuilderInventory": [{"Index": 0, "Type": "cwc_minecraft_red_rn", "Quantity": 20}, {"Index": 1, "Type": "cwc_minecraft_orange_rn", "Quantity": 20}, {"Index": 2, "Type": "cwc_minecraft_yellow_rn", "Quantity": 20}, {"Index": 3, "Type": "cwc_minecraft_green_rn", "Quantity": 20}, {"Index": 4, "Type": "cwc_minecraft_blue_rn", "Quantity": 20}, {"Index": 5, "Type": "cwc_minecraft_purple_rn", "Quantity": 20}], "Pitch": 7.049998}, {"Timestamp": "2018-04-13 14:25:58", "Chat": ["<Builder> ok, sounds good"], "ScreenshotPath": "36556-Builder-chat.png"}, {"BuilderGridAbsolute": [], "XPos": 0.0, "TimeAlive": 976, "ZPos": 0.0, "Timestamp": "2018-04-13 14:25:58", "Yaw": 91.799965, "YPos": 1.0, "BuilderGridRelative": [], "DistanceTravelled": 0, "BuilderInventory": [{"Index": 0, "Type": "cwc_minecraft_red_rn", "Quantity": 20}, {"Index": 1, "Type": "cwc_minecraft_orange_rn", "Quantity": 20}, {"Index": 2, "Type": "cwc_minecraft_yellow_rn", "Quantity": 20}, {"Index": 3, "Type": "cwc_minecraft_green_rn", "Quantity": 20}, {"Index": 4, "Type": "cwc_minecraft_blue_rn", "Quantity": 20}, {"Index": 5, "Type": "cwc_minecraft_purple_rn", "Quantity": 20}], "Pitch": 7.049998}, {"Timestamp": "2018-04-13 14:26:34", "Chat": ["<Architect> okay, go ahead and place a green block down in teh cetner of the palte"], "ScreenshotPath": "73050-Builder-chat.png"}, {"BuilderGridAbsolute": [], "XPos": 1.366887179115364, "TimeAlive": 1706, "ZPos": 0.7640971839116795, "Timestamp": "2018-04-13 14:26:34", "Yaw": 96.89998, "YPos": 1.0, "BuilderGridRelative": [], "DistanceTravelled": 214, "BuilderInventory": [{"Index": 0, "Type": "cwc_minecraft_red_rn", "Quantity": 20}, {"Index": 1, "Type": "cwc_minecraft_orange_rn", "Quantity": 20}, {"Index": 2, "Type": "cwc_minecraft_yellow_rn", "Quantity": 20}, {"Index": 3, "Type": "cwc_minecraft_green_rn", "Quantity": 20}, {"Index": 4, "Type": "cwc_minecraft_blue_rn", "Quantity": 20}, {"Index": 5, "Type": "cwc_minecraft_purple_rn", "Quantity": 20}], "Pitch": 20.100012}, {"BuilderGridAbsolute": [{"Y": 1, "X": 0, "Z": 0, "Type": "cwc_minecraft_green_rn"}], "XPos": 1.366887179115364, "TimeAlive": 1833, "ZPos": 0.7640971839116795, "Timestamp": "2018-04-13 14:26:40", "Yaw": 90.89997, "YPos": 1.0, "BuilderGridRelative": [{"Y": 0, "X": -1, "Z": 0, "Type": "cwc_minecraft_green_rn"}], "DistanceTravelled": 214, "BuilderInventory": [{"Index": 0, "Type": "cwc_minecraft_red_rn", "Quantity": 20}, {"Index": 1, "Type": "cwc_minecraft_orange_rn", "Quantity": 20}, {"Index": 2, "Type": "cwc_minecraft_yellow_rn", "Quantity": 20}, {"Index": 3, "Type": "cwc_minecraft_green_rn", "Quantity": 19}, {"Index": 4, "Type": "cwc_minecraft_blue_rn", "Quantity": 20}, {"Index": 5, "Type": "cwc_minecraft_purple_rn", "Quantity": 20}], "Pitch": 59.400005}, {"Timestamp": "2018-04-13 14:26:41", "ScreenshotPath": "79499-Builder-putdown.png"}, {"Timestamp": "2018-04-13 14:26:44", "Chat": ["<Architect> whoa sorry bad typing."], "ScreenshotPath": "82915-Builder-chat.png"}, {"BuilderGridAbsolute": [{"Y": 1, "X": 0, "Z": 0, "Type": "cwc_minecraft_green_rn"}], "XPos": 4.593628606333057, "TimeAlive": 1903, "ZPos": 0.7488315981734452, "Timestamp": "2018-04-13 14:26:44", "Yaw": 90.45, "YPos": 1.0, "BuilderGridRelative": [{"Y": 0, "X": -4, "Z": 0, "Type": "cwc_minecraft_green_rn"}], "DistanceTravelled": 536, "BuilderInventory": [{"Index": 0, "Type": "cwc_minecraft_red_rn", "Quantity": 20}, {"Index": 1, "Type": "cwc_minecraft_orange_rn", "Quantity": 20}, {"Index": 2, "Type": "cwc_minecraft_yellow_rn", "Quantity": 20}, {"Index": 3, "Type": "cwc_minecraft_green_rn", "Quantity": 19}, {"Index": 4, "Type": "cwc_minecraft_blue_rn", "Quantity": 20}, {"Index": 5, "Type": "cwc_minecraft_purple_rn", "Quantity": 20}], "Pitch": 31.050001}, {"Timestamp": "2018-04-13 14:26:58", "Chat": ["<Builder> ha no worries"], "ScreenshotPath": "96447-Builder-chat.png"}, {"BuilderGridAbsolute": [{"Y": 1, "X": 0, "Z": 0, "Type": "cwc_minecraft_green_rn"}], "XPos": 3.5280290663792346, "TimeAlive": 2174, "ZPos": 0.7450264056367708, "Timestamp": "2018-04-13 14:26:58", "Yaw": 90.45, "YPos": 1.0, "BuilderGridRelative": [{"Y": 0, "X": -3, "Z": 0, "Type": "cwc_minecraft_green_rn"}], "DistanceTravelled": 642, "BuilderInventory": [{"Index": 0, "Type": "cwc_minecraft_red_rn", "Quantity": 20}, {"Index": 1, "Type": "cwc_minecraft_orange_rn", "Quantity": 20}, {"Index": 2, "Type": "cwc_minecraft_yellow_rn", "Quantity": 20}, {"Index": 3, "Type": "cwc_minecraft_green_rn", "Quantity": 19}, {"Index": 4, "Type": "cwc_minecraft_blue_rn", "Quantity": 20}, {"Index": 5, "Type": "cwc_minecraft_purple_rn", "Quantity": 20}], "Pitch": 31.050001}, {"Timestamp": "2018-04-13 14:27:16", "Chat": ["<Architect> okay, now leaving a gap space, place another block in the row you are standing in."], "ScreenshotPath": "114513-Builder-chat.png"}, {"BuilderGridAbsolute": [{"Y": 1, "X": 0, "Z": 0, "Type": "cwc_minecraft_green_rn"}], "XPos": 3.745439374225839, "TimeAlive": 2535, "ZPos": 0.7206274073958305, "Timestamp": "2018-04-13 14:27:16", "Yaw": 92.40001, "YPos": 1.0, "BuilderGridRelative": [{"Y": 0, "X": -3, "Z": 0, "Type": "cwc_minecraft_green_rn"}], "DistanceTravelled": 1447, "BuilderInventory": [{"Index": 0, "Type": "cwc_minecraft_red_rn", "Quantity": 20}, {"Index": 1, "Type": "cwc_minecraft_orange_rn", "Quantity": 20}, {"Index": 2, "Type": "cwc_minecraft_yellow_rn", "Quantity": 20}, {"Index": 3, "Type": "cwc_minecraft_green_rn", "Quantity": 19}, {"Index": 4, "Type": "cwc_minecraft_blue_rn", "Quantity": 20}, {"Index": 5, "Type": "cwc_minecraft_purple_rn", "Quantity": 20}], "Pitch": 32.999996}, {"BuilderGridAbsolute": [{"Y": 1, "X": 0, "Z": 0, "Type": "cwc_minecraft_green_rn"}, {"Y": 1, "X": 2, "Z": 0, "Type": "cwc_minecraft_green_rn"}], "XPos": 4.373485100117437, "TimeAlive": 2617, "ZPos": 0.7283215509649275, "Timestamp": "2018-04-13 14:27:20", "Yaw": 93.45002, "YPos": 1.0, "ScreenshotPath": "118661-Builder-putdown.png", "BuilderGridRelative": [{"Y": 0, "X": -4, "Z": 0, "Type": "cwc_minecraft_green_rn"}, {"Y": 0, "X": -2, "Z": 0, "Type": "cwc_minecraft_green_rn"}], "DistanceTravelled": 1510, "BuilderInventory": [{"Index": 0, "Type": "cwc_minecraft_red_rn", "Quantity": 20}, {"Index": 1, "Type": "cwc_minecraft_orange_rn", "Quantity": 20}, {"Index": 2, "Type": "cwc_minecraft_yellow_rn", "Quantity": 20}, {"Index": 3, "Type": "cwc_minecraft_green_rn", "Quantity": 18}, {"Index": 4, "Type": "cwc_minecraft_blue_rn", "Quantity": 20}, {"Index": 5, "Type": "cwc_minecraft_purple_rn", "Quantity": 20}], "Pitch": 39.150005}, {"Timestamp": "2018-04-13 14:27:26", "Chat": ["<Architect> perfect"], "ScreenshotPath": "124260-Builder-chat.png"}, {"BuilderGridAbsolute": [{"Y": 1, "X": 0, "Z": 0, "Type": "cwc_minecraft_green_rn"}, {"Y": 1, "X": 2, "Z": 0, "Type": "cwc_minecraft_green_rn"}], "XPos": 4.38703819568968, "TimeAlive": 2730, "ZPos": 0.7283215509649275, "Timestamp": "2018-04-13 14:27:26", "Yaw": 94.35002, "YPos": 1.0, "BuilderGridRelative": [{"Y": 0, "X": -4, "Z": 0, "Type": "cwc_minecraft_green_rn"}, {"Y": 0, "X": -2, "Z": 0, "Type": "cwc_minecraft_green_rn"}], "DistanceTravelled": 1511, "BuilderInventory": [{"Index": 0, "Type": "cwc_minecraft_red_rn", "Quantity": 20}, {"Index": 1, "Type": "cwc_minecraft_orange_rn", "Quantity": 20}, {"Index": 2, "Type": "cwc_minecraft_yellow_rn", "Quantity": 20}, {"Index": 3, "Type": "cwc_minecraft_green_rn", "Quantity": 18}, {"Index": 4, "Type": "cwc_minecraft_blue_rn", "Quantity": 20}, {"Index": 5, "Type": "cwc_minecraft_purple_rn", "Quantity": 20}], "Pitch": 36.3}, {"Timestamp": "2018-04-13 14:27:39", "Chat": ["<Architect> so you are going to move two rows over"], "ScreenshotPath": "137659-Builder-chat.png"}, {"BuilderGridAbsolute": [{"Y": 1, "X": 0, "Z": 0, "Type": "cwc_minecraft_green_rn"}, {"Y": 1, "X": 2, "Z": 0, "Type": "cwc_minecraft_green_rn"}], "XPos": 5.456705851959134, "TimeAlive": 2998, "ZPos": 0.8045138214804681, "Timestamp": "2018-04-13 14:27:39", "Yaw": 94.50002, "YPos": 1.0, "BuilderGridRelative": [{"Y": 0, "X": -5, "Z": 0, "Type": "cwc_minecraft_green_rn"}, {"Y": 0, "X": -3, "Z": 0, "Type": "cwc_minecraft_green_rn"}], "DistanceTravelled": 1618, "BuilderInventory": [{"Index": 0, "Type": "cwc_minecraft_red_rn", "Quantity": 20}, {"Index": 1, "Type": "cwc_minecraft_orange_rn", "Quantity": 20}, {"Index": 2, "Type": "cwc_minecraft_yellow_rn", "Quantity": 20}, {"Index": 3, "Type": "cwc_minecraft_green_rn", "Quantity": 18}, {"Index": 4, "Type": "cwc_minecraft_blue_rn", "Quantity": 20}, {"Index": 5, "Type": "cwc_minecraft_purple_rn", "Quantity": 20}], "Pitch": 35.999996}, {"Timestamp": "2018-04-13 14:27:46", "Chat": ["<Builder> ok"], "ScreenshotPath": "144808-Builder-chat.png"}, {"BuilderGridAbsolute": [{"Y": 1, "X": 0, "Z": 0, "Type": "cwc_minecraft_green_rn"}, {"Y": 1, "X": 2, "Z": 0, "Type": "cwc_minecraft_green_rn"}], "XPos": 5.415333833094665, "TimeAlive": 3141, "ZPos": 2.733642409760204, "Timestamp": "2018-04-13 14:27:46", "Yaw": 95.10002, "YPos": 1.0, "BuilderGridRelative": [{"Y": 0, "X": -5, "Z": -2, "Type": "cwc_minecraft_green_rn"}, {"Y": 0, "X": -3, "Z": -2, "Type": "cwc_minecraft_green_rn"}], "DistanceTravelled": 1811, "BuilderInventory": [{"Index": 0, "Type": "cwc_minecraft_red_rn", "Quantity": 20}, {"Index": 1, "Type": "cwc_minecraft_orange_rn", "Quantity": 20}, {"Index": 2, "Type": "cwc_minecraft_yellow_rn", "Quantity": 20}, {"Index": 3, "Type": "cwc_minecraft_green_rn", "Quantity": 18}, {"Index": 4, "Type": "cwc_minecraft_blue_rn", "Quantity": 20}, {"Index": 5, "Type": "cwc_minecraft_purple_rn", "Quantity": 20}], "Pitch": 36.149998}, {"Timestamp": "2018-04-13 14:28:04", "Chat": ["<Architect> and place a block on the same row as the gap. Kind of making a triangle"], "ScreenshotPath": "162957-Builder-chat.png"}, {"BuilderGridAbsolute": [{"Y": 1, "X": 0, "Z": 0, "Type": "cwc_minecraft_green_rn"}, {"Y": 1, "X": 2, "Z": 0, "Type": "cwc_minecraft_green_rn"}], "XPos": 5.415333833094665, "TimeAlive": 3504, "ZPos": 2.733642409760204, "Timestamp": "2018-04-13 14:28:04", "Yaw": 95.10002, "YPos": 1.0, "BuilderGridRelative": [{"Y": 0, "X": -5, "Z": -2, "Type": "cwc_minecraft_green_rn"}, {"Y": 0, "X": -3, "Z": -2, "Type": "cwc_minecraft_green_rn"}], "DistanceTravelled": 1811, "BuilderInventory": [{"Index": 0, "Type": "cwc_minecraft_red_rn", "Quantity": 20}, {"Index": 1, "Type": "cwc_minecraft_orange_rn", "Quantity": 20}, {"Index": 2, "Type": "cwc_minecraft_yellow_rn", "Quantity": 20}, {"Index": 3, "Type": "cwc_minecraft_green_rn", "Quantity": 18}, {"Index": 4, "Type": "cwc_minecraft_blue_rn", "Quantity": 20}, {"Index": 5, "Type": "cwc_minecraft_purple_rn", "Quantity": 20}], "Pitch": 36.149998}, {"BuilderGridAbsolute": [{"Y": 1, "X": 0, "Z": 0, "Type": "cwc_minecraft_green_rn"}, {"Y": 1, "X": 2, "Z": 0, "Type": "cwc_minecraft_green_rn"}, {"Y": 1, "X": 1, "Z": 2, "Type": "cwc_minecraft_green_rn"}], "XPos": 3.932944948552618, "TimeAlive": 3586, "ZPos": 2.610752834252693, "Timestamp": "2018-04-13 14:28:08", "Yaw": 95.85003, "YPos": 1.0, "ScreenshotPath": "167105-Builder-putdown.png", "BuilderGridRelative": [{"Y": 0, "X": -3, "Z": -2, "Type": "cwc_minecraft_green_rn"}, {"Y": 0, "X": -1, "Z": -2, "Type": "cwc_minecraft_green_rn"}, {"Y": 0, "X": -2, "Z": 0, "Type": "cwc_minecraft_green_rn"}], "DistanceTravelled": 1960, "BuilderInventory": [{"Index": 0, "Type": "cwc_minecraft_red_rn", "Quantity": 20}, {"Index": 1, "Type": "cwc_minecraft_orange_rn", "Quantity": 20}, {"Index": 2, "Type": "cwc_minecraft_yellow_rn", "Quantity": 20}, {"Index": 3, "Type": "cwc_minecraft_green_rn", "Quantity": 17}, {"Index": 4, "Type": "cwc_minecraft_blue_rn", "Quantity": 20}, {"Index": 5, "Type": "cwc_minecraft_purple_rn", "Quantity": 20}], "Pitch": 35.999996}, {"Timestamp": "2018-04-13 14:28:25", "Chat": ["<Architect> place a stack of two in the middle"], "ScreenshotPath": "184054-Builder-chat.png"}, {"BuilderGridAbsolute": [{"Y": 1, "X": 0, "Z": 0, "Type": "cwc_minecraft_green_rn"}, {"Y": 1, "X": 2, "Z": 0, "Type": "cwc_minecraft_green_rn"}, {"Y": 1, "X": 1, "Z": 2, "Type": "cwc_minecraft_green_rn"}], "XPos": 3.9216238817334084, "TimeAlive": 3926, "ZPos": 2.610752834252693, "Timestamp": "2018-04-13 14:28:25", "Yaw": 95.85003, "YPos": 1.0, "BuilderGridRelative": [{"Y": 0, "X": -3, "Z": -2, "Type": "cwc_minecraft_green_rn"}, {"Y": 0, "X": -1, "Z": -2, "Type": "cwc_minecraft_green_rn"}, {"Y": 0, "X": -2, "Z": 0, "Type": "cwc_minecraft_green_rn"}], "DistanceTravelled": 1961, "BuilderInventory": [{"Index": 0, "Type": "cwc_minecraft_red_rn", "Quantity": 20}, {"Index": 1, "Type": "cwc_minecraft_orange_rn", "Quantity": 20}, {"Index": 2, "Type": "cwc_minecraft_yellow_rn", "Quantity": 20}, {"Index": 3, "Type": "cwc_minecraft_green_rn", "Quantity": 17}, {"Index": 4, "Type": "cwc_minecraft_blue_rn", "Quantity": 20}, {"Index": 5, "Type": "cwc_minecraft_purple_rn", "Quantity": 20}], "Pitch": 35.999996}, {"Timestamp": "2018-04-13 14:28:35", "Chat": ["<Builder> the middle of all 3 blocks?"], "ScreenshotPath": "193501-Builder-chat.png"}, {"BuilderGridAbsolute": [{"Y": 1, "X": 0, "Z": 0, "Type": "cwc_minecraft_green_rn"}, {"Y": 1, "X": 2, "Z": 0, "Type": "cwc_minecraft_green_rn"}, {"Y": 1, "X": 1, "Z": 2, "Type": "cwc_minecraft_green_rn"}], "XPos": 3.9216238817334084, "TimeAlive": 4115, "ZPos": 2.610752834252693, "Timestamp": "2018-04-13 14:28:35", "Yaw": 95.85003, "YPos": 1.0, "BuilderGridRelative": [{"Y": 0, "X": -3, "Z": -2, "Type": "cwc_minecraft_green_rn"}, {"Y": 0, "X": -1, "Z": -2, "Type": "cwc_minecraft_green_rn"}, {"Y": 0, "X": -2, "Z": 0, "Type": "cwc_minecraft_green_rn"}], "DistanceTravelled": 1961, "BuilderInventory": [{"Index": 0, "Type": "cwc_minecraft_red_rn", "Quantity": 20}, {"Index": 1, "Type": "cwc_minecraft_orange_rn", "Quantity": 20}, {"Index": 2, "Type": "cwc_minecraft_yellow_rn", "Quantity": 20}, {"Index": 3, "Type": "cwc_minecraft_green_rn", "Quantity": 17}, {"Index": 4, "Type": "cwc_minecraft_blue_rn", "Quantity": 20}, {"Index": 5, "Type": "cwc_minecraft_purple_rn", "Quantity": 20}], "Pitch": 35.999996}, {"Timestamp": "2018-04-13 14:28:44", "Chat": ["<Architect> yes."], "ScreenshotPath": "202800-Builder-chat.png"}, {"BuilderGridAbsolute": [{"Y": 1, "X": 0, "Z": 0, "Type": "cwc_minecraft_green_rn"}, {"Y": 1, "X": 2, "Z": 0, "Type": "cwc_minecraft_green_rn"}, {"Y": 1, "X": 1, "Z": 2, "Type": "cwc_minecraft_green_rn"}], "XPos": 3.998310893216823, "TimeAlive": 4301, "ZPos": 1.9739895606492075, "Timestamp": "2018-04-13 14:28:44", "Yaw": 97.20003, "YPos": 1.0, "BuilderGridRelative": [{"Y": 0, "X": -3, "Z": -1, "Type": "cwc_minecraft_green_rn"}, {"Y": 0, "X": -1, "Z": -1, "Type": "cwc_minecraft_green_rn"}, {"Y": 0, "X": -2, "Z": 1, "Type": "cwc_minecraft_green_rn"}], "DistanceTravelled": 2025, "BuilderInventory": [{"Index": 0, "Type": "cwc_minecraft_red_rn", "Quantity": 20}, {"Index": 1, "Type": "cwc_minecraft_orange_rn", "Quantity": 20}, {"Index": 2, "Type": "cwc_minecraft_yellow_rn", "Quantity": 20}, {"Index": 3, "Type": "cwc_minecraft_green_rn", "Quantity": 17}, {"Index": 4, "Type": "cwc_minecraft_blue_rn", "Quantity": 20}, {"Index": 5, "Type": "cwc_minecraft_purple_rn", "Quantity": 20}], "Pitch": 35.699993}, {"BuilderGridAbsolute": [{"Y": 1, "X": 0, "Z": 0, "Type": "cwc_minecraft_green_rn"}, {"Y": 1, "X": 2, "Z": 0, "Type": "cwc_minecraft_green_rn"}, {"Y": 1, "X": 1, "Z": 1, "Type": "cwc_minecraft_green_rn"}, {"Y": 1, "X": 1, "Z": 2, "Type": "cwc_minecraft_green_rn"}], "XPos": 3.998310893216823, "TimeAlive": 4316, "ZPos": 1.9739895606492075, "Timestamp": "2018-04-13 14:28:45", "Yaw": 97.20003, "YPos": 1.0, "ScreenshotPath": "203600-Builder-putdown.png", "BuilderGridRelative": [{"Y": 0, "X": -3, "Z": -1, "Type": "cwc_minecraft_green_rn"}, {"Y": 0, "X": -1, "Z": -1, "Type": "cwc_minecraft_green_rn"}, {"Y": 0, "X": -2, "Z": 0, "Type": "cwc_minecraft_green_rn"}, {"Y": 0, "X": -2, "Z": 1, "Type": "cwc_minecraft_green_rn"}], "DistanceTravelled": 2025, "BuilderInventory": [{"Index": 0, "Type": "cwc_minecraft_red_rn", "Quantity": 20}, {"Index": 1, "Type": "cwc_minecraft_orange_rn", "Quantity": 20}, {"Index": 2, "Type": "cwc_minecraft_yellow_rn", "Quantity": 20}, {"Index": 3, "Type": "cwc_minecraft_green_rn", "Quantity": 16}, {"Index": 4, "Type": "cwc_minecraft_blue_rn", "Quantity": 20}, {"Index": 5, "Type": "cwc_minecraft_purple_rn", "Quantity": 20}], "Pitch": 35.699993}, {"BuilderGridAbsolute": [{"Y": 1, "X": 0, "Z": 0, "Type": "cwc_minecraft_green_rn"}, {"Y": 1, "X": 2, "Z": 0, "Type": "cwc_minecraft_green_rn"}, {"Y": 1, "X": 1, "Z": 1, "Type": "cwc_minecraft_green_rn"}, {"Y": 1, "X": 1, "Z": 2, "Type": "cwc_minecraft_green_rn"}, {"Y": 2, "X": 1, "Z": 1, "Type": "cwc_minecraft_green_rn"}], "XPos": 3.998310893216823, "TimeAlive": 4343, "ZPos": 1.9739895606492075, "Timestamp": "2018-04-13 14:28:46", "Yaw": 102.600044, "YPos": 1.0, "ScreenshotPath": "204949-Builder-putdown.png", "BuilderGridRelative": [{"Y": 0, "X": -3, "Z": -1, "Type": "cwc_minecraft_green_rn"}, {"Y": 0, "X": -1, "Z": -1, "Type": "cwc_minecraft_green_rn"}, {"Y": 0, "X": -2, "Z": 0, "Type": "cwc_minecraft_green_rn"}, {"Y": 0, "X": -2, "Z": 1, "Type": "cwc_minecraft_green_rn"}, {"Y": 1, "X": -2, "Z": 0, "Type": "cwc_minecraft_green_rn"}], "DistanceTravelled": 2025, "BuilderInventory": [{"Index": 0, "Type": "cwc_minecraft_red_rn", "Quantity": 20}, {"Index": 1, "Type": "cwc_minecraft_orange_rn", "Quantity": 20}, {"Index": 2, "Type": "cwc_minecraft_yellow_rn", "Quantity": 20}, {"Index": 3, "Type": "cwc_minecraft_green_rn", "Quantity": 15}, {"Index": 4, "Type": "cwc_minecraft_blue_rn", "Quantity": 20}, {"Index": 5, "Type": "cwc_minecraft_purple_rn", "Quantity": 20}], "Pitch": 13.650001}, {"Timestamp": "2018-04-13 14:28:55", "Chat": ["<Architect> remove the bottom block of the stack"], "ScreenshotPath": "213451-Builder-chat.png"}, {"BuilderGridAbsolute": [{"Y": 1, "X": 0, "Z": 0, "Type": "cwc_minecraft_green_rn"}, {"Y": 1, "X": 2, "Z": 0, "Type": "cwc_minecraft_green_rn"}, {"Y": 1, "X": 1, "Z": 1, "Type": "cwc_minecraft_green_rn"}, {"Y": 1, "X": 1, "Z": 2, "Type": "cwc_minecraft_green_rn"}, {"Y": 2, "X": 1, "Z": 1, "Type": "cwc_minecraft_green_rn"}], "XPos": 3.998310893216823, "TimeAlive": 4514, "ZPos": 1.9739895606492075, "Timestamp": "2018-04-13 14:28:55", "Yaw": 98.55004, "YPos": 1.0, "BuilderGridRelative": [{"Y": 0, "X": -3, "Z": -1, "Type": "cwc_minecraft_green_rn"}, {"Y": 0, "X": -1, "Z": -1, "Type": "cwc_minecraft_green_rn"}, {"Y": 0, "X": -2, "Z": 0, "Type": "cwc_minecraft_green_rn"}, {"Y": 0, "X": -2, "Z": 1, "Type": "cwc_minecraft_green_rn"}, {"Y": 1, "X": -2, "Z": 0, "Type": "cwc_minecraft_green_rn"}], "DistanceTravelled": 2025, "BuilderInventory": [{"Index": 0, "Type": "cwc_minecraft_red_rn", "Quantity": 20}, {"Index": 1, "Type": "cwc_minecraft_orange_rn", "Quantity": 20}, {"Index": 2, "Type": "cwc_minecraft_yellow_rn", "Quantity": 20}, {"Index": 3, "Type": "cwc_minecraft_green_rn", "Quantity": 15}, {"Index": 4, "Type": "cwc_minecraft_blue_rn", "Quantity": 20}, {"Index": 5, "Type": "cwc_minecraft_purple_rn", "Quantity": 20}], "Pitch": 20.699999}, {"BuilderGridAbsolute": [{"Y": 1, "X": 0, "Z": 0, "Type": "cwc_minecraft_green_rn"}, {"Y": 1, "X": 2, "Z": 0, "Type": "cwc_minecraft_green_rn"}, {"Y": 1, "X": 1, "Z": 2, "Type": "cwc_minecraft_green_rn"}, {"Y": 2, "X": 1, "Z": 1, "Type": "cwc_minecraft_green_rn"}], "XPos": 3.998310893216823, "TimeAlive": 4562, "ZPos": 1.9739895606492075, "Timestamp": "2018-04-13 14:28:57", "Yaw": 98.55004, "YPos": 1.0, "BuilderGridRelative": [{"Y": 0, "X": -3, "Z": -1, "Type": "cwc_minecraft_green_rn"}, {"Y": 0, "X": -1, "Z": -1, "Type": "cwc_minecraft_green_rn"}, {"Y": 0, "X": -2, "Z": 1, "Type": "cwc_minecraft_green_rn"}, {"Y": 1, "X": -2, "Z": 0, "Type": "cwc_minecraft_green_rn"}], "DistanceTravelled": 2025, "BuilderInventory": [{"Index": 0, "Type": "cwc_minecraft_red_rn", "Quantity": 20}, {"Index": 1, "Type": "cwc_minecraft_orange_rn", "Quantity": 20}, {"Index": 2, "Type": "cwc_minecraft_yellow_rn", "Quantity": 20}, {"Index": 3, "Type": "cwc_minecraft_green_rn", "Quantity": 16}, {"Index": 4, "Type": "cwc_minecraft_blue_rn", "Quantity": 20}, {"Index": 5, "Type": "cwc_minecraft_purple_rn", "Quantity": 20}], "Pitch": 25.049997}, {"Timestamp": "2018-04-13 14:28:57", "ScreenshotPath": "215965-Builder-pickup.png"}, {"Timestamp": "2018-04-13 14:29:01", "Chat": ["<Architect> perfect!"], "ScreenshotPath": "219615-Builder-chat.png"}, {"BuilderGridAbsolute": [{"Y": 1, "X": 0, "Z": 0, "Type": "cwc_minecraft_green_rn"}, {"Y": 1, "X": 2, "Z": 0, "Type": "cwc_minecraft_green_rn"}, {"Y": 1, "X": 1, "Z": 2, "Type": "cwc_minecraft_green_rn"}, {"Y": 2, "X": 1, "Z": 1, "Type": "cwc_minecraft_green_rn"}], "XPos": 3.998310893216823, "TimeAlive": 4637, "ZPos": 1.9739895606492075, "Timestamp": "2018-04-13 14:29:01", "Yaw": 97.65003, "YPos": 1.0, "BuilderGridRelative": [{"Y": 0, "X": -3, "Z": -1, "Type": "cwc_minecraft_green_rn"}, {"Y": 0, "X": -1, "Z": -1, "Type": "cwc_minecraft_green_rn"}, {"Y": 0, "X": -2, "Z": 1, "Type": "cwc_minecraft_green_rn"}, {"Y": 1, "X": -2, "Z": 0, "Type": "cwc_minecraft_green_rn"}], "DistanceTravelled": 2025, "BuilderInventory": [{"Index": 0, "Type": "cwc_minecraft_red_rn", "Quantity": 20}, {"Index": 1, "Type": "cwc_minecraft_orange_rn", "Quantity": 20}, {"Index": 2, "Type": "cwc_minecraft_yellow_rn", "Quantity": 20}, {"Index": 3, "Type": "cwc_minecraft_green_rn", "Quantity": 16}, {"Index": 4, "Type": "cwc_minecraft_blue_rn", "Quantity": 20}, {"Index": 5, "Type": "cwc_minecraft_purple_rn", "Quantity": 20}], "Pitch": 25.199997}, {"Timestamp": "2018-04-13 14:29:17", "Chat": ["<Architect> add another block to the top of the highest block"], "ScreenshotPath": "235662-Builder-chat.png"}, {"BuilderGridAbsolute": [{"Y": 1, "X": 0, "Z": 0, "Type": "cwc_minecraft_green_rn"}, {"Y": 1, "X": 2, "Z": 0, "Type": "cwc_minecraft_green_rn"}, {"Y": 1, "X": 1, "Z": 2, "Type": "cwc_minecraft_green_rn"}, {"Y": 2, "X": 1, "Z": 1, "Type": "cwc_minecraft_green_rn"}], "XPos": 3.998310893216823, "TimeAlive": 4958, "ZPos": 1.9739895606492075, "Timestamp": "2018-04-13 14:29:17", "Yaw": 98.70004, "YPos": 1.0, "BuilderGridRelative": [{"Y": 0, "X": -3, "Z": -1, "Type": "cwc_minecraft_green_rn"}, {"Y": 0, "X": -1, "Z": -1, "Type": "cwc_minecraft_green_rn"}, {"Y": 0, "X": -2, "Z": 1, "Type": "cwc_minecraft_green_rn"}, {"Y": 1, "X": -2, "Z": 0, "Type": "cwc_minecraft_green_rn"}], "DistanceTravelled": 2025, "BuilderInventory": [{"Index": 0, "Type": "cwc_minecraft_red_rn", "Quantity": 20}, {"Index": 1, "Type": "cwc_minecraft_orange_rn", "Quantity": 20}, {"Index": 2, "Type": "cwc_minecraft_yellow_rn", "Quantity": 20}, {"Index": 3, "Type": "cwc_minecraft_green_rn", "Quantity": 16}, {"Index": 4, "Type": "cwc_minecraft_blue_rn", "Quantity": 20}, {"Index": 5, "Type": "cwc_minecraft_purple_rn", "Quantity": 20}], "Pitch": 19.200003}, {"BuilderGridAbsolute": [{"Y": 1, "X": 0, "Z": 0, "Type": "cwc_minecraft_green_rn"}, {"Y": 1, "X": 2, "Z": 0, "Type": "cwc_minecraft_green_rn"}, {"Y": 1, "X": 1, "Z": 2, "Type": "cwc_minecraft_green_rn"}, {"Y": 2, "X": 1, "Z": 1, "Type": "cwc_minecraft_green_rn"}, {"Y": 3, "X": 1, "Z": 1, "Type": "cwc_minecraft_green_rn"}], "XPos": 3.998310893216823, "TimeAlive": 5042, "ZPos": 1.9739895606492075, "Timestamp": "2018-04-13 14:29:21", "Yaw": 99.150055, "YPos": 3.1165013679281377, "ScreenshotPath": "239912-Builder-putdown.png", "BuilderGridRelative": [{"Y": -2, "X": -3, "Z": -1, "Type": "cwc_minecraft_green_rn"}, {"Y": -2, "X": -1, "Z": -1, "Type": "cwc_minecraft_green_rn"}, {"Y": -2, "X": -2, "Z": 1, "Type": "cwc_minecraft_green_rn"}, {"Y": -1, "X": -2, "Z": 0, "Type": "cwc_minecraft_green_rn"}, {"Y": 0, "X": -2, "Z": 0, "Type": "cwc_minecraft_green_rn"}], "DistanceTravelled": 2025, "BuilderInventory": [{"Index": 0, "Type": "cwc_minecraft_red_rn", "Quantity": 20}, {"Index": 1, "Type": "cwc_minecraft_orange_rn", "Quantity": 20}, {"Index": 2, "Type": "cwc_minecraft_yellow_rn", "Quantity": 20}, {"Index": 3, "Type": "cwc_minecraft_green_rn", "Quantity": 15}, {"Index": 4, "Type": "cwc_minecraft_blue_rn", "Quantity": 20}, {"Index": 5, "Type": "cwc_minecraft_purple_rn", "Quantity": 20}], "Pitch": 31.950005}, {"Timestamp": "2018-04-13 14:29:36", "Chat": ["<Architect> then, add one block to every side of that block, not including the top side"], "ScreenshotPath": "255061-Builder-chat.png"}, {"BuilderGridAbsolute": [{"Y": 1, "X": 0, "Z": 0, "Type": "cwc_minecraft_green_rn"}, {"Y": 1, "X": 2, "Z": 0, "Type": "cwc_minecraft_green_rn"}, {"Y": 1, "X": 1, "Z": 2, "Type": "cwc_minecraft_green_rn"}, {"Y": 2, "X": 1, "Z": 1, "Type": "cwc_minecraft_green_rn"}, {"Y": 3, "X": 1, "Z": 1, "Type": "cwc_minecraft_green_rn"}], "XPos": 3.998310893216823, "TimeAlive": 5346, "ZPos": 1.9739895606492075, "Timestamp": "2018-04-13 14:29:36", "Yaw": 98.85005, "YPos": 3.1165013679281377, "BuilderGridRelative": [{"Y": -2, "X": -3, "Z": -1, "Type": "cwc_minecraft_green_rn"}, {"Y": -2, "X": -1, "Z": -1, "Type": "cwc_minecraft_green_rn"}, {"Y": -2, "X": -2, "Z": 1, "Type": "cwc_minecraft_green_rn"}, {"Y": -1, "X": -2, "Z": 0, "Type": "cwc_minecraft_green_rn"}, {"Y": 0, "X": -2, "Z": 0, "Type": "cwc_minecraft_green_rn"}], "DistanceTravelled": 2025, "BuilderInventory": [{"Index": 0, "Type": "cwc_minecraft_red_rn", "Quantity": 20}, {"Index": 1, "Type": "cwc_minecraft_orange_rn", "Quantity": 20}, {"Index": 2, "Type": "cwc_minecraft_yellow_rn", "Quantity": 20}, {"Index": 3, "Type": "cwc_minecraft_green_rn", "Quantity": 15}, {"Index": 4, "Type": "cwc_minecraft_blue_rn", "Quantity": 20}, {"Index": 5, "Type": "cwc_minecraft_purple_rn", "Quantity": 20}], "Pitch": 31.500006}, {"BuilderGridAbsolute": [{"Y": 1, "X": 0, "Z": 0, "Type": "cwc_minecraft_green_rn"}, {"Y": 1, "X": 2, "Z": 0, "Type": "cwc_minecraft_green_rn"}, {"Y": 1, "X": 1, "Z": 2, "Type": "cwc_minecraft_green_rn"}, {"Y": 2, "X": 1, "Z": 1, "Type": "cwc_minecraft_green_rn"}, {"Y": 3, "X": 1, "Z": 1, "Type": "cwc_minecraft_green_rn"}, {"Y": 3, "X": 2, "Z": 1, "Type": "cwc_minecraft_green_rn"}], "XPos": 3.998310893216823, "TimeAlive": 5519, "ZPos": 1.9739895606492075, "Timestamp": "2018-04-13 14:29:45", "Yaw": 98.85005, "YPos": 3.1165013679281377, "ScreenshotPath": "263759-Builder-putdown.png", "BuilderGridRelative": [{"Y": -2, "X": -3, "Z": -1, "Type": "cwc_minecraft_green_rn"}, {"Y": -2, "X": -1, "Z": -1, "Type": "cwc_minecraft_green_rn"}, {"Y": -2, "X": -2, "Z": 1, "Type": "cwc_minecraft_green_rn"}, {"Y": -1, "X": -2, "Z": 0, "Type": "cwc_minecraft_green_rn"}, {"Y": 0, "X": -2, "Z": 0, "Type": "cwc_minecraft_green_rn"}, {"Y": 0, "X": -1, "Z": 0, "Type": "cwc_minecraft_green_rn"}], "DistanceTravelled": 2025, "BuilderInventory": [{"Index": 0, "Type": "cwc_minecraft_red_rn", "Quantity": 20}, {"Index": 1, "Type": "cwc_minecraft_orange_rn", "Quantity": 20}, {"Index": 2, "Type": "cwc_minecraft_yellow_rn", "Quantity": 20}, {"Index": 3, "Type": "cwc_minecraft_green_rn", "Quantity": 14}, {"Index": 4, "Type": "cwc_minecraft_blue_rn", "Quantity": 20}, {"Index": 5, "Type": "cwc_minecraft_purple_rn", "Quantity": 20}], "Pitch": 31.500006}, {"BuilderGridAbsolute": [{"Y": 1, "X": 0, "Z": 0, "Type": "cwc_minecraft_green_rn"}, {"Y": 1, "X": 2, "Z": 0, "Type": "cwc_minecraft_green_rn"}, {"Y": 1, "X": 1, "Z": 2, "Type": "cwc_minecraft_green_rn"}, {"Y": 2, "X": 1, "Z": 1, "Type": "cwc_minecraft_green_rn"}, {"Y": 3, "X": 1, "Z": 0, "Type": "cwc_minecraft_green_rn"}, {"Y": 3, "X": 1, "Z": 1, "Type": "cwc_minecraft_green_rn"}, {"Y": 3, "X": 2, "Z": 1, "Type": "cwc_minecraft_green_rn"}], "XPos": 2.863173777887864, "TimeAlive": 5643, "ZPos": -0.9066193733667127, "Timestamp": "2018-04-13 14:29:51", "Yaw": 31.800013, "YPos": 3.1165013679281377, "ScreenshotPath": "269958-Builder-putdown.png", "BuilderGridRelative": [{"Y": -2, "X": -2, "Z": 1, "Type": "cwc_minecraft_green_rn"}, {"Y": -2, "X": 0, "Z": 1, "Type": "cwc_minecraft_green_rn"}, {"Y": -2, "X": -1, "Z": 3, "Type": "cwc_minecraft_green_rn"}, {"Y": -1, "X": -1, "Z": 2, "Type": "cwc_minecraft_green_rn"}, {"Y": 0, "X": -1, "Z": 1, "Type": "cwc_minecraft_green_rn"}, {"Y": 0, "X": -1, "Z": 2, "Type": "cwc_minecraft_green_rn"}, {"Y": 0, "X": 0, "Z": 2, "Type": "cwc_minecraft_green_rn"}], "DistanceTravelled": 2025, "BuilderInventory": [{"Index": 0, "Type": "cwc_minecraft_red_rn", "Quantity": 20}, {"Index": 1, "Type": "cwc_minecraft_orange_rn", "Quantity": 20}, {"Index": 2, "Type": "cwc_minecraft_yellow_rn", "Quantity": 20}, {"Index": 3, "Type": "cwc_minecraft_green_rn", "Quantity": 13}, {"Index": 4, "Type": "cwc_minecraft_blue_rn", "Quantity": 20}, {"Index": 5, "Type": "cwc_minecraft_purple_rn", "Quantity": 20}], "Pitch": 22.950014}, {"BuilderGridAbsolute": [{"Y": 1, "X": 0, "Z": 0, "Type": "cwc_minecraft_green_rn"}, {"Y": 1, "X": 2, "Z": 0, "Type": "cwc_minecraft_green_rn"}, {"Y": 1, "X": 1, "Z": 2, "Type": "cwc_minecraft_green_rn"}, {"Y": 2, "X": 1, "Z": 1, "Type": "cwc_minecraft_green_rn"}, {"Y": 3, "X": 1, "Z": 0, "Type": "cwc_minecraft_green_rn"}, {"Y": 3, "X": 0, "Z": 1, "Type": "cwc_minecraft_green_rn"}, {"Y": 3, "X": 1, "Z": 1, "Type": "cwc_minecraft_green_rn"}, {"Y": 3, "X": 2, "Z": 1, "Type": "cwc_minecraft_green_rn"}], "XPos": -0.47111795517990324, "TimeAlive": 5715, "ZPos": -0.1838738005442873, "Timestamp": "2018-04-13 14:29:55", "Yaw": -46.049988, "YPos": 3.1165013679281377, "ScreenshotPath": "273558-Builder-putdown.png", "BuilderGridRelative": [{"Y": -2, "X": 1, "Z": 1, "Type": "cwc_minecraft_green_rn"}, {"Y": -2, "X": 3, "Z": 1, "Type": "cwc_minecraft_green_rn"}, {"Y": -2, "X": 2, "Z": 3, "Type": "cwc_minecraft_green_rn"}, {"Y": -1, "X": 2, "Z": 2, "Type": "cwc_minecraft_green_rn"}, {"Y": 0, "X": 2, "Z": 1, "Type": "cwc_minecraft_green_rn"}, {"Y": 0, "X": 1, "Z": 2, "Type": "cwc_minecraft_green_rn"}, {"Y": 0, "X": 2, "Z": 2, "Type": "cwc_minecraft_green_rn"}, {"Y": 0, "X": 3, "Z": 2, "Type": "cwc_minecraft_green_rn"}], "DistanceTravelled": 2025, "BuilderInventory": [{"Index": 0, "Type": "cwc_minecraft_red_rn", "Quantity": 20}, {"Index": 1, "Type": "cwc_minecraft_orange_rn", "Quantity": 20}, {"Index": 2, "Type": "cwc_minecraft_yellow_rn", "Quantity": 20}, {"Index": 3, "Type": "cwc_minecraft_green_rn", "Quantity": 12}, {"Index": 4, "Type": "cwc_minecraft_blue_rn", "Quantity": 20}, {"Index": 5, "Type": "cwc_minecraft_purple_rn", "Quantity": 20}], "Pitch": 26.550018}, {"BuilderGridAbsolute": [{"Y": 1, "X": 0, "Z": 0, "Type": "cwc_minecraft_green_rn"}, {"Y": 1, "X": 2, "Z": 0, "Type": "cwc_minecraft_green_rn"}, {"Y": 1, "X": 1, "Z": 2, "Type": "cwc_minecraft_green_rn"}, {"Y": 2, "X": 1, "Z": 1, "Type": "cwc_minecraft_green_rn"}, {"Y": 3, "X": 1, "Z": 0, "Type": "cwc_minecraft_green_rn"}, {"Y": 3, "X": 0, "Z": 1, "Type": "cwc_minecraft_green_rn"}, {"Y": 3, "X": 1, "Z": 1, "Type": "cwc_minecraft_green_rn"}, {"Y": 3, "X": 2, "Z": 1, "Type": "cwc_minecraft_green_rn"}, {"Y": 3, "X": 1, "Z": 2, "Type": "cwc_minecraft_green_rn"}], "XPos": -0.20594825625075974, "TimeAlive": 5801, "ZPos": 4.067166606810355, "Timestamp": "2018-04-13 14:29:59", "Yaw": -143.54996, "YPos": 3.1165013679281377, "ScreenshotPath": "277857-Builder-putdown.png", "BuilderGridRelative": [{"Y": -2, "X": 1, "Z": -4, "Type": "cwc_minecraft_green_rn"}, {"Y": -2, "X": 3, "Z": -4, "Type": "cwc_minecraft_green_rn"}, {"Y": -2, "X": 2, "Z": -2, "Type": "cwc_minecraft_green_rn"}, {"Y": -1, "X": 2, "Z": -3, "Type": "cwc_minecraft_green_rn"}, {"Y": 0, "X": 2, "Z": -4, "Type": "cwc_minecraft_green_rn"}, {"Y": 0, "X": 1, "Z": -3, "Type": "cwc_minecraft_green_rn"}, {"Y": 0, "X": 2, "Z": -3, "Type": "cwc_minecraft_green_rn"}, {"Y": 0, "X": 3, "Z": -3, "Type": "cwc_minecraft_green_rn"}, {"Y": 0, "X": 2, "Z": -2, "Type": "cwc_minecraft_green_rn"}], "DistanceTravelled": 2025, "BuilderInventory": [{"Index": 0, "Type": "cwc_minecraft_red_rn", "Quantity": 20}, {"Index": 1, "Type": "cwc_minecraft_orange_rn", "Quantity": 20}, {"Index": 2, "Type": "cwc_minecraft_yellow_rn", "Quantity": 20}, {"Index": 3, "Type": "cwc_minecraft_green_rn", "Quantity": 11}, {"Index": 4, "Type": "cwc_minecraft_blue_rn", "Quantity": 20}, {"Index": 5, "Type": "cwc_minecraft_purple_rn", "Quantity": 20}], "Pitch": 23.850037}, {"Timestamp": "2018-04-13 14:30:04", "Chat": ["<Builder> like that?"], "ScreenshotPath": "282707-Builder-chat.png"}, {"BuilderGridAbsolute": [{"Y": 1, "X": 0, "Z": 0, "Type": "cwc_minecraft_green_rn"}, {"Y": 1, "X": 2, "Z": 0, "Type": "cwc_minecraft_green_rn"}, {"Y": 1, "X": 1, "Z": 2, "Type": "cwc_minecraft_green_rn"}, {"Y": 2, "X": 1, "Z": 1, "Type": "cwc_minecraft_green_rn"}, {"Y": 3, "X": 1, "Z": 0, "Type": "cwc_minecraft_green_rn"}, {"Y": 3, "X": 0, "Z": 1, "Type": "cwc_minecraft_green_rn"}, {"Y": 3, "X": 1, "Z": 1, "Type": "cwc_minecraft_green_rn"}, {"Y": 3, "X": 2, "Z": 1, "Type": "cwc_minecraft_green_rn"}, {"Y": 3, "X": 1, "Z": 2, "Type": "cwc_minecraft_green_rn"}], "XPos": -0.19181785176890587, "TimeAlive": 5899, "ZPos": 4.136125758375476, "Timestamp": "2018-04-13 14:30:04", "Yaw": -143.54996, "YPos": 3.1165013679281377, "BuilderGridRelative": [{"Y": -2, "X": 1, "Z": -4, "Type": "cwc_minecraft_green_rn"}, {"Y": -2, "X": 3, "Z": -4, "Type": "cwc_minecraft_green_rn"}, {"Y": -2, "X": 2, "Z": -2, "Type": "cwc_minecraft_green_rn"}, {"Y": -1, "X": 2, "Z": -3, "Type": "cwc_minecraft_green_rn"}, {"Y": 0, "X": 2, "Z": -4, "Type": "cwc_minecraft_green_rn"}, {"Y": 0, "X": 1, "Z": -3, "Type": "cwc_minecraft_green_rn"}, {"Y": 0, "X": 2, "Z": -3, "Type": "cwc_minecraft_green_rn"}, {"Y": 0, "X": 3, "Z": -3, "Type": "cwc_minecraft_green_rn"}, {"Y": 0, "X": 2, "Z": -2, "Type": "cwc_minecraft_green_rn"}], "DistanceTravelled": 2025, "BuilderInventory": [{"Index": 0, "Type": "cwc_minecraft_red_rn", "Quantity": 20}, {"Index": 1, "Type": "cwc_minecraft_orange_rn", "Quantity": 20}, {"Index": 2, "Type": "cwc_minecraft_yellow_rn", "Quantity": 20}, {"Index": 3, "Type": "cwc_minecraft_green_rn", "Quantity": 11}, {"Index": 4, "Type": "cwc_minecraft_blue_rn", "Quantity": 20}, {"Index": 5, "Type": "cwc_minecraft_purple_rn", "Quantity": 20}], "Pitch": 23.850037}, {"Timestamp": "2018-04-13 14:30:10", "Chat": ["<Architect> yes!"], "ScreenshotPath": "288808-Builder-chat.png"}, {"BuilderGridAbsolute": [{"Y": 1, "X": 0, "Z": 0, "Type": "cwc_minecraft_green_rn"}, {"Y": 1, "X": 2, "Z": 0, "Type": "cwc_minecraft_green_rn"}, {"Y": 1, "X": 1, "Z": 2, "Type": "cwc_minecraft_green_rn"}, {"Y": 2, "X": 1, "Z": 1, "Type": "cwc_minecraft_green_rn"}, {"Y": 3, "X": 1, "Z": 0, "Type": "cwc_minecraft_green_rn"}, {"Y": 3, "X": 0, "Z": 1, "Type": "cwc_minecraft_green_rn"}, {"Y": 3, "X": 1, "Z": 1, "Type": "cwc_minecraft_green_rn"}, {"Y": 3, "X": 2, "Z": 1, "Type": "cwc_minecraft_green_rn"}, {"Y": 3, "X": 1, "Z": 2, "Type": "cwc_minecraft_green_rn"}], "XPos": -0.19181785176890587, "TimeAlive": 6021, "ZPos": 4.136125758375476, "Timestamp": "2018-04-13 14:30:10", "Yaw": -143.54996, "YPos": 3.1165013679281377, "BuilderGridRelative": [{"Y": -2, "X": 1, "Z": -4, "Type": "cwc_minecraft_green_rn"}, {"Y": -2, "X": 3, "Z": -4, "Type": "cwc_minecraft_green_rn"}, {"Y": -2, "X": 2, "Z": -2, "Type": "cwc_minecraft_green_rn"}, {"Y": -1, "X": 2, "Z": -3, "Type": "cwc_minecraft_green_rn"}, {"Y": 0, "X": 2, "Z": -4, "Type": "cwc_minecraft_green_rn"}, {"Y": 0, "X": 1, "Z": -3, "Type": "cwc_minecraft_green_rn"}, {"Y": 0, "X": 2, "Z": -3, "Type": "cwc_minecraft_green_rn"}, {"Y": 0, "X": 3, "Z": -3, "Type": "cwc_minecraft_green_rn"}, {"Y": 0, "X": 2, "Z": -2, "Type": "cwc_minecraft_green_rn"}], "DistanceTravelled": 2025, "BuilderInventory": [{"Index": 0, "Type": "cwc_minecraft_red_rn", "Quantity": 20}, {"Index": 1, "Type": "cwc_minecraft_orange_rn", "Quantity": 20}, {"Index": 2, "Type": "cwc_minecraft_yellow_rn", "Quantity": 20}, {"Index": 3, "Type": "cwc_minecraft_green_rn", "Quantity": 11}, {"Index": 4, "Type": "cwc_minecraft_blue_rn", "Quantity": 20}, {"Index": 5, "Type": "cwc_minecraft_purple_rn", "Quantity": 20}], "Pitch": 23.850037}, {"Timestamp": "2018-04-13 14:30:41", "Chat": ["<Architect> So finish off by making that cross a sqaure by filling in the corners. like the seat of a chair"], "ScreenshotPath": "319270-Builder-chat.png"}, {"BuilderGridAbsolute": [{"Y": 1, "X": 0, "Z": 0, "Type": "cwc_minecraft_green_rn"}, {"Y": 1, "X": 2, "Z": 0, "Type": "cwc_minecraft_green_rn"}, {"Y": 1, "X": 1, "Z": 2, "Type": "cwc_minecraft_green_rn"}, {"Y": 2, "X": 1, "Z": 1, "Type": "cwc_minecraft_green_rn"}, {"Y": 3, "X": 1, "Z": 0, "Type": "cwc_minecraft_green_rn"}, {"Y": 3, "X": 0, "Z": 1, "Type": "cwc_minecraft_green_rn"}, {"Y": 3, "X": 1, "Z": 1, "Type": "cwc_minecraft_green_rn"}, {"Y": 3, "X": 2, "Z": 1, "Type": "cwc_minecraft_green_rn"}, {"Y": 3, "X": 1, "Z": 2, "Type": "cwc_minecraft_green_rn"}], "XPos": -0.19181785176890587, "TimeAlive": 6630, "ZPos": 4.136125758375476, "Timestamp": "2018-04-13 14:30:41", "Yaw": -142.04996, "YPos": 3.1165013679281377, "BuilderGridRelative": [{"Y": -2, "X": 1, "Z": -4, "Type": "cwc_minecraft_green_rn"}, {"Y": -2, "X": 3, "Z": -4, "Type": "cwc_minecraft_green_rn"}, {"Y": -2, "X": 2, "Z": -2, "Type": "cwc_minecraft_green_rn"}, {"Y": -1, "X": 2, "Z": -3, "Type": "cwc_minecraft_green_rn"}, {"Y": 0, "X": 2, "Z": -4, "Type": "cwc_minecraft_green_rn"}, {"Y": 0, "X": 1, "Z": -3, "Type": "cwc_minecraft_green_rn"}, {"Y": 0, "X": 2, "Z": -3, "Type": "cwc_minecraft_green_rn"}, {"Y": 0, "X": 3, "Z": -3, "Type": "cwc_minecraft_green_rn"}, {"Y": 0, "X": 2, "Z": -2, "Type": "cwc_minecraft_green_rn"}], "DistanceTravelled": 2025, "BuilderInventory": [{"Index": 0, "Type": "cwc_minecraft_red_rn", "Quantity": 20}, {"Index": 1, "Type": "cwc_minecraft_orange_rn", "Quantity": 20}, {"Index": 2, "Type": "cwc_minecraft_yellow_rn", "Quantity": 20}, {"Index": 3, "Type": "cwc_minecraft_green_rn", "Quantity": 11}, {"Index": 4, "Type": "cwc_minecraft_blue_rn", "Quantity": 20}, {"Index": 5, "Type": "cwc_minecraft_purple_rn", "Quantity": 20}], "Pitch": 26.55004}, {"BuilderGridAbsolute": [{"Y": 1, "X": 0, "Z": 0, "Type": "cwc_minecraft_green_rn"}, {"Y": 1, "X": 2, "Z": 0, "Type": "cwc_minecraft_green_rn"}, {"Y": 1, "X": 1, "Z": 2, "Type": "cwc_minecraft_green_rn"}, {"Y": 2, "X": 1, "Z": 1, "Type": "cwc_minecraft_green_rn"}, {"Y": 3, "X": 1, "Z": 0, "Type": "cwc_minecraft_green_rn"}, {"Y": 3, "X": 0, "Z": 1, "Type": "cwc_minecraft_green_rn"}, {"Y": 3, "X": 1, "Z": 1, "Type": "cwc_minecraft_green_rn"}, {"Y": 3, "X": 2, "Z": 1, "Type": "cwc_minecraft_green_rn"}, {"Y": 3, "X": 0, "Z": 2, "Type": "cwc_minecraft_green_rn"}, {"Y": 3, "X": 1, "Z": 2, "Type": "cwc_minecraft_green_rn"}], "XPos": -0.19181785176890587, "TimeAlive": 6760, "ZPos": 4.136125758375476, "Timestamp": "2018-04-13 14:30:47", "Yaw": -157.94994, "YPos": 3.1165013679281377, "ScreenshotPath": "325818-Builder-putdown.png", "BuilderGridRelative": [{"Y": -2, "X": 1, "Z": -4, "Type": "cwc_minecraft_green_rn"}, {"Y": -2, "X": 3, "Z": -4, "Type": "cwc_minecraft_green_rn"}, {"Y": -2, "X": 2, "Z": -2, "Type": "cwc_minecraft_green_rn"}, {"Y": -1, "X": 2, "Z": -3, "Type": "cwc_minecraft_green_rn"}, {"Y": 0, "X": 2, "Z": -4, "Type": "cwc_minecraft_green_rn"}, {"Y": 0, "X": 1, "Z": -3, "Type": "cwc_minecraft_green_rn"}, {"Y": 0, "X": 2, "Z": -3, "Type": "cwc_minecraft_green_rn"}, {"Y": 0, "X": 3, "Z": -3, "Type": "cwc_minecraft_green_rn"}, {"Y": 0, "X": 1, "Z": -2, "Type": "cwc_minecraft_green_rn"}, {"Y": 0, "X": 2, "Z": -2, "Type": "cwc_minecraft_green_rn"}], "DistanceTravelled": 2025, "BuilderInventory": [{"Index": 0, "Type": "cwc_minecraft_red_rn", "Quantity": 20}, {"Index": 1, "Type": "cwc_minecraft_orange_rn", "Quantity": 20}, {"Index": 2, "Type": "cwc_minecraft_yellow_rn", "Quantity": 20}, {"Index": 3, "Type": "cwc_minecraft_green_rn", "Quantity": 10}, {"Index": 4, "Type": "cwc_minecraft_blue_rn", "Quantity": 20}, {"Index": 5, "Type": "cwc_minecraft_purple_rn", "Quantity": 20}], "Pitch": 27.450037}, {"Timestamp": "2018-04-13 14:30:49", "ScreenshotPath": "328167-Builder-putdown.png"}, {"BuilderGridAbsolute": [{"Y": 1, "X": 0, "Z": 0, "Type": "cwc_minecraft_green_rn"}, {"Y": 1, "X": 2, "Z": 0, "Type": "cwc_minecraft_green_rn"}, {"Y": 1, "X": 1, "Z": 2, "Type": "cwc_minecraft_green_rn"}, {"Y": 2, "X": 1, "Z": 1, "Type": "cwc_minecraft_green_rn"}, {"Y": 3, "X": 1, "Z": 0, "Type": "cwc_minecraft_green_rn"}, {"Y": 3, "X": 0, "Z": 1, "Type": "cwc_minecraft_green_rn"}, {"Y": 3, "X": 1, "Z": 1, "Type": "cwc_minecraft_green_rn"}, {"Y": 3, "X": 2, "Z": 1, "Type": "cwc_minecraft_green_rn"}, {"Y": 3, "X": 0, "Z": 2, "Type": "cwc_minecraft_green_rn"}, {"Y": 3, "X": 1, "Z": 2, "Type": "cwc_minecraft_green_rn"}, {"Y": 3, "X": 2, "Z": 2, "Type": "cwc_minecraft_green_rn"}], "XPos": 2.5623388561020115, "TimeAlive": 6808, "ZPos": 4.069290522026468, "Timestamp": "2018-04-13 14:30:49", "Yaw": -186.89989, "YPos": 3.1165013679281377, "BuilderGridRelative": [{"Y": -2, "X": -2, "Z": -4, "Type": "cwc_minecraft_green_rn"}, {"Y": -2, "X": 0, "Z": -4, "Type": "cwc_minecraft_green_rn"}, {"Y": -2, "X": -1, "Z": -2, "Type": "cwc_minecraft_green_rn"}, {"Y": -1, "X": -1, "Z": -3, "Type": "cwc_minecraft_green_rn"}, {"Y": 0, "X": -1, "Z": -4, "Type": "cwc_minecraft_green_rn"}, {"Y": 0, "X": -2, "Z": -3, "Type": "cwc_minecraft_green_rn"}, {"Y": 0, "X": -1, "Z": -3, "Type": "cwc_minecraft_green_rn"}, {"Y": 0, "X": 0, "Z": -3, "Type": "cwc_minecraft_green_rn"}, {"Y": 0, "X": -2, "Z": -2, "Type": "cwc_minecraft_green_rn"}, {"Y": 0, "X": -1, "Z": -2, "Type": "cwc_minecraft_green_rn"}, {"Y": 0, "X": 0, "Z": -2, "Type": "cwc_minecraft_green_rn"}], "DistanceTravelled": 2025, "BuilderInventory": [{"Index": 0, "Type": "cwc_minecraft_red_rn", "Quantity": 20}, {"Index": 1, "Type": "cwc_minecraft_orange_rn", "Quantity": 20}, {"Index": 2, "Type": "cwc_minecraft_yellow_rn", "Quantity": 20}, {"Index": 3, "Type": "cwc_minecraft_green_rn", "Quantity": 9}, {"Index": 4, "Type": "cwc_minecraft_blue_rn", "Quantity": 20}, {"Index": 5, "Type": "cwc_minecraft_purple_rn", "Quantity": 20}], "Pitch": 27.600037}, {"BuilderGridAbsolute": [{"Y": 1, "X": 0, "Z": 0, "Type": "cwc_minecraft_green_rn"}, {"Y": 1, "X": 2, "Z": 0, "Type": "cwc_minecraft_green_rn"}, {"Y": 1, "X": 1, "Z": 2, "Type": "cwc_minecraft_green_rn"}, {"Y": 2, "X": 1, "Z": 1, "Type": "cwc_minecraft_green_rn"}, {"Y": 3, "X": 1, "Z": 0, "Type": "cwc_minecraft_green_rn"}, {"Y": 3, "X": 2, "Z": 0, "Type": "cwc_minecraft_green_rn"}, {"Y": 3, "X": 0, "Z": 1, "Type": "cwc_minecraft_green_rn"}, {"Y": 3, "X": 1, "Z": 1, "Type": "cwc_minecraft_green_rn"}, {"Y": 3, "X": 2, "Z": 1, "Type": "cwc_minecraft_green_rn"}, {"Y": 3, "X": 0, "Z": 2, "Type": "cwc_minecraft_green_rn"}, {"Y": 3, "X": 1, "Z": 2, "Type": "cwc_minecraft_green_rn"}, {"Y": 3, "X": 2, "Z": 2, "Type": "cwc_minecraft_green_rn"}], "XPos": 6.150833783541175, "TimeAlive": 6863, "ZPos": 1.136551233931303, "Timestamp": "2018-04-13 14:30:52", "Yaw": -263.8498, "YPos": 3.1165013679281377, "ScreenshotPath": "330968-Builder-putdown.png", "BuilderGridRelative": [{"Y": -2, "X": -6, "Z": -1, "Type": "cwc_minecraft_green_rn"}, {"Y": -2, "X": -4, "Z": -1, "Type": "cwc_minecraft_green_rn"}, {"Y": -2, "X": -5, "Z": 1, "Type": "cwc_minecraft_green_rn"}, {"Y": -1, "X": -5, "Z": 0, "Type": "cwc_minecraft_green_rn"}, {"Y": 0, "X": -5, "Z": -1, "Type": "cwc_minecraft_green_rn"}, {"Y": 0, "X": -4, "Z": -1, "Type": "cwc_minecraft_green_rn"}, {"Y": 0, "X": -6, "Z": 0, "Type": "cwc_minecraft_green_rn"}, {"Y": 0, "X": -5, "Z": 0, "Type": "cwc_minecraft_green_rn"}, {"Y": 0, "X": -4, "Z": 0, "Type": "cwc_minecraft_green_rn"}, {"Y": 0, "X": -6, "Z": 1, "Type": "cwc_minecraft_green_rn"}, {"Y": 0, "X": -5, "Z": 1, "Type": "cwc_minecraft_green_rn"}, {"Y": 0, "X": -4, "Z": 1, "Type": "cwc_minecraft_green_rn"}], "DistanceTravelled": 2025, "BuilderInventory": [{"Index": 0, "Type": "cwc_minecraft_red_rn", "Quantity": 20}, {"Index": 1, "Type": "cwc_minecraft_orange_rn", "Quantity": 20}, {"Index": 2, "Type": "cwc_minecraft_yellow_rn", "Quantity": 20}, {"Index": 3, "Type": "cwc_minecraft_green_rn", "Quantity": 8}, {"Index": 4, "Type": "cwc_minecraft_blue_rn", "Quantity": 20}, {"Index": 5, "Type": "cwc_minecraft_purple_rn", "Quantity": 20}], "Pitch": 17.550045}, {"BuilderGridAbsolute": [{"Y": 1, "X": 0, "Z": 0, "Type": "cwc_minecraft_green_rn"}, {"Y": 1, "X": 2, "Z": 0, "Type": "cwc_minecraft_green_rn"}, {"Y": 1, "X": 1, "Z": 2, "Type": "cwc_minecraft_green_rn"}, {"Y": 2, "X": 1, "Z": 1, "Type": "cwc_minecraft_green_rn"}, {"Y": 3, "X": 0, "Z": 0, "Type": "cwc_minecraft_green_rn"}, {"Y": 3, "X": 1, "Z": 0, "Type": "cwc_minecraft_green_rn"}, {"Y": 3, "X": 2, "Z": 0, "Type": "cwc_minecraft_green_rn"}, {"Y": 3, "X": 0, "Z": 1, "Type": "cwc_minecraft_green_rn"}, {"Y": 3, "X": 1, "Z": 1, "Type": "cwc_minecraft_green_rn"}, {"Y": 3, "X": 2, "Z": 1, "Type": "cwc_minecraft_green_rn"}, {"Y": 3, "X": 0, "Z": 2, "Type": "cwc_minecraft_green_rn"}, {"Y": 3, "X": 1, "Z": 2, "Type": "cwc_minecraft_green_rn"}, {"Y": 3, "X": 2, "Z": 2, "Type": "cwc_minecraft_green_rn"}], "XPos": 0.33485140147953, "TimeAlive": 6947, "ZPos": -2.506275040591503, "Timestamp": "2018-04-13 14:30:56", "Yaw": -3.299652, "YPos": 3.1165013679281377, "ScreenshotPath": "335167-Builder-putdown.png", "BuilderGridRelative": [{"Y": -2, "X": 0, "Z": 3, "Type": "cwc_minecraft_green_rn"}, {"Y": -2, "X": 2, "Z": 3, "Type": "cwc_minecraft_green_rn"}, {"Y": -2, "X": 1, "Z": 5, "Type": "cwc_minecraft_green_rn"}, {"Y": -1, "X": 1, "Z": 4, "Type": "cwc_minecraft_green_rn"}, {"Y": 0, "X": 0, "Z": 3, "Type": "cwc_minecraft_green_rn"}, {"Y": 0, "X": 1, "Z": 3, "Type": "cwc_minecraft_green_rn"}, {"Y": 0, "X": 2, "Z": 3, "Type": "cwc_minecraft_green_rn"}, {"Y": 0, "X": 0, "Z": 4, "Type": "cwc_minecraft_green_rn"}, {"Y": 0, "X": 1, "Z": 4, "Type": "cwc_minecraft_green_rn"}, {"Y": 0, "X": 2, "Z": 4, "Type": "cwc_minecraft_green_rn"}, {"Y": 0, "X": 0, "Z": 5, "Type": "cwc_minecraft_green_rn"}, {"Y": 0, "X": 1, "Z": 5, "Type": "cwc_minecraft_green_rn"}, {"Y": 0, "X": 2, "Z": 5, "Type": "cwc_minecraft_green_rn"}], "DistanceTravelled": 2025, "BuilderInventory": [{"Index": 0, "Type": "cwc_minecraft_red_rn", "Quantity": 20}, {"Index": 1, "Type": "cwc_minecraft_orange_rn", "Quantity": 20}, {"Index": 2, "Type": "cwc_minecraft_yellow_rn", "Quantity": 20}, {"Index": 3, "Type": "cwc_minecraft_green_rn", "Quantity": 7}, {"Index": 4, "Type": "cwc_minecraft_blue_rn", "Quantity": 20}, {"Index": 5, "Type": "cwc_minecraft_purple_rn", "Quantity": 20}], "Pitch": 19.800043}, {"Timestamp": "2018-04-13 14:31:01", "Chat": ["<Builder> ok"], "ScreenshotPath": "339367-Builder-chat.png"}, {"BuilderGridAbsolute": [{"Y": 1, "X": 0, "Z": 0, "Type": "cwc_minecraft_green_rn"}, {"Y": 1, "X": 2, "Z": 0, "Type": "cwc_minecraft_green_rn"}, {"Y": 1, "X": 1, "Z": 2, "Type": "cwc_minecraft_green_rn"}, {"Y": 2, "X": 1, "Z": 1, "Type": "cwc_minecraft_green_rn"}, {"Y": 3, "X": 0, "Z": 0, "Type": "cwc_minecraft_green_rn"}, {"Y": 3, "X": 1, "Z": 0, "Type": "cwc_minecraft_green_rn"}, {"Y": 3, "X": 2, "Z": 0, "Type": "cwc_minecraft_green_rn"}, {"Y": 3, "X": 0, "Z": 1, "Type": "cwc_minecraft_green_rn"}, {"Y": 3, "X": 1, "Z": 1, "Type": "cwc_minecraft_green_rn"}, {"Y": 3, "X": 2, "Z": 1, "Type": "cwc_minecraft_green_rn"}, {"Y": 3, "X": 0, "Z": 2, "Type": "cwc_minecraft_green_rn"}, {"Y": 3, "X": 1, "Z": 2, "Type": "cwc_minecraft_green_rn"}, {"Y": 3, "X": 2, "Z": 2, "Type": "cwc_minecraft_green_rn"}], "XPos": 0.3547329098913353, "TimeAlive": 7032, "ZPos": -1.4558466027784671, "Timestamp": "2018-04-13 14:31:01", "Yaw": -16.049683, "YPos": 3.1165013679281377, "BuilderGridRelative": [{"Y": -2, "X": 0, "Z": 2, "Type": "cwc_minecraft_green_rn"}, {"Y": -2, "X": 2, "Z": 2, "Type": "cwc_minecraft_green_rn"}, {"Y": -2, "X": 1, "Z": 4, "Type": "cwc_minecraft_green_rn"}, {"Y": -1, "X": 1, "Z": 3, "Type": "cwc_minecraft_green_rn"}, {"Y": 0, "X": 0, "Z": 2, "Type": "cwc_minecraft_green_rn"}, {"Y": 0, "X": 1, "Z": 2, "Type": "cwc_minecraft_green_rn"}, {"Y": 0, "X": 2, "Z": 2, "Type": "cwc_minecraft_green_rn"}, {"Y": 0, "X": 0, "Z": 3, "Type": "cwc_minecraft_green_rn"}, {"Y": 0, "X": 1, "Z": 3, "Type": "cwc_minecraft_green_rn"}, {"Y": 0, "X": 2, "Z": 3, "Type": "cwc_minecraft_green_rn"}, {"Y": 0, "X": 0, "Z": 4, "Type": "cwc_minecraft_green_rn"}, {"Y": 0, "X": 1, "Z": 4, "Type": "cwc_minecraft_green_rn"}, {"Y": 0, "X": 2, "Z": 4, "Type": "cwc_minecraft_green_rn"}], "DistanceTravelled": 2025, "BuilderInventory": [{"Index": 0, "Type": "cwc_minecraft_red_rn", "Quantity": 20}, {"Index": 1, "Type": "cwc_minecraft_orange_rn", "Quantity": 20}, {"Index": 2, "Type": "cwc_minecraft_yellow_rn", "Quantity": 20}, {"Index": 3, "Type": "cwc_minecraft_green_rn", "Quantity": 7}, {"Index": 4, "Type": "cwc_minecraft_blue_rn", "Quantity": 20}, {"Index": 5, "Type": "cwc_minecraft_purple_rn", "Quantity": 20}], "Pitch": 27.300041}, {"Timestamp": "2018-04-13 14:31:18", "Chat": ["<Architect> go to the side of the chair where the top iof the triangle base is."], "ScreenshotPath": "356616-Builder-chat.png"}, {"BuilderGridAbsolute": [{"Y": 1, "X": 0, "Z": 0, "Type": "cwc_minecraft_green_rn"}, {"Y": 1, "X": 2, "Z": 0, "Type": "cwc_minecraft_green_rn"}, {"Y": 1, "X": 1, "Z": 2, "Type": "cwc_minecraft_green_rn"}, {"Y": 2, "X": 1, "Z": 1, "Type": "cwc_minecraft_green_rn"}, {"Y": 3, "X": 0, "Z": 0, "Type": "cwc_minecraft_green_rn"}, {"Y": 3, "X": 1, "Z": 0, "Type": "cwc_minecraft_green_rn"}, {"Y": 3, "X": 2, "Z": 0, "Type": "cwc_minecraft_green_rn"}, {"Y": 3, "X": 0, "Z": 1, "Type": "cwc_minecraft_green_rn"}, {"Y": 3, "X": 1, "Z": 1, "Type": "cwc_minecraft_green_rn"}, {"Y": 3, "X": 2, "Z": 1, "Type": "cwc_minecraft_green_rn"}, {"Y": 3, "X": 0, "Z": 2, "Type": "cwc_minecraft_green_rn"}, {"Y": 3, "X": 1, "Z": 2, "Type": "cwc_minecraft_green_rn"}, {"Y": 3, "X": 2, "Z": 2, "Type": "cwc_minecraft_green_rn"}], "XPos": -1.1820242188172536, "TimeAlive": 7377, "ZPos": -1.0366806703936562, "Timestamp": "2018-04-13 14:31:18", "Yaw": -37.04956, "YPos": 3.1165013679281377, "BuilderGridRelative": [{"Y": -2, "X": 2, "Z": 2, "Type": "cwc_minecraft_green_rn"}, {"Y": -2, "X": 4, "Z": 2, "Type": "cwc_minecraft_green_rn"}, {"Y": -2, "X": 3, "Z": 4, "Type": "cwc_minecraft_green_rn"}, {"Y": -1, "X": 3, "Z": 3, "Type": "cwc_minecraft_green_rn"}, {"Y": 0, "X": 2, "Z": 2, "Type": "cwc_minecraft_green_rn"}, {"Y": 0, "X": 3, "Z": 2, "Type": "cwc_minecraft_green_rn"}, {"Y": 0, "X": 4, "Z": 2, "Type": "cwc_minecraft_green_rn"}, {"Y": 0, "X": 2, "Z": 3, "Type": "cwc_minecraft_green_rn"}, {"Y": 0, "X": 3, "Z": 3, "Type": "cwc_minecraft_green_rn"}, {"Y": 0, "X": 4, "Z": 3, "Type": "cwc_minecraft_green_rn"}, {"Y": 0, "X": 2, "Z": 4, "Type": "cwc_minecraft_green_rn"}, {"Y": 0, "X": 3, "Z": 4, "Type": "cwc_minecraft_green_rn"}, {"Y": 0, "X": 4, "Z": 4, "Type": "cwc_minecraft_green_rn"}], "DistanceTravelled": 2025, "BuilderInventory": [{"Index": 0, "Type": "cwc_minecraft_red_rn", "Quantity": 20}, {"Index": 1, "Type": "cwc_minecraft_orange_rn", "Quantity": 20}, {"Index": 2, "Type": "cwc_minecraft_yellow_rn", "Quantity": 20}, {"Index": 3, "Type": "cwc_minecraft_green_rn", "Quantity": 7}, {"Index": 4, "Type": "cwc_minecraft_blue_rn", "Quantity": 20}, {"Index": 5, "Type": "cwc_minecraft_purple_rn", "Quantity": 20}], "Pitch": 37.050014}, {"Timestamp": "2018-04-13 14:31:26", "Chat": ["<Architect> yes"], "ScreenshotPath": "364813-Builder-chat.png"}, {"BuilderGridAbsolute": [{"Y": 1, "X": 0, "Z": 0, "Type": "cwc_minecraft_green_rn"}, {"Y": 1, "X": 2, "Z": 0, "Type": "cwc_minecraft_green_rn"}, {"Y": 1, "X": 1, "Z": 2, "Type": "cwc_minecraft_green_rn"}, {"Y": 2, "X": 1, "Z": 1, "Type": "cwc_minecraft_green_rn"}, {"Y": 3, "X": 0, "Z": 0, "Type": "cwc_minecraft_green_rn"}, {"Y": 3, "X": 1, "Z": 0, "Type": "cwc_minecraft_green_rn"}, {"Y": 3, "X": 2, "Z": 0, "Type": "cwc_minecraft_green_rn"}, {"Y": 3, "X": 0, "Z": 1, "Type": "cwc_minecraft_green_rn"}, {"Y": 3, "X": 1, "Z": 1, "Type": "cwc_minecraft_green_rn"}, {"Y": 3, "X": 2, "Z": 1, "Type": "cwc_minecraft_green_rn"}, {"Y": 3, "X": 0, "Z": 2, "Type": "cwc_minecraft_green_rn"}, {"Y": 3, "X": 1, "Z": 2, "Type": "cwc_minecraft_green_rn"}, {"Y": 3, "X": 2, "Z": 2, "Type": "cwc_minecraft_green_rn"}], "XPos": -0.12399713473236092, "TimeAlive": 7541, "ZPos": 4.8566010826357875, "Timestamp": "2018-04-13 14:31:26", "Yaw": -167.09937, "YPos": 3.1165013679281377, "BuilderGridRelative": [{"Y": -2, "X": 1, "Z": -4, "Type": "cwc_minecraft_green_rn"}, {"Y": -2, "X": 3, "Z": -4, "Type": "cwc_minecraft_green_rn"}, {"Y": -2, "X": 2, "Z": -2, "Type": "cwc_minecraft_green_rn"}, {"Y": -1, "X": 2, "Z": -3, "Type": "cwc_minecraft_green_rn"}, {"Y": 0, "X": 1, "Z": -4, "Type": "cwc_minecraft_green_rn"}, {"Y": 0, "X": 2, "Z": -4, "Type": "cwc_minecraft_green_rn"}, {"Y": 0, "X": 3, "Z": -4, "Type": "cwc_minecraft_green_rn"}, {"Y": 0, "X": 1, "Z": -3, "Type": "cwc_minecraft_green_rn"}, {"Y": 0, "X": 2, "Z": -3, "Type": "cwc_minecraft_green_rn"}, {"Y": 0, "X": 3, "Z": -3, "Type": "cwc_minecraft_green_rn"}, {"Y": 0, "X": 1, "Z": -2, "Type": "cwc_minecraft_green_rn"}, {"Y": 0, "X": 2, "Z": -2, "Type": "cwc_minecraft_green_rn"}, {"Y": 0, "X": 3, "Z": -2, "Type": "cwc_minecraft_green_rn"}], "DistanceTravelled": 2025, "BuilderInventory": [{"Index": 0, "Type": "cwc_minecraft_red_rn", "Quantity": 20}, {"Index": 1, "Type": "cwc_minecraft_orange_rn", "Quantity": 20}, {"Index": 2, "Type": "cwc_minecraft_yellow_rn", "Quantity": 20}, {"Index": 3, "Type": "cwc_minecraft_green_rn", "Quantity": 7}, {"Index": 4, "Type": "cwc_minecraft_blue_rn", "Quantity": 20}, {"Index": 5, "Type": "cwc_minecraft_purple_rn", "Quantity": 20}], "Pitch": 36.450016}, {"Timestamp": "2018-04-13 14:31:47", "Chat": ["<Architect> on that side, on top of the chair seat, build a chair back two blocks tall."], "ScreenshotPath": "385712-Builder-chat.png"}, {"BuilderGridAbsolute": [{"Y": 1, "X": 0, "Z": 0, "Type": "cwc_minecraft_green_rn"}, {"Y": 1, "X": 2, "Z": 0, "Type": "cwc_minecraft_green_rn"}, {"Y": 1, "X": 1, "Z": 2, "Type": "cwc_minecraft_green_rn"}, {"Y": 2, "X": 1, "Z": 1, "Type": "cwc_minecraft_green_rn"}, {"Y": 3, "X": 0, "Z": 0, "Type": "cwc_minecraft_green_rn"}, {"Y": 3, "X": 1, "Z": 0, "Type": "cwc_minecraft_green_rn"}, {"Y": 3, "X": 2, "Z": 0, "Type": "cwc_minecraft_green_rn"}, {"Y": 3, "X": 0, "Z": 1, "Type": "cwc_minecraft_green_rn"}, {"Y": 3, "X": 1, "Z": 1, "Type": "cwc_minecraft_green_rn"}, {"Y": 3, "X": 2, "Z": 1, "Type": "cwc_minecraft_green_rn"}, {"Y": 3, "X": 0, "Z": 2, "Type": "cwc_minecraft_green_rn"}, {"Y": 3, "X": 1, "Z": 2, "Type": "cwc_minecraft_green_rn"}, {"Y": 3, "X": 2, "Z": 2, "Type": "cwc_minecraft_green_rn"}], "XPos": 1.4386039382622278, "TimeAlive": 7959, "ZPos": 5.186069892224882, "Timestamp": "2018-04-13 14:31:47", "Yaw": -180.89984, "YPos": 3.1165013679281377, "BuilderGridRelative": [{"Y": -2, "X": -1, "Z": -5, "Type": "cwc_minecraft_green_rn"}, {"Y": -2, "X": 1, "Z": -5, "Type": "cwc_minecraft_green_rn"}, {"Y": -2, "X": 0, "Z": -3, "Type": "cwc_minecraft_green_rn"}, {"Y": -1, "X": 0, "Z": -4, "Type": "cwc_minecraft_green_rn"}, {"Y": 0, "X": -1, "Z": -5, "Type": "cwc_minecraft_green_rn"}, {"Y": 0, "X": 0, "Z": -5, "Type": "cwc_minecraft_green_rn"}, {"Y": 0, "X": 1, "Z": -5, "Type": "cwc_minecraft_green_rn"}, {"Y": 0, "X": -1, "Z": -4, "Type": "cwc_minecraft_green_rn"}, {"Y": 0, "X": 0, "Z": -4, "Type": "cwc_minecraft_green_rn"}, {"Y": 0, "X": 1, "Z": -4, "Type": "cwc_minecraft_green_rn"}, {"Y": 0, "X": -1, "Z": -3, "Type": "cwc_minecraft_green_rn"}, {"Y": 0, "X": 0, "Z": -3, "Type": "cwc_minecraft_green_rn"}, {"Y": 0, "X": 1, "Z": -3, "Type": "cwc_minecraft_green_rn"}], "DistanceTravelled": 2025, "BuilderInventory": [{"Index": 0, "Type": "cwc_minecraft_red_rn", "Quantity": 20}, {"Index": 1, "Type": "cwc_minecraft_orange_rn", "Quantity": 20}, {"Index": 2, "Type": "cwc_minecraft_yellow_rn", "Quantity": 20}, {"Index": 3, "Type": "cwc_minecraft_green_rn", "Quantity": 7}, {"Index": 4, "Type": "cwc_minecraft_blue_rn", "Quantity": 20}, {"Index": 5, "Type": "cwc_minecraft_purple_rn", "Quantity": 20}], "Pitch": 29.850004}, {"BuilderGridAbsolute": [{"Y": 1, "X": 0, "Z": 0, "Type": "cwc_minecraft_green_rn"}, {"Y": 1, "X": 2, "Z": 0, "Type": "cwc_minecraft_green_rn"}, {"Y": 1, "X": 1, "Z": 2, "Type": "cwc_minecraft_green_rn"}, {"Y": 2, "X": 1, "Z": 1, "Type": "cwc_minecraft_green_rn"}, {"Y": 3, "X": 0, "Z": 0, "Type": "cwc_minecraft_green_rn"}, {"Y": 3, "X": 1, "Z": 0, "Type": "cwc_minecraft_green_rn"}, {"Y": 3, "X": 2, "Z": 0, "Type": "cwc_minecraft_green_rn"}, {"Y": 3, "X": 0, "Z": 1, "Type": "cwc_minecraft_green_rn"}, {"Y": 3, "X": 1, "Z": 1, "Type": "cwc_minecraft_green_rn"}, {"Y": 3, "X": 2, "Z": 1, "Type": "cwc_minecraft_green_rn"}, {"Y": 3, "X": 0, "Z": 2, "Type": "cwc_minecraft_green_rn"}, {"Y": 3, "X": 1, "Z": 2, "Type": "cwc_minecraft_green_rn"}, {"Y": 3, "X": 2, "Z": 2, "Type": "cwc_minecraft_green_rn"}, {"Y": 4, "X": 0, "Z": 2, "Type": "cwc_minecraft_green_rn"}], "XPos": 1.4386039382622278, "TimeAlive": 8147, "ZPos": 5.186069892224882, "Timestamp": "2018-04-13 14:31:57", "Yaw": -195.0, "YPos": 4.2340943057772895, "ScreenshotPath": "395159-Builder-putdown.png", "BuilderGridRelative": [{"Y": -3, "X": -1, "Z": -5, "Type": "cwc_minecraft_green_rn"}, {"Y": -3, "X": 1, "Z": -5, "Type": "cwc_minecraft_green_rn"}, {"Y": -3, "X": 0, "Z": -3, "Type": "cwc_minecraft_green_rn"}, {"Y": -2, "X": 0, "Z": -4, "Type": "cwc_minecraft_green_rn"}, {"Y": -1, "X": -1, "Z": -5, "Type": "cwc_minecraft_green_rn"}, {"Y": -1, "X": 0, "Z": -5, "Type": "cwc_minecraft_green_rn"}, {"Y": -1, "X": 1, "Z": -5, "Type": "cwc_minecraft_green_rn"}, {"Y": -1, "X": -1, "Z": -4, "Type": "cwc_minecraft_green_rn"}, {"Y": -1, "X": 0, "Z": -4, "Type": "cwc_minecraft_green_rn"}, {"Y": -1, "X": 1, "Z": -4, "Type": "cwc_minecraft_green_rn"}, {"Y": -1, "X": -1, "Z": -3, "Type": "cwc_minecraft_green_rn"}, {"Y": -1, "X": 0, "Z": -3, "Type": "cwc_minecraft_green_rn"}, {"Y": -1, "X": 1, "Z": -3, "Type": "cwc_minecraft_green_rn"}, {"Y": 0, "X": -1, "Z": -3, "Type": "cwc_minecraft_green_rn"}], "DistanceTravelled": 2025, "BuilderInventory": [{"Index": 0, "Type": "cwc_minecraft_red_rn", "Quantity": 20}, {"Index": 1, "Type": "cwc_minecraft_orange_rn", "Quantity": 20}, {"Index": 2, "Type": "cwc_minecraft_yellow_rn", "Quantity": 20}, {"Index": 3, "Type": "cwc_minecraft_green_rn", "Quantity": 6}, {"Index": 4, "Type": "cwc_minecraft_blue_rn", "Quantity": 20}, {"Index": 5, "Type": "cwc_minecraft_purple_rn", "Quantity": 20}], "Pitch": 32.100002}, {"BuilderGridAbsolute": [{"Y": 1, "X": 0, "Z": 0, "Type": "cwc_minecraft_green_rn"}, {"Y": 1, "X": 2, "Z": 0, "Type": "cwc_minecraft_green_rn"}, {"Y": 1, "X": 1, "Z": 2, "Type": "cwc_minecraft_green_rn"}, {"Y": 2, "X": 1, "Z": 1, "Type": "cwc_minecraft_green_rn"}, {"Y": 3, "X": 0, "Z": 0, "Type": "cwc_minecraft_green_rn"}, {"Y": 3, "X": 1, "Z": 0, "Type": "cwc_minecraft_green_rn"}, {"Y": 3, "X": 2, "Z": 0, "Type": "cwc_minecraft_green_rn"}, {"Y": 3, "X": 0, "Z": 1, "Type": "cwc_minecraft_green_rn"}, {"Y": 3, "X": 1, "Z": 1, "Type": "cwc_minecraft_green_rn"}, {"Y": 3, "X": 2, "Z": 1, "Type": "cwc_minecraft_green_rn"}, {"Y": 3, "X": 0, "Z": 2, "Type": "cwc_minecraft_green_rn"}, {"Y": 3, "X": 1, "Z": 2, "Type": "cwc_minecraft_green_rn"}, {"Y": 3, "X": 2, "Z": 2, "Type": "cwc_minecraft_green_rn"}, {"Y": 4, "X": 0, "Z": 2, "Type": "cwc_minecraft_green_rn"}, {"Y": 4, "X": 1, "Z": 2, "Type": "cwc_minecraft_green_rn"}], "XPos": 1.4386039382622278, "TimeAlive": 8166, "ZPos": 5.186069892224882, "Timestamp": "2018-04-13 14:31:58", "Yaw": -183.59998, "YPos": 4.2340943057772895, "ScreenshotPath": "396111-Builder-putdown.png", "BuilderGridRelative": [{"Y": -3, "X": -1, "Z": -5, "Type": "cwc_minecraft_green_rn"}, {"Y": -3, "X": 1, "Z": -5, "Type": "cwc_minecraft_green_rn"}, {"Y": -3, "X": 0, "Z": -3, "Type": "cwc_minecraft_green_rn"}, {"Y": -2, "X": 0, "Z": -4, "Type": "cwc_minecraft_green_rn"}, {"Y": -1, "X": -1, "Z": -5, "Type": "cwc_minecraft_green_rn"}, {"Y": -1, "X": 0, "Z": -5, "Type": "cwc_minecraft_green_rn"}, {"Y": -1, "X": 1, "Z": -5, "Type": "cwc_minecraft_green_rn"}, {"Y": -1, "X": -1, "Z": -4, "Type": "cwc_minecraft_green_rn"}, {"Y": -1, "X": 0, "Z": -4, "Type": "cwc_minecraft_green_rn"}, {"Y": -1, "X": 1, "Z": -4, "Type": "cwc_minecraft_green_rn"}, {"Y": -1, "X": -1, "Z": -3, "Type": "cwc_minecraft_green_rn"}, {"Y": -1, "X": 0, "Z": -3, "Type": "cwc_minecraft_green_rn"}, {"Y": -1, "X": 1, "Z": -3, "Type": "cwc_minecraft_green_rn"}, {"Y": 0, "X": -1, "Z": -3, "Type": "cwc_minecraft_green_rn"}, {"Y": 0, "X": 0, "Z": -3, "Type": "cwc_minecraft_green_rn"}], "DistanceTravelled": 2025, "BuilderInventory": [{"Index": 0, "Type": "cwc_minecraft_red_rn", "Quantity": 20}, {"Index": 1, "Type": "cwc_minecraft_orange_rn", "Quantity": 20}, {"Index": 2, "Type": "cwc_minecraft_yellow_rn", "Quantity": 20}, {"Index": 3, "Type": "cwc_minecraft_green_rn", "Quantity": 5}, {"Index": 4, "Type": "cwc_minecraft_blue_rn", "Quantity": 20}, {"Index": 5, "Type": "cwc_minecraft_purple_rn", "Quantity": 20}], "Pitch": 34.35001}, {"BuilderGridAbsolute": [{"Y": 1, "X": 0, "Z": 0, "Type": "cwc_minecraft_green_rn"}, {"Y": 1, "X": 2, "Z": 0, "Type": "cwc_minecraft_green_rn"}, {"Y": 1, "X": 1, "Z": 2, "Type": "cwc_minecraft_green_rn"}, {"Y": 2, "X": 1, "Z": 1, "Type": "cwc_minecraft_green_rn"}, {"Y": 3, "X": 0, "Z": 0, "Type": "cwc_minecraft_green_rn"}, {"Y": 3, "X": 1, "Z": 0, "Type": "cwc_minecraft_green_rn"}, {"Y": 3, "X": 2, "Z": 0, "Type": "cwc_minecraft_green_rn"}, {"Y": 3, "X": 0, "Z": 1, "Type": "cwc_minecraft_green_rn"}, {"Y": 3, "X": 1, "Z": 1, "Type": "cwc_minecraft_green_rn"}, {"Y": 3, "X": 2, "Z": 1, "Type": "cwc_minecraft_green_rn"}, {"Y": 3, "X": 0, "Z": 2, "Type": "cwc_minecraft_green_rn"}, {"Y": 3, "X": 1, "Z": 2, "Type": "cwc_minecraft_green_rn"}, {"Y": 3, "X": 2, "Z": 2, "Type": "cwc_minecraft_green_rn"}, {"Y": 4, "X": 0, "Z": 2, "Type": "cwc_minecraft_green_rn"}, {"Y": 4, "X": 1, "Z": 2, "Type": "cwc_minecraft_green_rn"}, {"Y": 4, "X": 2, "Z": 2, "Type": "cwc_minecraft_green_rn"}], "XPos": 1.4386039382622278, "TimeAlive": 8191, "ZPos": 5.186069892224882, "Timestamp": "2018-04-13 14:31:59", "Yaw": -160.04999, "YPos": 4.2340943057772895, "ScreenshotPath": "397359-Builder-putdown.png", "BuilderGridRelative": [{"Y": -3, "X": -1, "Z": -5, "Type": "cwc_minecraft_green_rn"}, {"Y": -3, "X": 1, "Z": -5, "Type": "cwc_minecraft_green_rn"}, {"Y": -3, "X": 0, "Z": -3, "Type": "cwc_minecraft_green_rn"}, {"Y": -2, "X": 0, "Z": -4, "Type": "cwc_minecraft_green_rn"}, {"Y": -1, "X": -1, "Z": -5, "Type": "cwc_minecraft_green_rn"}, {"Y": -1, "X": 0, "Z": -5, "Type": "cwc_minecraft_green_rn"}, {"Y": -1, "X": 1, "Z": -5, "Type": "cwc_minecraft_green_rn"}, {"Y": -1, "X": -1, "Z": -4, "Type": "cwc_minecraft_green_rn"}, {"Y": -1, "X": 0, "Z": -4, "Type": "cwc_minecraft_green_rn"}, {"Y": -1, "X": 1, "Z": -4, "Type": "cwc_minecraft_green_rn"}, {"Y": -1, "X": -1, "Z": -3, "Type": "cwc_minecraft_green_rn"}, {"Y": -1, "X": 0, "Z": -3, "Type": "cwc_minecraft_green_rn"}, {"Y": -1, "X": 1, "Z": -3, "Type": "cwc_minecraft_green_rn"}, {"Y": 0, "X": -1, "Z": -3, "Type": "cwc_minecraft_green_rn"}, {"Y": 0, "X": 0, "Z": -3, "Type": "cwc_minecraft_green_rn"}, {"Y": 0, "X": 1, "Z": -3, "Type": "cwc_minecraft_green_rn"}], "DistanceTravelled": 2025, "BuilderInventory": [{"Index": 0, "Type": "cwc_minecraft_red_rn", "Quantity": 20}, {"Index": 1, "Type": "cwc_minecraft_orange_rn", "Quantity": 20}, {"Index": 2, "Type": "cwc_minecraft_yellow_rn", "Quantity": 20}, {"Index": 3, "Type": "cwc_minecraft_green_rn", "Quantity": 4}, {"Index": 4, "Type": "cwc_minecraft_blue_rn", "Quantity": 20}, {"Index": 5, "Type": "cwc_minecraft_purple_rn", "Quantity": 20}], "Pitch": 33.45001}, {"BuilderGridAbsolute": [{"Y": 1, "X": 0, "Z": 0, "Type": "cwc_minecraft_green_rn"}, {"Y": 1, "X": 2, "Z": 0, "Type": "cwc_minecraft_green_rn"}, {"Y": 1, "X": 1, "Z": 2, "Type": "cwc_minecraft_green_rn"}, {"Y": 2, "X": 1, "Z": 1, "Type": "cwc_minecraft_green_rn"}, {"Y": 3, "X": 0, "Z": 0, "Type": "cwc_minecraft_green_rn"}, {"Y": 3, "X": 1, "Z": 0, "Type": "cwc_minecraft_green_rn"}, {"Y": 3, "X": 2, "Z": 0, "Type": "cwc_minecraft_green_rn"}, {"Y": 3, "X": 0, "Z": 1, "Type": "cwc_minecraft_green_rn"}, {"Y": 3, "X": 1, "Z": 1, "Type": "cwc_minecraft_green_rn"}, {"Y": 3, "X": 2, "Z": 1, "Type": "cwc_minecraft_green_rn"}, {"Y": 3, "X": 0, "Z": 2, "Type": "cwc_minecraft_green_rn"}, {"Y": 3, "X": 1, "Z": 2, "Type": "cwc_minecraft_green_rn"}, {"Y": 3, "X": 2, "Z": 2, "Type": "cwc_minecraft_green_rn"}, {"Y": 4, "X": 0, "Z": 2, "Type": "cwc_minecraft_green_rn"}, {"Y": 4, "X": 1, "Z": 2, "Type": "cwc_minecraft_green_rn"}, {"Y": 4, "X": 2, "Z": 2, "Type": "cwc_minecraft_green_rn"}, {"Y": 5, "X": 2, "Z": 2, "Type": "cwc_minecraft_green_rn"}], "XPos": 1.4386039382622278, "TimeAlive": 8216, "ZPos": 5.186069892224882, "Timestamp": "2018-04-13 14:32:00", "Yaw": -158.54987, "YPos": 4.2340943057772895, "ScreenshotPath": "398608-Builder-putdown.png", "BuilderGridRelative": [{"Y": -3, "X": -1, "Z": -5, "Type": "cwc_minecraft_green_rn"}, {"Y": -3, "X": 1, "Z": -5, "Type": "cwc_minecraft_green_rn"}, {"Y": -3, "X": 0, "Z": -3, "Type": "cwc_minecraft_green_rn"}, {"Y": -2, "X": 0, "Z": -4, "Type": "cwc_minecraft_green_rn"}, {"Y": -1, "X": -1, "Z": -5, "Type": "cwc_minecraft_green_rn"}, {"Y": -1, "X": 0, "Z": -5, "Type": "cwc_minecraft_green_rn"}, {"Y": -1, "X": 1, "Z": -5, "Type": "cwc_minecraft_green_rn"}, {"Y": -1, "X": -1, "Z": -4, "Type": "cwc_minecraft_green_rn"}, {"Y": -1, "X": 0, "Z": -4, "Type": "cwc_minecraft_green_rn"}, {"Y": -1, "X": 1, "Z": -4, "Type": "cwc_minecraft_green_rn"}, {"Y": -1, "X": -1, "Z": -3, "Type": "cwc_minecraft_green_rn"}, {"Y": -1, "X": 0, "Z": -3, "Type": "cwc_minecraft_green_rn"}, {"Y": -1, "X": 1, "Z": -3, "Type": "cwc_minecraft_green_rn"}, {"Y": 0, "X": -1, "Z": -3, "Type": "cwc_minecraft_green_rn"}, {"Y": 0, "X": 0, "Z": -3, "Type": "cwc_minecraft_green_rn"}, {"Y": 0, "X": 1, "Z": -3, "Type": "cwc_minecraft_green_rn"}, {"Y": 1, "X": 1, "Z": -3, "Type": "cwc_minecraft_green_rn"}], "DistanceTravelled": 2025, "BuilderInventory": [{"Index": 0, "Type": "cwc_minecraft_red_rn", "Quantity": 20}, {"Index": 1, "Type": "cwc_minecraft_orange_rn", "Quantity": 20}, {"Index": 2, "Type": "cwc_minecraft_yellow_rn", "Quantity": 20}, {"Index": 3, "Type": "cwc_minecraft_green_rn", "Quantity": 3}, {"Index": 4, "Type": "cwc_minecraft_blue_rn", "Quantity": 20}, {"Index": 5, "Type": "cwc_minecraft_purple_rn", "Quantity": 20}], "Pitch": 15.600009}, {"BuilderGridAbsolute": [{"Y": 1, "X": 0, "Z": 0, "Type": "cwc_minecraft_green_rn"}, {"Y": 1, "X": 2, "Z": 0, "Type": "cwc_minecraft_green_rn"}, {"Y": 1, "X": 1, "Z": 2, "Type": "cwc_minecraft_green_rn"}, {"Y": 2, "X": 1, "Z": 1, "Type": "cwc_minecraft_green_rn"}, {"Y": 3, "X": 0, "Z": 0, "Type": "cwc_minecraft_green_rn"}, {"Y": 3, "X": 1, "Z": 0, "Type": "cwc_minecraft_green_rn"}, {"Y": 3, "X": 2, "Z": 0, "Type": "cwc_minecraft_green_rn"}, {"Y": 3, "X": 0, "Z": 1, "Type": "cwc_minecraft_green_rn"}, {"Y": 3, "X": 1, "Z": 1, "Type": "cwc_minecraft_green_rn"}, {"Y": 3, "X": 2, "Z": 1, "Type": "cwc_minecraft_green_rn"}, {"Y": 3, "X": 0, "Z": 2, "Type": "cwc_minecraft_green_rn"}, {"Y": 3, "X": 1, "Z": 2, "Type": "cwc_minecraft_green_rn"}, {"Y": 3, "X": 2, "Z": 2, "Type": "cwc_minecraft_green_rn"}, {"Y": 4, "X": 0, "Z": 2, "Type": "cwc_minecraft_green_rn"}, {"Y": 4, "X": 1, "Z": 2, "Type": "cwc_minecraft_green_rn"}, {"Y": 4, "X": 2, "Z": 2, "Type": "cwc_minecraft_green_rn"}, {"Y": 5, "X": 1, "Z": 2, "Type": "cwc_minecraft_green_rn"}, {"Y": 5, "X": 2, "Z": 2, "Type": "cwc_minecraft_green_rn"}], "XPos": 1.4386039382622278, "TimeAlive": 8241, "ZPos": 5.186069892224882, "Timestamp": "2018-04-13 14:32:01", "Yaw": -179.99994, "YPos": 4.2340943057772895, "ScreenshotPath": "399859-Builder-putdown.png", "BuilderGridRelative": [{"Y": -3, "X": -1, "Z": -5, "Type": "cwc_minecraft_green_rn"}, {"Y": -3, "X": 1, "Z": -5, "Type": "cwc_minecraft_green_rn"}, {"Y": -3, "X": 0, "Z": -3, "Type": "cwc_minecraft_green_rn"}, {"Y": -2, "X": 0, "Z": -4, "Type": "cwc_minecraft_green_rn"}, {"Y": -1, "X": -1, "Z": -5, "Type": "cwc_minecraft_green_rn"}, {"Y": -1, "X": 0, "Z": -5, "Type": "cwc_minecraft_green_rn"}, {"Y": -1, "X": 1, "Z": -5, "Type": "cwc_minecraft_green_rn"}, {"Y": -1, "X": -1, "Z": -4, "Type": "cwc_minecraft_green_rn"}, {"Y": -1, "X": 0, "Z": -4, "Type": "cwc_minecraft_green_rn"}, {"Y": -1, "X": 1, "Z": -4, "Type": "cwc_minecraft_green_rn"}, {"Y": -1, "X": -1, "Z": -3, "Type": "cwc_minecraft_green_rn"}, {"Y": -1, "X": 0, "Z": -3, "Type": "cwc_minecraft_green_rn"}, {"Y": -1, "X": 1, "Z": -3, "Type": "cwc_minecraft_green_rn"}, {"Y": 0, "X": -1, "Z": -3, "Type": "cwc_minecraft_green_rn"}, {"Y": 0, "X": 0, "Z": -3, "Type": "cwc_minecraft_green_rn"}, {"Y": 0, "X": 1, "Z": -3, "Type": "cwc_minecraft_green_rn"}, {"Y": 1, "X": 0, "Z": -3, "Type": "cwc_minecraft_green_rn"}, {"Y": 1, "X": 1, "Z": -3, "Type": "cwc_minecraft_green_rn"}], "DistanceTravelled": 2025, "BuilderInventory": [{"Index": 0, "Type": "cwc_minecraft_red_rn", "Quantity": 20}, {"Index": 1, "Type": "cwc_minecraft_orange_rn", "Quantity": 20}, {"Index": 2, "Type": "cwc_minecraft_yellow_rn", "Quantity": 20}, {"Index": 3, "Type": "cwc_minecraft_green_rn", "Quantity": 2}, {"Index": 4, "Type": "cwc_minecraft_blue_rn", "Quantity": 20}, {"Index": 5, "Type": "cwc_minecraft_purple_rn", "Quantity": 20}], "Pitch": 18.600008}, {"BuilderGridAbsolute": [{"Y": 1, "X": 0, "Z": 0, "Type": "cwc_minecraft_green_rn"}, {"Y": 1, "X": 2, "Z": 0, "Type": "cwc_minecraft_green_rn"}, {"Y": 1, "X": 1, "Z": 2, "Type": "cwc_minecraft_green_rn"}, {"Y": 2, "X": 1, "Z": 1, "Type": "cwc_minecraft_green_rn"}, {"Y": 3, "X": 0, "Z": 0, "Type": "cwc_minecraft_green_rn"}, {"Y": 3, "X": 1, "Z": 0, "Type": "cwc_minecraft_green_rn"}, {"Y": 3, "X": 2, "Z": 0, "Type": "cwc_minecraft_green_rn"}, {"Y": 3, "X": 0, "Z": 1, "Type": "cwc_minecraft_green_rn"}, {"Y": 3, "X": 1, "Z": 1, "Type": "cwc_minecraft_green_rn"}, {"Y": 3, "X": 2, "Z": 1, "Type": "cwc_minecraft_green_rn"}, {"Y": 3, "X": 0, "Z": 2, "Type": "cwc_minecraft_green_rn"}, {"Y": 3, "X": 1, "Z": 2, "Type": "cwc_minecraft_green_rn"}, {"Y": 3, "X": 2, "Z": 2, "Type": "cwc_minecraft_green_rn"}, {"Y": 4, "X": 0, "Z": 2, "Type": "cwc_minecraft_green_rn"}, {"Y": 4, "X": 1, "Z": 2, "Type": "cwc_minecraft_green_rn"}, {"Y": 4, "X": 2, "Z": 2, "Type": "cwc_minecraft_green_rn"}, {"Y": 5, "X": 0, "Z": 2, "Type": "cwc_minecraft_green_rn"}, {"Y": 5, "X": 1, "Z": 2, "Type": "cwc_minecraft_green_rn"}, {"Y": 5, "X": 2, "Z": 2, "Type": "cwc_minecraft_green_rn"}], "XPos": 1.4386039382622278, "TimeAlive": 8262, "ZPos": 5.186069892224882, "Timestamp": "2018-04-13 14:32:02", "Yaw": -196.95001, "YPos": 4.2340943057772895, "ScreenshotPath": "400908-Builder-putdown.png", "BuilderGridRelative": [{"Y": -3, "X": -1, "Z": -5, "Type": "cwc_minecraft_green_rn"}, {"Y": -3, "X": 1, "Z": -5, "Type": "cwc_minecraft_green_rn"}, {"Y": -3, "X": 0, "Z": -3, "Type": "cwc_minecraft_green_rn"}, {"Y": -2, "X": 0, "Z": -4, "Type": "cwc_minecraft_green_rn"}, {"Y": -1, "X": -1, "Z": -5, "Type": "cwc_minecraft_green_rn"}, {"Y": -1, "X": 0, "Z": -5, "Type": "cwc_minecraft_green_rn"}, {"Y": -1, "X": 1, "Z": -5, "Type": "cwc_minecraft_green_rn"}, {"Y": -1, "X": -1, "Z": -4, "Type": "cwc_minecraft_green_rn"}, {"Y": -1, "X": 0, "Z": -4, "Type": "cwc_minecraft_green_rn"}, {"Y": -1, "X": 1, "Z": -4, "Type": "cwc_minecraft_green_rn"}, {"Y": -1, "X": -1, "Z": -3, "Type": "cwc_minecraft_green_rn"}, {"Y": -1, "X": 0, "Z": -3, "Type": "cwc_minecraft_green_rn"}, {"Y": -1, "X": 1, "Z": -3, "Type": "cwc_minecraft_green_rn"}, {"Y": 0, "X": -1, "Z": -3, "Type": "cwc_minecraft_green_rn"}, {"Y": 0, "X": 0, "Z": -3, "Type": "cwc_minecraft_green_rn"}, {"Y": 0, "X": 1, "Z": -3, "Type": "cwc_minecraft_green_rn"}, {"Y": 1, "X": -1, "Z": -3, "Type": "cwc_minecraft_green_rn"}, {"Y": 1, "X": 0, "Z": -3, "Type": "cwc_minecraft_green_rn"}, {"Y": 1, "X": 1, "Z": -3, "Type": "cwc_minecraft_green_rn"}], "DistanceTravelled": 2025, "BuilderInventory": [{"Index": 0, "Type": "cwc_minecraft_red_rn", "Quantity": 20}, {"Index": 1, "Type": "cwc_minecraft_orange_rn", "Quantity": 20}, {"Index": 2, "Type": "cwc_minecraft_yellow_rn", "Quantity": 20}, {"Index": 3, "Type": "cwc_minecraft_green_rn", "Quantity": 1}, {"Index": 4, "Type": "cwc_minecraft_blue_rn", "Quantity": 20}, {"Index": 5, "Type": "cwc_minecraft_purple_rn", "Quantity": 20}], "Pitch": 15.900011}, {"Timestamp": "2018-04-13 14:32:05", "Chat": ["<Architect> Done!"], "ScreenshotPath": "403510-Builder-chat.png"}, {"BuilderGridAbsolute": [{"Y": 1, "X": 0, "Z": 0, "Type": "cwc_minecraft_green_rn"}, {"Y": 1, "X": 2, "Z": 0, "Type": "cwc_minecraft_green_rn"}, {"Y": 1, "X": 1, "Z": 2, "Type": "cwc_minecraft_green_rn"}, {"Y": 2, "X": 1, "Z": 1, "Type": "cwc_minecraft_green_rn"}, {"Y": 3, "X": 0, "Z": 0, "Type": "cwc_minecraft_green_rn"}, {"Y": 3, "X": 1, "Z": 0, "Type": "cwc_minecraft_green_rn"}, {"Y": 3, "X": 2, "Z": 0, "Type": "cwc_minecraft_green_rn"}, {"Y": 3, "X": 0, "Z": 1, "Type": "cwc_minecraft_green_rn"}, {"Y": 3, "X": 1, "Z": 1, "Type": "cwc_minecraft_green_rn"}, {"Y": 3, "X": 2, "Z": 1, "Type": "cwc_minecraft_green_rn"}, {"Y": 3, "X": 0, "Z": 2, "Type": "cwc_minecraft_green_rn"}, {"Y": 3, "X": 1, "Z": 2, "Type": "cwc_minecraft_green_rn"}, {"Y": 3, "X": 2, "Z": 2, "Type": "cwc_minecraft_green_rn"}, {"Y": 4, "X": 0, "Z": 2, "Type": "cwc_minecraft_green_rn"}, {"Y": 4, "X": 1, "Z": 2, "Type": "cwc_minecraft_green_rn"}, {"Y": 4, "X": 2, "Z": 2, "Type": "cwc_minecraft_green_rn"}, {"Y": 5, "X": 0, "Z": 2, "Type": "cwc_minecraft_green_rn"}, {"Y": 5, "X": 1, "Z": 2, "Type": "cwc_minecraft_green_rn"}, {"Y": 5, "X": 2, "Z": 2, "Type": "cwc_minecraft_green_rn"}], "XPos": 1.4386039382622278, "TimeAlive": 8315, "ZPos": 5.186069892224882, "Timestamp": "2018-04-13 14:32:05", "Yaw": -168.30005, "YPos": 4.2340943057772895, "BuilderGridRelative": [{"Y": -3, "X": -1, "Z": -5, "Type": "cwc_minecraft_green_rn"}, {"Y": -3, "X": 1, "Z": -5, "Type": "cwc_minecraft_green_rn"}, {"Y": -3, "X": 0, "Z": -3, "Type": "cwc_minecraft_green_rn"}, {"Y": -2, "X": 0, "Z": -4, "Type": "cwc_minecraft_green_rn"}, {"Y": -1, "X": -1, "Z": -5, "Type": "cwc_minecraft_green_rn"}, {"Y": -1, "X": 0, "Z": -5, "Type": "cwc_minecraft_green_rn"}, {"Y": -1, "X": 1, "Z": -5, "Type": "cwc_minecraft_green_rn"}, {"Y": -1, "X": -1, "Z": -4, "Type": "cwc_minecraft_green_rn"}, {"Y": -1, "X": 0, "Z": -4, "Type": "cwc_minecraft_green_rn"}, {"Y": -1, "X": 1, "Z": -4, "Type": "cwc_minecraft_green_rn"}, {"Y": -1, "X": -1, "Z": -3, "Type": "cwc_minecraft_green_rn"}, {"Y": -1, "X": 0, "Z": -3, "Type": "cwc_minecraft_green_rn"}, {"Y": -1, "X": 1, "Z": -3, "Type": "cwc_minecraft_green_rn"}, {"Y": 0, "X": -1, "Z": -3, "Type": "cwc_minecraft_green_rn"}, {"Y": 0, "X": 0, "Z": -3, "Type": "cwc_minecraft_green_rn"}, {"Y": 0, "X": 1, "Z": -3, "Type": "cwc_minecraft_green_rn"}, {"Y": 1, "X": -1, "Z": -3, "Type": "cwc_minecraft_green_rn"}, {"Y": 1, "X": 0, "Z": -3, "Type": "cwc_minecraft_green_rn"}, {"Y": 1, "X": 1, "Z": -3, "Type": "cwc_minecraft_green_rn"}], "DistanceTravelled": 2025, "BuilderInventory": [{"Index": 0, "Type": "cwc_minecraft_red_rn", "Quantity": 20}, {"Index": 1, "Type": "cwc_minecraft_orange_rn", "Quantity": 20}, {"Index": 2, "Type": "cwc_minecraft_yellow_rn", "Quantity": 20}, {"Index": 3, "Type": "cwc_minecraft_green_rn", "Quantity": 1}, {"Index": 4, "Type": "cwc_minecraft_blue_rn", "Quantity": 20}, {"Index": 5, "Type": "cwc_minecraft_purple_rn", "Quantity": 20}], "Pitch": 26.250011}, {"Timestamp": "2018-04-13 14:32:10", "Chat": ["<Builder> great!"], "ScreenshotPath": "408357-Builder-chat.png"}, {"BuilderGridAbsolute": [{"Y": 1, "X": 0, "Z": 0, "Type": "cwc_minecraft_green_rn"}, {"Y": 1, "X": 2, "Z": 0, "Type": "cwc_minecraft_green_rn"}, {"Y": 1, "X": 1, "Z": 2, "Type": "cwc_minecraft_green_rn"}, {"Y": 2, "X": 1, "Z": 1, "Type": "cwc_minecraft_green_rn"}, {"Y": 3, "X": 0, "Z": 0, "Type": "cwc_minecraft_green_rn"}, {"Y": 3, "X": 1, "Z": 0, "Type": "cwc_minecraft_green_rn"}, {"Y": 3, "X": 2, "Z": 0, "Type": "cwc_minecraft_green_rn"}, {"Y": 3, "X": 0, "Z": 1, "Type": "cwc_minecraft_green_rn"}, {"Y": 3, "X": 1, "Z": 1, "Type": "cwc_minecraft_green_rn"}, {"Y": 3, "X": 2, "Z": 1, "Type": "cwc_minecraft_green_rn"}, {"Y": 3, "X": 0, "Z": 2, "Type": "cwc_minecraft_green_rn"}, {"Y": 3, "X": 1, "Z": 2, "Type": "cwc_minecraft_green_rn"}, {"Y": 3, "X": 2, "Z": 2, "Type": "cwc_minecraft_green_rn"}, {"Y": 4, "X": 0, "Z": 2, "Type": "cwc_minecraft_green_rn"}, {"Y": 4, "X": 1, "Z": 2, "Type": "cwc_minecraft_green_rn"}, {"Y": 4, "X": 2, "Z": 2, "Type": "cwc_minecraft_green_rn"}, {"Y": 5, "X": 0, "Z": 2, "Type": "cwc_minecraft_green_rn"}, {"Y": 5, "X": 1, "Z": 2, "Type": "cwc_minecraft_green_rn"}, {"Y": 5, "X": 2, "Z": 2, "Type": "cwc_minecraft_green_rn"}], "XPos": 1.4386039382622278, "TimeAlive": 8412, "ZPos": 5.186069892224882, "Timestamp": "2018-04-13 14:32:10", "Yaw": -169.3501, "YPos": 4.2340943057772895, "BuilderGridRelative": [{"Y": -3, "X": -1, "Z": -5, "Type": "cwc_minecraft_green_rn"}, {"Y": -3, "X": 1, "Z": -5, "Type": "cwc_minecraft_green_rn"}, {"Y": -3, "X": 0, "Z": -3, "Type": "cwc_minecraft_green_rn"}, {"Y": -2, "X": 0, "Z": -4, "Type": "cwc_minecraft_green_rn"}, {"Y": -1, "X": -1, "Z": -5, "Type": "cwc_minecraft_green_rn"}, {"Y": -1, "X": 0, "Z": -5, "Type": "cwc_minecraft_green_rn"}, {"Y": -1, "X": 1, "Z": -5, "Type": "cwc_minecraft_green_rn"}, {"Y": -1, "X": -1, "Z": -4, "Type": "cwc_minecraft_green_rn"}, {"Y": -1, "X": 0, "Z": -4, "Type": "cwc_minecraft_green_rn"}, {"Y": -1, "X": 1, "Z": -4, "Type": "cwc_minecraft_green_rn"}, {"Y": -1, "X": -1, "Z": -3, "Type": "cwc_minecraft_green_rn"}, {"Y": -1, "X": 0, "Z": -3, "Type": "cwc_minecraft_green_rn"}, {"Y": -1, "X": 1, "Z": -3, "Type": "cwc_minecraft_green_rn"}, {"Y": 0, "X": -1, "Z": -3, "Type": "cwc_minecraft_green_rn"}, {"Y": 0, "X": 0, "Z": -3, "Type": "cwc_minecraft_green_rn"}, {"Y": 0, "X": 1, "Z": -3, "Type": "cwc_minecraft_green_rn"}, {"Y": 1, "X": -1, "Z": -3, "Type": "cwc_minecraft_green_rn"}, {"Y": 1, "X": 0, "Z": -3, "Type": "cwc_minecraft_green_rn"}, {"Y": 1, "X": 1, "Z": -3, "Type": "cwc_minecraft_green_rn"}], "DistanceTravelled": 2025, "BuilderInventory": [{"Index": 0, "Type": "cwc_minecraft_red_rn", "Quantity": 20}, {"Index": 1, "Type": "cwc_minecraft_orange_rn", "Quantity": 20}, {"Index": 2, "Type": "cwc_minecraft_yellow_rn", "Quantity": 20}, {"Index": 3, "Type": "cwc_minecraft_green_rn", "Quantity": 1}, {"Index": 4, "Type": "cwc_minecraft_blue_rn", "Quantity": 20}, {"Index": 5, "Type": "cwc_minecraft_purple_rn", "Quantity": 20}], "Pitch": 26.250011}], "NumFixedViewers": 4, "TimeElapsed": 439.43369007110596}