{"WorldStates": [{"BuilderPosition": {"Y": 1.0, "X": -0.0010147270513698459, "Yaw": -0.15, "Z": -0.824932914111803, "Pitch": 0.0}, "ChatHistory": ["<Builder> Mission has started."], "Timestamp": "2018-04-12 22:45:58", "BlocksInGrid": [], "ScreenshotPath": "0-Builder-chat.png", "BuilderInventory": [{"Index": 0, "Type": "cwc_minecraft_red_rn", "Quantity": 20}, {"Index": 1, "Type": "cwc_minecraft_orange_rn", "Quantity": 20}, {"Index": 2, "Type": "cwc_minecraft_yellow_rn", "Quantity": 20}, {"Index": 3, "Type": "cwc_minecraft_green_rn", "Quantity": 20}, {"Index": 4, "Type": "cwc_minecraft_blue_rn", "Quantity": 20}, {"Index": 5, "Type": "cwc_minecraft_purple_rn", "Quantity": 20}]}, {"BuilderPosition": {"Y": 1.0, "X": -0.0015220905770547688, "Yaw": -0.15, "Z": -1.2840553286804093, "Pitch": 0.0}, "ChatHistory": ["<Builder> Mission has started.", "<Builder> hello"], "Timestamp": "2018-04-12 22:46:01", "BlocksInGrid": [], "ScreenshotPath": "2344-Builder-chat.png", "BuilderInventory": [{"Index": 0, "Type": "cwc_minecraft_red_rn", "Quantity": 20}, {"Index": 1, "Type": "cwc_minecraft_orange_rn", "Quantity": 20}, {"Index": 2, "Type": "cwc_minecraft_yellow_rn", "Quantity": 20}, {"Index": 3, "Type": "cwc_minecraft_green_rn", "Quantity": 20}, {"Index": 4, "Type": "cwc_minecraft_blue_rn", "Quantity": 20}, {"Index": 5, "Type": "cwc_minecraft_purple_rn", "Quantity": 20}]}, {"BuilderPosition": {"Y": 1.0, "X": -0.0026167928344624225, "Yaw": 2.699992, "Z": -2.1427715232053828, "Pitch": 21.45001}, "ChatHistory": ["<Builder> Mission has started.", "<Builder> hello", "<Architect> hi"], "Timestamp": "2018-04-12 22:46:34", "BlocksInGrid": [], "ScreenshotPath": "35507-Builder-chat.png", "BuilderInventory": [{"Index": 0, "Type": "cwc_minecraft_red_rn", "Quantity": 20}, {"Index": 1, "Type": "cwc_minecraft_orange_rn", "Quantity": 20}, {"Index": 2, "Type": "cwc_minecraft_yellow_rn", "Quantity": 20}, {"Index": 3, "Type": "cwc_minecraft_green_rn", "Quantity": 20}, {"Index": 4, "Type": "cwc_minecraft_blue_rn", "Quantity": 20}, {"Index": 5, "Type": "cwc_minecraft_purple_rn", "Quantity": 20}]}, {"BuilderPosition": {"Y": 1.0, "X": -0.0026167928344624225, "Yaw": 2.699992, "Z": -2.1427715232053828, "Pitch": 21.45001}, "ChatHistory": ["<Builder> Mission has started.", "<Builder> hello", "<Architect> hi", "<Builder> are you there?"], "Timestamp": "2018-04-12 22:47:38", "BlocksInGrid": [], "ScreenshotPath": "99947-Builder-chat.png", "BuilderInventory": [{"Index": 0, "Type": "cwc_minecraft_red_rn", "Quantity": 20}, {"Index": 1, "Type": "cwc_minecraft_orange_rn", "Quantity": 20}, {"Index": 2, "Type": "cwc_minecraft_yellow_rn", "Quantity": 20}, {"Index": 3, "Type": "cwc_minecraft_green_rn", "Quantity": 20}, {"Index": 4, "Type": "cwc_minecraft_blue_rn", "Quantity": 20}, {"Index": 5, "Type": "cwc_minecraft_purple_rn", "Quantity": 20}]}, {"BuilderPosition": {"Y": 1.0, "X": 0.21234723686826645, "Yaw": 1.1999917, "Z": -2.149432769619679, "Pitch": 26.550013}, "ChatHistory": ["<Builder> Mission has started.", "<Builder> hello", "<Architect> hi", "<Builder> are you there?", "<Architect> ya sorry"], "Timestamp": "2018-04-12 22:47:48", "BlocksInGrid": [], "ScreenshotPath": "109296-Builder-chat.png", "BuilderInventory": [{"Index": 0, "Type": "cwc_minecraft_red_rn", "Quantity": 20}, {"Index": 1, "Type": "cwc_minecraft_orange_rn", "Quantity": 20}, {"Index": 2, "Type": "cwc_minecraft_yellow_rn", "Quantity": 20}, {"Index": 3, "Type": "cwc_minecraft_green_rn", "Quantity": 20}, {"Index": 4, "Type": "cwc_minecraft_blue_rn", "Quantity": 20}, {"Index": 5, "Type": "cwc_minecraft_purple_rn", "Quantity": 20}]}, {"BuilderPosition": {"Y": 1.0, "X": 0.21234723686826645, "Yaw": 1.1999917, "Z": -2.149432769619679, "Pitch": 26.550013}, "BuilderInventory": [{"Index": 0, "Type": "cwc_minecraft_red_rn", "Quantity": 20}, {"Index": 1, "Type": "cwc_minecraft_orange_rn", "Quantity": 20}, {"Index": 2, "Type": "cwc_minecraft_yellow_rn", "Quantity": 20}, {"Index": 3, "Type": "cwc_minecraft_green_rn", "Quantity": 20}, {"Index": 4, "Type": "cwc_minecraft_blue_rn", "Quantity": 20}, {"Index": 5, "Type": "cwc_minecraft_purple_rn", "Quantity": 20}], "ChatHistory": ["<Builder> Mission has started.", "<Builder> hello", "<Architect> hi", "<Builder> are you there?", "<Architect> ya sorry", "<Architect> uh can you get a blue block"], "Timestamp": "2018-04-12 22:48:02", "BlocksInGrid": [], "ScreenshotPath": "123712-Builder-chat.png"}, {"BuilderPosition": {"Y": 1.0, "X": 0.21234723686826645, "Yaw": 1.1999917, "Z": -2.149432769619679, "Pitch": 26.550013}, "BuilderInventory": [{"Index": 0, "Type": "cwc_minecraft_red_rn", "Quantity": 20}, {"Index": 1, "Type": "cwc_minecraft_orange_rn", "Quantity": 20}, {"Index": 2, "Type": "cwc_minecraft_yellow_rn", "Quantity": 20}, {"Index": 3, "Type": "cwc_minecraft_green_rn", "Quantity": 20}, {"Index": 4, "Type": "cwc_minecraft_blue_rn", "Quantity": 20}, {"Index": 5, "Type": "cwc_minecraft_purple_rn", "Quantity": 20}], "ChatHistory": ["<Builder> Mission has started.", "<Builder> hello", "<Architect> hi", "<Builder> are you there?", "<Architect> ya sorry", "<Architect> uh can you get a blue block", "<Architect> ok cool"], "Timestamp": "2018-04-12 22:48:09", "BlocksInGrid": [], "ScreenshotPath": "131108-Builder-chat.png"}, {"BuilderPosition": {"Y": 1.0, "X": 0.8541113274125537, "Yaw": -0.45000818, "Z": -2.1455994605708923, "Pitch": 24.750017}, "ChatHistory": ["<Builder> Mission has started.", "<Builder> hello", "<Architect> hi", "<Builder> are you there?", "<Architect> ya sorry", "<Architect> uh can you get a blue block", "<Architect> ok cool", "<Architect> go to the top left of the box"], "Timestamp": "2018-04-12 22:48:30", "BlocksInGrid": [], "ScreenshotPath": "151255-Builder-chat.png", "BuilderInventory": [{"Index": 0, "Type": "cwc_minecraft_red_rn", "Quantity": 20}, {"Index": 1, "Type": "cwc_minecraft_orange_rn", "Quantity": 20}, {"Index": 2, "Type": "cwc_minecraft_yellow_rn", "Quantity": 20}, {"Index": 3, "Type": "cwc_minecraft_green_rn", "Quantity": 20}, {"Index": 4, "Type": "cwc_minecraft_blue_rn", "Quantity": 20}, {"Index": 5, "Type": "cwc_minecraft_purple_rn", "Quantity": 20}]}, {"BuilderPosition": {"Y": 1.0, "X": 4.120011491836401, "Yaw": -1.0500079, "Z": 1.9813513902090962, "Pitch": 34.05001}, "ChatHistory": ["<Builder> Mission has started.", "<Builder> hello", "<Architect> hi", "<Builder> are you there?", "<Architect> ya sorry", "<Architect> uh can you get a blue block", "<Architect> ok cool", "<Architect> go to the top left of the box", "<Architect> place 2 blocks next to each other"], "Timestamp": "2018-04-12 22:49:14", "BlocksInGrid": [], "ScreenshotPath": "195299-Builder-chat.png", "BuilderInventory": [{"Index": 0, "Type": "cwc_minecraft_red_rn", "Quantity": 20}, {"Index": 1, "Type": "cwc_minecraft_orange_rn", "Quantity": 20}, {"Index": 2, "Type": "cwc_minecraft_yellow_rn", "Quantity": 20}, {"Index": 3, "Type": "cwc_minecraft_green_rn", "Quantity": 20}, {"Index": 4, "Type": "cwc_minecraft_blue_rn", "Quantity": 20}, {"Index": 5, "Type": "cwc_minecraft_purple_rn", "Quantity": 20}]}, {"BuilderPosition": {"Y": 1.0, "X": 4.114337281974078, "Yaw": -1.0500079, "Z": 1.9813513902090962, "Pitch": 34.05001}, "ChatHistory": ["<Builder> Mission has started.", "<Builder> hello", "<Architect> hi", "<Builder> are you there?", "<Architect> ya sorry", "<Architect> uh can you get a blue block", "<Architect> ok cool", "<Architect> go to the top left of the box", "<Architect> place 2 blocks next to each other"], "Timestamp": "2018-04-12 22:49:18", "BlocksInGrid": [{"PerspectiveCoordinates": {"Y": 1.6794668600964164, "X": -0.054975207762, "Z": 2.4852301286523177}, "AbsoluteCoordinates": {"Y": 1, "X": 4, "Z": 4}, "Type": "cwc_minecraft_blue_rn"}], "ScreenshotPath": "199898-Builder-putdown.png", "BuilderInventory": [{"Index": 0, "Type": "cwc_minecraft_red_rn", "Quantity": 20}, {"Index": 1, "Type": "cwc_minecraft_orange_rn", "Quantity": 20}, {"Index": 2, "Type": "cwc_minecraft_yellow_rn", "Quantity": 20}, {"Index": 3, "Type": "cwc_minecraft_green_rn", "Quantity": 20}, {"Index": 4, "Type": "cwc_minecraft_blue_rn", "Quantity": 19}, {"Index": 5, "Type": "cwc_minecraft_purple_rn", "Quantity": 20}]}, {"BuilderPosition": {"Y": 1.0, "X": 3.041768060666418, "Yaw": -1.3500079, "Z": 1.9903237169683452, "Pitch": 33.75001}, "ChatHistory": ["<Builder> Mission has started.", "<Builder> hello", "<Architect> hi", "<Builder> are you there?", "<Architect> ya sorry", "<Architect> uh can you get a blue block", "<Architect> ok cool", "<Architect> go to the top left of the box", "<Architect> place 2 blocks next to each other"], "Timestamp": "2018-04-12 22:49:19", "BlocksInGrid": [{"PerspectiveCoordinates": {"Y": 1.6662485003542862, "X": -0.0706797080289, "Z": 2.4937161654728257}, "AbsoluteCoordinates": {"Y": 1, "X": 3, "Z": 4}, "Type": "cwc_minecraft_blue_rn"}, {"PerspectiveCoordinates": {"Y": 1.6793376843930525, "X": 0.9290427189411, "Z": 2.513305506332476}, "AbsoluteCoordinates": {"Y": 1, "X": 4, "Z": 4}, "Type": "cwc_minecraft_blue_rn"}], "ScreenshotPath": "200897-Builder-putdown.png", "BuilderInventory": [{"Index": 0, "Type": "cwc_minecraft_red_rn", "Quantity": 20}, {"Index": 1, "Type": "cwc_minecraft_orange_rn", "Quantity": 20}, {"Index": 2, "Type": "cwc_minecraft_yellow_rn", "Quantity": 20}, {"Index": 3, "Type": "cwc_minecraft_green_rn", "Quantity": 20}, {"Index": 4, "Type": "cwc_minecraft_blue_rn", "Quantity": 18}, {"Index": 5, "Type": "cwc_minecraft_purple_rn", "Quantity": 20}]}, {"BuilderPosition": {"Y": 1.0, "X": 3.4685398482172616, "Yaw": -1.2000079, "Z": 1.9857202807516332, "Pitch": 33.30001}, "ChatHistory": ["<Builder> Mission has started.", "<Builder> hello", "<Architect> hi", "<Builder> are you there?", "<Architect> ya sorry", "<Architect> uh can you get a blue block", "<Architect> ok cool", "<Architect> go to the top left of the box", "<Architect> place 2 blocks next to each other", "<Architect> and then one on top of one of them"], "Timestamp": "2018-04-12 22:49:26", "BlocksInGrid": [{"PerspectiveCoordinates": {"Y": 1.6467076574395187, "X": -0.0628276732023, "Z": 2.506871870361418}, "AbsoluteCoordinates": {"Y": 1, "X": 3, "Z": 4}, "Type": "cwc_minecraft_blue_rn"}, {"PerspectiveCoordinates": {"Y": 1.6582056025577967, "X": 0.9369530073847, "Z": 2.5243758122746955}, "AbsoluteCoordinates": {"Y": 1, "X": 4, "Z": 4}, "Type": "cwc_minecraft_blue_rn"}], "ScreenshotPath": "207146-Builder-chat.png", "BuilderInventory": [{"Index": 0, "Type": "cwc_minecraft_red_rn", "Quantity": 20}, {"Index": 1, "Type": "cwc_minecraft_orange_rn", "Quantity": 20}, {"Index": 2, "Type": "cwc_minecraft_yellow_rn", "Quantity": 20}, {"Index": 3, "Type": "cwc_minecraft_green_rn", "Quantity": 20}, {"Index": 4, "Type": "cwc_minecraft_blue_rn", "Quantity": 18}, {"Index": 5, "Type": "cwc_minecraft_purple_rn", "Quantity": 20}]}, {"BuilderPosition": {"Y": 1.0, "X": 3.4685398482172616, "Yaw": -1.2000079, "Z": 1.9857202807516332, "Pitch": 33.30001}, "ChatHistory": ["<Builder> Mission has started.", "<Builder> hello", "<Architect> hi", "<Builder> are you there?", "<Architect> ya sorry", "<Architect> uh can you get a blue block", "<Architect> ok cool", "<Architect> go to the top left of the box", "<Architect> place 2 blocks next to each other", "<Architect> and then one on top of one of them", "<Builder> which one?"], "Timestamp": "2018-04-12 22:49:34", "BlocksInGrid": [{"PerspectiveCoordinates": {"Y": 1.6467076574395187, "X": -0.0628276732023, "Z": 2.506871870361418}, "AbsoluteCoordinates": {"Y": 1, "X": 3, "Z": 4}, "Type": "cwc_minecraft_blue_rn"}, {"PerspectiveCoordinates": {"Y": 1.6582056025577967, "X": 0.9369530073847, "Z": 2.5243758122746955}, "AbsoluteCoordinates": {"Y": 1, "X": 4, "Z": 4}, "Type": "cwc_minecraft_blue_rn"}], "ScreenshotPath": "215896-Builder-chat.png", "BuilderInventory": [{"Index": 0, "Type": "cwc_minecraft_red_rn", "Quantity": 20}, {"Index": 1, "Type": "cwc_minecraft_orange_rn", "Quantity": 20}, {"Index": 2, "Type": "cwc_minecraft_yellow_rn", "Quantity": 20}, {"Index": 3, "Type": "cwc_minecraft_green_rn", "Quantity": 20}, {"Index": 4, "Type": "cwc_minecraft_blue_rn", "Quantity": 18}, {"Index": 5, "Type": "cwc_minecraft_purple_rn", "Quantity": 20}]}, {"BuilderPosition": {"Y": 1.0, "X": 3.4685398482172616, "Yaw": -1.2000079, "Z": 1.9857202807516332, "Pitch": 33.30001}, "BuilderInventory": [{"Index": 0, "Type": "cwc_minecraft_red_rn", "Quantity": 20}, {"Index": 1, "Type": "cwc_minecraft_orange_rn", "Quantity": 20}, {"Index": 2, "Type": "cwc_minecraft_yellow_rn", "Quantity": 20}, {"Index": 3, "Type": "cwc_minecraft_green_rn", "Quantity": 20}, {"Index": 4, "Type": "cwc_minecraft_blue_rn", "Quantity": 18}, {"Index": 5, "Type": "cwc_minecraft_purple_rn", "Quantity": 20}], "ChatHistory": ["<Builder> Mission has started.", "<Builder> hello", "<Architect> hi", "<Builder> are you there?", "<Architect> ya sorry", "<Architect> uh can you get a blue block", "<Architect> ok cool", "<Architect> go to the top left of the box", "<Architect> place 2 blocks next to each other", "<Architect> and then one on top of one of them", "<Builder> which one?", "<Architect> so it should look like an L"], "Timestamp": "2018-04-12 22:49:35", "BlocksInGrid": [{"PerspectiveCoordinates": {"Y": 1.6467076574395187, "X": -0.0628276732023, "Z": 2.506871870361418}, "AbsoluteCoordinates": {"Y": 1, "X": 3, "Z": 4}, "Type": "cwc_minecraft_blue_rn"}, {"PerspectiveCoordinates": {"Y": 1.6582056025577967, "X": 0.9369530073847, "Z": 2.5243758122746955}, "AbsoluteCoordinates": {"Y": 1, "X": 4, "Z": 4}, "Type": "cwc_minecraft_blue_rn"}], "ScreenshotPath": "216761-Builder-chat.png"}, {"BuilderPosition": {"Y": 1.0, "X": 3.4685398482172616, "Yaw": -1.2000079, "Z": 1.9857202807516332, "Pitch": 33.30001}, "BuilderInventory": [{"Index": 0, "Type": "cwc_minecraft_red_rn", "Quantity": 20}, {"Index": 1, "Type": "cwc_minecraft_orange_rn", "Quantity": 20}, {"Index": 2, "Type": "cwc_minecraft_yellow_rn", "Quantity": 20}, {"Index": 3, "Type": "cwc_minecraft_green_rn", "Quantity": 20}, {"Index": 4, "Type": "cwc_minecraft_blue_rn", "Quantity": 18}, {"Index": 5, "Type": "cwc_minecraft_purple_rn", "Quantity": 20}], "ChatHistory": ["<Builder> Mission has started.", "<Builder> hello", "<Architect> hi", "<Builder> are you there?", "<Architect> ya sorry", "<Architect> uh can you get a blue block", "<Architect> ok cool", "<Architect> go to the top left of the box", "<Architect> place 2 blocks next to each other", "<Architect> and then one on top of one of them", "<Builder> which one?", "<Architect> so it should look like an L", "<Architect> oh the left one sorry"], "Timestamp": "2018-04-12 22:49:42", "BlocksInGrid": [{"PerspectiveCoordinates": {"Y": 1.6467076574395187, "X": -0.0628276732023, "Z": 2.506871870361418}, "AbsoluteCoordinates": {"Y": 1, "X": 3, "Z": 4}, "Type": "cwc_minecraft_blue_rn"}, {"PerspectiveCoordinates": {"Y": 1.6582056025577967, "X": 0.9369530073847, "Z": 2.5243758122746955}, "AbsoluteCoordinates": {"Y": 1, "X": 4, "Z": 4}, "Type": "cwc_minecraft_blue_rn"}], "ScreenshotPath": "223660-Builder-chat.png"}, {"BuilderPosition": {"Y": 1.0, "X": 4.3255203370429545, "Yaw": 3.8999906, "Z": 1.977527886822867, "Pitch": 13.950012}, "BuilderInventory": [{"Index": 0, "Type": "cwc_minecraft_red_rn", "Quantity": 20}, {"Index": 1, "Type": "cwc_minecraft_orange_rn", "Quantity": 20}, {"Index": 2, "Type": "cwc_minecraft_yellow_rn", "Quantity": 20}, {"Index": 3, "Type": "cwc_minecraft_green_rn", "Quantity": 20}, {"Index": 4, "Type": "cwc_minecraft_blue_rn", "Quantity": 17}, {"Index": 5, "Type": "cwc_minecraft_purple_rn", "Quantity": 20}], "ChatHistory": ["<Builder> Mission has started.", "<Builder> hello", "<Architect> hi", "<Builder> are you there?", "<Architect> ya sorry", "<Architect> uh can you get a blue block", "<Architect> ok cool", "<Architect> go to the top left of the box", "<Architect> place 2 blocks next to each other", "<Architect> and then one on top of one of them", "<Builder> which one?", "<Architect> so it should look like an L", "<Architect> oh the left one sorry"], "Timestamp": "2018-04-12 22:49:44", "BlocksInGrid": [{"PerspectiveCoordinates": {"Y": 0.7379477757813794, "X": -0.7936389090414001, "Z": 2.9707861522280985}, "AbsoluteCoordinates": {"Y": 1, "X": 3, "Z": 4}, "Type": "cwc_minecraft_blue_rn"}, {"PerspectiveCoordinates": {"Y": 0.7215510110812083, "X": 0.2040453809526, "Z": 2.904777034630268}, "AbsoluteCoordinates": {"Y": 1, "X": 4, "Z": 4}, "Type": "cwc_minecraft_blue_rn"}, {"PerspectiveCoordinates": {"Y": 1.6920574340592085, "X": 0.2040453809526, "Z": 2.663701770535268}, "AbsoluteCoordinates": {"Y": 2, "X": 4, "Z": 4}, "Type": "cwc_minecraft_blue_rn"}], "ScreenshotPath": "226260-Builder-putdown.png"}], "NumFixedViewers": 4, "TimeElapsed": 260.19804310798645}