{"WorldStates": [{"Timestamp": "2018-04-12 22:45:58", "Chat": ["<Builder> Mission has started."], "ScreenshotPath": "0-Builder-chat.png"}, {"BuilderGridAbsolute": [], "XPos": -0.0010147270513698459, "TimeAlive": 384, "ZPos": -0.824932914111803, "Timestamp": "2018-04-12 22:45:58", "Yaw": -0.15, "YPos": 1.0, "BuilderGridRelative": [], "DistanceTravelled": 83, "BuilderInventory": [{"Index": 0, "Type": "cwc_minecraft_red_rn", "Quantity": 20}, {"Index": 1, "Type": "cwc_minecraft_orange_rn", "Quantity": 20}, {"Index": 2, "Type": "cwc_minecraft_yellow_rn", "Quantity": 20}, {"Index": 3, "Type": "cwc_minecraft_green_rn", "Quantity": 20}, {"Index": 4, "Type": "cwc_minecraft_blue_rn", "Quantity": 20}, {"Index": 5, "Type": "cwc_minecraft_purple_rn", "Quantity": 20}], "Pitch": 0.0}, {"Timestamp": "2018-04-12 22:46:01", "Chat": ["<Builder> hello"], "ScreenshotPath": "2344-Builder-chat.png"}, {"BuilderGridAbsolute": [], "XPos": -0.0015220905770547688, "TimeAlive": 431, "ZPos": -1.2840553286804093, "Timestamp": "2018-04-12 22:46:01", "Yaw": -0.15, "YPos": 1.0, "BuilderGridRelative": [], "DistanceTravelled": 129, "BuilderInventory": [{"Index": 0, "Type": "cwc_minecraft_red_rn", "Quantity": 20}, {"Index": 1, "Type": "cwc_minecraft_orange_rn", "Quantity": 20}, {"Index": 2, "Type": "cwc_minecraft_yellow_rn", "Quantity": 20}, {"Index": 3, "Type": "cwc_minecraft_green_rn", "Quantity": 20}, {"Index": 4, "Type": "cwc_minecraft_blue_rn", "Quantity": 20}, {"Index": 5, "Type": "cwc_minecraft_purple_rn", "Quantity": 20}], "Pitch": 0.0}, {"Timestamp": "2018-04-12 22:46:34", "Chat": ["<Architect> hi"], "ScreenshotPath": "35507-Builder-chat.png"}, {"BuilderGridAbsolute": [], "XPos": -0.0026167928344624225, "TimeAlive": 1094, "ZPos": -2.1427715232053828, "Timestamp": "2018-04-12 22:46:34", "Yaw": 2.699992, "YPos": 1.0, "BuilderGridRelative": [], "DistanceTravelled": 340, "BuilderInventory": [{"Index": 0, "Type": "cwc_minecraft_red_rn", "Quantity": 20}, {"Index": 1, "Type": "cwc_minecraft_orange_rn", "Quantity": 20}, {"Index": 2, "Type": "cwc_minecraft_yellow_rn", "Quantity": 20}, {"Index": 3, "Type": "cwc_minecraft_green_rn", "Quantity": 20}, {"Index": 4, "Type": "cwc_minecraft_blue_rn", "Quantity": 20}, {"Index": 5, "Type": "cwc_minecraft_purple_rn", "Quantity": 20}], "Pitch": 21.45001}, {"Timestamp": "2018-04-12 22:47:38", "Chat": ["<Builder> are you there?"], "ScreenshotPath": "99947-Builder-chat.png"}, {"BuilderGridAbsolute": [], "XPos": -0.0026167928344624225, "TimeAlive": 2383, "ZPos": -2.1427715232053828, "Timestamp": "2018-04-12 22:47:38", "Yaw": 2.699992, "YPos": 1.0, "BuilderGridRelative": [], "DistanceTravelled": 340, "BuilderInventory": [{"Index": 0, "Type": "cwc_minecraft_red_rn", "Quantity": 20}, {"Index": 1, "Type": "cwc_minecraft_orange_rn", "Quantity": 20}, {"Index": 2, "Type": "cwc_minecraft_yellow_rn", "Quantity": 20}, {"Index": 3, "Type": "cwc_minecraft_green_rn", "Quantity": 20}, {"Index": 4, "Type": "cwc_minecraft_blue_rn", "Quantity": 20}, {"Index": 5, "Type": "cwc_minecraft_purple_rn", "Quantity": 20}], "Pitch": 21.45001}, {"Timestamp": "2018-04-12 22:47:48", "Chat": ["<Architect> ya sorry"]}, {"Timestamp": "2018-04-12 22:47:48", "ScreenshotPath": "109296-Builder-chat.png"}, {"BuilderGridAbsolute": [], "XPos": 0.21234723686826645, "TimeAlive": 2570, "ZPos": -2.149432769619679, "Timestamp": "2018-04-12 22:47:48", "Yaw": 1.1999917, "YPos": 1.0, "BuilderGridRelative": [], "DistanceTravelled": 444, "BuilderInventory": [{"Index": 0, "Type": "cwc_minecraft_red_rn", "Quantity": 20}, {"Index": 1, "Type": "cwc_minecraft_orange_rn", "Quantity": 20}, {"Index": 2, "Type": "cwc_minecraft_yellow_rn", "Quantity": 20}, {"Index": 3, "Type": "cwc_minecraft_green_rn", "Quantity": 20}, {"Index": 4, "Type": "cwc_minecraft_blue_rn", "Quantity": 20}, {"Index": 5, "Type": "cwc_minecraft_purple_rn", "Quantity": 20}], "Pitch": 26.550013}, {"Timestamp": "2018-04-12 22:48:02", "Chat": ["<Architect> uh can you get a blue block"]}, {"BuilderGridAbsolute": [], "XPos": 0.21234723686826645, "TimeAlive": 2858, "ZPos": -2.149432769619679, "Timestamp": "2018-04-12 22:48:02", "Yaw": 1.1999917, "YPos": 1.0, "ScreenshotPath": "123712-Builder-chat.png", "BuilderGridRelative": [], "DistanceTravelled": 444, "BuilderInventory": [{"Index": 0, "Type": "cwc_minecraft_red_rn", "Quantity": 20}, {"Index": 1, "Type": "cwc_minecraft_orange_rn", "Quantity": 20}, {"Index": 2, "Type": "cwc_minecraft_yellow_rn", "Quantity": 20}, {"Index": 3, "Type": "cwc_minecraft_green_rn", "Quantity": 20}, {"Index": 4, "Type": "cwc_minecraft_blue_rn", "Quantity": 20}, {"Index": 5, "Type": "cwc_minecraft_purple_rn", "Quantity": 20}], "Pitch": 26.550013}, {"Timestamp": "2018-04-12 22:48:09", "Chat": ["<Architect> ok cool"]}, {"BuilderGridAbsolute": [], "XPos": 0.21234723686826645, "TimeAlive": 3006, "ZPos": -2.149432769619679, "Timestamp": "2018-04-12 22:48:10", "Yaw": 1.1999917, "YPos": 1.0, "ScreenshotPath": "131108-Builder-chat.png", "BuilderGridRelative": [], "DistanceTravelled": 444, "BuilderInventory": [{"Index": 0, "Type": "cwc_minecraft_red_rn", "Quantity": 20}, {"Index": 1, "Type": "cwc_minecraft_orange_rn", "Quantity": 20}, {"Index": 2, "Type": "cwc_minecraft_yellow_rn", "Quantity": 20}, {"Index": 3, "Type": "cwc_minecraft_green_rn", "Quantity": 20}, {"Index": 4, "Type": "cwc_minecraft_blue_rn", "Quantity": 20}, {"Index": 5, "Type": "cwc_minecraft_purple_rn", "Quantity": 20}], "Pitch": 26.550013}, {"Timestamp": "2018-04-12 22:48:30", "Chat": ["<Architect> go to the top left of the box"], "ScreenshotPath": "151255-Builder-chat.png"}, {"BuilderGridAbsolute": [], "XPos": 0.8541113274125537, "TimeAlive": 3409, "ZPos": -2.1455994605708923, "Timestamp": "2018-04-12 22:48:30", "Yaw": -0.45000818, "YPos": 1.0, "BuilderGridRelative": [], "DistanceTravelled": 508, "BuilderInventory": [{"Index": 0, "Type": "cwc_minecraft_red_rn", "Quantity": 20}, {"Index": 1, "Type": "cwc_minecraft_orange_rn", "Quantity": 20}, {"Index": 2, "Type": "cwc_minecraft_yellow_rn", "Quantity": 20}, {"Index": 3, "Type": "cwc_minecraft_green_rn", "Quantity": 20}, {"Index": 4, "Type": "cwc_minecraft_blue_rn", "Quantity": 20}, {"Index": 5, "Type": "cwc_minecraft_purple_rn", "Quantity": 20}], "Pitch": 24.750017}, {"Timestamp": "2018-04-12 22:49:14", "Chat": ["<Architect> place 2 blocks next to each other"], "ScreenshotPath": "195299-Builder-chat.png"}, {"BuilderGridAbsolute": [], "XPos": 4.120011491836401, "TimeAlive": 4290, "ZPos": 1.9813513902090962, "Timestamp": "2018-04-12 22:49:14", "Yaw": -1.0500079, "YPos": 1.0, "BuilderGridRelative": [], "DistanceTravelled": 1162, "BuilderInventory": [{"Index": 0, "Type": "cwc_minecraft_red_rn", "Quantity": 20}, {"Index": 1, "Type": "cwc_minecraft_orange_rn", "Quantity": 20}, {"Index": 2, "Type": "cwc_minecraft_yellow_rn", "Quantity": 20}, {"Index": 3, "Type": "cwc_minecraft_green_rn", "Quantity": 20}, {"Index": 4, "Type": "cwc_minecraft_blue_rn", "Quantity": 20}, {"Index": 5, "Type": "cwc_minecraft_purple_rn", "Quantity": 20}], "Pitch": 34.05001}, {"BuilderGridAbsolute": [{"Y": 1, "X": 4, "Z": 4, "Type": "cwc_minecraft_blue_rn"}], "XPos": 4.114337281974078, "TimeAlive": 4381, "ZPos": 1.9813513902090962, "Timestamp": "2018-04-12 22:49:18", "Yaw": -1.0500079, "YPos": 1.0, "ScreenshotPath": "199898-Builder-putdown.png", "BuilderGridRelative": [{"Y": 0, "X": 0, "Z": 3, "Type": "cwc_minecraft_blue_rn"}], "DistanceTravelled": 1287, "BuilderInventory": [{"Index": 0, "Type": "cwc_minecraft_red_rn", "Quantity": 20}, {"Index": 1, "Type": "cwc_minecraft_orange_rn", "Quantity": 20}, {"Index": 2, "Type": "cwc_minecraft_yellow_rn", "Quantity": 20}, {"Index": 3, "Type": "cwc_minecraft_green_rn", "Quantity": 20}, {"Index": 4, "Type": "cwc_minecraft_blue_rn", "Quantity": 19}, {"Index": 5, "Type": "cwc_minecraft_purple_rn", "Quantity": 20}], "Pitch": 34.05001}, {"BuilderGridAbsolute": [{"Y": 1, "X": 3, "Z": 4, "Type": "cwc_minecraft_blue_rn"}, {"Y": 1, "X": 4, "Z": 4, "Type": "cwc_minecraft_blue_rn"}], "XPos": 3.041768060666418, "TimeAlive": 4401, "ZPos": 1.9903237169683452, "Timestamp": "2018-04-12 22:49:19", "Yaw": -1.3500079, "YPos": 1.0, "ScreenshotPath": "200897-Builder-putdown.png", "BuilderGridRelative": [{"Y": 0, "X": 0, "Z": 3, "Type": "cwc_minecraft_blue_rn"}, {"Y": 0, "X": 1, "Z": 3, "Type": "cwc_minecraft_blue_rn"}], "DistanceTravelled": 1394, "BuilderInventory": [{"Index": 0, "Type": "cwc_minecraft_red_rn", "Quantity": 20}, {"Index": 1, "Type": "cwc_minecraft_orange_rn", "Quantity": 20}, {"Index": 2, "Type": "cwc_minecraft_yellow_rn", "Quantity": 20}, {"Index": 3, "Type": "cwc_minecraft_green_rn", "Quantity": 20}, {"Index": 4, "Type": "cwc_minecraft_blue_rn", "Quantity": 18}, {"Index": 5, "Type": "cwc_minecraft_purple_rn", "Quantity": 20}], "Pitch": 33.75001}, {"Timestamp": "2018-04-12 22:49:26", "Chat": ["<Architect> and then one on top of one of them"], "ScreenshotPath": "207146-Builder-chat.png"}, {"BuilderGridAbsolute": [{"Y": 1, "X": 3, "Z": 4, "Type": "cwc_minecraft_blue_rn"}, {"Y": 1, "X": 4, "Z": 4, "Type": "cwc_minecraft_blue_rn"}], "XPos": 3.4685398482172616, "TimeAlive": 4527, "ZPos": 1.9857202807516332, "Timestamp": "2018-04-12 22:49:26", "Yaw": -1.2000079, "YPos": 1.0, "BuilderGridRelative": [{"Y": 0, "X": 0, "Z": 3, "Type": "cwc_minecraft_blue_rn"}, {"Y": 0, "X": 1, "Z": 3, "Type": "cwc_minecraft_blue_rn"}], "DistanceTravelled": 1437, "BuilderInventory": [{"Index": 0, "Type": "cwc_minecraft_red_rn", "Quantity": 20}, {"Index": 1, "Type": "cwc_minecraft_orange_rn", "Quantity": 20}, {"Index": 2, "Type": "cwc_minecraft_yellow_rn", "Quantity": 20}, {"Index": 3, "Type": "cwc_minecraft_green_rn", "Quantity": 20}, {"Index": 4, "Type": "cwc_minecraft_blue_rn", "Quantity": 18}, {"Index": 5, "Type": "cwc_minecraft_purple_rn", "Quantity": 20}], "Pitch": 33.30001}, {"Timestamp": "2018-04-12 22:49:34", "Chat": ["<Builder> which one?"], "ScreenshotPath": "215896-Builder-chat.png"}, {"BuilderGridAbsolute": [{"Y": 1, "X": 3, "Z": 4, "Type": "cwc_minecraft_blue_rn"}, {"Y": 1, "X": 4, "Z": 4, "Type": "cwc_minecraft_blue_rn"}], "XPos": 3.4685398482172616, "TimeAlive": 4702, "ZPos": 1.9857202807516332, "Timestamp": "2018-04-12 22:49:34", "Yaw": -1.2000079, "YPos": 1.0, "BuilderGridRelative": [{"Y": 0, "X": 0, "Z": 3, "Type": "cwc_minecraft_blue_rn"}, {"Y": 0, "X": 1, "Z": 3, "Type": "cwc_minecraft_blue_rn"}], "DistanceTravelled": 1437, "BuilderInventory": [{"Index": 0, "Type": "cwc_minecraft_red_rn", "Quantity": 20}, {"Index": 1, "Type": "cwc_minecraft_orange_rn", "Quantity": 20}, {"Index": 2, "Type": "cwc_minecraft_yellow_rn", "Quantity": 20}, {"Index": 3, "Type": "cwc_minecraft_green_rn", "Quantity": 20}, {"Index": 4, "Type": "cwc_minecraft_blue_rn", "Quantity": 18}, {"Index": 5, "Type": "cwc_minecraft_purple_rn", "Quantity": 20}], "Pitch": 33.30001}, {"Timestamp": "2018-04-12 22:49:35", "Chat": ["<Architect> so it should look like an L"]}, {"BuilderGridAbsolute": [{"Y": 1, "X": 3, "Z": 4, "Type": "cwc_minecraft_blue_rn"}, {"Y": 1, "X": 4, "Z": 4, "Type": "cwc_minecraft_blue_rn"}], "XPos": 3.4685398482172616, "TimeAlive": 4719, "ZPos": 1.9857202807516332, "Timestamp": "2018-04-12 22:49:35", "Yaw": -1.2000079, "YPos": 1.0, "ScreenshotPath": "216761-Builder-chat.png", "BuilderGridRelative": [{"Y": 0, "X": 0, "Z": 3, "Type": "cwc_minecraft_blue_rn"}, {"Y": 0, "X": 1, "Z": 3, "Type": "cwc_minecraft_blue_rn"}], "DistanceTravelled": 1437, "BuilderInventory": [{"Index": 0, "Type": "cwc_minecraft_red_rn", "Quantity": 20}, {"Index": 1, "Type": "cwc_minecraft_orange_rn", "Quantity": 20}, {"Index": 2, "Type": "cwc_minecraft_yellow_rn", "Quantity": 20}, {"Index": 3, "Type": "cwc_minecraft_green_rn", "Quantity": 20}, {"Index": 4, "Type": "cwc_minecraft_blue_rn", "Quantity": 18}, {"Index": 5, "Type": "cwc_minecraft_purple_rn", "Quantity": 20}], "Pitch": 33.30001}, {"Timestamp": "2018-04-12 22:49:42", "Chat": ["<Architect> oh the left one sorry"]}, {"BuilderGridAbsolute": [{"Y": 1, "X": 3, "Z": 4, "Type": "cwc_minecraft_blue_rn"}, {"Y": 1, "X": 4, "Z": 4, "Type": "cwc_minecraft_blue_rn"}], "XPos": 3.4685398482172616, "TimeAlive": 4857, "ZPos": 1.9857202807516332, "Timestamp": "2018-04-12 22:49:42", "Yaw": -1.2000079, "YPos": 1.0, "ScreenshotPath": "223660-Builder-chat.png", "BuilderGridRelative": [{"Y": 0, "X": 0, "Z": 3, "Type": "cwc_minecraft_blue_rn"}, {"Y": 0, "X": 1, "Z": 3, "Type": "cwc_minecraft_blue_rn"}], "DistanceTravelled": 1437, "BuilderInventory": [{"Index": 0, "Type": "cwc_minecraft_red_rn", "Quantity": 20}, {"Index": 1, "Type": "cwc_minecraft_orange_rn", "Quantity": 20}, {"Index": 2, "Type": "cwc_minecraft_yellow_rn", "Quantity": 20}, {"Index": 3, "Type": "cwc_minecraft_green_rn", "Quantity": 20}, {"Index": 4, "Type": "cwc_minecraft_blue_rn", "Quantity": 18}, {"Index": 5, "Type": "cwc_minecraft_purple_rn", "Quantity": 20}], "Pitch": 33.30001}, {"BuilderGridAbsolute": [{"Y": 1, "X": 3, "Z": 4, "Type": "cwc_minecraft_blue_rn"}, {"Y": 1, "X": 4, "Z": 4, "Type": "cwc_minecraft_blue_rn"}, {"Y": 2, "X": 4, "Z": 4, "Type": "cwc_minecraft_blue_rn"}], "XPos": 4.3255203370429545, "TimeAlive": 4908, "ZPos": 1.977527886822867, "Timestamp": "2018-04-12 22:49:44", "Yaw": 3.8999906, "YPos": 1.0, "BuilderGridRelative": [{"Y": 0, "X": -1, "Z": 3, "Type": "cwc_minecraft_blue_rn"}, {"Y": 0, "X": 0, "Z": 3, "Type": "cwc_minecraft_blue_rn"}, {"Y": 1, "X": 0, "Z": 3, "Type": "cwc_minecraft_blue_rn"}], "DistanceTravelled": 1523, "BuilderInventory": [{"Index": 0, "Type": "cwc_minecraft_red_rn", "Quantity": 20}, {"Index": 1, "Type": "cwc_minecraft_orange_rn", "Quantity": 20}, {"Index": 2, "Type": "cwc_minecraft_yellow_rn", "Quantity": 20}, {"Index": 3, "Type": "cwc_minecraft_green_rn", "Quantity": 20}, {"Index": 4, "Type": "cwc_minecraft_blue_rn", "Quantity": 17}, {"Index": 5, "Type": "cwc_minecraft_purple_rn", "Quantity": 20}], "Pitch": 13.950012}, {"Timestamp": "2018-04-12 22:49:45", "ScreenshotPath": "226260-Builder-putdown.png"}], "NumFixedViewers": 4, "TimeElapsed": 260.19804310798645}