{"WorldStates": [{"BuilderPosition": {"Y": 1.0, "X": 0.0, "Yaw": 0.0, "Z": 0.0, "Pitch": 0.0}, "ChatHistory": ["<Builder> Mission has started."], "Timestamp": "2018-04-13 20:15:20", "BlocksInGrid": [], "ScreenshotPath": "0-Builder-chat.png", "BuilderInventory": [{"Index": 0, "Type": "cwc_minecraft_red_rn", "Quantity": 20}, {"Index": 1, "Type": "cwc_minecraft_orange_rn", "Quantity": 20}, {"Index": 2, "Type": "cwc_minecraft_yellow_rn", "Quantity": 20}, {"Index": 3, "Type": "cwc_minecraft_green_rn", "Quantity": 20}, {"Index": 4, "Type": "cwc_minecraft_blue_rn", "Quantity": 20}, {"Index": 5, "Type": "cwc_minecraft_purple_rn", "Quantity": 20}]}, {"BuilderPosition": {"Y": 1.0, "X": 0.0, "Yaw": 0.0, "Z": 0.0, "Pitch": 0.0}, "ChatHistory": ["<Builder> Mission has started.", "<Builder> hello again"], "Timestamp": "2018-04-13 20:15:36", "BlocksInGrid": [], "ScreenshotPath": "15947-Builder-chat.png", "BuilderInventory": [{"Index": 0, "Type": "cwc_minecraft_red_rn", "Quantity": 20}, {"Index": 1, "Type": "cwc_minecraft_orange_rn", "Quantity": 20}, {"Index": 2, "Type": "cwc_minecraft_yellow_rn", "Quantity": 20}, {"Index": 3, "Type": "cwc_minecraft_green_rn", "Quantity": 20}, {"Index": 4, "Type": "cwc_minecraft_blue_rn", "Quantity": 20}, {"Index": 5, "Type": "cwc_minecraft_purple_rn", "Quantity": 20}]}, {"BuilderPosition": {"Y": 1.0, "X": 0.0, "Yaw": 0.0, "Z": 0.0, "Pitch": 0.0}, "BuilderInventory": [{"Index": 0, "Type": "cwc_minecraft_red_rn", "Quantity": 20}, {"Index": 1, "Type": "cwc_minecraft_orange_rn", "Quantity": 20}, {"Index": 2, "Type": "cwc_minecraft_yellow_rn", "Quantity": 20}, {"Index": 3, "Type": "cwc_minecraft_green_rn", "Quantity": 20}, {"Index": 4, "Type": "cwc_minecraft_blue_rn", "Quantity": 20}, {"Index": 5, "Type": "cwc_minecraft_purple_rn", "Quantity": 20}], "ChatHistory": ["<Builder> Mission has started.", "<Builder> hello again", "<Architect> Hello. This next one is abstract"], "Timestamp": "2018-04-13 20:15:48", "BlocksInGrid": [], "ScreenshotPath": "28494-Builder-chat.png"}, {"BuilderPosition": {"Y": 1.0, "X": 0.0, "Yaw": 0.0, "Z": 0.0, "Pitch": 0.0}, "ChatHistory": ["<Builder> Mission has started.", "<Builder> hello again", "<Architect> Hello. This next one is abstract", "<Builder> fun"], "Timestamp": "2018-04-13 20:15:53", "BlocksInGrid": [], "ScreenshotPath": "33046-Builder-chat.png", "BuilderInventory": [{"Index": 0, "Type": "cwc_minecraft_red_rn", "Quantity": 20}, {"Index": 1, "Type": "cwc_minecraft_orange_rn", "Quantity": 20}, {"Index": 2, "Type": "cwc_minecraft_yellow_rn", "Quantity": 20}, {"Index": 3, "Type": "cwc_minecraft_green_rn", "Quantity": 20}, {"Index": 4, "Type": "cwc_minecraft_blue_rn", "Quantity": 20}, {"Index": 5, "Type": "cwc_minecraft_purple_rn", "Quantity": 20}]}, {"BuilderPosition": {"Y": 1.0, "X": 0.0, "Yaw": 0.0, "Z": 0.0, "Pitch": 0.0}, "BuilderInventory": [{"Index": 0, "Type": "cwc_minecraft_red_rn", "Quantity": 20}, {"Index": 1, "Type": "cwc_minecraft_orange_rn", "Quantity": 20}, {"Index": 2, "Type": "cwc_minecraft_yellow_rn", "Quantity": 20}, {"Index": 3, "Type": "cwc_minecraft_green_rn", "Quantity": 20}, {"Index": 4, "Type": "cwc_minecraft_blue_rn", "Quantity": 20}, {"Index": 5, "Type": "cwc_minecraft_purple_rn", "Quantity": 20}], "ChatHistory": ["<Builder> Mission has started.", "<Builder> hello again", "<Architect> Hello. This next one is abstract", "<Builder> fun", "<Architect> In the center, build a tower of five yellow blocks"], "Timestamp": "2018-04-13 20:16:05", "BlocksInGrid": [], "ScreenshotPath": "45343-Builder-chat.png"}, {"BuilderPosition": {"Y": 2.5093686911865856, "X": 0.15533021882706877, "Yaw": -8.250001, "Z": 0.5808108091404712, "Pitch": 90.0}, "BuilderInventory": [{"Index": 0, "Type": "cwc_minecraft_red_rn", "Quantity": 20}, {"Index": 1, "Type": "cwc_minecraft_orange_rn", "Quantity": 20}, {"Index": 2, "Type": "cwc_minecraft_yellow_rn", "Quantity": 19}, {"Index": 3, "Type": "cwc_minecraft_green_rn", "Quantity": 20}, {"Index": 4, "Type": "cwc_minecraft_blue_rn", "Quantity": 20}, {"Index": 5, "Type": "cwc_minecraft_purple_rn", "Quantity": 20}], "ChatHistory": ["<Builder> Mission has started.", "<Builder> hello again", "<Architect> Hello. This next one is abstract", "<Builder> fun", "<Architect> In the center, build a tower of five yellow blocks"], "Timestamp": "2018-04-13 20:16:15", "BlocksInGrid": [{"PerspectiveCoordinates": {"Y": -6.12323399574e-17, "X": 0.0, "Z": 1.0}, "AbsoluteCoordinates": {"Y": 1, "X": 0, "Z": 0}, "Type": "cwc_minecraft_yellow_rn"}], "ScreenshotPath": "54990-Builder-putdown.png"}, {"BuilderPosition": {"Y": 3.417015410055603, "X": 0.15533021882706877, "Yaw": -8.250001, "Z": 0.5808108091404712, "Pitch": 90.0}, "ChatHistory": ["<Builder> Mission has started.", "<Builder> hello again", "<Architect> Hello. This next one is abstract", "<Builder> fun", "<Architect> In the center, build a tower of five yellow blocks"], "Timestamp": "2018-04-13 20:16:16", "BlocksInGrid": [{"PerspectiveCoordinates": {"Y": -1.224646799148e-16, "X": 0.0, "Z": 2.0}, "AbsoluteCoordinates": {"Y": 1, "X": 0, "Z": 0}, "Type": "cwc_minecraft_yellow_rn"}, {"PerspectiveCoordinates": {"Y": -6.12323399574e-17, "X": 0.0, "Z": 1.0}, "AbsoluteCoordinates": {"Y": 2, "X": 0, "Z": 0}, "Type": "cwc_minecraft_yellow_rn"}], "ScreenshotPath": "56260-Builder-putdown.png", "BuilderInventory": [{"Index": 0, "Type": "cwc_minecraft_red_rn", "Quantity": 20}, {"Index": 1, "Type": "cwc_minecraft_orange_rn", "Quantity": 20}, {"Index": 2, "Type": "cwc_minecraft_yellow_rn", "Quantity": 18}, {"Index": 3, "Type": "cwc_minecraft_green_rn", "Quantity": 20}, {"Index": 4, "Type": "cwc_minecraft_blue_rn", "Quantity": 20}, {"Index": 5, "Type": "cwc_minecraft_purple_rn", "Quantity": 20}]}, {"BuilderPosition": {"Y": 5.597516719100938, "X": 0.15533021882706877, "Yaw": -8.250001, "Z": 0.5808108091404712, "Pitch": 90.0}, "BuilderInventory": [{"Index": 0, "Type": "cwc_minecraft_red_rn", "Quantity": 20}, {"Index": 1, "Type": "cwc_minecraft_orange_rn", "Quantity": 20}, {"Index": 2, "Type": "cwc_minecraft_yellow_rn", "Quantity": 17}, {"Index": 3, "Type": "cwc_minecraft_green_rn", "Quantity": 20}, {"Index": 4, "Type": "cwc_minecraft_blue_rn", "Quantity": 20}, {"Index": 5, "Type": "cwc_minecraft_purple_rn", "Quantity": 20}], "ChatHistory": ["<Builder> Mission has started.", "<Builder> hello again", "<Architect> Hello. This next one is abstract", "<Builder> fun", "<Architect> In the center, build a tower of five yellow blocks"], "Timestamp": "2018-04-13 20:16:16", "BlocksInGrid": [{"PerspectiveCoordinates": {"Y": -2.449293598296e-16, "X": 0.0, "Z": 4.0}, "AbsoluteCoordinates": {"Y": 1, "X": 0, "Z": 0}, "Type": "cwc_minecraft_yellow_rn"}, {"PerspectiveCoordinates": {"Y": -1.836970198722e-16, "X": 0.0, "Z": 3.0}, "AbsoluteCoordinates": {"Y": 2, "X": 0, "Z": 0}, "Type": "cwc_minecraft_yellow_rn"}, {"PerspectiveCoordinates": {"Y": -1.224646799148e-16, "X": 0.0, "Z": 2.0}, "AbsoluteCoordinates": {"Y": 3, "X": 0, "Z": 0}, "Type": "cwc_minecraft_yellow_rn"}], "ScreenshotPath": "56591-Builder-putdown.png"}, {"BuilderPosition": {"Y": 6.505466745239005, "X": 0.15533021882706877, "Yaw": -8.250001, "Z": 0.5808108091404712, "Pitch": 90.0}, "BuilderInventory": [{"Index": 0, "Type": "cwc_minecraft_red_rn", "Quantity": 20}, {"Index": 1, "Type": "cwc_minecraft_orange_rn", "Quantity": 20}, {"Index": 2, "Type": "cwc_minecraft_yellow_rn", "Quantity": 16}, {"Index": 3, "Type": "cwc_minecraft_green_rn", "Quantity": 20}, {"Index": 4, "Type": "cwc_minecraft_blue_rn", "Quantity": 20}, {"Index": 5, "Type": "cwc_minecraft_purple_rn", "Quantity": 20}], "ChatHistory": ["<Builder> Mission has started.", "<Builder> hello again", "<Architect> Hello. This next one is abstract", "<Builder> fun", "<Architect> In the center, build a tower of five yellow blocks"], "Timestamp": "2018-04-13 20:16:17", "BlocksInGrid": [{"PerspectiveCoordinates": {"Y": -3.0616169978700003e-16, "X": 0.0, "Z": 5.0}, "AbsoluteCoordinates": {"Y": 1, "X": 0, "Z": 0}, "Type": "cwc_minecraft_yellow_rn"}, {"PerspectiveCoordinates": {"Y": -2.449293598296e-16, "X": 0.0, "Z": 4.0}, "AbsoluteCoordinates": {"Y": 2, "X": 0, "Z": 0}, "Type": "cwc_minecraft_yellow_rn"}, {"PerspectiveCoordinates": {"Y": -1.836970198722e-16, "X": 0.0, "Z": 3.0}, "AbsoluteCoordinates": {"Y": 3, "X": 0, "Z": 0}, "Type": "cwc_minecraft_yellow_rn"}, {"PerspectiveCoordinates": {"Y": -1.224646799148e-16, "X": 0.0, "Z": 2.0}, "AbsoluteCoordinates": {"Y": 4, "X": 0, "Z": 0}, "Type": "cwc_minecraft_yellow_rn"}], "ScreenshotPath": "57209-Builder-putdown.png"}, {"BuilderPosition": {"Y": 6.505466745239005, "X": 0.15533021882706877, "Yaw": -9.000001, "Z": 0.5808108091404712, "Pitch": 90.0}, "BuilderInventory": [{"Index": 0, "Type": "cwc_minecraft_red_rn", "Quantity": 20}, {"Index": 1, "Type": "cwc_minecraft_orange_rn", "Quantity": 20}, {"Index": 2, "Type": "cwc_minecraft_yellow_rn", "Quantity": 15}, {"Index": 3, "Type": "cwc_minecraft_green_rn", "Quantity": 20}, {"Index": 4, "Type": "cwc_minecraft_blue_rn", "Quantity": 20}, {"Index": 5, "Type": "cwc_minecraft_purple_rn", "Quantity": 20}], "ChatHistory": ["<Builder> Mission has started.", "<Builder> hello again", "<Architect> Hello. This next one is abstract", "<Builder> fun", "<Architect> In the center, build a tower of five yellow blocks"], "Timestamp": "2018-04-13 20:16:17", "BlocksInGrid": [{"PerspectiveCoordinates": {"Y": -3.0616169978700003e-16, "X": 0.0, "Z": 5.0}, "AbsoluteCoordinates": {"Y": 1, "X": 0, "Z": 0}, "Type": "cwc_minecraft_yellow_rn"}, {"PerspectiveCoordinates": {"Y": -2.449293598296e-16, "X": 0.0, "Z": 4.0}, "AbsoluteCoordinates": {"Y": 2, "X": 0, "Z": 0}, "Type": "cwc_minecraft_yellow_rn"}, {"PerspectiveCoordinates": {"Y": -1.836970198722e-16, "X": 0.0, "Z": 3.0}, "AbsoluteCoordinates": {"Y": 3, "X": 0, "Z": 0}, "Type": "cwc_minecraft_yellow_rn"}, {"PerspectiveCoordinates": {"Y": -1.224646799148e-16, "X": 0.0, "Z": 2.0}, "AbsoluteCoordinates": {"Y": 4, "X": 0, "Z": 0}, "Type": "cwc_minecraft_yellow_rn"}, {"PerspectiveCoordinates": {"Y": -6.12323399574e-17, "X": 0.0, "Z": 1.0}, "AbsoluteCoordinates": {"Y": 5, "X": 0, "Z": 0}, "Type": "cwc_minecraft_yellow_rn"}], "ScreenshotPath": "57906-Builder-putdown.png"}, {"BuilderPosition": {"Y": 6.525967395485476, "X": 0.560189857319106, "Yaw": 3.75, "Z": -5.375969140017097, "Pitch": 37.79998}, "ChatHistory": ["<Builder> Mission has started.", "<Builder> hello again", "<Architect> Hello. This next one is abstract", "<Builder> fun", "<Architect> In the center, build a tower of five yellow blocks", "<Architect> Good, now we will be using red blocks"], "Timestamp": "2018-04-13 20:16:37", "BlocksInGrid": [{"PerspectiveCoordinates": {"Y": -0.28120914733511687, "X": 0.3924187753806, "Z": 7.795314549155049}, "AbsoluteCoordinates": {"Y": 1, "X": 0, "Z": 0}, "Type": "cwc_minecraft_yellow_rn"}, {"PerspectiveCoordinates": {"Y": 0.5089460789858833, "X": 0.3924187753806, "Z": 7.182407771318049}, "AbsoluteCoordinates": {"Y": 2, "X": 0, "Z": 0}, "Type": "cwc_minecraft_yellow_rn"}, {"PerspectiveCoordinates": {"Y": 1.2991013053068834, "X": 0.3924187753806, "Z": 6.569500993481049}, "AbsoluteCoordinates": {"Y": 3, "X": 0, "Z": 0}, "Type": "cwc_minecraft_yellow_rn"}, {"PerspectiveCoordinates": {"Y": 2.0892565316278833, "X": 0.3924187753806, "Z": 5.956594215644049}, "AbsoluteCoordinates": {"Y": 4, "X": 0, "Z": 0}, "Type": "cwc_minecraft_yellow_rn"}, {"PerspectiveCoordinates": {"Y": 2.8794117579488834, "X": 0.3924187753806, "Z": 5.343687437807049}, "AbsoluteCoordinates": {"Y": 5, "X": 0, "Z": 0}, "Type": "cwc_minecraft_yellow_rn"}], "ScreenshotPath": "76404-Builder-chat.png", "BuilderInventory": [{"Index": 0, "Type": "cwc_minecraft_red_rn", "Quantity": 20}, {"Index": 1, "Type": "cwc_minecraft_orange_rn", "Quantity": 20}, {"Index": 2, "Type": "cwc_minecraft_yellow_rn", "Quantity": 15}, {"Index": 3, "Type": "cwc_minecraft_green_rn", "Quantity": 20}, {"Index": 4, "Type": "cwc_minecraft_blue_rn", "Quantity": 20}, {"Index": 5, "Type": "cwc_minecraft_purple_rn", "Quantity": 20}]}, {"BuilderPosition": {"Y": 6.525967395485476, "X": 0.560189857319106, "Yaw": 0.29999954, "Z": -5.375969140017097, "Pitch": 19.649986}, "ChatHistory": ["<Builder> Mission has started.", "<Builder> hello again", "<Architect> Hello. This next one is abstract", "<Builder> fun", "<Architect> In the center, build a tower of five yellow blocks", "<Architect> Good, now we will be using red blocks", "<Architect> Place a red block on one side of the top yellow block"], "Timestamp": "2018-04-13 20:16:52", "BlocksInGrid": [{"PerspectiveCoordinates": {"Y": -2.6912099829602685, "X": 0.03141573481812, "Z": 7.331875740845395}, "AbsoluteCoordinates": {"Y": 1, "X": 0, "Z": 0}, "Type": "cwc_minecraft_yellow_rn"}, {"PerspectiveCoordinates": {"Y": -1.7494455433962683, "X": 0.03141573481812, "Z": 6.995602428831395}, "AbsoluteCoordinates": {"Y": 2, "X": 0, "Z": 0}, "Type": "cwc_minecraft_yellow_rn"}, {"PerspectiveCoordinates": {"Y": -0.8076811038322685, "X": 0.03141573481812, "Z": 6.6593291168173945}, "AbsoluteCoordinates": {"Y": 3, "X": 0, "Z": 0}, "Type": "cwc_minecraft_yellow_rn"}, {"PerspectiveCoordinates": {"Y": 0.1340833357317316, "X": 0.03141573481812, "Z": 6.323055804803395}, "AbsoluteCoordinates": {"Y": 4, "X": 0, "Z": 0}, "Type": "cwc_minecraft_yellow_rn"}, {"PerspectiveCoordinates": {"Y": 1.0758477752957316, "X": 0.03141573481812, "Z": 5.986782492789395}, "AbsoluteCoordinates": {"Y": 5, "X": 0, "Z": 0}, "Type": "cwc_minecraft_yellow_rn"}], "ScreenshotPath": "91902-Builder-chat.png", "BuilderInventory": [{"Index": 0, "Type": "cwc_minecraft_red_rn", "Quantity": 20}, {"Index": 1, "Type": "cwc_minecraft_orange_rn", "Quantity": 20}, {"Index": 2, "Type": "cwc_minecraft_yellow_rn", "Quantity": 15}, {"Index": 3, "Type": "cwc_minecraft_green_rn", "Quantity": 20}, {"Index": 4, "Type": "cwc_minecraft_blue_rn", "Quantity": 20}, {"Index": 5, "Type": "cwc_minecraft_purple_rn", "Quantity": 20}]}, {"BuilderPosition": {"Y": 6.525967395485476, "X": 0.5595556562152846, "Yaw": -4.708767e-07, "Z": -3.111458761591585, "Pitch": 37.949986}, "ChatHistory": ["<Builder> Mission has started.", "<Builder> hello again", "<Architect> Hello. This next one is abstract", "<Builder> fun", "<Architect> In the center, build a tower of five yellow blocks", "<Architect> Good, now we will be using red blocks", "<Architect> Place a red block on one side of the top yellow block"], "Timestamp": "2018-04-13 20:16:56", "BlocksInGrid": [{"PerspectiveCoordinates": {"Y": -1.482845831928, "X": -3.287339514372e-08, "Z": 6.229058374966}, "AbsoluteCoordinates": {"Y": 1, "X": 0, "Z": 0}, "Type": "cwc_minecraft_yellow_rn"}, {"PerspectiveCoordinates": {"Y": -0.6942979621840002, "X": -3.287339514372e-08, "Z": 5.614084995768}, "AbsoluteCoordinates": {"Y": 2, "X": 0, "Z": 0}, "Type": "cwc_minecraft_yellow_rn"}, {"PerspectiveCoordinates": {"Y": 0.09424990755999962, "X": -3.287339514372e-08, "Z": 4.99911161657}, "AbsoluteCoordinates": {"Y": 3, "X": 0, "Z": 0}, "Type": "cwc_minecraft_yellow_rn"}, {"PerspectiveCoordinates": {"Y": 0.8827977773039999, "X": -3.287339514372e-08, "Z": 4.384138237372}, "AbsoluteCoordinates": {"Y": 4, "X": 0, "Z": 0}, "Type": "cwc_minecraft_yellow_rn"}, {"PerspectiveCoordinates": {"Y": 1.05637226785, "X": -2.465504635779e-08, "Z": 2.98061698843}, "AbsoluteCoordinates": {"Y": 5, "X": 0, "Z": -1}, "Type": "cwc_minecraft_red_rn"}, {"PerspectiveCoordinates": {"Y": 1.671345647048, "X": -3.287339514372e-08, "Z": 3.7691648581740003}, "AbsoluteCoordinates": {"Y": 5, "X": 0, "Z": 0}, "Type": "cwc_minecraft_yellow_rn"}], "ScreenshotPath": "95701-Builder-putdown.png", "BuilderInventory": [{"Index": 0, "Type": "cwc_minecraft_red_rn", "Quantity": 19}, {"Index": 1, "Type": "cwc_minecraft_orange_rn", "Quantity": 20}, {"Index": 2, "Type": "cwc_minecraft_yellow_rn", "Quantity": 15}, {"Index": 3, "Type": "cwc_minecraft_green_rn", "Quantity": 20}, {"Index": 4, "Type": "cwc_minecraft_blue_rn", "Quantity": 20}, {"Index": 5, "Type": "cwc_minecraft_purple_rn", "Quantity": 20}]}, {"BuilderPosition": {"Y": 6.525967395485476, "X": -1.9011421998997233, "Yaw": -19.799988, "Z": -6.805008673735281, "Pitch": 21.599985}, "ChatHistory": ["<Builder> Mission has started.", "<Builder> hello again", "<Architect> Hello. This next one is abstract", "<Builder> fun", "<Architect> In the center, build a tower of five yellow blocks", "<Architect> Good, now we will be using red blocks", "<Architect> Place a red block on one side of the top yellow block", "<Architect> Now look at the structure so the red block is on the right"], "Timestamp": "2018-04-13 20:17:12", "BlocksInGrid": [{"PerspectiveCoordinates": {"Y": -1.974959965518072, "X": -0.48940238251800006, "Z": 8.59418515291481}, "AbsoluteCoordinates": {"Y": 1, "X": 0, "Z": 0}, "Type": "cwc_minecraft_yellow_rn"}, {"PerspectiveCoordinates": {"Y": -1.045183383255072, "X": -0.48940238251800006, "Z": 8.22606084364481}, "AbsoluteCoordinates": {"Y": 2, "X": 0, "Z": 0}, "Type": "cwc_minecraft_yellow_rn"}, {"PerspectiveCoordinates": {"Y": -0.11540680099207214, "X": -0.48940238251800006, "Z": 7.857936534374809}, "AbsoluteCoordinates": {"Y": 3, "X": 0, "Z": 0}, "Type": "cwc_minecraft_yellow_rn"}, {"PerspectiveCoordinates": {"Y": 0.8143697812709279, "X": -0.48940238251800006, "Z": 7.489812225104809}, "AbsoluteCoordinates": {"Y": 4, "X": 0, "Z": 0}, "Type": "cwc_minecraft_yellow_rn"}, {"PerspectiveCoordinates": {"Y": 1.397785254240731, "X": -0.15066465933000006, "Z": 6.246878944196776}, "AbsoluteCoordinates": {"Y": 5, "X": 0, "Z": -1}, "Type": "cwc_minecraft_red_rn"}, {"PerspectiveCoordinates": {"Y": 1.7441463635339278, "X": -0.48940238251800006, "Z": 7.121687915834809}, "AbsoluteCoordinates": {"Y": 5, "X": 0, "Z": 0}, "Type": "cwc_minecraft_yellow_rn"}], "ScreenshotPath": "111999-Builder-chat.png", "BuilderInventory": [{"Index": 0, "Type": "cwc_minecraft_red_rn", "Quantity": 19}, {"Index": 1, "Type": "cwc_minecraft_orange_rn", "Quantity": 20}, {"Index": 2, "Type": "cwc_minecraft_yellow_rn", "Quantity": 15}, {"Index": 3, "Type": "cwc_minecraft_green_rn", "Quantity": 20}, {"Index": 4, "Type": "cwc_minecraft_blue_rn", "Quantity": 20}, {"Index": 5, "Type": "cwc_minecraft_purple_rn", "Quantity": 20}]}, {"BuilderPosition": {"Y": 6.525967395485476, "X": 7.417869012310815, "Yaw": 85.79999, "Z": 0.644503389003862, "Pitch": 27.299994}, "BuilderInventory": [{"Index": 0, "Type": "cwc_minecraft_red_rn", "Quantity": 19}, {"Index": 1, "Type": "cwc_minecraft_orange_rn", "Quantity": 20}, {"Index": 2, "Type": "cwc_minecraft_yellow_rn", "Quantity": 15}, {"Index": 3, "Type": "cwc_minecraft_green_rn", "Quantity": 20}, {"Index": 4, "Type": "cwc_minecraft_blue_rn", "Quantity": 20}, {"Index": 5, "Type": "cwc_minecraft_purple_rn", "Quantity": 20}], "ChatHistory": ["<Builder> Mission has started.", "<Builder> hello again", "<Architect> Hello. This next one is abstract", "<Builder> fun", "<Architect> In the center, build a tower of five yellow blocks", "<Architect> Good, now we will be using red blocks", "<Architect> Place a red block on one side of the top yellow block", "<Architect> Now look at the structure so the red block is on the right", "<Architect> Place another red block on the back side of the current red block"], "Timestamp": "2018-04-13 20:17:42", "BlocksInGrid": [{"PerspectiveCoordinates": {"Y": -1.2411622094832762, "X": -0.5126685983426, "Z": 8.49686337880687}, "AbsoluteCoordinates": {"Y": 1, "X": 0, "Z": 0}, "Type": "cwc_minecraft_yellow_rn"}, {"PerspectiveCoordinates": {"Y": -0.3525449287982759, "X": -0.5126685983426, "Z": 8.03821391737787}, "AbsoluteCoordinates": {"Y": 2, "X": 0, "Z": 0}, "Type": "cwc_minecraft_yellow_rn"}, {"PerspectiveCoordinates": {"Y": 0.5360723518867242, "X": -0.5126685983426, "Z": 7.57956445594887}, "AbsoluteCoordinates": {"Y": 3, "X": 0, "Z": 0}, "Type": "cwc_minecraft_yellow_rn"}, {"PerspectiveCoordinates": {"Y": 1.424689632571724, "X": -0.5126685983426, "Z": 7.12091499451987}, "AbsoluteCoordinates": {"Y": 4, "X": 0, "Z": 0}, "Type": "cwc_minecraft_yellow_rn"}, {"PerspectiveCoordinates": {"Y": 2.279716173753668, "X": -1.5099830627846, "Z": 6.597184650840615}, "AbsoluteCoordinates": {"Y": 5, "X": 0, "Z": -1}, "Type": "cwc_minecraft_red_rn"}, {"PerspectiveCoordinates": {"Y": 2.313306913256724, "X": -0.5126685983426, "Z": 6.662265533090871}, "AbsoluteCoordinates": {"Y": 5, "X": 0, "Z": 0}, "Type": "cwc_minecraft_yellow_rn"}], "ScreenshotPath": "142093-Builder-chat.png"}, {"BuilderPosition": {"Y": 6.525967395485476, "X": 3.9469733337184927, "Yaw": 87.6, "Z": -0.6335425671063485, "Pitch": 41.100018}, "BuilderInventory": [{"Index": 0, "Type": "cwc_minecraft_red_rn", "Quantity": 18}, {"Index": 1, "Type": "cwc_minecraft_orange_rn", "Quantity": 20}, {"Index": 2, "Type": "cwc_minecraft_yellow_rn", "Quantity": 15}, {"Index": 3, "Type": "cwc_minecraft_green_rn", "Quantity": 20}, {"Index": 4, "Type": "cwc_minecraft_blue_rn", "Quantity": 20}, {"Index": 5, "Type": "cwc_minecraft_purple_rn", "Quantity": 20}], "ChatHistory": ["<Builder> Mission has started.", "<Builder> hello again", "<Architect> Hello. This next one is abstract", "<Builder> fun", "<Architect> In the center, build a tower of five yellow blocks", "<Architect> Good, now we will be using red blocks", "<Architect> Place a red block on one side of the top yellow block", "<Architect> Now look at the structure so the red block is on the right", "<Architect> Place another red block on the back side of the current red block"], "Timestamp": "2018-04-13 20:17:48", "BlocksInGrid": [{"PerspectiveCoordinates": {"Y": -1.769891343190182, "X": 0.8734958689114001, "Z": 5.5771399122036325}, "AbsoluteCoordinates": {"Y": 1, "X": 0, "Z": 0}, "Type": "cwc_minecraft_yellow_rn"}, {"PerspectiveCoordinates": {"Y": -1.0163281574091818, "X": 0.8734958689114001, "Z": 4.919764429670632}, "AbsoluteCoordinates": {"Y": 2, "X": 0, "Z": 0}, "Type": "cwc_minecraft_yellow_rn"}, {"PerspectiveCoordinates": {"Y": -0.2627649716281818, "X": 0.8734958689114001, "Z": 4.262388947137632}, "AbsoluteCoordinates": {"Y": 3, "X": 0, "Z": 0}, "Type": "cwc_minecraft_yellow_rn"}, {"PerspectiveCoordinates": {"Y": 0.4907982141528181, "X": 0.8734958689114001, "Z": 3.605013464604632}, "AbsoluteCoordinates": {"Y": 4, "X": 0, "Z": 0}, "Type": "cwc_minecraft_yellow_rn"}, {"PerspectiveCoordinates": {"Y": 1.2168333718572004, "X": -0.1256269611876, "Z": 2.9160820310407938}, "AbsoluteCoordinates": {"Y": 5, "X": 0, "Z": -1}, "Type": "cwc_minecraft_red_rn"}, {"PerspectiveCoordinates": {"Y": 0.5600345193111336, "X": -0.0837513074584, "Z": 2.1631798482048628}, "AbsoluteCoordinates": {"Y": 5, "X": 1, "Z": -1}, "Type": "cwc_minecraft_red_rn"}, {"PerspectiveCoordinates": {"Y": 1.2443613999338181, "X": 0.8734958689114001, "Z": 2.947637982071632}, "AbsoluteCoordinates": {"Y": 5, "X": 0, "Z": 0}, "Type": "cwc_minecraft_yellow_rn"}], "ScreenshotPath": "148792-Builder-putdown.png"}, {"BuilderPosition": {"Y": 6.525967395485476, "X": 3.9362457377320563, "Yaw": 88.2, "Z": -0.6335425671063485, "Pitch": 40.950016}, "BuilderInventory": [{"Index": 0, "Type": "cwc_minecraft_red_rn", "Quantity": 18}, {"Index": 1, "Type": "cwc_minecraft_orange_rn", "Quantity": 20}, {"Index": 2, "Type": "cwc_minecraft_yellow_rn", "Quantity": 15}, {"Index": 3, "Type": "cwc_minecraft_green_rn", "Quantity": 20}, {"Index": 4, "Type": "cwc_minecraft_blue_rn", "Quantity": 20}, {"Index": 5, "Type": "cwc_minecraft_purple_rn", "Quantity": 20}], "ChatHistory": ["<Builder> Mission has started.", "<Builder> hello again", "<Architect> Hello. This next one is abstract", "<Builder> fun", "<Architect> In the center, build a tower of five yellow blocks", "<Architect> Good, now we will be using red blocks", "<Architect> Place a red block on one side of the top yellow block", "<Architect> Now look at the structure so the red block is on the right", "<Architect> Place another red block on the back side of the current red block", "<Builder> like that?"], "Timestamp": "2018-04-13 20:17:51", "BlocksInGrid": [{"PerspectiveCoordinates": {"Y": -1.7905905789173637, "X": 0.9052742831317, "Z": 5.565452708539763}, "AbsoluteCoordinates": {"Y": 1, "X": 0, "Z": 0}, "Type": "cwc_minecraft_yellow_rn"}, {"PerspectiveCoordinates": {"Y": -1.0353089496543637, "X": 0.9052742831317, "Z": 4.910052326713764}, "AbsoluteCoordinates": {"Y": 2, "X": 0, "Z": 0}, "Type": "cwc_minecraft_yellow_rn"}, {"PerspectiveCoordinates": {"Y": -0.28002732039136363, "X": 0.9052742831317, "Z": 4.2546519448877635}, "AbsoluteCoordinates": {"Y": 3, "X": 0, "Z": 0}, "Type": "cwc_minecraft_yellow_rn"}, {"PerspectiveCoordinates": {"Y": 0.4752543088716364, "X": 0.9052742831317, "Z": 3.5992515630617636}, "AbsoluteCoordinates": {"Y": 4, "X": 0, "Z": 0}, "Type": "cwc_minecraft_yellow_rn"}, {"PerspectiveCoordinates": {"Y": 1.209949314641405, "X": -0.0942322772343, "Z": 2.920127211942869}, "AbsoluteCoordinates": {"Y": 5, "X": 0, "Z": -1}, "Type": "cwc_minecraft_red_rn"}, {"PerspectiveCoordinates": {"Y": 0.5548723333399367, "X": -0.0628215181562, "Z": 2.1652182685705794}, "AbsoluteCoordinates": {"Y": 5, "X": 1, "Z": -1}, "Type": "cwc_minecraft_red_rn"}, {"PerspectiveCoordinates": {"Y": 1.2305359381346364, "X": 0.9052742831317, "Z": 2.9438511812357637}, "AbsoluteCoordinates": {"Y": 5, "X": 0, "Z": 0}, "Type": "cwc_minecraft_yellow_rn"}], "ScreenshotPath": "151791-Builder-chat.png"}, {"BuilderPosition": {"Y": 6.525967395485476, "X": 3.9362457377320563, "Yaw": 88.2, "Z": -0.6335425671063485, "Pitch": 40.950016}, "ChatHistory": ["<Builder> Mission has started.", "<Builder> hello again", "<Architect> Hello. This next one is abstract", "<Builder> fun", "<Architect> In the center, build a tower of five yellow blocks", "<Architect> Good, now we will be using red blocks", "<Architect> Place a red block on one side of the top yellow block", "<Architect> Now look at the structure so the red block is on the right", "<Architect> Place another red block on the back side of the current red block", "<Builder> like that?", "<Architect> Sorry, the other side of the red block"], "Timestamp": "2018-04-13 20:18:09", "BlocksInGrid": [{"PerspectiveCoordinates": {"Y": -1.7905905789173637, "X": 0.9052742831317, "Z": 5.565452708539763}, "AbsoluteCoordinates": {"Y": 1, "X": 0, "Z": 0}, "Type": "cwc_minecraft_yellow_rn"}, {"PerspectiveCoordinates": {"Y": -1.0353089496543637, "X": 0.9052742831317, "Z": 4.910052326713764}, "AbsoluteCoordinates": {"Y": 2, "X": 0, "Z": 0}, "Type": "cwc_minecraft_yellow_rn"}, {"PerspectiveCoordinates": {"Y": -0.28002732039136363, "X": 0.9052742831317, "Z": 4.2546519448877635}, "AbsoluteCoordinates": {"Y": 3, "X": 0, "Z": 0}, "Type": "cwc_minecraft_yellow_rn"}, {"PerspectiveCoordinates": {"Y": 0.4752543088716364, "X": 0.9052742831317, "Z": 3.5992515630617636}, "AbsoluteCoordinates": {"Y": 4, "X": 0, "Z": 0}, "Type": "cwc_minecraft_yellow_rn"}, {"PerspectiveCoordinates": {"Y": 1.209949314641405, "X": -0.0942322772343, "Z": 2.920127211942869}, "AbsoluteCoordinates": {"Y": 5, "X": 0, "Z": -1}, "Type": "cwc_minecraft_red_rn"}, {"PerspectiveCoordinates": {"Y": 0.5548723333399367, "X": -0.0628215181562, "Z": 2.1652182685705794}, "AbsoluteCoordinates": {"Y": 5, "X": 1, "Z": -1}, "Type": "cwc_minecraft_red_rn"}, {"PerspectiveCoordinates": {"Y": 1.2305359381346364, "X": 0.9052742831317, "Z": 2.9438511812357637}, "AbsoluteCoordinates": {"Y": 5, "X": 0, "Z": 0}, "Type": "cwc_minecraft_yellow_rn"}], "ScreenshotPath": "169106-Builder-chat.png", "BuilderInventory": [{"Index": 0, "Type": "cwc_minecraft_red_rn", "Quantity": 18}, {"Index": 1, "Type": "cwc_minecraft_orange_rn", "Quantity": 20}, {"Index": 2, "Type": "cwc_minecraft_yellow_rn", "Quantity": 15}, {"Index": 3, "Type": "cwc_minecraft_green_rn", "Quantity": 20}, {"Index": 4, "Type": "cwc_minecraft_blue_rn", "Quantity": 20}, {"Index": 5, "Type": "cwc_minecraft_purple_rn", "Quantity": 20}]}, {"BuilderPosition": {"Y": 6.525967395485476, "X": 3.9362457377320563, "Yaw": 88.2, "Z": -0.6335425671063485, "Pitch": 40.950016}, "BuilderInventory": [{"Index": 0, "Type": "cwc_minecraft_red_rn", "Quantity": 19}, {"Index": 1, "Type": "cwc_minecraft_orange_rn", "Quantity": 20}, {"Index": 2, "Type": "cwc_minecraft_yellow_rn", "Quantity": 15}, {"Index": 3, "Type": "cwc_minecraft_green_rn", "Quantity": 20}, {"Index": 4, "Type": "cwc_minecraft_blue_rn", "Quantity": 20}, {"Index": 5, "Type": "cwc_minecraft_purple_rn", "Quantity": 20}], "ChatHistory": ["<Builder> Mission has started.", "<Builder> hello again", "<Architect> Hello. This next one is abstract", "<Builder> fun", "<Architect> In the center, build a tower of five yellow blocks", "<Architect> Good, now we will be using red blocks", "<Architect> Place a red block on one side of the top yellow block", "<Architect> Now look at the structure so the red block is on the right", "<Architect> Place another red block on the back side of the current red block", "<Builder> like that?", "<Architect> Sorry, the other side of the red block"], "Timestamp": "2018-04-13 20:18:13", "BlocksInGrid": [{"PerspectiveCoordinates": {"Y": -1.7905905789173637, "X": 0.9052742831317, "Z": 5.565452708539763}, "AbsoluteCoordinates": {"Y": 1, "X": 0, "Z": 0}, "Type": "cwc_minecraft_yellow_rn"}, {"PerspectiveCoordinates": {"Y": -1.0353089496543637, "X": 0.9052742831317, "Z": 4.910052326713764}, "AbsoluteCoordinates": {"Y": 2, "X": 0, "Z": 0}, "Type": "cwc_minecraft_yellow_rn"}, {"PerspectiveCoordinates": {"Y": -0.28002732039136363, "X": 0.9052742831317, "Z": 4.2546519448877635}, "AbsoluteCoordinates": {"Y": 3, "X": 0, "Z": 0}, "Type": "cwc_minecraft_yellow_rn"}, {"PerspectiveCoordinates": {"Y": 0.4752543088716364, "X": 0.9052742831317, "Z": 3.5992515630617636}, "AbsoluteCoordinates": {"Y": 4, "X": 0, "Z": 0}, "Type": "cwc_minecraft_yellow_rn"}, {"PerspectiveCoordinates": {"Y": 1.209949314641405, "X": -0.0942322772343, "Z": 2.920127211942869}, "AbsoluteCoordinates": {"Y": 5, "X": 0, "Z": -1}, "Type": "cwc_minecraft_red_rn"}, {"PerspectiveCoordinates": {"Y": 1.2305359381346364, "X": 0.9052742831317, "Z": 2.9438511812357637}, "AbsoluteCoordinates": {"Y": 5, "X": 0, "Z": 0}, "Type": "cwc_minecraft_yellow_rn"}], "ScreenshotPath": "173305-Builder-pickup.png"}, {"BuilderPosition": {"Y": 6.525967395485476, "X": -1.5914336425886528, "Yaw": -28.050001, "Z": -2.8704241637805916, "Pitch": 41.250046}, "ChatHistory": ["<Builder> Mission has started.", "<Builder> hello again", "<Architect> Hello. This next one is abstract", "<Builder> fun", "<Architect> In the center, build a tower of five yellow blocks", "<Architect> Good, now we will be using red blocks", "<Architect> Place a red block on one side of the top yellow block", "<Architect> Now look at the structure so the red block is on the right", "<Architect> Place another red block on the back side of the current red block", "<Builder> like that?", "<Architect> Sorry, the other side of the red block"], "Timestamp": "2018-04-13 20:18:16", "BlocksInGrid": [{"PerspectiveCoordinates": {"Y": -1.3933978101956905, "X": 0.35434936516900006, "Z": 5.9944039795433115}, "AbsoluteCoordinates": {"Y": 1, "X": 0, "Z": 0}, "Type": "cwc_minecraft_yellow_rn"}, {"PerspectiveCoordinates": {"Y": -0.6415585320736905, "X": 0.35434936516900006, "Z": 5.335057560827312}, "AbsoluteCoordinates": {"Y": 2, "X": 0, "Z": 0}, "Type": "cwc_minecraft_yellow_rn"}, {"PerspectiveCoordinates": {"Y": 0.11028074604830955, "X": 0.35434936516900006, "Z": 4.675711142111312}, "AbsoluteCoordinates": {"Y": 3, "X": 0, "Z": 0}, "Type": "cwc_minecraft_yellow_rn"}, {"PerspectiveCoordinates": {"Y": 0.8621200241703095, "X": 0.35434936516900006, "Z": 4.016364723395312}, "AbsoluteCoordinates": {"Y": 4, "X": 0, "Z": 0}, "Type": "cwc_minecraft_yellow_rn"}, {"PerspectiveCoordinates": {"Y": 0.7220090009713034, "X": -0.05794627564599997, "Z": 2.3399455616866263}, "AbsoluteCoordinates": {"Y": 5, "X": -1, "Z": -1}, "Type": "cwc_minecraft_red_rn"}, {"PerspectiveCoordinates": {"Y": 1.032061324520012, "X": 0.8245912816300001, "Z": 2.6934919047013706}, "AbsoluteCoordinates": {"Y": 5, "X": 0, "Z": -1}, "Type": "cwc_minecraft_red_rn"}, {"PerspectiveCoordinates": {"Y": 1.6139593022923095, "X": 0.35434936516900006, "Z": 3.3570183046793116}, "AbsoluteCoordinates": {"Y": 5, "X": 0, "Z": 0}, "Type": "cwc_minecraft_yellow_rn"}], "ScreenshotPath": "175954-Builder-putdown.png", "BuilderInventory": [{"Index": 0, "Type": "cwc_minecraft_red_rn", "Quantity": 18}, {"Index": 1, "Type": "cwc_minecraft_orange_rn", "Quantity": 20}, {"Index": 2, "Type": "cwc_minecraft_yellow_rn", "Quantity": 15}, {"Index": 3, "Type": "cwc_minecraft_green_rn", "Quantity": 20}, {"Index": 4, "Type": "cwc_minecraft_blue_rn", "Quantity": 20}, {"Index": 5, "Type": "cwc_minecraft_purple_rn", "Quantity": 20}]}, {"BuilderPosition": {"Y": 6.525967395485476, "X": 4.072425005947524, "Yaw": 89.99999, "Z": 0.07703414164509359, "Pitch": 34.95003}, "ChatHistory": ["<Builder> Mission has started.", "<Builder> hello again", "<Architect> Hello. This next one is abstract", "<Builder> fun", "<Architect> In the center, build a tower of five yellow blocks", "<Architect> Good, now we will be using red blocks", "<Architect> Place a red block on one side of the top yellow block", "<Architect> Now look at the structure so the red block is on the right", "<Architect> Place another red block on the back side of the current red block", "<Builder> like that?", "<Architect> Sorry, the other side of the red block", "<Architect> Yes, like that"], "Timestamp": "2018-04-13 20:18:20", "BlocksInGrid": [{"PerspectiveCoordinates": {"Y": -1.8068126523719998, "X": -6.9813170114e-07, "Z": 6.142916899913001}, "AbsoluteCoordinates": {"Y": 1, "X": 0, "Z": 0}, "Type": "cwc_minecraft_yellow_rn"}, {"PerspectiveCoordinates": {"Y": -0.9871606801400001, "X": -6.9813170114e-07, "Z": 5.570055097716001}, "AbsoluteCoordinates": {"Y": 2, "X": 0, "Z": 0}, "Type": "cwc_minecraft_yellow_rn"}, {"PerspectiveCoordinates": {"Y": -0.167508707908, "X": -6.9813170114e-07, "Z": 4.997193295519001}, "AbsoluteCoordinates": {"Y": 3, "X": 0, "Z": 0}, "Type": "cwc_minecraft_yellow_rn"}, {"PerspectiveCoordinates": {"Y": 0.6521432643239999, "X": -6.9813170114e-07, "Z": 4.424331493322001}, "AbsoluteCoordinates": {"Y": 4, "X": 0, "Z": 0}, "Type": "cwc_minecraft_yellow_rn"}, {"PerspectiveCoordinates": {"Y": 2.044656938769754, "X": -1.0000008726646263, "Z": 4.671121520300744}, "AbsoluteCoordinates": {"Y": 5, "X": -1, "Z": -1}, "Type": "cwc_minecraft_red_rn"}, {"PerspectiveCoordinates": {"Y": 1.4717951365727537, "X": -1.0000006981317011, "Z": 3.8514695480687435}, "AbsoluteCoordinates": {"Y": 5, "X": 0, "Z": -1}, "Type": "cwc_minecraft_red_rn"}, {"PerspectiveCoordinates": {"Y": 1.4717952365559999, "X": -6.9813170114e-07, "Z": 3.851469691125}, "AbsoluteCoordinates": {"Y": 5, "X": 0, "Z": 0}, "Type": "cwc_minecraft_yellow_rn"}], "ScreenshotPath": "180254-Builder-chat.png", "BuilderInventory": [{"Index": 0, "Type": "cwc_minecraft_red_rn", "Quantity": 18}, {"Index": 1, "Type": "cwc_minecraft_orange_rn", "Quantity": 20}, {"Index": 2, "Type": "cwc_minecraft_yellow_rn", "Quantity": 15}, {"Index": 3, "Type": "cwc_minecraft_green_rn", "Quantity": 20}, {"Index": 4, "Type": "cwc_minecraft_blue_rn", "Quantity": 20}, {"Index": 5, "Type": "cwc_minecraft_purple_rn", "Quantity": 20}]}, {"BuilderPosition": {"Y": 6.525967395485476, "X": 4.072425005947524, "Yaw": 89.99999, "Z": 0.15491093948262152, "Pitch": 34.95003}, "ChatHistory": ["<Builder> Mission has started.", "<Builder> hello again", "<Architect> Hello. This next one is abstract", "<Builder> fun", "<Architect> In the center, build a tower of five yellow blocks", "<Architect> Good, now we will be using red blocks", "<Architect> Place a red block on one side of the top yellow block", "<Architect> Now look at the structure so the red block is on the right", "<Architect> Place another red block on the back side of the current red block", "<Builder> like that?", "<Architect> Sorry, the other side of the red block", "<Architect> Yes, like that", "<Builder> alright"], "Timestamp": "2018-04-13 20:18:32", "BlocksInGrid": [{"PerspectiveCoordinates": {"Y": -1.8068126523719998, "X": -6.9813170114e-07, "Z": 6.142916899913001}, "AbsoluteCoordinates": {"Y": 1, "X": 0, "Z": 0}, "Type": "cwc_minecraft_yellow_rn"}, {"PerspectiveCoordinates": {"Y": -0.9871606801400001, "X": -6.9813170114e-07, "Z": 5.570055097716001}, "AbsoluteCoordinates": {"Y": 2, "X": 0, "Z": 0}, "Type": "cwc_minecraft_yellow_rn"}, {"PerspectiveCoordinates": {"Y": -0.167508707908, "X": -6.9813170114e-07, "Z": 4.997193295519001}, "AbsoluteCoordinates": {"Y": 3, "X": 0, "Z": 0}, "Type": "cwc_minecraft_yellow_rn"}, {"PerspectiveCoordinates": {"Y": 0.6521432643239999, "X": -6.9813170114e-07, "Z": 4.424331493322001}, "AbsoluteCoordinates": {"Y": 4, "X": 0, "Z": 0}, "Type": "cwc_minecraft_yellow_rn"}, {"PerspectiveCoordinates": {"Y": 2.044656938769754, "X": -1.0000008726646263, "Z": 4.671121520300744}, "AbsoluteCoordinates": {"Y": 5, "X": -1, "Z": -1}, "Type": "cwc_minecraft_red_rn"}, {"PerspectiveCoordinates": {"Y": 1.4717951365727537, "X": -1.0000006981317011, "Z": 3.8514695480687435}, "AbsoluteCoordinates": {"Y": 5, "X": 0, "Z": -1}, "Type": "cwc_minecraft_red_rn"}, {"PerspectiveCoordinates": {"Y": 1.4717952365559999, "X": -6.9813170114e-07, "Z": 3.851469691125}, "AbsoluteCoordinates": {"Y": 5, "X": 0, "Z": 0}, "Type": "cwc_minecraft_yellow_rn"}], "ScreenshotPath": "192301-Builder-chat.png", "BuilderInventory": [{"Index": 0, "Type": "cwc_minecraft_red_rn", "Quantity": 18}, {"Index": 1, "Type": "cwc_minecraft_orange_rn", "Quantity": 20}, {"Index": 2, "Type": "cwc_minecraft_yellow_rn", "Quantity": 15}, {"Index": 3, "Type": "cwc_minecraft_green_rn", "Quantity": 20}, {"Index": 4, "Type": "cwc_minecraft_blue_rn", "Quantity": 20}, {"Index": 5, "Type": "cwc_minecraft_purple_rn", "Quantity": 20}]}, {"BuilderPosition": {"Y": 6.525967395485476, "X": 4.072425005947524, "Yaw": 86.54997, "Z": 0.15491093948262152, "Pitch": 48.600067}, "ChatHistory": ["<Builder> Mission has started.", "<Builder> hello again", "<Architect> Hello. This next one is abstract", "<Builder> fun", "<Architect> In the center, build a tower of five yellow blocks", "<Architect> Good, now we will be using red blocks", "<Architect> Place a red block on one side of the top yellow block", "<Architect> Now look at the structure so the red block is on the right", "<Architect> Place another red block on the back side of the current red block", "<Builder> like that?", "<Architect> Sorry, the other side of the red block", "<Architect> Yes, like that", "<Builder> alright", "<Architect> Now place another red block to the right of the red block you just placed"], "Timestamp": "2018-04-13 20:18:50", "BlocksInGrid": [{"PerspectiveCoordinates": {"Y": -0.31154539458001934, "X": -0.2407120084764, "Z": 6.391009090598432}, "AbsoluteCoordinates": {"Y": 1, "X": 0, "Z": 0}, "Type": "cwc_minecraft_yellow_rn"}, {"PerspectiveCoordinates": {"Y": 0.34976559358498055, "X": -0.2407120084764, "Z": 5.640897247649432}, "AbsoluteCoordinates": {"Y": 2, "X": 0, "Z": 0}, "Type": "cwc_minecraft_yellow_rn"}, {"PerspectiveCoordinates": {"Y": 1.0110765817499805, "X": -0.2407120084764, "Z": 4.890785404700432}, "AbsoluteCoordinates": {"Y": 3, "X": 0, "Z": 0}, "Type": "cwc_minecraft_yellow_rn"}, {"PerspectiveCoordinates": {"Y": 1.6723875699149806, "X": -0.2407120084764, "Z": 4.1406735617514325}, "AbsoluteCoordinates": {"Y": 4, "X": 0, "Z": 0}, "Type": "cwc_minecraft_yellow_rn"}, {"PerspectiveCoordinates": {"Y": 3.037310712566679, "X": -1.2990776723415, "Z": 4.010877813718613}, "AbsoluteCoordinates": {"Y": 5, "X": -1, "Z": -1}, "Type": "cwc_minecraft_red_rn"}, {"PerspectiveCoordinates": {"Y": 2.2885583260054334, "X": -1.2388996702224, "Z": 3.3507653447552546}, "AbsoluteCoordinates": {"Y": 5, "X": 0, "Z": -1}, "Type": "cwc_minecraft_red_rn"}, {"PerspectiveCoordinates": {"Y": 2.3336985580799805, "X": -0.2407120084764, "Z": 3.390561718802432}, "AbsoluteCoordinates": {"Y": 5, "X": 0, "Z": 0}, "Type": "cwc_minecraft_yellow_rn"}], "ScreenshotPath": "209649-Builder-chat.png", "BuilderInventory": [{"Index": 0, "Type": "cwc_minecraft_red_rn", "Quantity": 18}, {"Index": 1, "Type": "cwc_minecraft_orange_rn", "Quantity": 20}, {"Index": 2, "Type": "cwc_minecraft_yellow_rn", "Quantity": 15}, {"Index": 3, "Type": "cwc_minecraft_green_rn", "Quantity": 20}, {"Index": 4, "Type": "cwc_minecraft_blue_rn", "Quantity": 20}, {"Index": 5, "Type": "cwc_minecraft_purple_rn", "Quantity": 20}]}, {"BuilderPosition": {"Y": 6.525967395485476, "X": 0.898047500892794, "Yaw": 38.249947, "Z": -3.0444318807381796, "Pitch": 46.95009}, "ChatHistory": ["<Builder> Mission has started.", "<Builder> hello again", "<Architect> Hello. This next one is abstract", "<Builder> fun", "<Architect> In the center, build a tower of five yellow blocks", "<Architect> Good, now we will be using red blocks", "<Architect> Place a red block on one side of the top yellow block", "<Architect> Now look at the structure so the red block is on the right", "<Architect> Place another red block on the back side of the current red block", "<Builder> like that?", "<Architect> Sorry, the other side of the red block", "<Architect> Yes, like that", "<Builder> alright", "<Architect> Now place another red block to the right of the red block you just placed"], "Timestamp": "2018-04-13 20:18:55", "BlocksInGrid": [{"PerspectiveCoordinates": {"Y": -1.1176634933628353, "X": 2.476372891488, "Z": 5.79813811649055}, "AbsoluteCoordinates": {"Y": 1, "X": 0, "Z": 0}, "Type": "cwc_minecraft_yellow_rn"}, {"PerspectiveCoordinates": {"Y": -0.43502831443583545, "X": 2.476372891488, "Z": 5.06737877683655}, "AbsoluteCoordinates": {"Y": 2, "X": 0, "Z": 0}, "Type": "cwc_minecraft_yellow_rn"}, {"PerspectiveCoordinates": {"Y": 0.24760686449116429, "X": 2.476372891488, "Z": 4.33661943718255}, "AbsoluteCoordinates": {"Y": 3, "X": 0, "Z": 0}, "Type": "cwc_minecraft_yellow_rn"}, {"PerspectiveCoordinates": {"Y": 0.9302420434181645, "X": 2.476372891488, "Z": 3.6058600975285504}, "AbsoluteCoordinates": {"Y": 4, "X": 0, "Z": 0}, "Type": "cwc_minecraft_yellow_rn"}, {"PerspectiveCoordinates": {"Y": 0.9175291764392917, "X": 0.4528689421869999, "Z": 2.225544861731996}, "AbsoluteCoordinates": {"Y": 5, "X": -1, "Z": -2}, "Type": "cwc_minecraft_red_rn"}, {"PerspectiveCoordinates": {"Y": 1.4914072767573328, "X": 1.0719621650589999, "Z": 2.761630216287134}, "AbsoluteCoordinates": {"Y": 5, "X": -1, "Z": -1}, "Type": "cwc_minecraft_red_rn"}, {"PerspectiveCoordinates": {"Y": 1.0389991220271233, "X": 1.857279668616, "Z": 2.339015403319413}, "AbsoluteCoordinates": {"Y": 5, "X": 0, "Z": -1}, "Type": "cwc_minecraft_red_rn"}, {"PerspectiveCoordinates": {"Y": 1.6128772223451644, "X": 2.476372891488, "Z": 2.8751007578745504}, "AbsoluteCoordinates": {"Y": 5, "X": 0, "Z": 0}, "Type": "cwc_minecraft_yellow_rn"}], "ScreenshotPath": "215098-Builder-putdown.png", "BuilderInventory": [{"Index": 0, "Type": "cwc_minecraft_red_rn", "Quantity": 17}, {"Index": 1, "Type": "cwc_minecraft_orange_rn", "Quantity": 20}, {"Index": 2, "Type": "cwc_minecraft_yellow_rn", "Quantity": 15}, {"Index": 3, "Type": "cwc_minecraft_green_rn", "Quantity": 20}, {"Index": 4, "Type": "cwc_minecraft_blue_rn", "Quantity": 20}, {"Index": 5, "Type": "cwc_minecraft_purple_rn", "Quantity": 20}]}, {"BuilderPosition": {"Y": 6.525967395485476, "X": 4.1713961794927, "Yaw": 91.49997, "Z": 0.4281464451411629, "Pitch": 40.650066}, "ChatHistory": ["<Builder> Mission has started.", "<Builder> hello again", "<Architect> Hello. This next one is abstract", "<Builder> fun", "<Architect> In the center, build a tower of five yellow blocks", "<Architect> Good, now we will be using red blocks", "<Architect> Place a red block on one side of the top yellow block", "<Architect> Now look at the structure so the red block is on the right", "<Architect> Place another red block on the back side of the current red block", "<Builder> like that?", "<Architect> Sorry, the other side of the red block", "<Architect> Yes, like that", "<Builder> alright", "<Architect> Now place another red block to the right of the red block you just placed", "<Builder> there"], "Timestamp": "2018-04-13 20:19:03", "BlocksInGrid": [{"PerspectiveCoordinates": {"Y": -1.188654960681942, "X": 0.104705699554, "Z": 6.290956692025058}, "AbsoluteCoordinates": {"Y": 1, "X": 0, "Z": 0}, "Type": "cwc_minecraft_yellow_rn"}, {"PerspectiveCoordinates": {"Y": -0.4299526004249422, "X": 0.104705699554, "Z": 5.639519259465058}, "AbsoluteCoordinates": {"Y": 2, "X": 0, "Z": 0}, "Type": "cwc_minecraft_yellow_rn"}, {"PerspectiveCoordinates": {"Y": 0.32874975983205756, "X": 0.104705699554, "Z": 4.988081826905058}, "AbsoluteCoordinates": {"Y": 3, "X": 0, "Z": 0}, "Type": "cwc_minecraft_yellow_rn"}, {"PerspectiveCoordinates": {"Y": 1.0874521200890577, "X": 0.104705699554, "Z": 4.3366443943450586}, "AbsoluteCoordinates": {"Y": 4, "X": 0, "Z": 0}, "Type": "cwc_minecraft_yellow_rn"}, {"PerspectiveCoordinates": {"Y": 2.53147329654275, "X": -1.8684325529215, "Z": 4.483369574783313}, "AbsoluteCoordinates": {"Y": 5, "X": -1, "Z": -2}, "Type": "cwc_minecraft_red_rn"}, {"PerspectiveCoordinates": {"Y": 2.5144209935197863, "X": -0.8687752142395, "Z": 4.463509459437318}, "AbsoluteCoordinates": {"Y": 5, "X": -1, "Z": -1}, "Type": "cwc_minecraft_red_rn"}, {"PerspectiveCoordinates": {"Y": 1.8632067833690218, "X": -0.894951639128, "Z": 3.7050670771310537}, "AbsoluteCoordinates": {"Y": 5, "X": 0, "Z": -1}, "Type": "cwc_minecraft_red_rn"}, {"PerspectiveCoordinates": {"Y": 1.8461544803460577, "X": 0.104705699554, "Z": 3.6852069617850587}, "AbsoluteCoordinates": {"Y": 5, "X": 0, "Z": 0}, "Type": "cwc_minecraft_yellow_rn"}], "ScreenshotPath": "223096-Builder-chat.png", "BuilderInventory": [{"Index": 0, "Type": "cwc_minecraft_red_rn", "Quantity": 17}, {"Index": 1, "Type": "cwc_minecraft_orange_rn", "Quantity": 20}, {"Index": 2, "Type": "cwc_minecraft_yellow_rn", "Quantity": 15}, {"Index": 3, "Type": "cwc_minecraft_green_rn", "Quantity": 20}, {"Index": 4, "Type": "cwc_minecraft_blue_rn", "Quantity": 20}, {"Index": 5, "Type": "cwc_minecraft_purple_rn", "Quantity": 20}]}, {"BuilderPosition": {"Y": 6.525967395485476, "X": 4.1713961794927, "Yaw": 91.49997, "Z": 0.4281464451411629, "Pitch": 40.650066}, "BuilderInventory": [{"Index": 0, "Type": "cwc_minecraft_red_rn", "Quantity": 17}, {"Index": 1, "Type": "cwc_minecraft_orange_rn", "Quantity": 20}, {"Index": 2, "Type": "cwc_minecraft_yellow_rn", "Quantity": 15}, {"Index": 3, "Type": "cwc_minecraft_green_rn", "Quantity": 20}, {"Index": 4, "Type": "cwc_minecraft_blue_rn", "Quantity": 20}, {"Index": 5, "Type": "cwc_minecraft_purple_rn", "Quantity": 20}], "ChatHistory": ["<Builder> Mission has started.", "<Builder> hello again", "<Architect> Hello. This next one is abstract", "<Builder> fun", "<Architect> In the center, build a tower of five yellow blocks", "<Architect> Good, now we will be using red blocks", "<Architect> Place a red block on one side of the top yellow block", "<Architect> Now look at the structure so the red block is on the right", "<Architect> Place another red block on the back side of the current red block", "<Builder> like that?", "<Architect> Sorry, the other side of the red block", "<Architect> Yes, like that", "<Builder> alright", "<Architect> Now place another red block to the right of the red block you just placed", "<Builder> there", "<Builder> do you want me to stand at a different perspective or is this the easiest position?"], "Timestamp": "2018-04-13 20:19:33", "BlocksInGrid": [{"PerspectiveCoordinates": {"Y": -1.188654960681942, "X": 0.104705699554, "Z": 6.290956692025058}, "AbsoluteCoordinates": {"Y": 1, "X": 0, "Z": 0}, "Type": "cwc_minecraft_yellow_rn"}, {"PerspectiveCoordinates": {"Y": -0.4299526004249422, "X": 0.104705699554, "Z": 5.639519259465058}, "AbsoluteCoordinates": {"Y": 2, "X": 0, "Z": 0}, "Type": "cwc_minecraft_yellow_rn"}, {"PerspectiveCoordinates": {"Y": 0.32874975983205756, "X": 0.104705699554, "Z": 4.988081826905058}, "AbsoluteCoordinates": {"Y": 3, "X": 0, "Z": 0}, "Type": "cwc_minecraft_yellow_rn"}, {"PerspectiveCoordinates": {"Y": 1.0874521200890577, "X": 0.104705699554, "Z": 4.3366443943450586}, "AbsoluteCoordinates": {"Y": 4, "X": 0, "Z": 0}, "Type": "cwc_minecraft_yellow_rn"}, {"PerspectiveCoordinates": {"Y": 2.53147329654275, "X": -1.8684325529215, "Z": 4.483369574783313}, "AbsoluteCoordinates": {"Y": 5, "X": -1, "Z": -2}, "Type": "cwc_minecraft_red_rn"}, {"PerspectiveCoordinates": {"Y": 2.5144209935197863, "X": -0.8687752142395, "Z": 4.463509459437318}, "AbsoluteCoordinates": {"Y": 5, "X": -1, "Z": -1}, "Type": "cwc_minecraft_red_rn"}, {"PerspectiveCoordinates": {"Y": 1.8632067833690218, "X": -0.894951639128, "Z": 3.7050670771310537}, "AbsoluteCoordinates": {"Y": 5, "X": 0, "Z": -1}, "Type": "cwc_minecraft_red_rn"}, {"PerspectiveCoordinates": {"Y": 1.8461544803460577, "X": 0.104705699554, "Z": 3.6852069617850587}, "AbsoluteCoordinates": {"Y": 5, "X": 0, "Z": 0}, "Type": "cwc_minecraft_yellow_rn"}], "ScreenshotPath": "253041-Builder-chat.png"}, {"BuilderPosition": {"Y": 6.525967395485476, "X": 4.1713961794927, "Yaw": 91.49997, "Z": 0.4281464451411629, "Pitch": 40.650066}, "BuilderInventory": [{"Index": 0, "Type": "cwc_minecraft_red_rn", "Quantity": 17}, {"Index": 1, "Type": "cwc_minecraft_orange_rn", "Quantity": 20}, {"Index": 2, "Type": "cwc_minecraft_yellow_rn", "Quantity": 15}, {"Index": 3, "Type": "cwc_minecraft_green_rn", "Quantity": 20}, {"Index": 4, "Type": "cwc_minecraft_blue_rn", "Quantity": 20}, {"Index": 5, "Type": "cwc_minecraft_purple_rn", "Quantity": 20}], "ChatHistory": ["<Builder> Mission has started.", "<Builder> hello again", "<Architect> Hello. This next one is abstract", "<Builder> fun", "<Architect> In the center, build a tower of five yellow blocks", "<Architect> Good, now we will be using red blocks", "<Architect> Place a red block on one side of the top yellow block", "<Architect> Now look at the structure so the red block is on the right", "<Architect> Place another red block on the back side of the current red block", "<Builder> like that?", "<Architect> Sorry, the other side of the red block", "<Architect> Yes, like that", "<Builder> alright", "<Architect> Now place another red block to the right of the red block you just placed", "<Builder> there", "<Builder> do you want me to stand at a different perspective or is this the easiest position?", "<Architect> Good, now fill in red blocks on the underside of the existing red blocks, so they are two layers high"], "Timestamp": "2018-04-13 20:19:38", "BlocksInGrid": [{"PerspectiveCoordinates": {"Y": -1.188654960681942, "X": 0.104705699554, "Z": 6.290956692025058}, "AbsoluteCoordinates": {"Y": 1, "X": 0, "Z": 0}, "Type": "cwc_minecraft_yellow_rn"}, {"PerspectiveCoordinates": {"Y": -0.4299526004249422, "X": 0.104705699554, "Z": 5.639519259465058}, "AbsoluteCoordinates": {"Y": 2, "X": 0, "Z": 0}, "Type": "cwc_minecraft_yellow_rn"}, {"PerspectiveCoordinates": {"Y": 0.32874975983205756, "X": 0.104705699554, "Z": 4.988081826905058}, "AbsoluteCoordinates": {"Y": 3, "X": 0, "Z": 0}, "Type": "cwc_minecraft_yellow_rn"}, {"PerspectiveCoordinates": {"Y": 1.0874521200890577, "X": 0.104705699554, "Z": 4.3366443943450586}, "AbsoluteCoordinates": {"Y": 4, "X": 0, "Z": 0}, "Type": "cwc_minecraft_yellow_rn"}, {"PerspectiveCoordinates": {"Y": 2.53147329654275, "X": -1.8684325529215, "Z": 4.483369574783313}, "AbsoluteCoordinates": {"Y": 5, "X": -1, "Z": -2}, "Type": "cwc_minecraft_red_rn"}, {"PerspectiveCoordinates": {"Y": 2.5144209935197863, "X": -0.8687752142395, "Z": 4.463509459437318}, "AbsoluteCoordinates": {"Y": 5, "X": -1, "Z": -1}, "Type": "cwc_minecraft_red_rn"}, {"PerspectiveCoordinates": {"Y": 1.8632067833690218, "X": -0.894951639128, "Z": 3.7050670771310537}, "AbsoluteCoordinates": {"Y": 5, "X": 0, "Z": -1}, "Type": "cwc_minecraft_red_rn"}, {"PerspectiveCoordinates": {"Y": 1.8461544803460577, "X": 0.104705699554, "Z": 3.6852069617850587}, "AbsoluteCoordinates": {"Y": 5, "X": 0, "Z": 0}, "Type": "cwc_minecraft_yellow_rn"}], "ScreenshotPath": "258842-Builder-chat.png"}, {"BuilderPosition": {"Y": 3.171794697721722, "X": 2.709247990435828, "Yaw": 46.649925, "Z": -2.024099985971651, "Pitch": 2.100058}, "ChatHistory": ["<Builder> Mission has started.", "<Builder> hello again", "<Architect> Hello. This next one is abstract", "<Builder> fun", "<Architect> In the center, build a tower of five yellow blocks", "<Architect> Good, now we will be using red blocks", "<Architect> Place a red block on one side of the top yellow block", "<Architect> Now look at the structure so the red block is on the right", "<Architect> Place another red block on the back side of the current red block", "<Builder> like that?", "<Architect> Sorry, the other side of the red block", "<Architect> Yes, like that", "<Builder> alright", "<Architect> Now place another red block to the right of the red block you just placed", "<Builder> there", "<Builder> do you want me to stand at a different perspective or is this the easiest position?", "<Architect> Good, now fill in red blocks on the underside of the existing red blocks, so they are two layers high"], "Timestamp": "2018-04-13 20:19:48", "BlocksInGrid": [{"PerspectiveCoordinates": {"Y": -1.86989784368784, "X": 0.8086109876760001, "Z": 3.584638102345789}, "AbsoluteCoordinates": {"Y": 1, "X": 0, "Z": 0}, "Type": "cwc_minecraft_yellow_rn"}, {"PerspectiveCoordinates": {"Y": -0.87056948700384, "X": 0.8086109876760001, "Z": 3.547993382028189}, "AbsoluteCoordinates": {"Y": 2, "X": 0, "Z": 0}, "Type": "cwc_minecraft_yellow_rn"}, {"PerspectiveCoordinates": {"Y": 0.12875886968015998, "X": 0.8086109876760001, "Z": 3.511348661710589}, "AbsoluteCoordinates": {"Y": 3, "X": 0, "Z": 0}, "Type": "cwc_minecraft_yellow_rn"}, {"PerspectiveCoordinates": {"Y": 1.102932306205527, "X": 0.0814378950400001, "Z": 2.7887108486152967}, "AbsoluteCoordinates": {"Y": 4, "X": 0, "Z": -1}, "Type": "cwc_minecraft_red_rn"}, {"PerspectiveCoordinates": {"Y": 1.12808722636416, "X": 0.8086109876760001, "Z": 3.474703941392989}, "AbsoluteCoordinates": {"Y": 4, "X": 0, "Z": 0}, "Type": "cwc_minecraft_yellow_rn"}, {"PerspectiveCoordinates": {"Y": 2.1037527973330246, "X": -1.332189342712, "Z": 2.7927577272087607}, "AbsoluteCoordinates": {"Y": 5, "X": -1, "Z": -2}, "Type": "cwc_minecraft_red_rn"}, {"PerspectiveCoordinates": {"Y": 2.1289077174916575, "X": -0.6050162500759999, "Z": 3.478750819986453}, "AbsoluteCoordinates": {"Y": 5, "X": -1, "Z": -1}, "Type": "cwc_minecraft_red_rn"}, {"PerspectiveCoordinates": {"Y": 2.102260662889527, "X": 0.0814378950400001, "Z": 2.7520661282976966}, "AbsoluteCoordinates": {"Y": 5, "X": 0, "Z": -1}, "Type": "cwc_minecraft_red_rn"}, {"PerspectiveCoordinates": {"Y": 2.12741558304816, "X": 0.8086109876760001, "Z": 3.438059221075389}, "AbsoluteCoordinates": {"Y": 5, "X": 0, "Z": 0}, "Type": "cwc_minecraft_yellow_rn"}], "ScreenshotPath": "268556-Builder-putdown.png", "BuilderInventory": [{"Index": 0, "Type": "cwc_minecraft_red_rn", "Quantity": 16}, {"Index": 1, "Type": "cwc_minecraft_orange_rn", "Quantity": 20}, {"Index": 2, "Type": "cwc_minecraft_yellow_rn", "Quantity": 15}, {"Index": 3, "Type": "cwc_minecraft_green_rn", "Quantity": 20}, {"Index": 4, "Type": "cwc_minecraft_blue_rn", "Quantity": 20}, {"Index": 5, "Type": "cwc_minecraft_purple_rn", "Quantity": 20}]}, {"BuilderPosition": {"Y": 3.158465138459836, "X": -1.9095288498686727, "Yaw": -38.400066, "Z": -2.9081614148090855, "Pitch": 5.550059}, "ChatHistory": ["<Builder> Mission has started.", "<Builder> hello again", "<Architect> Hello. This next one is abstract", "<Builder> fun", "<Architect> In the center, build a tower of five yellow blocks", "<Architect> Good, now we will be using red blocks", "<Architect> Place a red block on one side of the top yellow block", "<Architect> Now look at the structure so the red block is on the right", "<Architect> Place another red block on the back side of the current red block", "<Builder> like that?", "<Architect> Sorry, the other side of the red block", "<Architect> Yes, like that", "<Builder> alright", "<Architect> Now place another red block to the right of the red block you just placed", "<Builder> there", "<Builder> do you want me to stand at a different perspective or is this the easiest position?", "<Architect> Good, now fill in red blocks on the underside of the existing red blocks, so they are two layers high"], "Timestamp": "2018-04-13 20:19:50", "BlocksInGrid": [{"PerspectiveCoordinates": {"Y": -1.6430894430000444, "X": -0.296060565456, "Z": 3.7699609048219775}, "AbsoluteCoordinates": {"Y": 1, "X": 0, "Z": 0}, "Type": "cwc_minecraft_yellow_rn"}, {"PerspectiveCoordinates": {"Y": -0.6477773644300444, "X": -0.296060565456, "Z": 3.6732455169392777}, "AbsoluteCoordinates": {"Y": 2, "X": 0, "Z": 0}, "Type": "cwc_minecraft_yellow_rn"}, {"PerspectiveCoordinates": {"Y": 0.34753471413995557, "X": -0.296060565456, "Z": 3.5765301290565774}, "AbsoluteCoordinates": {"Y": 3, "X": 0, "Z": 0}, "Type": "cwc_minecraft_yellow_rn"}, {"PerspectiveCoordinates": {"Y": 1.2069770093926766, "X": -0.458604624242, "Z": 2.081559102553146}, "AbsoluteCoordinates": {"Y": 4, "X": -1, "Z": -1}, "Type": "cwc_minecraft_red_rn"}, {"PerspectiveCoordinates": {"Y": 1.267051645204558, "X": 0.32508811757199996, "Z": 2.699795889358763}, "AbsoluteCoordinates": {"Y": 4, "X": 0, "Z": -1}, "Type": "cwc_minecraft_red_rn"}, {"PerspectiveCoordinates": {"Y": 1.3428467927099557, "X": -0.296060565456, "Z": 3.4798147411738776}, "AbsoluteCoordinates": {"Y": 4, "X": 0, "Z": 0}, "Type": "cwc_minecraft_yellow_rn"}, {"PerspectiveCoordinates": {"Y": 2.126493940457279, "X": 0.16254405878599998, "Z": 1.2048248628553315}, "AbsoluteCoordinates": {"Y": 5, "X": -1, "Z": -2}, "Type": "cwc_minecraft_red_rn"}, {"PerspectiveCoordinates": {"Y": 2.2022890879626766, "X": -0.458604624242, "Z": 1.984843714670446}, "AbsoluteCoordinates": {"Y": 5, "X": -1, "Z": -1}, "Type": "cwc_minecraft_red_rn"}, {"PerspectiveCoordinates": {"Y": 2.262363723774558, "X": 0.32508811757199996, "Z": 2.603080501476063}, "AbsoluteCoordinates": {"Y": 5, "X": 0, "Z": -1}, "Type": "cwc_minecraft_red_rn"}, {"PerspectiveCoordinates": {"Y": 2.3381588712799557, "X": -0.296060565456, "Z": 3.3830993532911777}, "AbsoluteCoordinates": {"Y": 5, "X": 0, "Z": 0}, "Type": "cwc_minecraft_yellow_rn"}], "ScreenshotPath": "270055-Builder-putdown.png", "BuilderInventory": [{"Index": 0, "Type": "cwc_minecraft_red_rn", "Quantity": 15}, {"Index": 1, "Type": "cwc_minecraft_orange_rn", "Quantity": 20}, {"Index": 2, "Type": "cwc_minecraft_yellow_rn", "Quantity": 15}, {"Index": 3, "Type": "cwc_minecraft_green_rn", "Quantity": 20}, {"Index": 4, "Type": "cwc_minecraft_blue_rn", "Quantity": 20}, {"Index": 5, "Type": "cwc_minecraft_purple_rn", "Quantity": 20}]}, {"BuilderPosition": {"Y": 3.158465138459836, "X": -2.278904501779462, "Yaw": -35.850063, "Z": -3.4013344977197475, "Pitch": 4.800059}, "ChatHistory": ["<Builder> Mission has started.", "<Builder> hello again", "<Architect> Hello. This next one is abstract", "<Builder> fun", "<Architect> In the center, build a tower of five yellow blocks", "<Architect> Good, now we will be using red blocks", "<Architect> Place a red block on one side of the top yellow block", "<Architect> Now look at the structure so the red block is on the right", "<Architect> Place another red block on the back side of the current red block", "<Builder> like that?", "<Architect> Sorry, the other side of the red block", "<Architect> Yes, like that", "<Builder> alright", "<Architect> Now place another red block to the right of the red block you just placed", "<Builder> there", "<Builder> do you want me to stand at a different perspective or is this the easiest position?", "<Architect> Good, now fill in red blocks on the underside of the existing red blocks, so they are two layers high"], "Timestamp": "2018-04-13 20:19:51", "BlocksInGrid": [{"PerspectiveCoordinates": {"Y": -1.5746574751918858, "X": 0.08899266267600003, "Z": 5.149032350044614}, "AbsoluteCoordinates": {"Y": 1, "X": 0, "Z": 0}, "Type": "cwc_minecraft_yellow_rn"}, {"PerspectiveCoordinates": {"Y": -0.5781647021098858, "X": 0.08899266267600003, "Z": 5.065353480579513}, "AbsoluteCoordinates": {"Y": 2, "X": 0, "Z": 0}, "Type": "cwc_minecraft_yellow_rn"}, {"PerspectiveCoordinates": {"Y": 0.4183280709721142, "X": 0.08899266267600003, "Z": 4.981674611114413}, "AbsoluteCoordinates": {"Y": 3, "X": 0, "Z": 0}, "Type": "cwc_minecraft_yellow_rn"}, {"PerspectiveCoordinates": {"Y": 1.2301607483941106, "X": 0.4497725285280001, "Z": 2.6989644691418553}, "AbsoluteCoordinates": {"Y": 4, "X": -1, "Z": -2}, "Type": "cwc_minecraft_red_rn"}, {"PerspectiveCoordinates": {"Y": 1.297986856398059, "X": -0.1358936015879999, "Z": 3.506674072345836}, "AbsoluteCoordinates": {"Y": 4, "X": -1, "Z": -1}, "Type": "cwc_minecraft_red_rn"}, {"PerspectiveCoordinates": {"Y": 1.346994736050166, "X": 0.674658792792, "Z": 4.090286138445332}, "AbsoluteCoordinates": {"Y": 4, "X": 0, "Z": -1}, "Type": "cwc_minecraft_red_rn"}, {"PerspectiveCoordinates": {"Y": 1.4148208440541143, "X": 0.08899266267600003, "Z": 4.897995741649313}, "AbsoluteCoordinates": {"Y": 4, "X": 0, "Z": 0}, "Type": "cwc_minecraft_yellow_rn"}, {"PerspectiveCoordinates": {"Y": 2.2266535214761105, "X": 0.4497725285280001, "Z": 2.615285599676755}, "AbsoluteCoordinates": {"Y": 5, "X": -1, "Z": -2}, "Type": "cwc_minecraft_red_rn"}, {"PerspectiveCoordinates": {"Y": 2.294479629480059, "X": -0.1358936015879999, "Z": 3.422995202880736}, "AbsoluteCoordinates": {"Y": 5, "X": -1, "Z": -1}, "Type": "cwc_minecraft_red_rn"}, {"PerspectiveCoordinates": {"Y": 2.343487509132166, "X": 0.674658792792, "Z": 4.006607268980233}, "AbsoluteCoordinates": {"Y": 5, "X": 0, "Z": -1}, "Type": "cwc_minecraft_red_rn"}, {"PerspectiveCoordinates": {"Y": 2.4113136171361145, "X": 0.08899266267600003, "Z": 4.814316872184214}, "AbsoluteCoordinates": {"Y": 5, "X": 0, "Z": 0}, "Type": "cwc_minecraft_yellow_rn"}], "ScreenshotPath": "270755-Builder-putdown.png", "BuilderInventory": [{"Index": 0, "Type": "cwc_minecraft_red_rn", "Quantity": 14}, {"Index": 1, "Type": "cwc_minecraft_orange_rn", "Quantity": 20}, {"Index": 2, "Type": "cwc_minecraft_yellow_rn", "Quantity": 15}, {"Index": 3, "Type": "cwc_minecraft_green_rn", "Quantity": 20}, {"Index": 4, "Type": "cwc_minecraft_blue_rn", "Quantity": 20}, {"Index": 5, "Type": "cwc_minecraft_purple_rn", "Quantity": 20}]}, {"BuilderPosition": {"Y": 3.158465138459836, "X": 3.8795613303199583, "Yaw": 60.44993, "Z": -3.390652264099451, "Pitch": 9.450059}, "ChatHistory": ["<Builder> Mission has started.", "<Builder> hello again", "<Architect> Hello. This next one is abstract", "<Builder> fun", "<Architect> In the center, build a tower of five yellow blocks", "<Architect> Good, now we will be using red blocks", "<Architect> Place a red block on one side of the top yellow block", "<Architect> Now look at the structure so the red block is on the right", "<Architect> Place another red block on the back side of the current red block", "<Builder> like that?", "<Architect> Sorry, the other side of the red block", "<Architect> Yes, like that", "<Builder> alright", "<Architect> Now place another red block to the right of the red block you just placed", "<Builder> there", "<Builder> do you want me to stand at a different perspective or is this the easiest position?", "<Architect> Good, now fill in red blocks on the underside of the existing red blocks, so they are two layers high", "<Builder> like a flag"], "Timestamp": "2018-04-13 20:19:57", "BlocksInGrid": [{"PerspectiveCoordinates": {"Y": -1.2204654942483257, "X": 2.0001482738679996, "Z": 4.848697851990101}, "AbsoluteCoordinates": {"Y": 1, "X": 0, "Z": 0}, "Type": "cwc_minecraft_yellow_rn"}, {"PerspectiveCoordinates": {"Y": -0.23403640614232574, "X": 2.0001482738679996, "Z": 4.684509989651101}, "AbsoluteCoordinates": {"Y": 2, "X": 0, "Z": 0}, "Type": "cwc_minecraft_yellow_rn"}, {"PerspectiveCoordinates": {"Y": 0.7523926819636744, "X": 2.0001482738679996, "Z": 4.5203221273121015}, "AbsoluteCoordinates": {"Y": 3, "X": 0, "Z": 0}, "Type": "cwc_minecraft_yellow_rn"}, {"PerspectiveCoordinates": {"Y": 1.7197032614559105, "X": -0.2328857729360001, "Z": 4.241271614658041}, "AbsoluteCoordinates": {"Y": 4, "X": -1, "Z": -2}, "Type": "cwc_minecraft_red_rn"}, {"PerspectiveCoordinates": {"Y": 1.8006780822364072, "X": 0.6370392684919999, "Z": 4.72776262248377}, "AbsoluteCoordinates": {"Y": 4, "X": -1, "Z": -1}, "Type": "cwc_minecraft_red_rn"}, {"PerspectiveCoordinates": {"Y": 1.6578469492891779, "X": 1.13022323244, "Z": 3.8696432571473736}, "AbsoluteCoordinates": {"Y": 4, "X": 0, "Z": -1}, "Type": "cwc_minecraft_red_rn"}, {"PerspectiveCoordinates": {"Y": 1.7388217700696744, "X": 2.0001482738679996, "Z": 4.356134264973101}, "AbsoluteCoordinates": {"Y": 4, "X": 0, "Z": 0}, "Type": "cwc_minecraft_yellow_rn"}, {"PerspectiveCoordinates": {"Y": 2.7061323495619107, "X": -0.2328857729360001, "Z": 4.077083752319041}, "AbsoluteCoordinates": {"Y": 5, "X": -1, "Z": -2}, "Type": "cwc_minecraft_red_rn"}, {"PerspectiveCoordinates": {"Y": 2.787107170342407, "X": 0.6370392684919999, "Z": 4.563574760144769}, "AbsoluteCoordinates": {"Y": 5, "X": -1, "Z": -1}, "Type": "cwc_minecraft_red_rn"}, {"PerspectiveCoordinates": {"Y": 2.6442760373951777, "X": 1.13022323244, "Z": 3.7054553948083733}, "AbsoluteCoordinates": {"Y": 5, "X": 0, "Z": -1}, "Type": "cwc_minecraft_red_rn"}, {"PerspectiveCoordinates": {"Y": 2.7252508581756745, "X": 2.0001482738679996, "Z": 4.191946402634101}, "AbsoluteCoordinates": {"Y": 5, "X": 0, "Z": 0}, "Type": "cwc_minecraft_yellow_rn"}], "ScreenshotPath": "277054-Builder-chat.png", "BuilderInventory": [{"Index": 0, "Type": "cwc_minecraft_red_rn", "Quantity": 14}, {"Index": 1, "Type": "cwc_minecraft_orange_rn", "Quantity": 20}, {"Index": 2, "Type": "cwc_minecraft_yellow_rn", "Quantity": 15}, {"Index": 3, "Type": "cwc_minecraft_green_rn", "Quantity": 20}, {"Index": 4, "Type": "cwc_minecraft_blue_rn", "Quantity": 20}, {"Index": 5, "Type": "cwc_minecraft_purple_rn", "Quantity": 20}]}, {"BuilderPosition": {"Y": 5.401031248246869, "X": 4.480191217694604, "Yaw": 57.29994, "Z": -2.5359197740286503, "Pitch": 24.000053}, "ChatHistory": ["<Builder> Mission has started.", "<Builder> hello again", "<Architect> Hello. This next one is abstract", "<Builder> fun", "<Architect> In the center, build a tower of five yellow blocks", "<Architect> Good, now we will be using red blocks", "<Architect> Place a red block on one side of the top yellow block", "<Architect> Now look at the structure so the red block is on the right", "<Architect> Place another red block on the back side of the current red block", "<Builder> like that?", "<Architect> Sorry, the other side of the red block", "<Architect> Yes, like that", "<Builder> alright", "<Architect> Now place another red block to the right of the red block you just placed", "<Builder> there", "<Builder> do you want me to stand at a different perspective or is this the easiest position?", "<Architect> Good, now fill in red blocks on the underside of the existing red blocks, so they are two layers high", "<Builder> like a flag", "<Builder> ish"], "Timestamp": "2018-04-13 20:20:03", "BlocksInGrid": [{"PerspectiveCoordinates": {"Y": -1.625876271213427, "X": 0.3635658418009998, "Z": 6.182584106133692}, "AbsoluteCoordinates": {"Y": 1, "X": 0, "Z": 0}, "Type": "cwc_minecraft_yellow_rn"}, {"PerspectiveCoordinates": {"Y": -0.7123311898124272, "X": 0.3635658418009998, "Z": 5.775846618005692}, "AbsoluteCoordinates": {"Y": 2, "X": 0, "Z": 0}, "Type": "cwc_minecraft_yellow_rn"}, {"PerspectiveCoordinates": {"Y": 0.2012138915885731, "X": 0.3635658418009998, "Z": 5.3691091298776925}, "AbsoluteCoordinates": {"Y": 3, "X": 0, "Z": 0}, "Type": "cwc_minecraft_yellow_rn"}, {"PerspectiveCoordinates": {"Y": 1.0175600258341706, "X": -1.8596957923180004, "Z": 4.744059775538752}, "AbsoluteCoordinates": {"Y": 4, "X": -1, "Z": -2}, "Type": "cwc_minecraft_red_rn"}, {"PerspectiveCoordinates": {"Y": 1.2372963751989146, "X": -1.0181855761110004, "Z": 5.237594468126521}, "AbsoluteCoordinates": {"Y": 4, "X": -1, "Z": -1}, "Type": "cwc_minecraft_red_rn"}, {"PerspectiveCoordinates": {"Y": 0.8950226236248291, "X": -0.4779443744060001, "Z": 4.468836949161924}, "AbsoluteCoordinates": {"Y": 4, "X": 0, "Z": -1}, "Type": "cwc_minecraft_red_rn"}, {"PerspectiveCoordinates": {"Y": 1.114758972989573, "X": 0.3635658418009998, "Z": 4.962371641749693}, "AbsoluteCoordinates": {"Y": 4, "X": 0, "Z": 0}, "Type": "cwc_minecraft_yellow_rn"}, {"PerspectiveCoordinates": {"Y": 1.9311051072351706, "X": -1.8596957923180004, "Z": 4.337322287410752}, "AbsoluteCoordinates": {"Y": 5, "X": -1, "Z": -2}, "Type": "cwc_minecraft_red_rn"}, {"PerspectiveCoordinates": {"Y": 2.1508414565999145, "X": -1.0181855761110004, "Z": 4.830856979998521}, "AbsoluteCoordinates": {"Y": 5, "X": -1, "Z": -1}, "Type": "cwc_minecraft_red_rn"}, {"PerspectiveCoordinates": {"Y": 1.808567705025829, "X": -0.4779443744060001, "Z": 4.062099461033924}, "AbsoluteCoordinates": {"Y": 5, "X": 0, "Z": -1}, "Type": "cwc_minecraft_red_rn"}, {"PerspectiveCoordinates": {"Y": 2.0283040543905733, "X": 0.3635658418009998, "Z": 4.555634153621693}, "AbsoluteCoordinates": {"Y": 5, "X": 0, "Z": 0}, "Type": "cwc_minecraft_yellow_rn"}], "ScreenshotPath": "283103-Builder-chat.png", "BuilderInventory": [{"Index": 0, "Type": "cwc_minecraft_red_rn", "Quantity": 14}, {"Index": 1, "Type": "cwc_minecraft_orange_rn", "Quantity": 20}, {"Index": 2, "Type": "cwc_minecraft_yellow_rn", "Quantity": 15}, {"Index": 3, "Type": "cwc_minecraft_green_rn", "Quantity": 20}, {"Index": 4, "Type": "cwc_minecraft_blue_rn", "Quantity": 20}, {"Index": 5, "Type": "cwc_minecraft_purple_rn", "Quantity": 20}]}, {"BuilderPosition": {"Y": 5.401031248246869, "X": 4.480191217694604, "Yaw": 57.29994, "Z": -2.5359197740286503, "Pitch": 24.000053}, "ChatHistory": ["<Builder> Mission has started.", "<Builder> hello again", "<Architect> Hello. This next one is abstract", "<Builder> fun", "<Architect> In the center, build a tower of five yellow blocks", "<Architect> Good, now we will be using red blocks", "<Architect> Place a red block on one side of the top yellow block", "<Architect> Now look at the structure so the red block is on the right", "<Architect> Place another red block on the back side of the current red block", "<Builder> like that?", "<Architect> Sorry, the other side of the red block", "<Architect> Yes, like that", "<Builder> alright", "<Architect> Now place another red block to the right of the red block you just placed", "<Builder> there", "<Builder> do you want me to stand at a different perspective or is this the easiest position?", "<Architect> Good, now fill in red blocks on the underside of the existing red blocks, so they are two layers high", "<Builder> like a flag", "<Builder> ish", "<Architect> It does look like a flag. We are done with this building phase"], "Timestamp": "2018-04-13 20:20:21", "BlocksInGrid": [{"PerspectiveCoordinates": {"Y": -1.625876271213427, "X": 0.3635658418009998, "Z": 6.182584106133692}, "AbsoluteCoordinates": {"Y": 1, "X": 0, "Z": 0}, "Type": "cwc_minecraft_yellow_rn"}, {"PerspectiveCoordinates": {"Y": -0.7123311898124272, "X": 0.3635658418009998, "Z": 5.775846618005692}, "AbsoluteCoordinates": {"Y": 2, "X": 0, "Z": 0}, "Type": "cwc_minecraft_yellow_rn"}, {"PerspectiveCoordinates": {"Y": 0.2012138915885731, "X": 0.3635658418009998, "Z": 5.3691091298776925}, "AbsoluteCoordinates": {"Y": 3, "X": 0, "Z": 0}, "Type": "cwc_minecraft_yellow_rn"}, {"PerspectiveCoordinates": {"Y": 1.0175600258341706, "X": -1.8596957923180004, "Z": 4.744059775538752}, "AbsoluteCoordinates": {"Y": 4, "X": -1, "Z": -2}, "Type": "cwc_minecraft_red_rn"}, {"PerspectiveCoordinates": {"Y": 1.2372963751989146, "X": -1.0181855761110004, "Z": 5.237594468126521}, "AbsoluteCoordinates": {"Y": 4, "X": -1, "Z": -1}, "Type": "cwc_minecraft_red_rn"}, {"PerspectiveCoordinates": {"Y": 0.8950226236248291, "X": -0.4779443744060001, "Z": 4.468836949161924}, "AbsoluteCoordinates": {"Y": 4, "X": 0, "Z": -1}, "Type": "cwc_minecraft_red_rn"}, {"PerspectiveCoordinates": {"Y": 1.114758972989573, "X": 0.3635658418009998, "Z": 4.962371641749693}, "AbsoluteCoordinates": {"Y": 4, "X": 0, "Z": 0}, "Type": "cwc_minecraft_yellow_rn"}, {"PerspectiveCoordinates": {"Y": 1.9311051072351706, "X": -1.8596957923180004, "Z": 4.337322287410752}, "AbsoluteCoordinates": {"Y": 5, "X": -1, "Z": -2}, "Type": "cwc_minecraft_red_rn"}, {"PerspectiveCoordinates": {"Y": 2.1508414565999145, "X": -1.0181855761110004, "Z": 4.830856979998521}, "AbsoluteCoordinates": {"Y": 5, "X": -1, "Z": -1}, "Type": "cwc_minecraft_red_rn"}, {"PerspectiveCoordinates": {"Y": 1.808567705025829, "X": -0.4779443744060001, "Z": 4.062099461033924}, "AbsoluteCoordinates": {"Y": 5, "X": 0, "Z": -1}, "Type": "cwc_minecraft_red_rn"}, {"PerspectiveCoordinates": {"Y": 2.0283040543905733, "X": 0.3635658418009998, "Z": 4.555634153621693}, "AbsoluteCoordinates": {"Y": 5, "X": 0, "Z": 0}, "Type": "cwc_minecraft_yellow_rn"}], "ScreenshotPath": "300801-Builder-chat.png", "BuilderInventory": [{"Index": 0, "Type": "cwc_minecraft_red_rn", "Quantity": 14}, {"Index": 1, "Type": "cwc_minecraft_orange_rn", "Quantity": 20}, {"Index": 2, "Type": "cwc_minecraft_yellow_rn", "Quantity": 15}, {"Index": 3, "Type": "cwc_minecraft_green_rn", "Quantity": 20}, {"Index": 4, "Type": "cwc_minecraft_blue_rn", "Quantity": 20}, {"Index": 5, "Type": "cwc_minecraft_purple_rn", "Quantity": 20}]}], "NumFixedViewers": 4, "TimeElapsed": 316.9398310184479}