{"WorldStates": [{"Timestamp": "2018-04-13 20:15:20", "Chat": ["<Builder> Mission has started."], "ScreenshotPath": "0-Builder-chat.png"}, {"BuilderGridAbsolute": [], "XPos": 0.0, "TimeAlive": 130, "ZPos": 0.0, "Timestamp": "2018-04-13 20:15:20", "Yaw": 0.0, "YPos": 1.0, "BuilderGridRelative": [], "DistanceTravelled": 0, "BuilderInventory": [{"Index": 0, "Type": "cwc_minecraft_red_rn", "Quantity": 20}, {"Index": 1, "Type": "cwc_minecraft_orange_rn", "Quantity": 20}, {"Index": 2, "Type": "cwc_minecraft_yellow_rn", "Quantity": 20}, {"Index": 3, "Type": "cwc_minecraft_green_rn", "Quantity": 20}, {"Index": 4, "Type": "cwc_minecraft_blue_rn", "Quantity": 20}, {"Index": 5, "Type": "cwc_minecraft_purple_rn", "Quantity": 20}], "Pitch": 0.0}, {"Timestamp": "2018-04-13 20:15:36", "Chat": ["<Builder> hello again"], "ScreenshotPath": "15947-Builder-chat.png"}, {"BuilderGridAbsolute": [], "XPos": 0.0, "TimeAlive": 449, "ZPos": 0.0, "Timestamp": "2018-04-13 20:15:36", "Yaw": 0.0, "YPos": 1.0, "BuilderGridRelative": [], "DistanceTravelled": 0, "BuilderInventory": [{"Index": 0, "Type": "cwc_minecraft_red_rn", "Quantity": 20}, {"Index": 1, "Type": "cwc_minecraft_orange_rn", "Quantity": 20}, {"Index": 2, "Type": "cwc_minecraft_yellow_rn", "Quantity": 20}, {"Index": 3, "Type": "cwc_minecraft_green_rn", "Quantity": 20}, {"Index": 4, "Type": "cwc_minecraft_blue_rn", "Quantity": 20}, {"Index": 5, "Type": "cwc_minecraft_purple_rn", "Quantity": 20}], "Pitch": 0.0}, {"Timestamp": "2018-04-13 20:15:48", "Chat": ["<Architect> Hello. This next one is abstract"]}, {"BuilderGridAbsolute": [], "XPos": 0.0, "TimeAlive": 699, "ZPos": 0.0, "Timestamp": "2018-04-13 20:15:48", "Yaw": 0.0, "YPos": 1.0, "ScreenshotPath": "28494-Builder-chat.png", "BuilderGridRelative": [], "DistanceTravelled": 0, "BuilderInventory": [{"Index": 0, "Type": "cwc_minecraft_red_rn", "Quantity": 20}, {"Index": 1, "Type": "cwc_minecraft_orange_rn", "Quantity": 20}, {"Index": 2, "Type": "cwc_minecraft_yellow_rn", "Quantity": 20}, {"Index": 3, "Type": "cwc_minecraft_green_rn", "Quantity": 20}, {"Index": 4, "Type": "cwc_minecraft_blue_rn", "Quantity": 20}, {"Index": 5, "Type": "cwc_minecraft_purple_rn", "Quantity": 20}], "Pitch": 0.0}, {"Timestamp": "2018-04-13 20:15:53", "Chat": ["<Builder> fun"], "ScreenshotPath": "33046-Builder-chat.png"}, {"BuilderGridAbsolute": [], "XPos": 0.0, "TimeAlive": 791, "ZPos": 0.0, "Timestamp": "2018-04-13 20:15:53", "Yaw": 0.0, "YPos": 1.0, "BuilderGridRelative": [], "DistanceTravelled": 0, "BuilderInventory": [{"Index": 0, "Type": "cwc_minecraft_red_rn", "Quantity": 20}, {"Index": 1, "Type": "cwc_minecraft_orange_rn", "Quantity": 20}, {"Index": 2, "Type": "cwc_minecraft_yellow_rn", "Quantity": 20}, {"Index": 3, "Type": "cwc_minecraft_green_rn", "Quantity": 20}, {"Index": 4, "Type": "cwc_minecraft_blue_rn", "Quantity": 20}, {"Index": 5, "Type": "cwc_minecraft_purple_rn", "Quantity": 20}], "Pitch": 0.0}, {"Timestamp": "2018-04-13 20:16:05", "Chat": ["<Architect> In the center, build a tower of five yellow blocks"]}, {"BuilderGridAbsolute": [], "XPos": 0.0, "TimeAlive": 1036, "ZPos": 0.0, "Timestamp": "2018-04-13 20:16:05", "Yaw": 0.0, "YPos": 1.0, "ScreenshotPath": "45343-Builder-chat.png", "BuilderGridRelative": [], "DistanceTravelled": 0, "BuilderInventory": [{"Index": 0, "Type": "cwc_minecraft_red_rn", "Quantity": 20}, {"Index": 1, "Type": "cwc_minecraft_orange_rn", "Quantity": 20}, {"Index": 2, "Type": "cwc_minecraft_yellow_rn", "Quantity": 20}, {"Index": 3, "Type": "cwc_minecraft_green_rn", "Quantity": 20}, {"Index": 4, "Type": "cwc_minecraft_blue_rn", "Quantity": 20}, {"Index": 5, "Type": "cwc_minecraft_purple_rn", "Quantity": 20}], "Pitch": 0.0}, {"BuilderGridAbsolute": [{"Y": 1, "X": 0, "Z": 0, "Type": "cwc_minecraft_yellow_rn"}], "XPos": 0.15533021882706877, "TimeAlive": 1228, "ZPos": 0.5808108091404712, "Timestamp": "2018-04-13 20:16:15", "Yaw": -8.250001, "YPos": 2.5093686911865856, "BuilderGridRelative": [{"Y": -1, "X": 0, "Z": 0, "Type": "cwc_minecraft_yellow_rn"}], "DistanceTravelled": 0, "BuilderInventory": [{"Index": 0, "Type": "cwc_minecraft_red_rn", "Quantity": 20}, {"Index": 1, "Type": "cwc_minecraft_orange_rn", "Quantity": 20}, {"Index": 2, "Type": "cwc_minecraft_yellow_rn", "Quantity": 19}, {"Index": 3, "Type": "cwc_minecraft_green_rn", "Quantity": 20}, {"Index": 4, "Type": "cwc_minecraft_blue_rn", "Quantity": 20}, {"Index": 5, "Type": "cwc_minecraft_purple_rn", "Quantity": 20}], "Pitch": 90.0}, {"Timestamp": "2018-04-13 20:16:15", "ScreenshotPath": "54990-Builder-putdown.png"}, {"BuilderGridAbsolute": [{"Y": 1, "X": 0, "Z": 0, "Type": "cwc_minecraft_yellow_rn"}, {"Y": 2, "X": 0, "Z": 0, "Type": "cwc_minecraft_yellow_rn"}], "XPos": 0.15533021882706877, "TimeAlive": 1254, "ZPos": 0.5808108091404712, "Timestamp": "2018-04-13 20:16:16", "Yaw": -8.250001, "YPos": 3.417015410055603, "ScreenshotPath": "56260-Builder-putdown.png", "BuilderGridRelative": [{"Y": -2, "X": 0, "Z": 0, "Type": "cwc_minecraft_yellow_rn"}, {"Y": -1, "X": 0, "Z": 0, "Type": "cwc_minecraft_yellow_rn"}], "DistanceTravelled": 0, "BuilderInventory": [{"Index": 0, "Type": "cwc_minecraft_red_rn", "Quantity": 20}, {"Index": 1, "Type": "cwc_minecraft_orange_rn", "Quantity": 20}, {"Index": 2, "Type": "cwc_minecraft_yellow_rn", "Quantity": 18}, {"Index": 3, "Type": "cwc_minecraft_green_rn", "Quantity": 20}, {"Index": 4, "Type": "cwc_minecraft_blue_rn", "Quantity": 20}, {"Index": 5, "Type": "cwc_minecraft_purple_rn", "Quantity": 20}], "Pitch": 90.0}, {"BuilderGridAbsolute": [{"Y": 1, "X": 0, "Z": 0, "Type": "cwc_minecraft_yellow_rn"}, {"Y": 2, "X": 0, "Z": 0, "Type": "cwc_minecraft_yellow_rn"}, {"Y": 3, "X": 0, "Z": 0, "Type": "cwc_minecraft_yellow_rn"}], "XPos": 0.15533021882706877, "TimeAlive": 1260, "ZPos": 0.5808108091404712, "Timestamp": "2018-04-13 20:16:16", "Yaw": -8.250001, "YPos": 5.597516719100938, "BuilderGridRelative": [{"Y": -4, "X": 0, "Z": 0, "Type": "cwc_minecraft_yellow_rn"}, {"Y": -3, "X": 0, "Z": 0, "Type": "cwc_minecraft_yellow_rn"}, {"Y": -2, "X": 0, "Z": 0, "Type": "cwc_minecraft_yellow_rn"}], "DistanceTravelled": 0, "BuilderInventory": [{"Index": 0, "Type": "cwc_minecraft_red_rn", "Quantity": 20}, {"Index": 1, "Type": "cwc_minecraft_orange_rn", "Quantity": 20}, {"Index": 2, "Type": "cwc_minecraft_yellow_rn", "Quantity": 17}, {"Index": 3, "Type": "cwc_minecraft_green_rn", "Quantity": 20}, {"Index": 4, "Type": "cwc_minecraft_blue_rn", "Quantity": 20}, {"Index": 5, "Type": "cwc_minecraft_purple_rn", "Quantity": 20}], "Pitch": 90.0}, {"Timestamp": "2018-04-13 20:16:17", "ScreenshotPath": "56591-Builder-putdown.png"}, {"BuilderGridAbsolute": [{"Y": 1, "X": 0, "Z": 0, "Type": "cwc_minecraft_yellow_rn"}, {"Y": 2, "X": 0, "Z": 0, "Type": "cwc_minecraft_yellow_rn"}, {"Y": 3, "X": 0, "Z": 0, "Type": "cwc_minecraft_yellow_rn"}, {"Y": 4, "X": 0, "Z": 0, "Type": "cwc_minecraft_yellow_rn"}], "XPos": 0.15533021882706877, "TimeAlive": 1272, "ZPos": 0.5808108091404712, "Timestamp": "2018-04-13 20:16:17", "Yaw": -8.250001, "YPos": 6.505466745239005, "BuilderGridRelative": [{"Y": -5, "X": 0, "Z": 0, "Type": "cwc_minecraft_yellow_rn"}, {"Y": -4, "X": 0, "Z": 0, "Type": "cwc_minecraft_yellow_rn"}, {"Y": -3, "X": 0, "Z": 0, "Type": "cwc_minecraft_yellow_rn"}, {"Y": -2, "X": 0, "Z": 0, "Type": "cwc_minecraft_yellow_rn"}], "DistanceTravelled": 0, "BuilderInventory": [{"Index": 0, "Type": "cwc_minecraft_red_rn", "Quantity": 20}, {"Index": 1, "Type": "cwc_minecraft_orange_rn", "Quantity": 20}, {"Index": 2, "Type": "cwc_minecraft_yellow_rn", "Quantity": 16}, {"Index": 3, "Type": "cwc_minecraft_green_rn", "Quantity": 20}, {"Index": 4, "Type": "cwc_minecraft_blue_rn", "Quantity": 20}, {"Index": 5, "Type": "cwc_minecraft_purple_rn", "Quantity": 20}], "Pitch": 90.0}, {"Timestamp": "2018-04-13 20:16:17", "ScreenshotPath": "57209-Builder-putdown.png"}, {"BuilderGridAbsolute": [{"Y": 1, "X": 0, "Z": 0, "Type": "cwc_minecraft_yellow_rn"}, {"Y": 2, "X": 0, "Z": 0, "Type": "cwc_minecraft_yellow_rn"}, {"Y": 3, "X": 0, "Z": 0, "Type": "cwc_minecraft_yellow_rn"}, {"Y": 4, "X": 0, "Z": 0, "Type": "cwc_minecraft_yellow_rn"}, {"Y": 5, "X": 0, "Z": 0, "Type": "cwc_minecraft_yellow_rn"}], "XPos": 0.15533021882706877, "TimeAlive": 1286, "ZPos": 0.5808108091404712, "Timestamp": "2018-04-13 20:16:17", "Yaw": -9.000001, "YPos": 6.505466745239005, "BuilderGridRelative": [{"Y": -5, "X": 0, "Z": 0, "Type": "cwc_minecraft_yellow_rn"}, {"Y": -4, "X": 0, "Z": 0, "Type": "cwc_minecraft_yellow_rn"}, {"Y": -3, "X": 0, "Z": 0, "Type": "cwc_minecraft_yellow_rn"}, {"Y": -2, "X": 0, "Z": 0, "Type": "cwc_minecraft_yellow_rn"}, {"Y": -1, "X": 0, "Z": 0, "Type": "cwc_minecraft_yellow_rn"}], "DistanceTravelled": 0, "BuilderInventory": [{"Index": 0, "Type": "cwc_minecraft_red_rn", "Quantity": 20}, {"Index": 1, "Type": "cwc_minecraft_orange_rn", "Quantity": 20}, {"Index": 2, "Type": "cwc_minecraft_yellow_rn", "Quantity": 15}, {"Index": 3, "Type": "cwc_minecraft_green_rn", "Quantity": 20}, {"Index": 4, "Type": "cwc_minecraft_blue_rn", "Quantity": 20}, {"Index": 5, "Type": "cwc_minecraft_purple_rn", "Quantity": 20}], "Pitch": 90.0}, {"Timestamp": "2018-04-13 20:16:18", "ScreenshotPath": "57906-Builder-putdown.png"}, {"Timestamp": "2018-04-13 20:16:37", "Chat": ["<Architect> Good, now we will be using red blocks"], "ScreenshotPath": "76404-Builder-chat.png"}, {"BuilderGridAbsolute": [{"Y": 1, "X": 0, "Z": 0, "Type": "cwc_minecraft_yellow_rn"}, {"Y": 2, "X": 0, "Z": 0, "Type": "cwc_minecraft_yellow_rn"}, {"Y": 3, "X": 0, "Z": 0, "Type": "cwc_minecraft_yellow_rn"}, {"Y": 4, "X": 0, "Z": 0, "Type": "cwc_minecraft_yellow_rn"}, {"Y": 5, "X": 0, "Z": 0, "Type": "cwc_minecraft_yellow_rn"}], "XPos": 0.560189857319106, "TimeAlive": 1658, "ZPos": -5.375969140017097, "Timestamp": "2018-04-13 20:16:37", "Yaw": 3.75, "YPos": 6.525967395485476, "BuilderGridRelative": [{"Y": -5, "X": 0, "Z": 6, "Type": "cwc_minecraft_yellow_rn"}, {"Y": -4, "X": 0, "Z": 6, "Type": "cwc_minecraft_yellow_rn"}, {"Y": -3, "X": 0, "Z": 6, "Type": "cwc_minecraft_yellow_rn"}, {"Y": -2, "X": 0, "Z": 6, "Type": "cwc_minecraft_yellow_rn"}, {"Y": -1, "X": 0, "Z": 6, "Type": "cwc_minecraft_yellow_rn"}], "DistanceTravelled": 0, "BuilderInventory": [{"Index": 0, "Type": "cwc_minecraft_red_rn", "Quantity": 20}, {"Index": 1, "Type": "cwc_minecraft_orange_rn", "Quantity": 20}, {"Index": 2, "Type": "cwc_minecraft_yellow_rn", "Quantity": 15}, {"Index": 3, "Type": "cwc_minecraft_green_rn", "Quantity": 20}, {"Index": 4, "Type": "cwc_minecraft_blue_rn", "Quantity": 20}, {"Index": 5, "Type": "cwc_minecraft_purple_rn", "Quantity": 20}], "Pitch": 37.79998}, {"Timestamp": "2018-04-13 20:16:52", "Chat": ["<Architect> Place a red block on one side of the top yellow block"], "ScreenshotPath": "91902-Builder-chat.png"}, {"BuilderGridAbsolute": [{"Y": 1, "X": 0, "Z": 0, "Type": "cwc_minecraft_yellow_rn"}, {"Y": 2, "X": 0, "Z": 0, "Type": "cwc_minecraft_yellow_rn"}, {"Y": 3, "X": 0, "Z": 0, "Type": "cwc_minecraft_yellow_rn"}, {"Y": 4, "X": 0, "Z": 0, "Type": "cwc_minecraft_yellow_rn"}, {"Y": 5, "X": 0, "Z": 0, "Type": "cwc_minecraft_yellow_rn"}], "XPos": 0.560189857319106, "TimeAlive": 1968, "ZPos": -5.375969140017097, "Timestamp": "2018-04-13 20:16:52", "Yaw": 0.29999954, "YPos": 6.525967395485476, "BuilderGridRelative": [{"Y": -5, "X": 0, "Z": 6, "Type": "cwc_minecraft_yellow_rn"}, {"Y": -4, "X": 0, "Z": 6, "Type": "cwc_minecraft_yellow_rn"}, {"Y": -3, "X": 0, "Z": 6, "Type": "cwc_minecraft_yellow_rn"}, {"Y": -2, "X": 0, "Z": 6, "Type": "cwc_minecraft_yellow_rn"}, {"Y": -1, "X": 0, "Z": 6, "Type": "cwc_minecraft_yellow_rn"}], "DistanceTravelled": 0, "BuilderInventory": [{"Index": 0, "Type": "cwc_minecraft_red_rn", "Quantity": 20}, {"Index": 1, "Type": "cwc_minecraft_orange_rn", "Quantity": 20}, {"Index": 2, "Type": "cwc_minecraft_yellow_rn", "Quantity": 15}, {"Index": 3, "Type": "cwc_minecraft_green_rn", "Quantity": 20}, {"Index": 4, "Type": "cwc_minecraft_blue_rn", "Quantity": 20}, {"Index": 5, "Type": "cwc_minecraft_purple_rn", "Quantity": 20}], "Pitch": 19.649986}, {"BuilderGridAbsolute": [{"Y": 1, "X": 0, "Z": 0, "Type": "cwc_minecraft_yellow_rn"}, {"Y": 2, "X": 0, "Z": 0, "Type": "cwc_minecraft_yellow_rn"}, {"Y": 3, "X": 0, "Z": 0, "Type": "cwc_minecraft_yellow_rn"}, {"Y": 4, "X": 0, "Z": 0, "Type": "cwc_minecraft_yellow_rn"}, {"Y": 5, "X": 0, "Z": -1, "Type": "cwc_minecraft_red_rn"}, {"Y": 5, "X": 0, "Z": 0, "Type": "cwc_minecraft_yellow_rn"}], "XPos": 0.5595556562152846, "TimeAlive": 2043, "ZPos": -3.111458761591585, "Timestamp": "2018-04-13 20:16:56", "Yaw": -4.708767e-07, "YPos": 6.525967395485476, "ScreenshotPath": "95701-Builder-putdown.png", "BuilderGridRelative": [{"Y": -5, "X": 0, "Z": 4, "Type": "cwc_minecraft_yellow_rn"}, {"Y": -4, "X": 0, "Z": 4, "Type": "cwc_minecraft_yellow_rn"}, {"Y": -3, "X": 0, "Z": 4, "Type": "cwc_minecraft_yellow_rn"}, {"Y": -2, "X": 0, "Z": 4, "Type": "cwc_minecraft_yellow_rn"}, {"Y": -1, "X": 0, "Z": 3, "Type": "cwc_minecraft_red_rn"}, {"Y": -1, "X": 0, "Z": 4, "Type": "cwc_minecraft_yellow_rn"}], "DistanceTravelled": 0, "BuilderInventory": [{"Index": 0, "Type": "cwc_minecraft_red_rn", "Quantity": 19}, {"Index": 1, "Type": "cwc_minecraft_orange_rn", "Quantity": 20}, {"Index": 2, "Type": "cwc_minecraft_yellow_rn", "Quantity": 15}, {"Index": 3, "Type": "cwc_minecraft_green_rn", "Quantity": 20}, {"Index": 4, "Type": "cwc_minecraft_blue_rn", "Quantity": 20}, {"Index": 5, "Type": "cwc_minecraft_purple_rn", "Quantity": 20}], "Pitch": 37.949986}, {"Timestamp": "2018-04-13 20:17:12", "Chat": ["<Architect> Now look at the structure so the red block is on the right"], "ScreenshotPath": "111999-Builder-chat.png"}, {"BuilderGridAbsolute": [{"Y": 1, "X": 0, "Z": 0, "Type": "cwc_minecraft_yellow_rn"}, {"Y": 2, "X": 0, "Z": 0, "Type": "cwc_minecraft_yellow_rn"}, {"Y": 3, "X": 0, "Z": 0, "Type": "cwc_minecraft_yellow_rn"}, {"Y": 4, "X": 0, "Z": 0, "Type": "cwc_minecraft_yellow_rn"}, {"Y": 5, "X": 0, "Z": -1, "Type": "cwc_minecraft_red_rn"}, {"Y": 5, "X": 0, "Z": 0, "Type": "cwc_minecraft_yellow_rn"}], "XPos": -1.9011421998997233, "TimeAlive": 2370, "ZPos": -6.805008673735281, "Timestamp": "2018-04-13 20:17:12", "Yaw": -19.799988, "YPos": 6.525967395485476, "BuilderGridRelative": [{"Y": -5, "X": 2, "Z": 7, "Type": "cwc_minecraft_yellow_rn"}, {"Y": -4, "X": 2, "Z": 7, "Type": "cwc_minecraft_yellow_rn"}, {"Y": -3, "X": 2, "Z": 7, "Type": "cwc_minecraft_yellow_rn"}, {"Y": -2, "X": 2, "Z": 7, "Type": "cwc_minecraft_yellow_rn"}, {"Y": -1, "X": 2, "Z": 6, "Type": "cwc_minecraft_red_rn"}, {"Y": -1, "X": 2, "Z": 7, "Type": "cwc_minecraft_yellow_rn"}], "DistanceTravelled": 0, "BuilderInventory": [{"Index": 0, "Type": "cwc_minecraft_red_rn", "Quantity": 19}, {"Index": 1, "Type": "cwc_minecraft_orange_rn", "Quantity": 20}, {"Index": 2, "Type": "cwc_minecraft_yellow_rn", "Quantity": 15}, {"Index": 3, "Type": "cwc_minecraft_green_rn", "Quantity": 20}, {"Index": 4, "Type": "cwc_minecraft_blue_rn", "Quantity": 20}, {"Index": 5, "Type": "cwc_minecraft_purple_rn", "Quantity": 20}], "Pitch": 21.599985}, {"Timestamp": "2018-04-13 20:17:42", "Chat": ["<Architect> Place another red block on the back side of the current red block"]}, {"BuilderGridAbsolute": [{"Y": 1, "X": 0, "Z": 0, "Type": "cwc_minecraft_yellow_rn"}, {"Y": 2, "X": 0, "Z": 0, "Type": "cwc_minecraft_yellow_rn"}, {"Y": 3, "X": 0, "Z": 0, "Type": "cwc_minecraft_yellow_rn"}, {"Y": 4, "X": 0, "Z": 0, "Type": "cwc_minecraft_yellow_rn"}, {"Y": 5, "X": 0, "Z": -1, "Type": "cwc_minecraft_red_rn"}, {"Y": 5, "X": 0, "Z": 0, "Type": "cwc_minecraft_yellow_rn"}], "XPos": 7.417869012310815, "TimeAlive": 2971, "ZPos": 0.644503389003862, "Timestamp": "2018-04-13 20:17:42", "Yaw": 85.79999, "YPos": 6.525967395485476, "ScreenshotPath": "142093-Builder-chat.png", "BuilderGridRelative": [{"Y": -5, "X": -7, "Z": 0, "Type": "cwc_minecraft_yellow_rn"}, {"Y": -4, "X": -7, "Z": 0, "Type": "cwc_minecraft_yellow_rn"}, {"Y": -3, "X": -7, "Z": 0, "Type": "cwc_minecraft_yellow_rn"}, {"Y": -2, "X": -7, "Z": 0, "Type": "cwc_minecraft_yellow_rn"}, {"Y": -1, "X": -7, "Z": -1, "Type": "cwc_minecraft_red_rn"}, {"Y": -1, "X": -7, "Z": 0, "Type": "cwc_minecraft_yellow_rn"}], "DistanceTravelled": 0, "BuilderInventory": [{"Index": 0, "Type": "cwc_minecraft_red_rn", "Quantity": 19}, {"Index": 1, "Type": "cwc_minecraft_orange_rn", "Quantity": 20}, {"Index": 2, "Type": "cwc_minecraft_yellow_rn", "Quantity": 15}, {"Index": 3, "Type": "cwc_minecraft_green_rn", "Quantity": 20}, {"Index": 4, "Type": "cwc_minecraft_blue_rn", "Quantity": 20}, {"Index": 5, "Type": "cwc_minecraft_purple_rn", "Quantity": 20}], "Pitch": 27.299994}, {"BuilderGridAbsolute": [{"Y": 1, "X": 0, "Z": 0, "Type": "cwc_minecraft_yellow_rn"}, {"Y": 2, "X": 0, "Z": 0, "Type": "cwc_minecraft_yellow_rn"}, {"Y": 3, "X": 0, "Z": 0, "Type": "cwc_minecraft_yellow_rn"}, {"Y": 4, "X": 0, "Z": 0, "Type": "cwc_minecraft_yellow_rn"}, {"Y": 5, "X": 0, "Z": -1, "Type": "cwc_minecraft_red_rn"}, {"Y": 5, "X": 1, "Z": -1, "Type": "cwc_minecraft_red_rn"}, {"Y": 5, "X": 0, "Z": 0, "Type": "cwc_minecraft_yellow_rn"}], "XPos": 3.9469733337184927, "TimeAlive": 3104, "ZPos": -0.6335425671063485, "Timestamp": "2018-04-13 20:17:48", "Yaw": 87.6, "YPos": 6.525967395485476, "BuilderGridRelative": [{"Y": -5, "X": -3, "Z": 1, "Type": "cwc_minecraft_yellow_rn"}, {"Y": -4, "X": -3, "Z": 1, "Type": "cwc_minecraft_yellow_rn"}, {"Y": -3, "X": -3, "Z": 1, "Type": "cwc_minecraft_yellow_rn"}, {"Y": -2, "X": -3, "Z": 1, "Type": "cwc_minecraft_yellow_rn"}, {"Y": -1, "X": -3, "Z": 0, "Type": "cwc_minecraft_red_rn"}, {"Y": -1, "X": -2, "Z": 0, "Type": "cwc_minecraft_red_rn"}, {"Y": -1, "X": -3, "Z": 1, "Type": "cwc_minecraft_yellow_rn"}], "DistanceTravelled": 0, "BuilderInventory": [{"Index": 0, "Type": "cwc_minecraft_red_rn", "Quantity": 18}, {"Index": 1, "Type": "cwc_minecraft_orange_rn", "Quantity": 20}, {"Index": 2, "Type": "cwc_minecraft_yellow_rn", "Quantity": 15}, {"Index": 3, "Type": "cwc_minecraft_green_rn", "Quantity": 20}, {"Index": 4, "Type": "cwc_minecraft_blue_rn", "Quantity": 20}, {"Index": 5, "Type": "cwc_minecraft_purple_rn", "Quantity": 20}], "Pitch": 41.100018}, {"Timestamp": "2018-04-13 20:17:49", "ScreenshotPath": "148792-Builder-putdown.png"}, {"Timestamp": "2018-04-13 20:17:51", "Chat": ["<Builder> like that?"]}, {"BuilderGridAbsolute": [{"Y": 1, "X": 0, "Z": 0, "Type": "cwc_minecraft_yellow_rn"}, {"Y": 2, "X": 0, "Z": 0, "Type": "cwc_minecraft_yellow_rn"}, {"Y": 3, "X": 0, "Z": 0, "Type": "cwc_minecraft_yellow_rn"}, {"Y": 4, "X": 0, "Z": 0, "Type": "cwc_minecraft_yellow_rn"}, {"Y": 5, "X": 0, "Z": -1, "Type": "cwc_minecraft_red_rn"}, {"Y": 5, "X": 1, "Z": -1, "Type": "cwc_minecraft_red_rn"}, {"Y": 5, "X": 0, "Z": 0, "Type": "cwc_minecraft_yellow_rn"}], "XPos": 3.9362457377320563, "TimeAlive": 3165, "ZPos": -0.6335425671063485, "Timestamp": "2018-04-13 20:17:52", "Yaw": 88.2, "YPos": 6.525967395485476, "ScreenshotPath": "151791-Builder-chat.png", "BuilderGridRelative": [{"Y": -5, "X": -3, "Z": 1, "Type": "cwc_minecraft_yellow_rn"}, {"Y": -4, "X": -3, "Z": 1, "Type": "cwc_minecraft_yellow_rn"}, {"Y": -3, "X": -3, "Z": 1, "Type": "cwc_minecraft_yellow_rn"}, {"Y": -2, "X": -3, "Z": 1, "Type": "cwc_minecraft_yellow_rn"}, {"Y": -1, "X": -3, "Z": 0, "Type": "cwc_minecraft_red_rn"}, {"Y": -1, "X": -2, "Z": 0, "Type": "cwc_minecraft_red_rn"}, {"Y": -1, "X": -3, "Z": 1, "Type": "cwc_minecraft_yellow_rn"}], "DistanceTravelled": 0, "BuilderInventory": [{"Index": 0, "Type": "cwc_minecraft_red_rn", "Quantity": 18}, {"Index": 1, "Type": "cwc_minecraft_orange_rn", "Quantity": 20}, {"Index": 2, "Type": "cwc_minecraft_yellow_rn", "Quantity": 15}, {"Index": 3, "Type": "cwc_minecraft_green_rn", "Quantity": 20}, {"Index": 4, "Type": "cwc_minecraft_blue_rn", "Quantity": 20}, {"Index": 5, "Type": "cwc_minecraft_purple_rn", "Quantity": 20}], "Pitch": 40.950016}, {"Timestamp": "2018-04-13 20:18:09", "Chat": ["<Architect> Sorry, the other side of the red block"], "ScreenshotPath": "169106-Builder-chat.png"}, {"BuilderGridAbsolute": [{"Y": 1, "X": 0, "Z": 0, "Type": "cwc_minecraft_yellow_rn"}, {"Y": 2, "X": 0, "Z": 0, "Type": "cwc_minecraft_yellow_rn"}, {"Y": 3, "X": 0, "Z": 0, "Type": "cwc_minecraft_yellow_rn"}, {"Y": 4, "X": 0, "Z": 0, "Type": "cwc_minecraft_yellow_rn"}, {"Y": 5, "X": 0, "Z": -1, "Type": "cwc_minecraft_red_rn"}, {"Y": 5, "X": 1, "Z": -1, "Type": "cwc_minecraft_red_rn"}, {"Y": 5, "X": 0, "Z": 0, "Type": "cwc_minecraft_yellow_rn"}], "XPos": 3.9362457377320563, "TimeAlive": 3512, "ZPos": -0.6335425671063485, "Timestamp": "2018-04-13 20:18:09", "Yaw": 88.2, "YPos": 6.525967395485476, "BuilderGridRelative": [{"Y": -5, "X": -3, "Z": 1, "Type": "cwc_minecraft_yellow_rn"}, {"Y": -4, "X": -3, "Z": 1, "Type": "cwc_minecraft_yellow_rn"}, {"Y": -3, "X": -3, "Z": 1, "Type": "cwc_minecraft_yellow_rn"}, {"Y": -2, "X": -3, "Z": 1, "Type": "cwc_minecraft_yellow_rn"}, {"Y": -1, "X": -3, "Z": 0, "Type": "cwc_minecraft_red_rn"}, {"Y": -1, "X": -2, "Z": 0, "Type": "cwc_minecraft_red_rn"}, {"Y": -1, "X": -3, "Z": 1, "Type": "cwc_minecraft_yellow_rn"}], "DistanceTravelled": 0, "BuilderInventory": [{"Index": 0, "Type": "cwc_minecraft_red_rn", "Quantity": 18}, {"Index": 1, "Type": "cwc_minecraft_orange_rn", "Quantity": 20}, {"Index": 2, "Type": "cwc_minecraft_yellow_rn", "Quantity": 15}, {"Index": 3, "Type": "cwc_minecraft_green_rn", "Quantity": 20}, {"Index": 4, "Type": "cwc_minecraft_blue_rn", "Quantity": 20}, {"Index": 5, "Type": "cwc_minecraft_purple_rn", "Quantity": 20}], "Pitch": 40.950016}, {"BuilderGridAbsolute": [{"Y": 1, "X": 0, "Z": 0, "Type": "cwc_minecraft_yellow_rn"}, {"Y": 2, "X": 0, "Z": 0, "Type": "cwc_minecraft_yellow_rn"}, {"Y": 3, "X": 0, "Z": 0, "Type": "cwc_minecraft_yellow_rn"}, {"Y": 4, "X": 0, "Z": 0, "Type": "cwc_minecraft_yellow_rn"}, {"Y": 5, "X": 0, "Z": -1, "Type": "cwc_minecraft_red_rn"}, {"Y": 5, "X": 0, "Z": 0, "Type": "cwc_minecraft_yellow_rn"}], "XPos": 3.9362457377320563, "TimeAlive": 3593, "ZPos": -0.6335425671063485, "Timestamp": "2018-04-13 20:18:13", "Yaw": 88.2, "YPos": 6.525967395485476, "BuilderGridRelative": [{"Y": -5, "X": -3, "Z": 1, "Type": "cwc_minecraft_yellow_rn"}, {"Y": -4, "X": -3, "Z": 1, "Type": "cwc_minecraft_yellow_rn"}, {"Y": -3, "X": -3, "Z": 1, "Type": "cwc_minecraft_yellow_rn"}, {"Y": -2, "X": -3, "Z": 1, "Type": "cwc_minecraft_yellow_rn"}, {"Y": -1, "X": -3, "Z": 0, "Type": "cwc_minecraft_red_rn"}, {"Y": -1, "X": -3, "Z": 1, "Type": "cwc_minecraft_yellow_rn"}], "DistanceTravelled": 0, "BuilderInventory": [{"Index": 0, "Type": "cwc_minecraft_red_rn", "Quantity": 19}, {"Index": 1, "Type": "cwc_minecraft_orange_rn", "Quantity": 20}, {"Index": 2, "Type": "cwc_minecraft_yellow_rn", "Quantity": 15}, {"Index": 3, "Type": "cwc_minecraft_green_rn", "Quantity": 20}, {"Index": 4, "Type": "cwc_minecraft_blue_rn", "Quantity": 20}, {"Index": 5, "Type": "cwc_minecraft_purple_rn", "Quantity": 20}], "Pitch": 40.950016}, {"Timestamp": "2018-04-13 20:18:13", "ScreenshotPath": "173305-Builder-pickup.png"}, {"BuilderGridAbsolute": [{"Y": 1, "X": 0, "Z": 0, "Type": "cwc_minecraft_yellow_rn"}, {"Y": 2, "X": 0, "Z": 0, "Type": "cwc_minecraft_yellow_rn"}, {"Y": 3, "X": 0, "Z": 0, "Type": "cwc_minecraft_yellow_rn"}, {"Y": 4, "X": 0, "Z": 0, "Type": "cwc_minecraft_yellow_rn"}, {"Y": 5, "X": -1, "Z": -1, "Type": "cwc_minecraft_red_rn"}, {"Y": 5, "X": 0, "Z": -1, "Type": "cwc_minecraft_red_rn"}, {"Y": 5, "X": 0, "Z": 0, "Type": "cwc_minecraft_yellow_rn"}], "XPos": -1.5914336425886528, "TimeAlive": 3648, "ZPos": -2.8704241637805916, "Timestamp": "2018-04-13 20:18:16", "Yaw": -28.050001, "YPos": 6.525967395485476, "ScreenshotPath": "175954-Builder-putdown.png", "BuilderGridRelative": [{"Y": -5, "X": 2, "Z": 3, "Type": "cwc_minecraft_yellow_rn"}, {"Y": -4, "X": 2, "Z": 3, "Type": "cwc_minecraft_yellow_rn"}, {"Y": -3, "X": 2, "Z": 3, "Type": "cwc_minecraft_yellow_rn"}, {"Y": -2, "X": 2, "Z": 3, "Type": "cwc_minecraft_yellow_rn"}, {"Y": -1, "X": 1, "Z": 2, "Type": "cwc_minecraft_red_rn"}, {"Y": -1, "X": 2, "Z": 2, "Type": "cwc_minecraft_red_rn"}, {"Y": -1, "X": 2, "Z": 3, "Type": "cwc_minecraft_yellow_rn"}], "DistanceTravelled": 0, "BuilderInventory": [{"Index": 0, "Type": "cwc_minecraft_red_rn", "Quantity": 18}, {"Index": 1, "Type": "cwc_minecraft_orange_rn", "Quantity": 20}, {"Index": 2, "Type": "cwc_minecraft_yellow_rn", "Quantity": 15}, {"Index": 3, "Type": "cwc_minecraft_green_rn", "Quantity": 20}, {"Index": 4, "Type": "cwc_minecraft_blue_rn", "Quantity": 20}, {"Index": 5, "Type": "cwc_minecraft_purple_rn", "Quantity": 20}], "Pitch": 41.250046}, {"Timestamp": "2018-04-13 20:18:20", "Chat": ["<Architect> Yes, like that"], "ScreenshotPath": "180254-Builder-chat.png"}, {"BuilderGridAbsolute": [{"Y": 1, "X": 0, "Z": 0, "Type": "cwc_minecraft_yellow_rn"}, {"Y": 2, "X": 0, "Z": 0, "Type": "cwc_minecraft_yellow_rn"}, {"Y": 3, "X": 0, "Z": 0, "Type": "cwc_minecraft_yellow_rn"}, {"Y": 4, "X": 0, "Z": 0, "Type": "cwc_minecraft_yellow_rn"}, {"Y": 5, "X": -1, "Z": -1, "Type": "cwc_minecraft_red_rn"}, {"Y": 5, "X": 0, "Z": -1, "Type": "cwc_minecraft_red_rn"}, {"Y": 5, "X": 0, "Z": 0, "Type": "cwc_minecraft_yellow_rn"}], "XPos": 4.072425005947524, "TimeAlive": 3735, "ZPos": 0.07703414164509359, "Timestamp": "2018-04-13 20:18:20", "Yaw": 89.99999, "YPos": 6.525967395485476, "BuilderGridRelative": [{"Y": -5, "X": -4, "Z": 0, "Type": "cwc_minecraft_yellow_rn"}, {"Y": -4, "X": -4, "Z": 0, "Type": "cwc_minecraft_yellow_rn"}, {"Y": -3, "X": -4, "Z": 0, "Type": "cwc_minecraft_yellow_rn"}, {"Y": -2, "X": -4, "Z": 0, "Type": "cwc_minecraft_yellow_rn"}, {"Y": -1, "X": -5, "Z": -1, "Type": "cwc_minecraft_red_rn"}, {"Y": -1, "X": -4, "Z": -1, "Type": "cwc_minecraft_red_rn"}, {"Y": -1, "X": -4, "Z": 0, "Type": "cwc_minecraft_yellow_rn"}], "DistanceTravelled": 0, "BuilderInventory": [{"Index": 0, "Type": "cwc_minecraft_red_rn", "Quantity": 18}, {"Index": 1, "Type": "cwc_minecraft_orange_rn", "Quantity": 20}, {"Index": 2, "Type": "cwc_minecraft_yellow_rn", "Quantity": 15}, {"Index": 3, "Type": "cwc_minecraft_green_rn", "Quantity": 20}, {"Index": 4, "Type": "cwc_minecraft_blue_rn", "Quantity": 20}, {"Index": 5, "Type": "cwc_minecraft_purple_rn", "Quantity": 20}], "Pitch": 34.95003}, {"Timestamp": "2018-04-13 20:18:32", "Chat": ["<Builder> alright"], "ScreenshotPath": "192301-Builder-chat.png"}, {"BuilderGridAbsolute": [{"Y": 1, "X": 0, "Z": 0, "Type": "cwc_minecraft_yellow_rn"}, {"Y": 2, "X": 0, "Z": 0, "Type": "cwc_minecraft_yellow_rn"}, {"Y": 3, "X": 0, "Z": 0, "Type": "cwc_minecraft_yellow_rn"}, {"Y": 4, "X": 0, "Z": 0, "Type": "cwc_minecraft_yellow_rn"}, {"Y": 5, "X": -1, "Z": -1, "Type": "cwc_minecraft_red_rn"}, {"Y": 5, "X": 0, "Z": -1, "Type": "cwc_minecraft_red_rn"}, {"Y": 5, "X": 0, "Z": 0, "Type": "cwc_minecraft_yellow_rn"}], "XPos": 4.072425005947524, "TimeAlive": 3976, "ZPos": 0.15491093948262152, "Timestamp": "2018-04-13 20:18:32", "Yaw": 89.99999, "YPos": 6.525967395485476, "BuilderGridRelative": [{"Y": -5, "X": -4, "Z": 0, "Type": "cwc_minecraft_yellow_rn"}, {"Y": -4, "X": -4, "Z": 0, "Type": "cwc_minecraft_yellow_rn"}, {"Y": -3, "X": -4, "Z": 0, "Type": "cwc_minecraft_yellow_rn"}, {"Y": -2, "X": -4, "Z": 0, "Type": "cwc_minecraft_yellow_rn"}, {"Y": -1, "X": -5, "Z": -1, "Type": "cwc_minecraft_red_rn"}, {"Y": -1, "X": -4, "Z": -1, "Type": "cwc_minecraft_red_rn"}, {"Y": -1, "X": -4, "Z": 0, "Type": "cwc_minecraft_yellow_rn"}], "DistanceTravelled": 0, "BuilderInventory": [{"Index": 0, "Type": "cwc_minecraft_red_rn", "Quantity": 18}, {"Index": 1, "Type": "cwc_minecraft_orange_rn", "Quantity": 20}, {"Index": 2, "Type": "cwc_minecraft_yellow_rn", "Quantity": 15}, {"Index": 3, "Type": "cwc_minecraft_green_rn", "Quantity": 20}, {"Index": 4, "Type": "cwc_minecraft_blue_rn", "Quantity": 20}, {"Index": 5, "Type": "cwc_minecraft_purple_rn", "Quantity": 20}], "Pitch": 34.95003}, {"Timestamp": "2018-04-13 20:18:50", "Chat": ["<Architect> Now place another red block to the right of the red block you just placed"], "ScreenshotPath": "209649-Builder-chat.png"}, {"BuilderGridAbsolute": [{"Y": 1, "X": 0, "Z": 0, "Type": "cwc_minecraft_yellow_rn"}, {"Y": 2, "X": 0, "Z": 0, "Type": "cwc_minecraft_yellow_rn"}, {"Y": 3, "X": 0, "Z": 0, "Type": "cwc_minecraft_yellow_rn"}, {"Y": 4, "X": 0, "Z": 0, "Type": "cwc_minecraft_yellow_rn"}, {"Y": 5, "X": -1, "Z": -1, "Type": "cwc_minecraft_red_rn"}, {"Y": 5, "X": 0, "Z": -1, "Type": "cwc_minecraft_red_rn"}, {"Y": 5, "X": 0, "Z": 0, "Type": "cwc_minecraft_yellow_rn"}], "XPos": 4.072425005947524, "TimeAlive": 4323, "ZPos": 0.15491093948262152, "Timestamp": "2018-04-13 20:18:50", "Yaw": 86.54997, "YPos": 6.525967395485476, "BuilderGridRelative": [{"Y": -5, "X": -4, "Z": 0, "Type": "cwc_minecraft_yellow_rn"}, {"Y": -4, "X": -4, "Z": 0, "Type": "cwc_minecraft_yellow_rn"}, {"Y": -3, "X": -4, "Z": 0, "Type": "cwc_minecraft_yellow_rn"}, {"Y": -2, "X": -4, "Z": 0, "Type": "cwc_minecraft_yellow_rn"}, {"Y": -1, "X": -5, "Z": -1, "Type": "cwc_minecraft_red_rn"}, {"Y": -1, "X": -4, "Z": -1, "Type": "cwc_minecraft_red_rn"}, {"Y": -1, "X": -4, "Z": 0, "Type": "cwc_minecraft_yellow_rn"}], "DistanceTravelled": 0, "BuilderInventory": [{"Index": 0, "Type": "cwc_minecraft_red_rn", "Quantity": 18}, {"Index": 1, "Type": "cwc_minecraft_orange_rn", "Quantity": 20}, {"Index": 2, "Type": "cwc_minecraft_yellow_rn", "Quantity": 15}, {"Index": 3, "Type": "cwc_minecraft_green_rn", "Quantity": 20}, {"Index": 4, "Type": "cwc_minecraft_blue_rn", "Quantity": 20}, {"Index": 5, "Type": "cwc_minecraft_purple_rn", "Quantity": 20}], "Pitch": 48.600067}, {"BuilderGridAbsolute": [{"Y": 1, "X": 0, "Z": 0, "Type": "cwc_minecraft_yellow_rn"}, {"Y": 2, "X": 0, "Z": 0, "Type": "cwc_minecraft_yellow_rn"}, {"Y": 3, "X": 0, "Z": 0, "Type": "cwc_minecraft_yellow_rn"}, {"Y": 4, "X": 0, "Z": 0, "Type": "cwc_minecraft_yellow_rn"}, {"Y": 5, "X": -1, "Z": -2, "Type": "cwc_minecraft_red_rn"}, {"Y": 5, "X": -1, "Z": -1, "Type": "cwc_minecraft_red_rn"}, {"Y": 5, "X": 0, "Z": -1, "Type": "cwc_minecraft_red_rn"}, {"Y": 5, "X": 0, "Z": 0, "Type": "cwc_minecraft_yellow_rn"}], "XPos": 0.898047500892794, "TimeAlive": 4431, "ZPos": -3.0444318807381796, "Timestamp": "2018-04-13 20:18:55", "Yaw": 38.249947, "YPos": 6.525967395485476, "ScreenshotPath": "215098-Builder-putdown.png", "BuilderGridRelative": [{"Y": -5, "X": 0, "Z": 4, "Type": "cwc_minecraft_yellow_rn"}, {"Y": -4, "X": 0, "Z": 4, "Type": "cwc_minecraft_yellow_rn"}, {"Y": -3, "X": 0, "Z": 4, "Type": "cwc_minecraft_yellow_rn"}, {"Y": -2, "X": 0, "Z": 4, "Type": "cwc_minecraft_yellow_rn"}, {"Y": -1, "X": -1, "Z": 2, "Type": "cwc_minecraft_red_rn"}, {"Y": -1, "X": -1, "Z": 3, "Type": "cwc_minecraft_red_rn"}, {"Y": -1, "X": 0, "Z": 3, "Type": "cwc_minecraft_red_rn"}, {"Y": -1, "X": 0, "Z": 4, "Type": "cwc_minecraft_yellow_rn"}], "DistanceTravelled": 0, "BuilderInventory": [{"Index": 0, "Type": "cwc_minecraft_red_rn", "Quantity": 17}, {"Index": 1, "Type": "cwc_minecraft_orange_rn", "Quantity": 20}, {"Index": 2, "Type": "cwc_minecraft_yellow_rn", "Quantity": 15}, {"Index": 3, "Type": "cwc_minecraft_green_rn", "Quantity": 20}, {"Index": 4, "Type": "cwc_minecraft_blue_rn", "Quantity": 20}, {"Index": 5, "Type": "cwc_minecraft_purple_rn", "Quantity": 20}], "Pitch": 46.95009}, {"Timestamp": "2018-04-13 20:19:03", "Chat": ["<Builder> there"], "ScreenshotPath": "223096-Builder-chat.png"}, {"BuilderGridAbsolute": [{"Y": 1, "X": 0, "Z": 0, "Type": "cwc_minecraft_yellow_rn"}, {"Y": 2, "X": 0, "Z": 0, "Type": "cwc_minecraft_yellow_rn"}, {"Y": 3, "X": 0, "Z": 0, "Type": "cwc_minecraft_yellow_rn"}, {"Y": 4, "X": 0, "Z": 0, "Type": "cwc_minecraft_yellow_rn"}, {"Y": 5, "X": -1, "Z": -2, "Type": "cwc_minecraft_red_rn"}, {"Y": 5, "X": -1, "Z": -1, "Type": "cwc_minecraft_red_rn"}, {"Y": 5, "X": 0, "Z": -1, "Type": "cwc_minecraft_red_rn"}, {"Y": 5, "X": 0, "Z": 0, "Type": "cwc_minecraft_yellow_rn"}], "XPos": 4.1713961794927, "TimeAlive": 4592, "ZPos": 0.4281464451411629, "Timestamp": "2018-04-13 20:19:03", "Yaw": 91.49997, "YPos": 6.525967395485476, "BuilderGridRelative": [{"Y": -5, "X": -4, "Z": 0, "Type": "cwc_minecraft_yellow_rn"}, {"Y": -4, "X": -4, "Z": 0, "Type": "cwc_minecraft_yellow_rn"}, {"Y": -3, "X": -4, "Z": 0, "Type": "cwc_minecraft_yellow_rn"}, {"Y": -2, "X": -4, "Z": 0, "Type": "cwc_minecraft_yellow_rn"}, {"Y": -1, "X": -5, "Z": -2, "Type": "cwc_minecraft_red_rn"}, {"Y": -1, "X": -5, "Z": -1, "Type": "cwc_minecraft_red_rn"}, {"Y": -1, "X": -4, "Z": -1, "Type": "cwc_minecraft_red_rn"}, {"Y": -1, "X": -4, "Z": 0, "Type": "cwc_minecraft_yellow_rn"}], "DistanceTravelled": 0, "BuilderInventory": [{"Index": 0, "Type": "cwc_minecraft_red_rn", "Quantity": 17}, {"Index": 1, "Type": "cwc_minecraft_orange_rn", "Quantity": 20}, {"Index": 2, "Type": "cwc_minecraft_yellow_rn", "Quantity": 15}, {"Index": 3, "Type": "cwc_minecraft_green_rn", "Quantity": 20}, {"Index": 4, "Type": "cwc_minecraft_blue_rn", "Quantity": 20}, {"Index": 5, "Type": "cwc_minecraft_purple_rn", "Quantity": 20}], "Pitch": 40.650066}, {"Timestamp": "2018-04-13 20:19:33", "Chat": ["<Builder> do you want me to stand at a different perspective or is this the easiest position?"]}, {"BuilderGridAbsolute": [{"Y": 1, "X": 0, "Z": 0, "Type": "cwc_minecraft_yellow_rn"}, {"Y": 2, "X": 0, "Z": 0, "Type": "cwc_minecraft_yellow_rn"}, {"Y": 3, "X": 0, "Z": 0, "Type": "cwc_minecraft_yellow_rn"}, {"Y": 4, "X": 0, "Z": 0, "Type": "cwc_minecraft_yellow_rn"}, {"Y": 5, "X": -1, "Z": -2, "Type": "cwc_minecraft_red_rn"}, {"Y": 5, "X": -1, "Z": -1, "Type": "cwc_minecraft_red_rn"}, {"Y": 5, "X": 0, "Z": -1, "Type": "cwc_minecraft_red_rn"}, {"Y": 5, "X": 0, "Z": 0, "Type": "cwc_minecraft_yellow_rn"}], "XPos": 4.1713961794927, "TimeAlive": 5190, "ZPos": 0.4281464451411629, "Timestamp": "2018-04-13 20:19:33", "Yaw": 91.49997, "YPos": 6.525967395485476, "ScreenshotPath": "253041-Builder-chat.png", "BuilderGridRelative": [{"Y": -5, "X": -4, "Z": 0, "Type": "cwc_minecraft_yellow_rn"}, {"Y": -4, "X": -4, "Z": 0, "Type": "cwc_minecraft_yellow_rn"}, {"Y": -3, "X": -4, "Z": 0, "Type": "cwc_minecraft_yellow_rn"}, {"Y": -2, "X": -4, "Z": 0, "Type": "cwc_minecraft_yellow_rn"}, {"Y": -1, "X": -5, "Z": -2, "Type": "cwc_minecraft_red_rn"}, {"Y": -1, "X": -5, "Z": -1, "Type": "cwc_minecraft_red_rn"}, {"Y": -1, "X": -4, "Z": -1, "Type": "cwc_minecraft_red_rn"}, {"Y": -1, "X": -4, "Z": 0, "Type": "cwc_minecraft_yellow_rn"}], "DistanceTravelled": 0, "BuilderInventory": [{"Index": 0, "Type": "cwc_minecraft_red_rn", "Quantity": 17}, {"Index": 1, "Type": "cwc_minecraft_orange_rn", "Quantity": 20}, {"Index": 2, "Type": "cwc_minecraft_yellow_rn", "Quantity": 15}, {"Index": 3, "Type": "cwc_minecraft_green_rn", "Quantity": 20}, {"Index": 4, "Type": "cwc_minecraft_blue_rn", "Quantity": 20}, {"Index": 5, "Type": "cwc_minecraft_purple_rn", "Quantity": 20}], "Pitch": 40.650066}, {"Timestamp": "2018-04-13 20:19:38", "Chat": ["<Architect> Good, now fill in red blocks on the underside of the existing red blocks, so they are two layers high"]}, {"BuilderGridAbsolute": [{"Y": 1, "X": 0, "Z": 0, "Type": "cwc_minecraft_yellow_rn"}, {"Y": 2, "X": 0, "Z": 0, "Type": "cwc_minecraft_yellow_rn"}, {"Y": 3, "X": 0, "Z": 0, "Type": "cwc_minecraft_yellow_rn"}, {"Y": 4, "X": 0, "Z": 0, "Type": "cwc_minecraft_yellow_rn"}, {"Y": 5, "X": -1, "Z": -2, "Type": "cwc_minecraft_red_rn"}, {"Y": 5, "X": -1, "Z": -1, "Type": "cwc_minecraft_red_rn"}, {"Y": 5, "X": 0, "Z": -1, "Type": "cwc_minecraft_red_rn"}, {"Y": 5, "X": 0, "Z": 0, "Type": "cwc_minecraft_yellow_rn"}], "XPos": 4.1713961794927, "TimeAlive": 5306, "ZPos": 0.4281464451411629, "Timestamp": "2018-04-13 20:19:39", "Yaw": 91.49997, "YPos": 6.525967395485476, "ScreenshotPath": "258842-Builder-chat.png", "BuilderGridRelative": [{"Y": -5, "X": -4, "Z": 0, "Type": "cwc_minecraft_yellow_rn"}, {"Y": -4, "X": -4, "Z": 0, "Type": "cwc_minecraft_yellow_rn"}, {"Y": -3, "X": -4, "Z": 0, "Type": "cwc_minecraft_yellow_rn"}, {"Y": -2, "X": -4, "Z": 0, "Type": "cwc_minecraft_yellow_rn"}, {"Y": -1, "X": -5, "Z": -2, "Type": "cwc_minecraft_red_rn"}, {"Y": -1, "X": -5, "Z": -1, "Type": "cwc_minecraft_red_rn"}, {"Y": -1, "X": -4, "Z": -1, "Type": "cwc_minecraft_red_rn"}, {"Y": -1, "X": -4, "Z": 0, "Type": "cwc_minecraft_yellow_rn"}], "DistanceTravelled": 0, "BuilderInventory": [{"Index": 0, "Type": "cwc_minecraft_red_rn", "Quantity": 17}, {"Index": 1, "Type": "cwc_minecraft_orange_rn", "Quantity": 20}, {"Index": 2, "Type": "cwc_minecraft_yellow_rn", "Quantity": 15}, {"Index": 3, "Type": "cwc_minecraft_green_rn", "Quantity": 20}, {"Index": 4, "Type": "cwc_minecraft_blue_rn", "Quantity": 20}, {"Index": 5, "Type": "cwc_minecraft_purple_rn", "Quantity": 20}], "Pitch": 40.650066}, {"BuilderGridAbsolute": [{"Y": 1, "X": 0, "Z": 0, "Type": "cwc_minecraft_yellow_rn"}, {"Y": 2, "X": 0, "Z": 0, "Type": "cwc_minecraft_yellow_rn"}, {"Y": 3, "X": 0, "Z": 0, "Type": "cwc_minecraft_yellow_rn"}, {"Y": 4, "X": 0, "Z": -1, "Type": "cwc_minecraft_red_rn"}, {"Y": 4, "X": 0, "Z": 0, "Type": "cwc_minecraft_yellow_rn"}, {"Y": 5, "X": -1, "Z": -2, "Type": "cwc_minecraft_red_rn"}, {"Y": 5, "X": -1, "Z": -1, "Type": "cwc_minecraft_red_rn"}, {"Y": 5, "X": 0, "Z": -1, "Type": "cwc_minecraft_red_rn"}, {"Y": 5, "X": 0, "Z": 0, "Type": "cwc_minecraft_yellow_rn"}], "XPos": 2.709247990435828, "TimeAlive": 5500, "ZPos": -2.024099985971651, "Timestamp": "2018-04-13 20:19:48", "Yaw": 46.649925, "YPos": 3.171794697721722, "ScreenshotPath": "268556-Builder-putdown.png", "BuilderGridRelative": [{"Y": -2, "X": -2, "Z": 3, "Type": "cwc_minecraft_yellow_rn"}, {"Y": -1, "X": -2, "Z": 3, "Type": "cwc_minecraft_yellow_rn"}, {"Y": 0, "X": -2, "Z": 3, "Type": "cwc_minecraft_yellow_rn"}, {"Y": 1, "X": -2, "Z": 2, "Type": "cwc_minecraft_red_rn"}, {"Y": 1, "X": -2, "Z": 3, "Type": "cwc_minecraft_yellow_rn"}, {"Y": 2, "X": -3, "Z": 1, "Type": "cwc_minecraft_red_rn"}, {"Y": 2, "X": -3, "Z": 2, "Type": "cwc_minecraft_red_rn"}, {"Y": 2, "X": -2, "Z": 2, "Type": "cwc_minecraft_red_rn"}, {"Y": 2, "X": -2, "Z": 3, "Type": "cwc_minecraft_yellow_rn"}], "DistanceTravelled": 0, "BuilderInventory": [{"Index": 0, "Type": "cwc_minecraft_red_rn", "Quantity": 16}, {"Index": 1, "Type": "cwc_minecraft_orange_rn", "Quantity": 20}, {"Index": 2, "Type": "cwc_minecraft_yellow_rn", "Quantity": 15}, {"Index": 3, "Type": "cwc_minecraft_green_rn", "Quantity": 20}, {"Index": 4, "Type": "cwc_minecraft_blue_rn", "Quantity": 20}, {"Index": 5, "Type": "cwc_minecraft_purple_rn", "Quantity": 20}], "Pitch": 2.100058}, {"BuilderGridAbsolute": [{"Y": 1, "X": 0, "Z": 0, "Type": "cwc_minecraft_yellow_rn"}, {"Y": 2, "X": 0, "Z": 0, "Type": "cwc_minecraft_yellow_rn"}, {"Y": 3, "X": 0, "Z": 0, "Type": "cwc_minecraft_yellow_rn"}, {"Y": 4, "X": -1, "Z": -1, "Type": "cwc_minecraft_red_rn"}, {"Y": 4, "X": 0, "Z": -1, "Type": "cwc_minecraft_red_rn"}, {"Y": 4, "X": 0, "Z": 0, "Type": "cwc_minecraft_yellow_rn"}, {"Y": 5, "X": -1, "Z": -2, "Type": "cwc_minecraft_red_rn"}, {"Y": 5, "X": -1, "Z": -1, "Type": "cwc_minecraft_red_rn"}, {"Y": 5, "X": 0, "Z": -1, "Type": "cwc_minecraft_red_rn"}, {"Y": 5, "X": 0, "Z": 0, "Type": "cwc_minecraft_yellow_rn"}], "XPos": -1.9095288498686727, "TimeAlive": 5530, "ZPos": -2.9081614148090855, "Timestamp": "2018-04-13 20:19:50", "Yaw": -38.400066, "YPos": 3.158465138459836, "ScreenshotPath": "270055-Builder-putdown.png", "BuilderGridRelative": [{"Y": -2, "X": 2, "Z": 3, "Type": "cwc_minecraft_yellow_rn"}, {"Y": -1, "X": 2, "Z": 3, "Type": "cwc_minecraft_yellow_rn"}, {"Y": 0, "X": 2, "Z": 3, "Type": "cwc_minecraft_yellow_rn"}, {"Y": 1, "X": 1, "Z": 2, "Type": "cwc_minecraft_red_rn"}, {"Y": 1, "X": 2, "Z": 2, "Type": "cwc_minecraft_red_rn"}, {"Y": 1, "X": 2, "Z": 3, "Type": "cwc_minecraft_yellow_rn"}, {"Y": 2, "X": 1, "Z": 1, "Type": "cwc_minecraft_red_rn"}, {"Y": 2, "X": 1, "Z": 2, "Type": "cwc_minecraft_red_rn"}, {"Y": 2, "X": 2, "Z": 2, "Type": "cwc_minecraft_red_rn"}, {"Y": 2, "X": 2, "Z": 3, "Type": "cwc_minecraft_yellow_rn"}], "DistanceTravelled": 0, "BuilderInventory": [{"Index": 0, "Type": "cwc_minecraft_red_rn", "Quantity": 15}, {"Index": 1, "Type": "cwc_minecraft_orange_rn", "Quantity": 20}, {"Index": 2, "Type": "cwc_minecraft_yellow_rn", "Quantity": 15}, {"Index": 3, "Type": "cwc_minecraft_green_rn", "Quantity": 20}, {"Index": 4, "Type": "cwc_minecraft_blue_rn", "Quantity": 20}, {"Index": 5, "Type": "cwc_minecraft_purple_rn", "Quantity": 20}], "Pitch": 5.550059}, {"BuilderGridAbsolute": [{"Y": 1, "X": 0, "Z": 0, "Type": "cwc_minecraft_yellow_rn"}, {"Y": 2, "X": 0, "Z": 0, "Type": "cwc_minecraft_yellow_rn"}, {"Y": 3, "X": 0, "Z": 0, "Type": "cwc_minecraft_yellow_rn"}, {"Y": 4, "X": -1, "Z": -2, "Type": "cwc_minecraft_red_rn"}, {"Y": 4, "X": -1, "Z": -1, "Type": "cwc_minecraft_red_rn"}, {"Y": 4, "X": 0, "Z": -1, "Type": "cwc_minecraft_red_rn"}, {"Y": 4, "X": 0, "Z": 0, "Type": "cwc_minecraft_yellow_rn"}, {"Y": 5, "X": -1, "Z": -2, "Type": "cwc_minecraft_red_rn"}, {"Y": 5, "X": -1, "Z": -1, "Type": "cwc_minecraft_red_rn"}, {"Y": 5, "X": 0, "Z": -1, "Type": "cwc_minecraft_red_rn"}, {"Y": 5, "X": 0, "Z": 0, "Type": "cwc_minecraft_yellow_rn"}], "XPos": -2.278904501779462, "TimeAlive": 5544, "ZPos": -3.4013344977197475, "Timestamp": "2018-04-13 20:19:51", "Yaw": -35.850063, "YPos": 3.158465138459836, "ScreenshotPath": "270755-Builder-putdown.png", "BuilderGridRelative": [{"Y": -2, "X": 3, "Z": 4, "Type": "cwc_minecraft_yellow_rn"}, {"Y": -1, "X": 3, "Z": 4, "Type": "cwc_minecraft_yellow_rn"}, {"Y": 0, "X": 3, "Z": 4, "Type": "cwc_minecraft_yellow_rn"}, {"Y": 1, "X": 2, "Z": 2, "Type": "cwc_minecraft_red_rn"}, {"Y": 1, "X": 2, "Z": 3, "Type": "cwc_minecraft_red_rn"}, {"Y": 1, "X": 3, "Z": 3, "Type": "cwc_minecraft_red_rn"}, {"Y": 1, "X": 3, "Z": 4, "Type": "cwc_minecraft_yellow_rn"}, {"Y": 2, "X": 2, "Z": 2, "Type": "cwc_minecraft_red_rn"}, {"Y": 2, "X": 2, "Z": 3, "Type": "cwc_minecraft_red_rn"}, {"Y": 2, "X": 3, "Z": 3, "Type": "cwc_minecraft_red_rn"}, {"Y": 2, "X": 3, "Z": 4, "Type": "cwc_minecraft_yellow_rn"}], "DistanceTravelled": 0, "BuilderInventory": [{"Index": 0, "Type": "cwc_minecraft_red_rn", "Quantity": 14}, {"Index": 1, "Type": "cwc_minecraft_orange_rn", "Quantity": 20}, {"Index": 2, "Type": "cwc_minecraft_yellow_rn", "Quantity": 15}, {"Index": 3, "Type": "cwc_minecraft_green_rn", "Quantity": 20}, {"Index": 4, "Type": "cwc_minecraft_blue_rn", "Quantity": 20}, {"Index": 5, "Type": "cwc_minecraft_purple_rn", "Quantity": 20}], "Pitch": 4.800059}, {"Timestamp": "2018-04-13 20:19:57", "Chat": ["<Builder> like a flag"], "ScreenshotPath": "277054-Builder-chat.png"}, {"BuilderGridAbsolute": [{"Y": 1, "X": 0, "Z": 0, "Type": "cwc_minecraft_yellow_rn"}, {"Y": 2, "X": 0, "Z": 0, "Type": "cwc_minecraft_yellow_rn"}, {"Y": 3, "X": 0, "Z": 0, "Type": "cwc_minecraft_yellow_rn"}, {"Y": 4, "X": -1, "Z": -2, "Type": "cwc_minecraft_red_rn"}, {"Y": 4, "X": -1, "Z": -1, "Type": "cwc_minecraft_red_rn"}, {"Y": 4, "X": 0, "Z": -1, "Type": "cwc_minecraft_red_rn"}, {"Y": 4, "X": 0, "Z": 0, "Type": "cwc_minecraft_yellow_rn"}, {"Y": 5, "X": -1, "Z": -2, "Type": "cwc_minecraft_red_rn"}, {"Y": 5, "X": -1, "Z": -1, "Type": "cwc_minecraft_red_rn"}, {"Y": 5, "X": 0, "Z": -1, "Type": "cwc_minecraft_red_rn"}, {"Y": 5, "X": 0, "Z": 0, "Type": "cwc_minecraft_yellow_rn"}], "XPos": 3.8795613303199583, "TimeAlive": 5671, "ZPos": -3.390652264099451, "Timestamp": "2018-04-13 20:19:57", "Yaw": 60.44993, "YPos": 3.158465138459836, "BuilderGridRelative": [{"Y": -2, "X": -3, "Z": 4, "Type": "cwc_minecraft_yellow_rn"}, {"Y": -1, "X": -3, "Z": 4, "Type": "cwc_minecraft_yellow_rn"}, {"Y": 0, "X": -3, "Z": 4, "Type": "cwc_minecraft_yellow_rn"}, {"Y": 1, "X": -4, "Z": 2, "Type": "cwc_minecraft_red_rn"}, {"Y": 1, "X": -4, "Z": 3, "Type": "cwc_minecraft_red_rn"}, {"Y": 1, "X": -3, "Z": 3, "Type": "cwc_minecraft_red_rn"}, {"Y": 1, "X": -3, "Z": 4, "Type": "cwc_minecraft_yellow_rn"}, {"Y": 2, "X": -4, "Z": 2, "Type": "cwc_minecraft_red_rn"}, {"Y": 2, "X": -4, "Z": 3, "Type": "cwc_minecraft_red_rn"}, {"Y": 2, "X": -3, "Z": 3, "Type": "cwc_minecraft_red_rn"}, {"Y": 2, "X": -3, "Z": 4, "Type": "cwc_minecraft_yellow_rn"}], "DistanceTravelled": 0, "BuilderInventory": [{"Index": 0, "Type": "cwc_minecraft_red_rn", "Quantity": 14}, {"Index": 1, "Type": "cwc_minecraft_orange_rn", "Quantity": 20}, {"Index": 2, "Type": "cwc_minecraft_yellow_rn", "Quantity": 15}, {"Index": 3, "Type": "cwc_minecraft_green_rn", "Quantity": 20}, {"Index": 4, "Type": "cwc_minecraft_blue_rn", "Quantity": 20}, {"Index": 5, "Type": "cwc_minecraft_purple_rn", "Quantity": 20}], "Pitch": 9.450059}, {"Timestamp": "2018-04-13 20:20:03", "Chat": ["<Builder> ish"], "ScreenshotPath": "283103-Builder-chat.png"}, {"BuilderGridAbsolute": [{"Y": 1, "X": 0, "Z": 0, "Type": "cwc_minecraft_yellow_rn"}, {"Y": 2, "X": 0, "Z": 0, "Type": "cwc_minecraft_yellow_rn"}, {"Y": 3, "X": 0, "Z": 0, "Type": "cwc_minecraft_yellow_rn"}, {"Y": 4, "X": -1, "Z": -2, "Type": "cwc_minecraft_red_rn"}, {"Y": 4, "X": -1, "Z": -1, "Type": "cwc_minecraft_red_rn"}, {"Y": 4, "X": 0, "Z": -1, "Type": "cwc_minecraft_red_rn"}, {"Y": 4, "X": 0, "Z": 0, "Type": "cwc_minecraft_yellow_rn"}, {"Y": 5, "X": -1, "Z": -2, "Type": "cwc_minecraft_red_rn"}, {"Y": 5, "X": -1, "Z": -1, "Type": "cwc_minecraft_red_rn"}, {"Y": 5, "X": 0, "Z": -1, "Type": "cwc_minecraft_red_rn"}, {"Y": 5, "X": 0, "Z": 0, "Type": "cwc_minecraft_yellow_rn"}], "XPos": 4.480191217694604, "TimeAlive": 5792, "ZPos": -2.5359197740286503, "Timestamp": "2018-04-13 20:20:03", "Yaw": 57.29994, "YPos": 5.401031248246869, "BuilderGridRelative": [{"Y": -4, "X": -4, "Z": 3, "Type": "cwc_minecraft_yellow_rn"}, {"Y": -3, "X": -4, "Z": 3, "Type": "cwc_minecraft_yellow_rn"}, {"Y": -2, "X": -4, "Z": 3, "Type": "cwc_minecraft_yellow_rn"}, {"Y": -1, "X": -5, "Z": 1, "Type": "cwc_minecraft_red_rn"}, {"Y": -1, "X": -5, "Z": 2, "Type": "cwc_minecraft_red_rn"}, {"Y": -1, "X": -4, "Z": 2, "Type": "cwc_minecraft_red_rn"}, {"Y": -1, "X": -4, "Z": 3, "Type": "cwc_minecraft_yellow_rn"}, {"Y": 0, "X": -5, "Z": 1, "Type": "cwc_minecraft_red_rn"}, {"Y": 0, "X": -5, "Z": 2, "Type": "cwc_minecraft_red_rn"}, {"Y": 0, "X": -4, "Z": 2, "Type": "cwc_minecraft_red_rn"}, {"Y": 0, "X": -4, "Z": 3, "Type": "cwc_minecraft_yellow_rn"}], "DistanceTravelled": 0, "BuilderInventory": [{"Index": 0, "Type": "cwc_minecraft_red_rn", "Quantity": 14}, {"Index": 1, "Type": "cwc_minecraft_orange_rn", "Quantity": 20}, {"Index": 2, "Type": "cwc_minecraft_yellow_rn", "Quantity": 15}, {"Index": 3, "Type": "cwc_minecraft_green_rn", "Quantity": 20}, {"Index": 4, "Type": "cwc_minecraft_blue_rn", "Quantity": 20}, {"Index": 5, "Type": "cwc_minecraft_purple_rn", "Quantity": 20}], "Pitch": 24.000053}, {"Timestamp": "2018-04-13 20:20:21", "Chat": ["<Architect> It does look like a flag. We are done with this building phase"], "ScreenshotPath": "300801-Builder-chat.png"}, {"BuilderGridAbsolute": [{"Y": 1, "X": 0, "Z": 0, "Type": "cwc_minecraft_yellow_rn"}, {"Y": 2, "X": 0, "Z": 0, "Type": "cwc_minecraft_yellow_rn"}, {"Y": 3, "X": 0, "Z": 0, "Type": "cwc_minecraft_yellow_rn"}, {"Y": 4, "X": -1, "Z": -2, "Type": "cwc_minecraft_red_rn"}, {"Y": 4, "X": -1, "Z": -1, "Type": "cwc_minecraft_red_rn"}, {"Y": 4, "X": 0, "Z": -1, "Type": "cwc_minecraft_red_rn"}, {"Y": 4, "X": 0, "Z": 0, "Type": "cwc_minecraft_yellow_rn"}, {"Y": 5, "X": -1, "Z": -2, "Type": "cwc_minecraft_red_rn"}, {"Y": 5, "X": -1, "Z": -1, "Type": "cwc_minecraft_red_rn"}, {"Y": 5, "X": 0, "Z": -1, "Type": "cwc_minecraft_red_rn"}, {"Y": 5, "X": 0, "Z": 0, "Type": "cwc_minecraft_yellow_rn"}], "XPos": 4.480191217694604, "TimeAlive": 6146, "ZPos": -2.5359197740286503, "Timestamp": "2018-04-13 20:20:21", "Yaw": 57.29994, "YPos": 5.401031248246869, "BuilderGridRelative": [{"Y": -4, "X": -4, "Z": 3, "Type": "cwc_minecraft_yellow_rn"}, {"Y": -3, "X": -4, "Z": 3, "Type": "cwc_minecraft_yellow_rn"}, {"Y": -2, "X": -4, "Z": 3, "Type": "cwc_minecraft_yellow_rn"}, {"Y": -1, "X": -5, "Z": 1, "Type": "cwc_minecraft_red_rn"}, {"Y": -1, "X": -5, "Z": 2, "Type": "cwc_minecraft_red_rn"}, {"Y": -1, "X": -4, "Z": 2, "Type": "cwc_minecraft_red_rn"}, {"Y": -1, "X": -4, "Z": 3, "Type": "cwc_minecraft_yellow_rn"}, {"Y": 0, "X": -5, "Z": 1, "Type": "cwc_minecraft_red_rn"}, {"Y": 0, "X": -5, "Z": 2, "Type": "cwc_minecraft_red_rn"}, {"Y": 0, "X": -4, "Z": 2, "Type": "cwc_minecraft_red_rn"}, {"Y": 0, "X": -4, "Z": 3, "Type": "cwc_minecraft_yellow_rn"}], "DistanceTravelled": 0, "BuilderInventory": [{"Index": 0, "Type": "cwc_minecraft_red_rn", "Quantity": 14}, {"Index": 1, "Type": "cwc_minecraft_orange_rn", "Quantity": 20}, {"Index": 2, "Type": "cwc_minecraft_yellow_rn", "Quantity": 15}, {"Index": 3, "Type": "cwc_minecraft_green_rn", "Quantity": 20}, {"Index": 4, "Type": "cwc_minecraft_blue_rn", "Quantity": 20}, {"Index": 5, "Type": "cwc_minecraft_purple_rn", "Quantity": 20}], "Pitch": 24.000053}], "NumFixedViewers": 4, "TimeElapsed": 316.9398310184479}