{"WorldStates": [{"BuilderPosition": {"Y": 1.0, "X": 0.0, "Yaw": 0.0, "Z": 0.0, "Pitch": 0.0}, "ChatHistory": ["<Builder> Mission has started."], "Timestamp": "2018-04-12 22:41:10", "BlocksInGrid": [], "ScreenshotPath": "0-Builder-chat.png", "BuilderInventory": [{"Index": 0, "Type": "cwc_minecraft_red_rn", "Quantity": 20}, {"Index": 1, "Type": "cwc_minecraft_orange_rn", "Quantity": 20}, {"Index": 2, "Type": "cwc_minecraft_yellow_rn", "Quantity": 20}, {"Index": 3, "Type": "cwc_minecraft_green_rn", "Quantity": 20}, {"Index": 4, "Type": "cwc_minecraft_blue_rn", "Quantity": 20}, {"Index": 5, "Type": "cwc_minecraft_purple_rn", "Quantity": 20}]}, {"BuilderPosition": {"Y": 1.0, "X": 0.21992984271013485, "Yaw": -2.2500079, "Z": -4.4142529493023, "Pitch": 25.350002}, "ChatHistory": ["<Builder> Mission has started.", "<Architect> hey"], "Timestamp": "2018-04-12 22:41:19", "BlocksInGrid": [], "ScreenshotPath": "8785-Builder-chat.png", "BuilderInventory": [{"Index": 0, "Type": "cwc_minecraft_red_rn", "Quantity": 20}, {"Index": 1, "Type": "cwc_minecraft_orange_rn", "Quantity": 20}, {"Index": 2, "Type": "cwc_minecraft_yellow_rn", "Quantity": 20}, {"Index": 3, "Type": "cwc_minecraft_green_rn", "Quantity": 20}, {"Index": 4, "Type": "cwc_minecraft_blue_rn", "Quantity": 20}, {"Index": 5, "Type": "cwc_minecraft_purple_rn", "Quantity": 20}]}, {"BuilderPosition": {"Y": 1.0, "X": 0.20456252849066006, "Yaw": -2.2500079, "Z": -5.270760192082266, "Pitch": 25.350002}, "ChatHistory": ["<Builder> Mission has started.", "<Architect> hey", "<Architect> we ready to build?"], "Timestamp": "2018-04-12 22:41:30", "BlocksInGrid": [], "ScreenshotPath": "20189-Builder-chat.png", "BuilderInventory": [{"Index": 0, "Type": "cwc_minecraft_red_rn", "Quantity": 20}, {"Index": 1, "Type": "cwc_minecraft_orange_rn", "Quantity": 20}, {"Index": 2, "Type": "cwc_minecraft_yellow_rn", "Quantity": 20}, {"Index": 3, "Type": "cwc_minecraft_green_rn", "Quantity": 20}, {"Index": 4, "Type": "cwc_minecraft_blue_rn", "Quantity": 20}, {"Index": 5, "Type": "cwc_minecraft_purple_rn", "Quantity": 20}]}, {"BuilderPosition": {"Y": 1.0, "X": 0.20456252849066006, "Yaw": -2.2500079, "Z": -5.270760192082266, "Pitch": 25.350002}, "ChatHistory": ["<Builder> Mission has started.", "<Architect> hey", "<Architect> we ready to build?", "<Builder> lets go"], "Timestamp": "2018-04-12 22:41:34", "BlocksInGrid": [], "ScreenshotPath": "24040-Builder-chat.png", "BuilderInventory": [{"Index": 0, "Type": "cwc_minecraft_red_rn", "Quantity": 20}, {"Index": 1, "Type": "cwc_minecraft_orange_rn", "Quantity": 20}, {"Index": 2, "Type": "cwc_minecraft_yellow_rn", "Quantity": 20}, {"Index": 3, "Type": "cwc_minecraft_green_rn", "Quantity": 20}, {"Index": 4, "Type": "cwc_minecraft_blue_rn", "Quantity": 20}, {"Index": 5, "Type": "cwc_minecraft_purple_rn", "Quantity": 20}]}, {"BuilderPosition": {"Y": 1.0, "X": 1.6990797402463311, "Yaw": -18.600006, "Z": -5.94238742713423, "Pitch": 28.950006}, "BuilderInventory": [{"Index": 0, "Type": "cwc_minecraft_red_rn", "Quantity": 20}, {"Index": 1, "Type": "cwc_minecraft_orange_rn", "Quantity": 20}, {"Index": 2, "Type": "cwc_minecraft_yellow_rn", "Quantity": 20}, {"Index": 3, "Type": "cwc_minecraft_green_rn", "Quantity": 20}, {"Index": 4, "Type": "cwc_minecraft_blue_rn", "Quantity": 20}, {"Index": 5, "Type": "cwc_minecraft_purple_rn", "Quantity": 20}], "ChatHistory": ["<Builder> Mission has started.", "<Architect> hey", "<Architect> we ready to build?", "<Builder> lets go", "<Architect> ok, first place down 2 red blocks towards the middle of the grid"], "Timestamp": "2018-04-12 22:41:56", "BlocksInGrid": [], "ScreenshotPath": "46199-Builder-chat.png"}, {"BuilderPosition": {"Y": 1.0, "X": 1.6383639466143602, "Yaw": 5.099994, "Z": -2.717561444774211, "Pitch": 53.55}, "ChatHistory": ["<Builder> Mission has started.", "<Architect> hey", "<Architect> we ready to build?", "<Builder> lets go", "<Architect> ok, first place down 2 red blocks towards the middle of the grid"], "Timestamp": "2018-04-12 22:42:03", "BlocksInGrid": [{"PerspectiveCoordinates": {"Y": 0.8011911722329136, "X": 0.0888941925613, "Z": 0.5917689820066968}, "AbsoluteCoordinates": {"Y": 1, "X": 1, "Z": -2}, "Type": "cwc_minecraft_red_rn"}], "ScreenshotPath": "53451-Builder-putdown.png", "BuilderInventory": [{"Index": 0, "Type": "cwc_minecraft_red_rn", "Quantity": 19}, {"Index": 1, "Type": "cwc_minecraft_orange_rn", "Quantity": 20}, {"Index": 2, "Type": "cwc_minecraft_yellow_rn", "Quantity": 20}, {"Index": 3, "Type": "cwc_minecraft_green_rn", "Quantity": 20}, {"Index": 4, "Type": "cwc_minecraft_blue_rn", "Quantity": 20}, {"Index": 5, "Type": "cwc_minecraft_purple_rn", "Quantity": 20}]}, {"BuilderPosition": {"Y": 1.0, "X": 1.0125879839355054, "Yaw": 5.099994, "Z": -2.7693437709967856, "Pitch": 53.55}, "ChatHistory": ["<Builder> Mission has started.", "<Architect> hey", "<Architect> we ready to build?", "<Builder> lets go", "<Architect> ok, first place down 2 red blocks towards the middle of the grid"], "Timestamp": "2018-04-12 22:42:05", "BlocksInGrid": [{"PerspectiveCoordinates": {"Y": 0.8726954948462229, "X": -0.9071468821587, "Z": 0.6445828941770313}, "AbsoluteCoordinates": {"Y": 1, "X": 0, "Z": -2}, "Type": "cwc_minecraft_red_rn"}, {"PerspectiveCoordinates": {"Y": 0.8011911722329136, "X": 0.0888941925613, "Z": 0.5917689820066968}, "AbsoluteCoordinates": {"Y": 1, "X": 1, "Z": -2}, "Type": "cwc_minecraft_red_rn"}], "ScreenshotPath": "54851-Builder-putdown.png", "BuilderInventory": [{"Index": 0, "Type": "cwc_minecraft_red_rn", "Quantity": 18}, {"Index": 1, "Type": "cwc_minecraft_orange_rn", "Quantity": 20}, {"Index": 2, "Type": "cwc_minecraft_yellow_rn", "Quantity": 20}, {"Index": 3, "Type": "cwc_minecraft_green_rn", "Quantity": 20}, {"Index": 4, "Type": "cwc_minecraft_blue_rn", "Quantity": 20}, {"Index": 5, "Type": "cwc_minecraft_purple_rn", "Quantity": 20}]}, {"BuilderPosition": {"Y": 1.0, "X": 1.5315269252034083, "Yaw": 2.3999941, "Z": -4.056006672883058, "Pitch": 29.999992}, "ChatHistory": ["<Builder> Mission has started.", "<Architect> hey", "<Architect> we ready to build?", "<Builder> lets go", "<Architect> ok, first place down 2 red blocks towards the middle of the grid", "<Architect> then put two more stacked on top of the left red"], "Timestamp": "2018-04-12 22:42:12", "BlocksInGrid": [{"PerspectiveCoordinates": {"Y": 1.5196216595336591, "X": -0.8734961818757, "Z": 2.632062771312892}, "AbsoluteCoordinates": {"Y": 1, "X": 0, "Z": -2}, "Type": "cwc_minecraft_red_rn"}, {"PerspectiveCoordinates": {"Y": 1.4986838891747005, "X": 0.1256266525353, "Z": 2.595797477560087}, "AbsoluteCoordinates": {"Y": 1, "X": 1, "Z": -2}, "Type": "cwc_minecraft_red_rn"}], "ScreenshotPath": "62322-Builder-chat.png", "BuilderInventory": [{"Index": 0, "Type": "cwc_minecraft_red_rn", "Quantity": 18}, {"Index": 1, "Type": "cwc_minecraft_orange_rn", "Quantity": 20}, {"Index": 2, "Type": "cwc_minecraft_yellow_rn", "Quantity": 20}, {"Index": 3, "Type": "cwc_minecraft_green_rn", "Quantity": 20}, {"Index": 4, "Type": "cwc_minecraft_blue_rn", "Quantity": 20}, {"Index": 5, "Type": "cwc_minecraft_purple_rn", "Quantity": 20}]}, {"BuilderPosition": {"Y": 1.0, "X": 1.5284640739420607, "Yaw": 0.29999423, "Z": -3.629168287830127, "Pitch": 15.749993}, "ChatHistory": ["<Builder> Mission has started.", "<Architect> hey", "<Architect> we ready to build?", "<Builder> lets go", "<Architect> ok, first place down 2 red blocks towards the middle of the grid", "<Architect> then put two more stacked on top of the left red"], "Timestamp": "2018-04-12 22:42:22", "BlocksInGrid": [{"PerspectiveCoordinates": {"Y": 0.5442944475976244, "X": -0.9895145665203999, "Z": 1.9299234381079917}, "AbsoluteCoordinates": {"Y": 1, "X": 0, "Z": -2}, "Type": "cwc_minecraft_red_rn"}, {"PerspectiveCoordinates": {"Y": 0.5428732231705827, "X": 0.0104717262546, "Z": 1.9248841540501338}, "AbsoluteCoordinates": {"Y": 1, "X": 1, "Z": -2}, "Type": "cwc_minecraft_red_rn"}, {"PerspectiveCoordinates": {"Y": 1.5053284927865827, "X": 0.0104717262546, "Z": 1.6534438217711338}, "AbsoluteCoordinates": {"Y": 2, "X": 1, "Z": -2}, "Type": "cwc_minecraft_red_rn"}], "ScreenshotPath": "71675-Builder-putdown.png", "BuilderInventory": [{"Index": 0, "Type": "cwc_minecraft_red_rn", "Quantity": 17}, {"Index": 1, "Type": "cwc_minecraft_orange_rn", "Quantity": 20}, {"Index": 2, "Type": "cwc_minecraft_yellow_rn", "Quantity": 20}, {"Index": 3, "Type": "cwc_minecraft_green_rn", "Quantity": 20}, {"Index": 4, "Type": "cwc_minecraft_blue_rn", "Quantity": 20}, {"Index": 5, "Type": "cwc_minecraft_purple_rn", "Quantity": 20}]}, {"BuilderPosition": {"Y": 2.73901678930444, "X": 1.5284640739420607, "Yaw": -1.5000056, "Z": -3.629168287830127, "Pitch": 30.899988}, "ChatHistory": ["<Builder> Mission has started.", "<Architect> hey", "<Architect> we ready to build?", "<Builder> lets go", "<Architect> ok, first place down 2 red blocks towards the middle of the grid", "<Architect> then put two more stacked on top of the left red"], "Timestamp": "2018-04-12 22:42:24", "BlocksInGrid": [{"PerspectiveCoordinates": {"Y": 0.15522218510387756, "X": -1.0520114144426, "Z": 2.2066214122788073}, "AbsoluteCoordinates": {"Y": 1, "X": 0, "Z": -2}, "Type": "cwc_minecraft_red_rn"}, {"PerspectiveCoordinates": {"Y": 0.16866517338411524, "X": -0.0523540920256, "Z": 2.2290830196133853}, "AbsoluteCoordinates": {"Y": 1, "X": 1, "Z": -2}, "Type": "cwc_minecraft_red_rn"}, {"PerspectiveCoordinates": {"Y": 1.026730186663115, "X": -0.0523540920256, "Z": 1.7155419472683853}, "AbsoluteCoordinates": {"Y": 2, "X": 1, "Z": -2}, "Type": "cwc_minecraft_red_rn"}, {"PerspectiveCoordinates": {"Y": 1.884795199942115, "X": -0.0523540920256, "Z": 1.2020008749233853}, "AbsoluteCoordinates": {"Y": 3, "X": 1, "Z": -2}, "Type": "cwc_minecraft_red_rn"}], "ScreenshotPath": "74426-Builder-putdown.png", "BuilderInventory": [{"Index": 0, "Type": "cwc_minecraft_red_rn", "Quantity": 16}, {"Index": 1, "Type": "cwc_minecraft_orange_rn", "Quantity": 20}, {"Index": 2, "Type": "cwc_minecraft_yellow_rn", "Quantity": 20}, {"Index": 3, "Type": "cwc_minecraft_green_rn", "Quantity": 20}, {"Index": 4, "Type": "cwc_minecraft_blue_rn", "Quantity": 20}, {"Index": 5, "Type": "cwc_minecraft_purple_rn", "Quantity": 20}]}, {"BuilderPosition": {"Y": 2.742931601724881, "X": 1.5195020444672733, "Yaw": 1.3499949, "Z": -5.805305519759776, "Pitch": 25.799986}, "ChatHistory": ["<Builder> Mission has started.", "<Architect> hey", "<Architect> we ready to build?", "<Builder> lets go", "<Architect> ok, first place down 2 red blocks towards the middle of the grid", "<Architect> then put two more stacked on top of the left red", "<Architect> then one behind the topmost red block"], "Timestamp": "2018-04-12 22:42:45", "BlocksInGrid": [{"PerspectiveCoordinates": {"Y": 0.8503753141091273, "X": -0.905483728929, "Z": 4.056718013590617}, "AbsoluteCoordinates": {"Y": 1, "X": 0, "Z": -2}, "Type": "cwc_minecraft_red_rn"}, {"PerspectiveCoordinates": {"Y": 0.8401214156724766, "X": 0.094238703386, "Z": 4.035506792672366}, "AbsoluteCoordinates": {"Y": 1, "X": 1, "Z": -2}, "Type": "cwc_minecraft_red_rn"}, {"PerspectiveCoordinates": {"Y": 1.7404402934214764, "X": 0.094238703386, "Z": 3.600275913289366}, "AbsoluteCoordinates": {"Y": 2, "X": 1, "Z": -2}, "Type": "cwc_minecraft_red_rn"}, {"PerspectiveCoordinates": {"Y": 2.6407591711704765, "X": 0.094238703386, "Z": 3.165045033906366}, "AbsoluteCoordinates": {"Y": 3, "X": 1, "Z": -2}, "Type": "cwc_minecraft_red_rn"}], "ScreenshotPath": "95233-Builder-chat.png", "BuilderInventory": [{"Index": 0, "Type": "cwc_minecraft_red_rn", "Quantity": 16}, {"Index": 1, "Type": "cwc_minecraft_orange_rn", "Quantity": 20}, {"Index": 2, "Type": "cwc_minecraft_yellow_rn", "Quantity": 20}, {"Index": 3, "Type": "cwc_minecraft_green_rn", "Quantity": 20}, {"Index": 4, "Type": "cwc_minecraft_blue_rn", "Quantity": 20}, {"Index": 5, "Type": "cwc_minecraft_purple_rn", "Quantity": 20}]}, {"BuilderPosition": {"Y": 2.742931601724881, "X": 4.213674293760288, "Yaw": 36.149994, "Z": -3.6044951101369413, "Pitch": 27.449986}, "ChatHistory": ["<Builder> Mission has started.", "<Architect> hey", "<Architect> we ready to build?", "<Builder> lets go", "<Architect> ok, first place down 2 red blocks towards the middle of the grid", "<Architect> then put two more stacked on top of the left red", "<Architect> then one behind the topmost red block", "<Architect> a yellow block*"], "Timestamp": "2018-04-12 22:42:54", "BlocksInGrid": [{"PerspectiveCoordinates": {"Y": 0.9447538347498945, "X": -2.0500995639440003, "Z": 3.9880486418364502}, "AbsoluteCoordinates": {"Y": 1, "X": 0, "Z": -2}, "Type": "cwc_minecraft_red_rn"}, {"PerspectiveCoordinates": {"Y": 0.6728246478293328, "X": -1.242624096685, "Z": 3.464562360186241}, "AbsoluteCoordinates": {"Y": 1, "X": 1, "Z": -2}, "Type": "cwc_minecraft_red_rn"}, {"PerspectiveCoordinates": {"Y": 1.5602382075263328, "X": -1.242624096685, "Z": 3.0035882024872413}, "AbsoluteCoordinates": {"Y": 2, "X": 1, "Z": -2}, "Type": "cwc_minecraft_red_rn"}, {"PerspectiveCoordinates": {"Y": 2.447651767223333, "X": -1.242624096685, "Z": 2.542614044788241}, "AbsoluteCoordinates": {"Y": 3, "X": 1, "Z": -2}, "Type": "cwc_minecraft_red_rn"}], "ScreenshotPath": "102136-Builder-chat.png", "BuilderInventory": [{"Index": 0, "Type": "cwc_minecraft_red_rn", "Quantity": 16}, {"Index": 1, "Type": "cwc_minecraft_orange_rn", "Quantity": 20}, {"Index": 2, "Type": "cwc_minecraft_yellow_rn", "Quantity": 20}, {"Index": 3, "Type": "cwc_minecraft_green_rn", "Quantity": 20}, {"Index": 4, "Type": "cwc_minecraft_blue_rn", "Quantity": 20}, {"Index": 5, "Type": "cwc_minecraft_purple_rn", "Quantity": 20}]}, {"BuilderPosition": {"Y": 2.742931601724881, "X": 2.1010018255775287, "Yaw": 149.55008, "Z": 0.33505380526368567, "Pitch": 33.29999}, "ChatHistory": ["<Builder> Mission has started.", "<Architect> hey", "<Architect> we ready to build?", "<Builder> lets go", "<Architect> ok, first place down 2 red blocks towards the middle of the grid", "<Architect> then put two more stacked on top of the left red", "<Architect> then one behind the topmost red block", "<Architect> a yellow block*"], "Timestamp": "2018-04-12 22:43:00", "BlocksInGrid": [{"PerspectiveCoordinates": {"Y": 0.6672601514760125, "X": 0.7105747957040001, "Z": 2.8372252906597133}, "AbsoluteCoordinates": {"Y": 1, "X": 0, "Z": -2}, "Type": "cwc_minecraft_red_rn"}, {"PerspectiveCoordinates": {"Y": 0.3890236675792478, "X": -0.15149765497899992, "Z": 2.4136505643106285}, "AbsoluteCoordinates": {"Y": 1, "X": 1, "Z": -2}, "Type": "cwc_minecraft_red_rn"}, {"PerspectiveCoordinates": {"Y": 1.2248311247702477, "X": -0.15149765497899992, "Z": 1.8646278921886286}, "AbsoluteCoordinates": {"Y": 2, "X": 1, "Z": -2}, "Type": "cwc_minecraft_red_rn"}, {"PerspectiveCoordinates": {"Y": 2.0606385819612476, "X": -0.15149765497899992, "Z": 1.3156052200666286}, "AbsoluteCoordinates": {"Y": 3, "X": 1, "Z": -2}, "Type": "cwc_minecraft_red_rn"}, {"PerspectiveCoordinates": {"Y": 1.5873412615245062, "X": 0.35528739785200003, "Z": 0.5950786371468568}, "AbsoluteCoordinates": {"Y": 3, "X": 1, "Z": -1}, "Type": "cwc_minecraft_yellow_rn"}], "ScreenshotPath": "110189-Builder-putdown.png", "BuilderInventory": [{"Index": 0, "Type": "cwc_minecraft_red_rn", "Quantity": 16}, {"Index": 1, "Type": "cwc_minecraft_orange_rn", "Quantity": 20}, {"Index": 2, "Type": "cwc_minecraft_yellow_rn", "Quantity": 19}, {"Index": 3, "Type": "cwc_minecraft_green_rn", "Quantity": 20}, {"Index": 4, "Type": "cwc_minecraft_blue_rn", "Quantity": 20}, {"Index": 5, "Type": "cwc_minecraft_purple_rn", "Quantity": 20}]}, {"BuilderPosition": null, "Timestamp": "2018-04-12 22:43:06", "BlocksInGrid": [], "ScreenshotPath": "115641-Builder-chat.png", "ChatHistory": ["<Builder> Mission has started.", "<Architect> hey", "<Architect> we ready to build?", "<Builder> lets go", "<Architect> ok, first place down 2 red blocks towards the middle of the grid", "<Architect> then put two more stacked on top of the left red", "<Architect> then one behind the topmost red block", "<Architect> a yellow block*", "<Builder> like that?"], "BuilderInventory": null}, {"BuilderPosition": {"Y": 2.742931601724881, "X": 2.1010018255775287, "Yaw": 149.55008, "Z": 0.32865591859422805, "Pitch": 33.29999}, "Timestamp": "2018-04-12 22:43:06", "BlocksInGrid": [{"PerspectiveCoordinates": {"Y": 0.6672601514760125, "X": 0.7105747957040001, "Z": 2.8372252906597133}, "AbsoluteCoordinates": {"Y": 1, "X": 0, "Z": -2}, "Type": "cwc_minecraft_red_rn"}, {"PerspectiveCoordinates": {"Y": 0.3890236675792478, "X": -0.15149765497899992, "Z": 2.4136505643106285}, "AbsoluteCoordinates": {"Y": 1, "X": 1, "Z": -2}, "Type": "cwc_minecraft_red_rn"}, {"PerspectiveCoordinates": {"Y": 1.2248311247702477, "X": -0.15149765497899992, "Z": 1.8646278921886286}, "AbsoluteCoordinates": {"Y": 2, "X": 1, "Z": -2}, "Type": "cwc_minecraft_red_rn"}, {"PerspectiveCoordinates": {"Y": 2.0606385819612476, "X": -0.15149765497899992, "Z": 1.3156052200666286}, "AbsoluteCoordinates": {"Y": 3, "X": 1, "Z": -2}, "Type": "cwc_minecraft_red_rn"}, {"PerspectiveCoordinates": {"Y": 1.5873412615245062, "X": 0.35528739785200003, "Z": 0.5950786371468568}, "AbsoluteCoordinates": {"Y": 3, "X": 1, "Z": -1}, "Type": "cwc_minecraft_yellow_rn"}], "ScreenshotPath": "116041-Builder-chat.png", "ChatHistory": ["<Builder> Mission has started.", "<Architect> hey", "<Architect> we ready to build?", "<Builder> lets go", "<Architect> ok, first place down 2 red blocks towards the middle of the grid", "<Architect> then put two more stacked on top of the left red", "<Architect> then one behind the topmost red block", "<Architect> a yellow block*", "<Builder> like that?", "<Architect> and then a yellow block to the left of that one"], "BuilderInventory": [{"Index": 0, "Type": "cwc_minecraft_red_rn", "Quantity": 16}, {"Index": 1, "Type": "cwc_minecraft_orange_rn", "Quantity": 20}, {"Index": 2, "Type": "cwc_minecraft_yellow_rn", "Quantity": 19}, {"Index": 3, "Type": "cwc_minecraft_green_rn", "Quantity": 20}, {"Index": 4, "Type": "cwc_minecraft_blue_rn", "Quantity": 20}, {"Index": 5, "Type": "cwc_minecraft_purple_rn", "Quantity": 20}]}, {"BuilderPosition": {"Y": 2.742931601724881, "X": 2.1010018255775287, "Yaw": 149.55008, "Z": 0.32865591859422805, "Pitch": 33.29999}, "Timestamp": "2018-04-12 22:43:06", "BlocksInGrid": [{"PerspectiveCoordinates": {"Y": 0.6672601514760125, "X": 0.7105747957040001, "Z": 2.8372252906597133}, "AbsoluteCoordinates": {"Y": 1, "X": 0, "Z": -2}, "Type": "cwc_minecraft_red_rn"}, {"PerspectiveCoordinates": {"Y": 0.3890236675792478, "X": -0.15149765497899992, "Z": 2.4136505643106285}, "AbsoluteCoordinates": {"Y": 1, "X": 1, "Z": -2}, "Type": "cwc_minecraft_red_rn"}, {"PerspectiveCoordinates": {"Y": 1.2248311247702477, "X": -0.15149765497899992, "Z": 1.8646278921886286}, "AbsoluteCoordinates": {"Y": 2, "X": 1, "Z": -2}, "Type": "cwc_minecraft_red_rn"}, {"PerspectiveCoordinates": {"Y": 2.0606385819612476, "X": -0.15149765497899992, "Z": 1.3156052200666286}, "AbsoluteCoordinates": {"Y": 3, "X": 1, "Z": -2}, "Type": "cwc_minecraft_red_rn"}, {"PerspectiveCoordinates": {"Y": 1.5873412615245062, "X": 0.35528739785200003, "Z": 0.5950786371468568}, "AbsoluteCoordinates": {"Y": 3, "X": 1, "Z": -1}, "Type": "cwc_minecraft_yellow_rn"}], "ScreenshotPath": null, "ChatHistory": ["<Builder> Mission has started.", "<Architect> hey", "<Architect> we ready to build?", "<Builder> lets go", "<Architect> ok, first place down 2 red blocks towards the middle of the grid", "<Architect> then put two more stacked on top of the left red", "<Architect> then one behind the topmost red block", "<Architect> a yellow block*", "<Builder> like that?", "<Architect> and then a yellow block to the left of that one"], "BuilderInventory": [{"Index": 0, "Type": "cwc_minecraft_red_rn", "Quantity": 16}, {"Index": 1, "Type": "cwc_minecraft_orange_rn", "Quantity": 20}, {"Index": 2, "Type": "cwc_minecraft_yellow_rn", "Quantity": 19}, {"Index": 3, "Type": "cwc_minecraft_green_rn", "Quantity": 20}, {"Index": 4, "Type": "cwc_minecraft_blue_rn", "Quantity": 20}, {"Index": 5, "Type": "cwc_minecraft_purple_rn", "Quantity": 20}]}, {"BuilderPosition": {"Y": 2.742931601724881, "X": 0.3616806692069163, "Yaw": 193.05006, "Z": 0.8816367218792616, "Pitch": 38.699993}, "ChatHistory": ["<Builder> Mission has started.", "<Architect> hey", "<Architect> we ready to build?", "<Builder> lets go", "<Architect> ok, first place down 2 red blocks towards the middle of the grid", "<Architect> then put two more stacked on top of the left red", "<Architect> then one behind the topmost red block", "<Architect> a yellow block*", "<Builder> like that?", "<Architect> and then a yellow block to the left of that one"], "Timestamp": "2018-04-12 22:43:14", "BlocksInGrid": [{"PerspectiveCoordinates": {"Y": 0.43775854721649204, "X": 0.451604574042, "Z": 2.1457914071603623}, "AbsoluteCoordinates": {"Y": 1, "X": 0, "Z": -2}, "Type": "cwc_minecraft_red_rn"}, {"PerspectiveCoordinates": {"Y": 0.5789397474304494, "X": -0.522568576469, "Z": 2.3220143952465984}, "AbsoluteCoordinates": {"Y": 1, "X": 1, "Z": -2}, "Type": "cwc_minecraft_red_rn"}, {"PerspectiveCoordinates": {"Y": 1.218189030942492, "X": 0.451604574042, "Z": 1.5205488461723622}, "AbsoluteCoordinates": {"Y": 2, "X": 0, "Z": -2}, "Type": "cwc_minecraft_yellow_rn"}, {"PerspectiveCoordinates": {"Y": 1.3593702311564495, "X": -0.522568576469, "Z": 1.6967718342585982}, "AbsoluteCoordinates": {"Y": 2, "X": 1, "Z": -2}, "Type": "cwc_minecraft_red_rn"}, {"PerspectiveCoordinates": {"Y": 2.1398007148824494, "X": -0.522568576469, "Z": 1.071529273270598}, "AbsoluteCoordinates": {"Y": 3, "X": 1, "Z": -2}, "Type": "cwc_minecraft_red_rn"}, {"PerspectiveCoordinates": {"Y": 1.5307061994112034, "X": -0.7483708634899999, "Z": 0.31125485018441723}, "AbsoluteCoordinates": {"Y": 3, "X": 1, "Z": -1}, "Type": "cwc_minecraft_yellow_rn"}], "ScreenshotPath": "123594-Builder-putdown.png", "BuilderInventory": [{"Index": 0, "Type": "cwc_minecraft_red_rn", "Quantity": 16}, {"Index": 1, "Type": "cwc_minecraft_orange_rn", "Quantity": 20}, {"Index": 2, "Type": "cwc_minecraft_yellow_rn", "Quantity": 18}, {"Index": 3, "Type": "cwc_minecraft_green_rn", "Quantity": 20}, {"Index": 4, "Type": "cwc_minecraft_blue_rn", "Quantity": 20}, {"Index": 5, "Type": "cwc_minecraft_purple_rn", "Quantity": 20}]}, {"BuilderPosition": {"Y": 2.742931601724881, "X": 0.3616806692069163, "Yaw": 190.50009, "Z": 0.8715873362061012, "Pitch": 37.949986}, "BuilderInventory": [{"Index": 0, "Type": "cwc_minecraft_red_rn", "Quantity": 16}, {"Index": 1, "Type": "cwc_minecraft_orange_rn", "Quantity": 20}, {"Index": 2, "Type": "cwc_minecraft_yellow_rn", "Quantity": 19}, {"Index": 3, "Type": "cwc_minecraft_green_rn", "Quantity": 20}, {"Index": 4, "Type": "cwc_minecraft_blue_rn", "Quantity": 20}, {"Index": 5, "Type": "cwc_minecraft_purple_rn", "Quantity": 20}], "ChatHistory": ["<Builder> Mission has started.", "<Architect> hey", "<Architect> we ready to build?", "<Builder> lets go", "<Architect> ok, first place down 2 red blocks towards the middle of the grid", "<Architect> then put two more stacked on top of the left red", "<Architect> then one behind the topmost red block", "<Architect> a yellow block*", "<Builder> like that?", "<Architect> and then a yellow block to the left of that one"], "Timestamp": "2018-04-12 22:43:14", "BlocksInGrid": [{"PerspectiveCoordinates": {"Y": 0.4208029644116611, "X": 0.36447413997, "Z": 2.165660053294734}, "AbsoluteCoordinates": {"Y": 1, "X": 0, "Z": -2}, "Type": "cwc_minecraft_red_rn"}, {"PerspectiveCoordinates": {"Y": 0.5328739111554791, "X": -0.618780481338, "Z": 2.309362706619794}, "AbsoluteCoordinates": {"Y": 1, "X": 1, "Z": -2}, "Type": "cwc_minecraft_red_rn"}, {"PerspectiveCoordinates": {"Y": 1.3214217808994793, "X": -0.618780481338, "Z": 1.6943893274217938}, "AbsoluteCoordinates": {"Y": 2, "X": 1, "Z": -2}, "Type": "cwc_minecraft_red_rn"}, {"PerspectiveCoordinates": {"Y": 2.109969650643479, "X": -0.618780481338, "Z": 1.079415948223794}, "AbsoluteCoordinates": {"Y": 3, "X": 1, "Z": -2}, "Type": "cwc_minecraft_red_rn"}, {"PerspectiveCoordinates": {"Y": 1.5052942335656485, "X": -0.801017551323, "Z": 0.3040726111754269}, "AbsoluteCoordinates": {"Y": 3, "X": 1, "Z": -1}, "Type": "cwc_minecraft_yellow_rn"}], "ScreenshotPath": "124745-Builder-pickup.png"}, {"BuilderPosition": {"Y": 2.742931601724881, "X": 0.3616806692069163, "Yaw": 204.75008, "Z": 0.8715873362061012, "Pitch": 27.599985}, "ChatHistory": ["<Builder> Mission has started.", "<Architect> hey", "<Architect> we ready to build?", "<Builder> lets go", "<Architect> ok, first place down 2 red blocks towards the middle of the grid", "<Architect> then put two more stacked on top of the left red", "<Architect> then one behind the topmost red block", "<Architect> a yellow block*", "<Builder> like that?", "<Architect> and then a yellow block to the left of that one"], "Timestamp": "2018-04-12 22:43:16", "BlocksInGrid": [{"PerspectiveCoordinates": {"Y": -0.04472640005452132, "X": 0.837322011088, "Z": 2.0728944495285475}, "AbsoluteCoordinates": {"Y": 1, "X": 0, "Z": -2}, "Type": "cwc_minecraft_red_rn"}, {"PerspectiveCoordinates": {"Y": 0.1492374867406636, "X": -0.07082057817700005, "Z": 2.443913381905902}, "AbsoluteCoordinates": {"Y": 1, "X": 1, "Z": -2}, "Type": "cwc_minecraft_red_rn"}, {"PerspectiveCoordinates": {"Y": 1.0354411872626637, "X": -0.07082057817700005, "Z": 1.9806175787939018}, "AbsoluteCoordinates": {"Y": 2, "X": 1, "Z": -2}, "Type": "cwc_minecraft_red_rn"}, {"PerspectiveCoordinates": {"Y": 1.9216448877846637, "X": -0.07082057817700005, "Z": 1.5173217756819017}, "AbsoluteCoordinates": {"Y": 3, "X": 1, "Z": -2}, "Type": "cwc_minecraft_red_rn"}, {"PerspectiveCoordinates": {"Y": 1.3069423507557394, "X": 0.418661005544, "Z": 0.3415035200962737}, "AbsoluteCoordinates": {"Y": 3, "X": 0, "Z": -1}, "Type": "cwc_minecraft_yellow_rn"}, {"PerspectiveCoordinates": {"Y": 1.5009062375509243, "X": -0.48948158372100004, "Z": 0.7125224524736281}, "AbsoluteCoordinates": {"Y": 3, "X": 1, "Z": -1}, "Type": "cwc_minecraft_yellow_rn"}], "ScreenshotPath": "125996-Builder-putdown.png", "BuilderInventory": [{"Index": 0, "Type": "cwc_minecraft_red_rn", "Quantity": 16}, {"Index": 1, "Type": "cwc_minecraft_orange_rn", "Quantity": 20}, {"Index": 2, "Type": "cwc_minecraft_yellow_rn", "Quantity": 18}, {"Index": 3, "Type": "cwc_minecraft_green_rn", "Quantity": 20}, {"Index": 4, "Type": "cwc_minecraft_blue_rn", "Quantity": 20}, {"Index": 5, "Type": "cwc_minecraft_purple_rn", "Quantity": 20}]}, {"BuilderPosition": {"Y": 2.742931601724881, "X": -0.5177281030436346, "Yaw": 201.00012, "Z": 2.816497521281064, "Pitch": 26.849989}, "ChatHistory": ["<Builder> Mission has started.", "<Architect> hey", "<Architect> we ready to build?", "<Builder> lets go", "<Architect> ok, first place down 2 red blocks towards the middle of the grid", "<Architect> then put two more stacked on top of the left red", "<Architect> then one behind the topmost red block", "<Architect> a yellow block*", "<Builder> like that?", "<Architect> and then a yellow block to the left of that one", "<Architect> and then two below that one"], "Timestamp": "2018-04-12 22:43:20", "BlocksInGrid": [{"PerspectiveCoordinates": {"Y": 0.9562957801335483, "X": 0.49989994339300003, "Z": 4.1031205718935855}, "AbsoluteCoordinates": {"Y": 1, "X": 0, "Z": -2}, "Type": "cwc_minecraft_red_rn"}, {"PerspectiveCoordinates": {"Y": 1.118155742913412, "X": -0.43367973253799996, "Z": 4.422855370027123}, "AbsoluteCoordinates": {"Y": 1, "X": 1, "Z": -2}, "Type": "cwc_minecraft_red_rn"}, {"PerspectiveCoordinates": {"Y": 2.010347843375412, "X": -0.43367973253799996, "Z": 3.971199244337123}, "AbsoluteCoordinates": {"Y": 2, "X": 1, "Z": -2}, "Type": "cwc_minecraft_red_rn"}, {"PerspectiveCoordinates": {"Y": 2.9025399438374118, "X": -0.43367973253799996, "Z": 3.519543118647123}, "AbsoluteCoordinates": {"Y": 3, "X": 1, "Z": -2}, "Type": "cwc_minecraft_red_rn"}, {"PerspectiveCoordinates": {"Y": 2.319023001603627, "X": 0.14153003856200003, "Z": 2.3668759084960733}, "AbsoluteCoordinates": {"Y": 3, "X": 0, "Z": -1}, "Type": "cwc_minecraft_yellow_rn"}, {"PerspectiveCoordinates": {"Y": 2.4808829643834907, "X": -0.792049637369, "Z": 2.6866107066296103}, "AbsoluteCoordinates": {"Y": 3, "X": 1, "Z": -1}, "Type": "cwc_minecraft_yellow_rn"}], "ScreenshotPath": "130598-Builder-chat.png", "BuilderInventory": [{"Index": 0, "Type": "cwc_minecraft_red_rn", "Quantity": 16}, {"Index": 1, "Type": "cwc_minecraft_orange_rn", "Quantity": 20}, {"Index": 2, "Type": "cwc_minecraft_yellow_rn", "Quantity": 18}, {"Index": 3, "Type": "cwc_minecraft_green_rn", "Quantity": 20}, {"Index": 4, "Type": "cwc_minecraft_blue_rn", "Quantity": 20}, {"Index": 5, "Type": "cwc_minecraft_purple_rn", "Quantity": 20}]}, {"BuilderPosition": {"Y": 1.2502842294140055, "X": -0.281273275506799, "Yaw": 197.55019, "Z": 2.100834852313456, "Pitch": -3.3000128}, "BuilderInventory": [{"Index": 0, "Type": "cwc_minecraft_red_rn", "Quantity": 16}, {"Index": 1, "Type": "cwc_minecraft_orange_rn", "Quantity": 20}, {"Index": 2, "Type": "cwc_minecraft_yellow_rn", "Quantity": 17}, {"Index": 3, "Type": "cwc_minecraft_green_rn", "Quantity": 20}, {"Index": 4, "Type": "cwc_minecraft_blue_rn", "Quantity": 20}, {"Index": 5, "Type": "cwc_minecraft_purple_rn", "Quantity": 20}], "ChatHistory": ["<Builder> Mission has started.", "<Architect> hey", "<Architect> we ready to build?", "<Builder> lets go", "<Architect> ok, first place down 2 red blocks towards the middle of the grid", "<Architect> then put two more stacked on top of the left red", "<Architect> then one behind the topmost red block", "<Architect> a yellow block*", "<Builder> like that?", "<Architect> and then a yellow block to the left of that one", "<Architect> and then two below that one"], "Timestamp": "2018-04-12 22:43:27", "BlocksInGrid": [{"PerspectiveCoordinates": {"Y": -0.23689725559177488, "X": 0.2527113144919999, "Z": 4.108529746980271}, "AbsoluteCoordinates": {"Y": 1, "X": 0, "Z": -2}, "Type": "cwc_minecraft_red_rn"}, {"PerspectiveCoordinates": {"Y": -0.25425524410494926, "X": -0.7007418578840001, "Z": 4.409570854341226}, "AbsoluteCoordinates": {"Y": 1, "X": 1, "Z": -2}, "Type": "cwc_minecraft_red_rn"}, {"PerspectiveCoordinates": {"Y": 0.7440865596490507, "X": -0.7007418578840001, "Z": 4.467135104332526}, "AbsoluteCoordinates": {"Y": 2, "X": 1, "Z": -2}, "Type": "cwc_minecraft_red_rn"}, {"PerspectiveCoordinates": {"Y": 0.8163293649318751, "X": -0.04882980722500008, "Z": 3.2142218370667424}, "AbsoluteCoordinates": {"Y": 2, "X": 0, "Z": -1}, "Type": "cwc_minecraft_yellow_rn"}, {"PerspectiveCoordinates": {"Y": 1.7424283634030506, "X": -0.7007418578840001, "Z": 4.524699354323825}, "AbsoluteCoordinates": {"Y": 3, "X": 1, "Z": -2}, "Type": "cwc_minecraft_red_rn"}, {"PerspectiveCoordinates": {"Y": 1.8146711686858752, "X": -0.04882980722500008, "Z": 3.271786087058042}, "AbsoluteCoordinates": {"Y": 3, "X": 0, "Z": -1}, "Type": "cwc_minecraft_yellow_rn"}, {"PerspectiveCoordinates": {"Y": 1.7973131801727007, "X": -1.002282979601, "Z": 3.572827194418996}, "AbsoluteCoordinates": {"Y": 3, "X": 1, "Z": -1}, "Type": "cwc_minecraft_yellow_rn"}], "ScreenshotPath": "137699-Builder-putdown.png"}, {"BuilderPosition": {"Y": 1.2502842294140055, "X": -0.32535028021482054, "Yaw": 199.2002, "Z": 2.275829083968514, "Pitch": 40.949974}, "BuilderInventory": [{"Index": 0, "Type": "cwc_minecraft_red_rn", "Quantity": 16}, {"Index": 1, "Type": "cwc_minecraft_orange_rn", "Quantity": 20}, {"Index": 2, "Type": "cwc_minecraft_yellow_rn", "Quantity": 16}, {"Index": 3, "Type": "cwc_minecraft_green_rn", "Quantity": 20}, {"Index": 4, "Type": "cwc_minecraft_blue_rn", "Quantity": 20}, {"Index": 5, "Type": "cwc_minecraft_purple_rn", "Quantity": 20}], "ChatHistory": ["<Builder> Mission has started.", "<Architect> hey", "<Architect> we ready to build?", "<Builder> lets go", "<Architect> ok, first place down 2 red blocks towards the middle of the grid", "<Architect> then put two more stacked on top of the left red", "<Architect> then one behind the topmost red block", "<Architect> a yellow block*", "<Builder> like that?", "<Architect> and then a yellow block to the left of that one", "<Architect> and then two below that one"], "Timestamp": "2018-04-12 22:43:30", "BlocksInGrid": [{"PerspectiveCoordinates": {"Y": 2.6913147379268443, "X": 0.3711045506569999, "Z": 3.101468425425748}, "AbsoluteCoordinates": {"Y": 1, "X": 0, "Z": -2}, "Type": "cwc_minecraft_red_rn"}, {"PerspectiveCoordinates": {"Y": 2.9068560422133483, "X": -0.5732706716140001, "Z": 3.3498580099656166}, "AbsoluteCoordinates": {"Y": 1, "X": 1, "Z": -2}, "Type": "cwc_minecraft_red_rn"}, {"PerspectiveCoordinates": {"Y": 1.4534280211066741, "X": -0.28663533580700007, "Z": 1.6749290049828083}, "AbsoluteCoordinates": {"Y": 1, "X": 0, "Z": 0}, "Type": "cwc_minecraft_yellow_rn"}, {"PerspectiveCoordinates": {"Y": 3.6621381519093483, "X": -0.5732706716140001, "Z": 2.6944581817896167}, "AbsoluteCoordinates": {"Y": 2, "X": 1, "Z": -2}, "Type": "cwc_minecraft_red_rn"}, {"PerspectiveCoordinates": {"Y": 2.827653489212759, "X": 0.042234607424999904, "Z": 1.732798887028278}, "AbsoluteCoordinates": {"Y": 2, "X": 0, "Z": -1}, "Type": "cwc_minecraft_yellow_rn"}, {"PerspectiveCoordinates": {"Y": 4.417420261605348, "X": -0.5732706716140001, "Z": 2.039058353613617}, "AbsoluteCoordinates": {"Y": 3, "X": 1, "Z": -2}, "Type": "cwc_minecraft_red_rn"}, {"PerspectiveCoordinates": {"Y": 3.582935598908759, "X": 0.042234607424999904, "Z": 1.0773990588522782}, "AbsoluteCoordinates": {"Y": 3, "X": 0, "Z": -1}, "Type": "cwc_minecraft_yellow_rn"}, {"PerspectiveCoordinates": {"Y": 3.798476903195263, "X": -0.902140614846, "Z": 1.3257886433921469}, "AbsoluteCoordinates": {"Y": 3, "X": 1, "Z": -1}, "Type": "cwc_minecraft_yellow_rn"}], "ScreenshotPath": "140502-Builder-putdown.png"}, {"BuilderPosition": {"Y": 1.2502842294140055, "X": -0.32535028021482054, "Yaw": 199.2002, "Z": 2.275829083968514, "Pitch": 38.39998}, "BuilderInventory": [{"Index": 0, "Type": "cwc_minecraft_red_rn", "Quantity": 16}, {"Index": 1, "Type": "cwc_minecraft_orange_rn", "Quantity": 20}, {"Index": 2, "Type": "cwc_minecraft_yellow_rn", "Quantity": 17}, {"Index": 3, "Type": "cwc_minecraft_green_rn", "Quantity": 20}, {"Index": 4, "Type": "cwc_minecraft_blue_rn", "Quantity": 20}, {"Index": 5, "Type": "cwc_minecraft_purple_rn", "Quantity": 20}], "ChatHistory": ["<Builder> Mission has started.", "<Architect> hey", "<Architect> we ready to build?", "<Builder> lets go", "<Architect> ok, first place down 2 red blocks towards the middle of the grid", "<Architect> then put two more stacked on top of the left red", "<Architect> then one behind the topmost red block", "<Architect> a yellow block*", "<Builder> like that?", "<Architect> and then a yellow block to the left of that one", "<Architect> and then two below that one"], "Timestamp": "2018-04-12 22:43:31", "BlocksInGrid": [{"PerspectiveCoordinates": {"Y": 2.550662004152602, "X": 0.3711045506569999, "Z": 3.2181368449878005}, "AbsoluteCoordinates": {"Y": 1, "X": 0, "Z": -2}, "Type": "cwc_minecraft_red_rn"}, {"PerspectiveCoordinates": {"Y": 2.754938749425649, "X": -0.5732706716140001, "Z": 3.475870139115802}, "AbsoluteCoordinates": {"Y": 1, "X": 1, "Z": -2}, "Type": "cwc_minecraft_red_rn"}, {"PerspectiveCoordinates": {"Y": 3.538632423572649, "X": -0.5732706716140001, "Z": 2.854722632397802}, "AbsoluteCoordinates": {"Y": 2, "X": 1, "Z": -2}, "Type": "cwc_minecraft_red_rn"}, {"PerspectiveCoordinates": {"Y": 2.7477593635797133, "X": 0.042234607424999904, "Z": 1.8568884505548506}, "AbsoluteCoordinates": {"Y": 2, "X": 0, "Z": -1}, "Type": "cwc_minecraft_yellow_rn"}, {"PerspectiveCoordinates": {"Y": 4.322326097719649, "X": -0.5732706716140001, "Z": 2.233575125679802}, "AbsoluteCoordinates": {"Y": 3, "X": 1, "Z": -2}, "Type": "cwc_minecraft_red_rn"}, {"PerspectiveCoordinates": {"Y": 3.5314530377267133, "X": 0.042234607424999904, "Z": 1.2357409438368505}, "AbsoluteCoordinates": {"Y": 3, "X": 0, "Z": -1}, "Type": "cwc_minecraft_yellow_rn"}, {"PerspectiveCoordinates": {"Y": 3.73572978299976, "X": -0.902140614846, "Z": 1.493474237964852}, "AbsoluteCoordinates": {"Y": 3, "X": 1, "Z": -1}, "Type": "cwc_minecraft_yellow_rn"}], "ScreenshotPath": "141501-Builder-pickup.png"}, {"BuilderPosition": {"Y": 1.2502842294140055, "X": -0.20404821293800007, "Yaw": 199.2002, "Z": 1.9274697738916564, "Pitch": 38.39998}, "BuilderInventory": [{"Index": 0, "Type": "cwc_minecraft_red_rn", "Quantity": 16}, {"Index": 1, "Type": "cwc_minecraft_orange_rn", "Quantity": 20}, {"Index": 2, "Type": "cwc_minecraft_yellow_rn", "Quantity": 16}, {"Index": 3, "Type": "cwc_minecraft_green_rn", "Quantity": 20}, {"Index": 4, "Type": "cwc_minecraft_blue_rn", "Quantity": 20}, {"Index": 5, "Type": "cwc_minecraft_purple_rn", "Quantity": 20}], "ChatHistory": ["<Builder> Mission has started.", "<Architect> hey", "<Architect> we ready to build?", "<Builder> lets go", "<Architect> ok, first place down 2 red blocks towards the middle of the grid", "<Architect> then put two more stacked on top of the left red", "<Architect> then one behind the topmost red block", "<Architect> a yellow block*", "<Builder> like that?", "<Architect> and then a yellow block to the left of that one", "<Architect> and then two below that one"], "Timestamp": "2018-04-12 22:43:33", "BlocksInGrid": [{"PerspectiveCoordinates": {"Y": 1.964065689432713, "X": 0.042234607424999904, "Z": 2.4780359572728505}, "AbsoluteCoordinates": {"Y": 1, "X": 0, "Z": -2}, "Type": "cwc_minecraft_red_rn"}, {"PerspectiveCoordinates": {"Y": 2.1683424347057603, "X": -0.902140614846, "Z": 2.735769251400852}, "AbsoluteCoordinates": {"Y": 1, "X": 1, "Z": -2}, "Type": "cwc_minecraft_red_rn"}, {"PerspectiveCoordinates": {"Y": 1.3774693747128246, "X": -0.28663533580700007, "Z": 1.737935069557901}, "AbsoluteCoordinates": {"Y": 1, "X": 0, "Z": -1}, "Type": "cwc_minecraft_yellow_rn"}, {"PerspectiveCoordinates": {"Y": 2.9520361088527602, "X": -0.902140614846, "Z": 2.114621744682852}, "AbsoluteCoordinates": {"Y": 2, "X": 1, "Z": -2}, "Type": "cwc_minecraft_red_rn"}, {"PerspectiveCoordinates": {"Y": 2.1611630488598244, "X": -0.28663533580700007, "Z": 1.116787562839901}, "AbsoluteCoordinates": {"Y": 2, "X": 0, "Z": -1}, "Type": "cwc_minecraft_yellow_rn"}, {"PerspectiveCoordinates": {"Y": 3.73572978299976, "X": -0.902140614846, "Z": 1.493474237964852}, "AbsoluteCoordinates": {"Y": 3, "X": 1, "Z": -2}, "Type": "cwc_minecraft_red_rn"}, {"PerspectiveCoordinates": {"Y": 2.9448567230068243, "X": -0.28663533580700007, "Z": 0.495640056121901}, "AbsoluteCoordinates": {"Y": 3, "X": 0, "Z": -1}, "Type": "cwc_minecraft_yellow_rn"}, {"PerspectiveCoordinates": {"Y": 3.1491334682798713, "X": -1.2310105580780002, "Z": 0.7533733502499022}, "AbsoluteCoordinates": {"Y": 3, "X": 1, "Z": -1}, "Type": "cwc_minecraft_yellow_rn"}], "ScreenshotPath": "142901-Builder-putdown.png"}, {"BuilderPosition": {"Y": 1.2502842294140055, "X": -3.2282597503777204, "Yaw": 260.5503, "Z": -0.39406851245441366, "Pitch": 13.499985}, "BuilderInventory": [{"Index": 0, "Type": "cwc_minecraft_red_rn", "Quantity": 16}, {"Index": 1, "Type": "cwc_minecraft_orange_rn", "Quantity": 20}, {"Index": 2, "Type": "cwc_minecraft_yellow_rn", "Quantity": 16}, {"Index": 3, "Type": "cwc_minecraft_green_rn", "Quantity": 20}, {"Index": 4, "Type": "cwc_minecraft_blue_rn", "Quantity": 20}, {"Index": 5, "Type": "cwc_minecraft_purple_rn", "Quantity": 20}], "ChatHistory": ["<Builder> Mission has started.", "<Architect> hey", "<Architect> we ready to build?", "<Builder> lets go", "<Architect> ok, first place down 2 red blocks towards the middle of the grid", "<Architect> then put two more stacked on top of the left red", "<Architect> then one behind the topmost red block", "<Architect> a yellow block*", "<Builder> like that?", "<Architect> and then a yellow block to the left of that one", "<Architect> and then two below that one", "<Architect> looks like we're done!"], "Timestamp": "2018-04-12 22:43:39", "BlocksInGrid": [{"PerspectiveCoordinates": {"Y": 0.9594365563461449, "X": 0.329703390303, "Z": 3.996345476650175}, "AbsoluteCoordinates": {"Y": 1, "X": 0, "Z": -2}, "Type": "cwc_minecraft_red_rn"}, {"PerspectiveCoordinates": {"Y": 1.1897138427795066, "X": 0.16552170866799998, "Z": 4.95552051112867}, "AbsoluteCoordinates": {"Y": 1, "X": 1, "Z": -2}, "Type": "cwc_minecraft_red_rn"}, {"PerspectiveCoordinates": {"Y": 0.9211091457334464, "X": -0.65672672654, "Z": 3.836700137913977}, "AbsoluteCoordinates": {"Y": 1, "X": 0, "Z": -1}, "Type": "cwc_minecraft_yellow_rn"}, {"PerspectiveCoordinates": {"Y": 2.1620838242925067, "X": 0.16552170866799998, "Z": 4.72207540183867}, "AbsoluteCoordinates": {"Y": 2, "X": 1, "Z": -2}, "Type": "cwc_minecraft_red_rn"}, {"PerspectiveCoordinates": {"Y": 1.8934791272464464, "X": -0.65672672654, "Z": 3.6032550286239773}, "AbsoluteCoordinates": {"Y": 2, "X": 0, "Z": -1}, "Type": "cwc_minecraft_yellow_rn"}, {"PerspectiveCoordinates": {"Y": 3.134453805805507, "X": 0.16552170866799998, "Z": 4.48863029254867}, "AbsoluteCoordinates": {"Y": 3, "X": 1, "Z": -2}, "Type": "cwc_minecraft_red_rn"}, {"PerspectiveCoordinates": {"Y": 2.8658491087594467, "X": -0.65672672654, "Z": 3.3698099193339774}, "AbsoluteCoordinates": {"Y": 3, "X": 0, "Z": -1}, "Type": "cwc_minecraft_yellow_rn"}, {"PerspectiveCoordinates": {"Y": 3.096126395192808, "X": -0.820908408175, "Z": 4.328984953812472}, "AbsoluteCoordinates": {"Y": 3, "X": 1, "Z": -1}, "Type": "cwc_minecraft_yellow_rn"}], "ScreenshotPath": "148903-Builder-chat.png"}, {"BuilderPosition": {"Y": 1.2502842294140055, "X": -3.2282597503777204, "Yaw": 260.5503, "Z": -0.39406851245441366, "Pitch": 13.499985}, "BuilderInventory": [{"Index": 0, "Type": "cwc_minecraft_red_rn", "Quantity": 16}, {"Index": 1, "Type": "cwc_minecraft_orange_rn", "Quantity": 20}, {"Index": 2, "Type": "cwc_minecraft_yellow_rn", "Quantity": 16}, {"Index": 3, "Type": "cwc_minecraft_green_rn", "Quantity": 20}, {"Index": 4, "Type": "cwc_minecraft_blue_rn", "Quantity": 20}, {"Index": 5, "Type": "cwc_minecraft_purple_rn", "Quantity": 20}], "ChatHistory": ["<Builder> Mission has started.", "<Architect> hey", "<Architect> we ready to build?", "<Builder> lets go", "<Architect> ok, first place down 2 red blocks towards the middle of the grid", "<Architect> then put two more stacked on top of the left red", "<Architect> then one behind the topmost red block", "<Architect> a yellow block*", "<Builder> like that?", "<Architect> and then a yellow block to the left of that one", "<Architect> and then two below that one", "<Architect> looks like we're done!", "<Builder> nice"], "Timestamp": "2018-04-12 22:43:44", "BlocksInGrid": [{"PerspectiveCoordinates": {"Y": 0.9594365563461449, "X": 0.329703390303, "Z": 3.996345476650175}, "AbsoluteCoordinates": {"Y": 1, "X": 0, "Z": -2}, "Type": "cwc_minecraft_red_rn"}, {"PerspectiveCoordinates": {"Y": 1.1897138427795066, "X": 0.16552170866799998, "Z": 4.95552051112867}, "AbsoluteCoordinates": {"Y": 1, "X": 1, "Z": -2}, "Type": "cwc_minecraft_red_rn"}, {"PerspectiveCoordinates": {"Y": 0.9211091457334464, "X": -0.65672672654, "Z": 3.836700137913977}, "AbsoluteCoordinates": {"Y": 1, "X": 0, "Z": -1}, "Type": "cwc_minecraft_yellow_rn"}, {"PerspectiveCoordinates": {"Y": 2.1620838242925067, "X": 0.16552170866799998, "Z": 4.72207540183867}, "AbsoluteCoordinates": {"Y": 2, "X": 1, "Z": -2}, "Type": "cwc_minecraft_red_rn"}, {"PerspectiveCoordinates": {"Y": 1.8934791272464464, "X": -0.65672672654, "Z": 3.6032550286239773}, "AbsoluteCoordinates": {"Y": 2, "X": 0, "Z": -1}, "Type": "cwc_minecraft_yellow_rn"}, {"PerspectiveCoordinates": {"Y": 3.134453805805507, "X": 0.16552170866799998, "Z": 4.48863029254867}, "AbsoluteCoordinates": {"Y": 3, "X": 1, "Z": -2}, "Type": "cwc_minecraft_red_rn"}, {"PerspectiveCoordinates": {"Y": 2.8658491087594467, "X": -0.65672672654, "Z": 3.3698099193339774}, "AbsoluteCoordinates": {"Y": 3, "X": 0, "Z": -1}, "Type": "cwc_minecraft_yellow_rn"}, {"PerspectiveCoordinates": {"Y": 3.096126395192808, "X": -0.820908408175, "Z": 4.328984953812472}, "AbsoluteCoordinates": {"Y": 3, "X": 1, "Z": -1}, "Type": "cwc_minecraft_yellow_rn"}], "ScreenshotPath": "154306-Builder-chat.png"}], "NumFixedViewers": 4, "TimeElapsed": 185.14162516593933}