{"WorldStates": [{"Timestamp": "2018-04-12 22:41:10", "Chat": ["<Builder> Mission has started."]}, {"Timestamp": "2018-04-12 22:41:10", "ScreenshotPath": "0-Builder-chat.png"}, {"BuilderGridAbsolute": [], "XPos": 0.0, "TimeAlive": 370, "ZPos": 0.0, "Timestamp": "2018-04-12 22:41:10", "Yaw": 0.0, "YPos": 1.0, "BuilderGridRelative": [], "DistanceTravelled": 0, "BuilderInventory": [{"Index": 0, "Type": "cwc_minecraft_red_rn", "Quantity": 20}, {"Index": 1, "Type": "cwc_minecraft_orange_rn", "Quantity": 20}, {"Index": 2, "Type": "cwc_minecraft_yellow_rn", "Quantity": 20}, {"Index": 3, "Type": "cwc_minecraft_green_rn", "Quantity": 20}, {"Index": 4, "Type": "cwc_minecraft_blue_rn", "Quantity": 20}, {"Index": 5, "Type": "cwc_minecraft_purple_rn", "Quantity": 20}], "Pitch": 0.0}, {"Timestamp": "2018-04-12 22:41:19", "Chat": ["<Architect> hey"], "ScreenshotPath": "8785-Builder-chat.png"}, {"BuilderGridAbsolute": [], "XPos": 0.21992984271013485, "TimeAlive": 546, "ZPos": -4.4142529493023, "Timestamp": "2018-04-12 22:41:19", "Yaw": -2.2500079, "YPos": 1.0, "BuilderGridRelative": [], "DistanceTravelled": 684, "BuilderInventory": [{"Index": 0, "Type": "cwc_minecraft_red_rn", "Quantity": 20}, {"Index": 1, "Type": "cwc_minecraft_orange_rn", "Quantity": 20}, {"Index": 2, "Type": "cwc_minecraft_yellow_rn", "Quantity": 20}, {"Index": 3, "Type": "cwc_minecraft_green_rn", "Quantity": 20}, {"Index": 4, "Type": "cwc_minecraft_blue_rn", "Quantity": 20}, {"Index": 5, "Type": "cwc_minecraft_purple_rn", "Quantity": 20}], "Pitch": 25.350002}, {"Timestamp": "2018-04-12 22:41:30", "Chat": ["<Architect> we ready to build?"], "ScreenshotPath": "20189-Builder-chat.png"}, {"BuilderGridAbsolute": [], "XPos": 0.20456252849066006, "TimeAlive": 774, "ZPos": -5.270760192082266, "Timestamp": "2018-04-12 22:41:30", "Yaw": -2.2500079, "YPos": 1.0, "BuilderGridRelative": [], "DistanceTravelled": 770, "BuilderInventory": [{"Index": 0, "Type": "cwc_minecraft_red_rn", "Quantity": 20}, {"Index": 1, "Type": "cwc_minecraft_orange_rn", "Quantity": 20}, {"Index": 2, "Type": "cwc_minecraft_yellow_rn", "Quantity": 20}, {"Index": 3, "Type": "cwc_minecraft_green_rn", "Quantity": 20}, {"Index": 4, "Type": "cwc_minecraft_blue_rn", "Quantity": 20}, {"Index": 5, "Type": "cwc_minecraft_purple_rn", "Quantity": 20}], "Pitch": 25.350002}, {"Timestamp": "2018-04-12 22:41:34", "Chat": ["<Builder> lets go"], "ScreenshotPath": "24040-Builder-chat.png"}, {"BuilderGridAbsolute": [], "XPos": 0.20456252849066006, "TimeAlive": 851, "ZPos": -5.270760192082266, "Timestamp": "2018-04-12 22:41:34", "Yaw": -2.2500079, "YPos": 1.0, "BuilderGridRelative": [], "DistanceTravelled": 770, "BuilderInventory": [{"Index": 0, "Type": "cwc_minecraft_red_rn", "Quantity": 20}, {"Index": 1, "Type": "cwc_minecraft_orange_rn", "Quantity": 20}, {"Index": 2, "Type": "cwc_minecraft_yellow_rn", "Quantity": 20}, {"Index": 3, "Type": "cwc_minecraft_green_rn", "Quantity": 20}, {"Index": 4, "Type": "cwc_minecraft_blue_rn", "Quantity": 20}, {"Index": 5, "Type": "cwc_minecraft_purple_rn", "Quantity": 20}], "Pitch": 25.350002}, {"Timestamp": "2018-04-12 22:41:56", "Chat": ["<Architect> ok, first place down 2 red blocks towards the middle of the grid"]}, {"BuilderGridAbsolute": [], "XPos": 1.6990797402463311, "TimeAlive": 1294, "ZPos": -5.94238742713423, "Timestamp": "2018-04-12 22:41:56", "Yaw": -18.600006, "YPos": 1.0, "ScreenshotPath": "46199-Builder-chat.png", "BuilderGridRelative": [], "DistanceTravelled": 1027, "BuilderInventory": [{"Index": 0, "Type": "cwc_minecraft_red_rn", "Quantity": 20}, {"Index": 1, "Type": "cwc_minecraft_orange_rn", "Quantity": 20}, {"Index": 2, "Type": "cwc_minecraft_yellow_rn", "Quantity": 20}, {"Index": 3, "Type": "cwc_minecraft_green_rn", "Quantity": 20}, {"Index": 4, "Type": "cwc_minecraft_blue_rn", "Quantity": 20}, {"Index": 5, "Type": "cwc_minecraft_purple_rn", "Quantity": 20}], "Pitch": 28.950006}, {"BuilderGridAbsolute": [{"Y": 1, "X": 1, "Z": -2, "Type": "cwc_minecraft_red_rn"}], "XPos": 1.6383639466143602, "TimeAlive": 1438, "ZPos": -2.717561444774211, "Timestamp": "2018-04-12 22:42:03", "Yaw": 5.099994, "YPos": 1.0, "ScreenshotPath": "53451-Builder-putdown.png", "BuilderGridRelative": [{"Y": 0, "X": 0, "Z": 1, "Type": "cwc_minecraft_red_rn"}], "DistanceTravelled": 1350, "BuilderInventory": [{"Index": 0, "Type": "cwc_minecraft_red_rn", "Quantity": 19}, {"Index": 1, "Type": "cwc_minecraft_orange_rn", "Quantity": 20}, {"Index": 2, "Type": "cwc_minecraft_yellow_rn", "Quantity": 20}, {"Index": 3, "Type": "cwc_minecraft_green_rn", "Quantity": 20}, {"Index": 4, "Type": "cwc_minecraft_blue_rn", "Quantity": 20}, {"Index": 5, "Type": "cwc_minecraft_purple_rn", "Quantity": 20}], "Pitch": 53.55}, {"BuilderGridAbsolute": [{"Y": 1, "X": 0, "Z": -2, "Type": "cwc_minecraft_red_rn"}, {"Y": 1, "X": 1, "Z": -2, "Type": "cwc_minecraft_red_rn"}], "XPos": 1.0125879839355054, "TimeAlive": 1466, "ZPos": -2.7693437709967856, "Timestamp": "2018-04-12 22:42:05", "Yaw": 5.099994, "YPos": 1.0, "ScreenshotPath": "54851-Builder-putdown.png", "BuilderGridRelative": [{"Y": 0, "X": -1, "Z": 1, "Type": "cwc_minecraft_red_rn"}, {"Y": 0, "X": 0, "Z": 1, "Type": "cwc_minecraft_red_rn"}], "DistanceTravelled": 1413, "BuilderInventory": [{"Index": 0, "Type": "cwc_minecraft_red_rn", "Quantity": 18}, {"Index": 1, "Type": "cwc_minecraft_orange_rn", "Quantity": 20}, {"Index": 2, "Type": "cwc_minecraft_yellow_rn", "Quantity": 20}, {"Index": 3, "Type": "cwc_minecraft_green_rn", "Quantity": 20}, {"Index": 4, "Type": "cwc_minecraft_blue_rn", "Quantity": 20}, {"Index": 5, "Type": "cwc_minecraft_purple_rn", "Quantity": 20}], "Pitch": 53.55}, {"Timestamp": "2018-04-12 22:42:12", "Chat": ["<Architect> then put two more stacked on top of the left red"], "ScreenshotPath": "62322-Builder-chat.png"}, {"BuilderGridAbsolute": [{"Y": 1, "X": 0, "Z": -2, "Type": "cwc_minecraft_red_rn"}, {"Y": 1, "X": 1, "Z": -2, "Type": "cwc_minecraft_red_rn"}], "XPos": 1.5315269252034083, "TimeAlive": 1617, "ZPos": -4.056006672883058, "Timestamp": "2018-04-12 22:42:12", "Yaw": 2.3999941, "YPos": 1.0, "BuilderGridRelative": [{"Y": 0, "X": -1, "Z": 3, "Type": "cwc_minecraft_red_rn"}, {"Y": 0, "X": 0, "Z": 3, "Type": "cwc_minecraft_red_rn"}], "DistanceTravelled": 1585, "BuilderInventory": [{"Index": 0, "Type": "cwc_minecraft_red_rn", "Quantity": 18}, {"Index": 1, "Type": "cwc_minecraft_orange_rn", "Quantity": 20}, {"Index": 2, "Type": "cwc_minecraft_yellow_rn", "Quantity": 20}, {"Index": 3, "Type": "cwc_minecraft_green_rn", "Quantity": 20}, {"Index": 4, "Type": "cwc_minecraft_blue_rn", "Quantity": 20}, {"Index": 5, "Type": "cwc_minecraft_purple_rn", "Quantity": 20}], "Pitch": 29.999992}, {"BuilderGridAbsolute": [{"Y": 1, "X": 0, "Z": -2, "Type": "cwc_minecraft_red_rn"}, {"Y": 1, "X": 1, "Z": -2, "Type": "cwc_minecraft_red_rn"}, {"Y": 2, "X": 1, "Z": -2, "Type": "cwc_minecraft_red_rn"}], "XPos": 1.5284640739420607, "TimeAlive": 1803, "ZPos": -3.629168287830127, "Timestamp": "2018-04-12 22:42:22", "Yaw": 0.29999423, "YPos": 1.0, "ScreenshotPath": "71675-Builder-putdown.png", "BuilderGridRelative": [{"Y": 0, "X": -1, "Z": 2, "Type": "cwc_minecraft_red_rn"}, {"Y": 0, "X": 0, "Z": 2, "Type": "cwc_minecraft_red_rn"}, {"Y": 1, "X": 0, "Z": 2, "Type": "cwc_minecraft_red_rn"}], "DistanceTravelled": 1628, "BuilderInventory": [{"Index": 0, "Type": "cwc_minecraft_red_rn", "Quantity": 17}, {"Index": 1, "Type": "cwc_minecraft_orange_rn", "Quantity": 20}, {"Index": 2, "Type": "cwc_minecraft_yellow_rn", "Quantity": 20}, {"Index": 3, "Type": "cwc_minecraft_green_rn", "Quantity": 20}, {"Index": 4, "Type": "cwc_minecraft_blue_rn", "Quantity": 20}, {"Index": 5, "Type": "cwc_minecraft_purple_rn", "Quantity": 20}], "Pitch": 15.749993}, {"BuilderGridAbsolute": [{"Y": 1, "X": 0, "Z": -2, "Type": "cwc_minecraft_red_rn"}, {"Y": 1, "X": 1, "Z": -2, "Type": "cwc_minecraft_red_rn"}, {"Y": 2, "X": 1, "Z": -2, "Type": "cwc_minecraft_red_rn"}, {"Y": 3, "X": 1, "Z": -2, "Type": "cwc_minecraft_red_rn"}], "XPos": 1.5284640739420607, "TimeAlive": 1858, "ZPos": -3.629168287830127, "Timestamp": "2018-04-12 22:42:24", "Yaw": -1.5000056, "YPos": 2.73901678930444, "ScreenshotPath": "74426-Builder-putdown.png", "BuilderGridRelative": [{"Y": -1, "X": -1, "Z": 2, "Type": "cwc_minecraft_red_rn"}, {"Y": -1, "X": 0, "Z": 2, "Type": "cwc_minecraft_red_rn"}, {"Y": 0, "X": 0, "Z": 2, "Type": "cwc_minecraft_red_rn"}, {"Y": 1, "X": 0, "Z": 2, "Type": "cwc_minecraft_red_rn"}], "DistanceTravelled": 1628, "BuilderInventory": [{"Index": 0, "Type": "cwc_minecraft_red_rn", "Quantity": 16}, {"Index": 1, "Type": "cwc_minecraft_orange_rn", "Quantity": 20}, {"Index": 2, "Type": "cwc_minecraft_yellow_rn", "Quantity": 20}, {"Index": 3, "Type": "cwc_minecraft_green_rn", "Quantity": 20}, {"Index": 4, "Type": "cwc_minecraft_blue_rn", "Quantity": 20}, {"Index": 5, "Type": "cwc_minecraft_purple_rn", "Quantity": 20}], "Pitch": 30.899988}, {"Timestamp": "2018-04-12 22:42:45", "Chat": ["<Architect> then one behind the topmost red block"], "ScreenshotPath": "95233-Builder-chat.png"}, {"BuilderGridAbsolute": [{"Y": 1, "X": 0, "Z": -2, "Type": "cwc_minecraft_red_rn"}, {"Y": 1, "X": 1, "Z": -2, "Type": "cwc_minecraft_red_rn"}, {"Y": 2, "X": 1, "Z": -2, "Type": "cwc_minecraft_red_rn"}, {"Y": 3, "X": 1, "Z": -2, "Type": "cwc_minecraft_red_rn"}], "XPos": 1.5195020444672733, "TimeAlive": 2275, "ZPos": -5.805305519759776, "Timestamp": "2018-04-12 22:42:45", "Yaw": 1.3499949, "YPos": 2.742931601724881, "BuilderGridRelative": [{"Y": -1, "X": -1, "Z": 4, "Type": "cwc_minecraft_red_rn"}, {"Y": -1, "X": 0, "Z": 4, "Type": "cwc_minecraft_red_rn"}, {"Y": 0, "X": 0, "Z": 4, "Type": "cwc_minecraft_red_rn"}, {"Y": 1, "X": 0, "Z": 4, "Type": "cwc_minecraft_red_rn"}], "DistanceTravelled": 1628, "BuilderInventory": [{"Index": 0, "Type": "cwc_minecraft_red_rn", "Quantity": 16}, {"Index": 1, "Type": "cwc_minecraft_orange_rn", "Quantity": 20}, {"Index": 2, "Type": "cwc_minecraft_yellow_rn", "Quantity": 20}, {"Index": 3, "Type": "cwc_minecraft_green_rn", "Quantity": 20}, {"Index": 4, "Type": "cwc_minecraft_blue_rn", "Quantity": 20}, {"Index": 5, "Type": "cwc_minecraft_purple_rn", "Quantity": 20}], "Pitch": 25.799986}, {"Timestamp": "2018-04-12 22:42:54", "Chat": ["<Architect> a yellow block*"], "ScreenshotPath": "102136-Builder-chat.png"}, {"BuilderGridAbsolute": [{"Y": 1, "X": 0, "Z": -2, "Type": "cwc_minecraft_red_rn"}, {"Y": 1, "X": 1, "Z": -2, "Type": "cwc_minecraft_red_rn"}, {"Y": 2, "X": 1, "Z": -2, "Type": "cwc_minecraft_red_rn"}, {"Y": 3, "X": 1, "Z": -2, "Type": "cwc_minecraft_red_rn"}], "XPos": 4.213674293760288, "TimeAlive": 2413, "ZPos": -3.6044951101369413, "Timestamp": "2018-04-12 22:42:54", "Yaw": 36.149994, "YPos": 2.742931601724881, "BuilderGridRelative": [{"Y": -1, "X": -4, "Z": 2, "Type": "cwc_minecraft_red_rn"}, {"Y": -1, "X": -3, "Z": 2, "Type": "cwc_minecraft_red_rn"}, {"Y": 0, "X": -3, "Z": 2, "Type": "cwc_minecraft_red_rn"}, {"Y": 1, "X": -3, "Z": 2, "Type": "cwc_minecraft_red_rn"}], "DistanceTravelled": 1628, "BuilderInventory": [{"Index": 0, "Type": "cwc_minecraft_red_rn", "Quantity": 16}, {"Index": 1, "Type": "cwc_minecraft_orange_rn", "Quantity": 20}, {"Index": 2, "Type": "cwc_minecraft_yellow_rn", "Quantity": 20}, {"Index": 3, "Type": "cwc_minecraft_green_rn", "Quantity": 20}, {"Index": 4, "Type": "cwc_minecraft_blue_rn", "Quantity": 20}, {"Index": 5, "Type": "cwc_minecraft_purple_rn", "Quantity": 20}], "Pitch": 27.449986}, {"BuilderGridAbsolute": [{"Y": 1, "X": 0, "Z": -2, "Type": "cwc_minecraft_red_rn"}, {"Y": 1, "X": 1, "Z": -2, "Type": "cwc_minecraft_red_rn"}, {"Y": 2, "X": 1, "Z": -2, "Type": "cwc_minecraft_red_rn"}, {"Y": 3, "X": 1, "Z": -2, "Type": "cwc_minecraft_red_rn"}, {"Y": 3, "X": 1, "Z": -1, "Type": "cwc_minecraft_yellow_rn"}], "XPos": 2.1010018255775287, "TimeAlive": 2573, "ZPos": 0.33505380526368567, "Timestamp": "2018-04-12 22:43:00", "Yaw": 149.55008, "YPos": 2.742931601724881, "ScreenshotPath": "110189-Builder-putdown.png", "BuilderGridRelative": [{"Y": -1, "X": -2, "Z": -2, "Type": "cwc_minecraft_red_rn"}, {"Y": -1, "X": -1, "Z": -2, "Type": "cwc_minecraft_red_rn"}, {"Y": 0, "X": -1, "Z": -2, "Type": "cwc_minecraft_red_rn"}, {"Y": 1, "X": -1, "Z": -2, "Type": "cwc_minecraft_red_rn"}, {"Y": 1, "X": -1, "Z": -1, "Type": "cwc_minecraft_yellow_rn"}], "DistanceTravelled": 1628, "BuilderInventory": [{"Index": 0, "Type": "cwc_minecraft_red_rn", "Quantity": 16}, {"Index": 1, "Type": "cwc_minecraft_orange_rn", "Quantity": 20}, {"Index": 2, "Type": "cwc_minecraft_yellow_rn", "Quantity": 19}, {"Index": 3, "Type": "cwc_minecraft_green_rn", "Quantity": 20}, {"Index": 4, "Type": "cwc_minecraft_blue_rn", "Quantity": 20}, {"Index": 5, "Type": "cwc_minecraft_purple_rn", "Quantity": 20}], "Pitch": 33.29999}, {"Timestamp": "2018-04-12 22:43:06", "Chat": ["<Builder> like that?"], "ScreenshotPath": "115641-Builder-chat.png"}, {"BuilderGridAbsolute": [{"Y": 1, "X": 0, "Z": -2, "Type": "cwc_minecraft_red_rn"}, {"Y": 1, "X": 1, "Z": -2, "Type": "cwc_minecraft_red_rn"}, {"Y": 2, "X": 1, "Z": -2, "Type": "cwc_minecraft_red_rn"}, {"Y": 3, "X": 1, "Z": -2, "Type": "cwc_minecraft_red_rn"}, {"Y": 3, "X": 1, "Z": -1, "Type": "cwc_minecraft_yellow_rn"}], "XPos": 2.1010018255775287, "TimeAlive": 2683, "ZPos": 0.32865591859422805, "Timestamp": "2018-04-12 22:43:06", "Yaw": 149.55008, "YPos": 2.742931601724881, "BuilderGridRelative": [{"Y": -1, "X": -2, "Z": -2, "Type": "cwc_minecraft_red_rn"}, {"Y": -1, "X": -1, "Z": -2, "Type": "cwc_minecraft_red_rn"}, {"Y": 0, "X": -1, "Z": -2, "Type": "cwc_minecraft_red_rn"}, {"Y": 1, "X": -1, "Z": -2, "Type": "cwc_minecraft_red_rn"}, {"Y": 1, "X": -1, "Z": -1, "Type": "cwc_minecraft_yellow_rn"}], "DistanceTravelled": 1628, "BuilderInventory": [{"Index": 0, "Type": "cwc_minecraft_red_rn", "Quantity": 16}, {"Index": 1, "Type": "cwc_minecraft_orange_rn", "Quantity": 20}, {"Index": 2, "Type": "cwc_minecraft_yellow_rn", "Quantity": 19}, {"Index": 3, "Type": "cwc_minecraft_green_rn", "Quantity": 20}, {"Index": 4, "Type": "cwc_minecraft_blue_rn", "Quantity": 20}, {"Index": 5, "Type": "cwc_minecraft_purple_rn", "Quantity": 20}], "Chat": ["<Architect> and then a yellow block to the left of that one"], "Pitch": 33.29999}, {"Timestamp": "2018-04-12 22:43:06", "ScreenshotPath": "116041-Builder-chat.png"}, {"BuilderGridAbsolute": [{"Y": 1, "X": 0, "Z": -2, "Type": "cwc_minecraft_red_rn"}, {"Y": 1, "X": 1, "Z": -2, "Type": "cwc_minecraft_red_rn"}, {"Y": 2, "X": 1, "Z": -2, "Type": "cwc_minecraft_red_rn"}, {"Y": 3, "X": 1, "Z": -2, "Type": "cwc_minecraft_red_rn"}, {"Y": 3, "X": 1, "Z": -1, "Type": "cwc_minecraft_yellow_rn"}], "XPos": 2.1010018255775287, "TimeAlive": 2691, "ZPos": 0.32865591859422805, "Timestamp": "2018-04-12 22:43:06", "Yaw": 149.55008, "YPos": 2.742931601724881, "BuilderGridRelative": [{"Y": -1, "X": -2, "Z": -2, "Type": "cwc_minecraft_red_rn"}, {"Y": -1, "X": -1, "Z": -2, "Type": "cwc_minecraft_red_rn"}, {"Y": 0, "X": -1, "Z": -2, "Type": "cwc_minecraft_red_rn"}, {"Y": 1, "X": -1, "Z": -2, "Type": "cwc_minecraft_red_rn"}, {"Y": 1, "X": -1, "Z": -1, "Type": "cwc_minecraft_yellow_rn"}], "DistanceTravelled": 1628, "BuilderInventory": [{"Index": 0, "Type": "cwc_minecraft_red_rn", "Quantity": 16}, {"Index": 1, "Type": "cwc_minecraft_orange_rn", "Quantity": 20}, {"Index": 2, "Type": "cwc_minecraft_yellow_rn", "Quantity": 19}, {"Index": 3, "Type": "cwc_minecraft_green_rn", "Quantity": 20}, {"Index": 4, "Type": "cwc_minecraft_blue_rn", "Quantity": 20}, {"Index": 5, "Type": "cwc_minecraft_purple_rn", "Quantity": 20}], "Pitch": 33.29999}, {"BuilderGridAbsolute": [{"Y": 1, "X": 0, "Z": -2, "Type": "cwc_minecraft_red_rn"}, {"Y": 1, "X": 1, "Z": -2, "Type": "cwc_minecraft_red_rn"}, {"Y": 2, "X": 0, "Z": -2, "Type": "cwc_minecraft_yellow_rn"}, {"Y": 2, "X": 1, "Z": -2, "Type": "cwc_minecraft_red_rn"}, {"Y": 3, "X": 1, "Z": -2, "Type": "cwc_minecraft_red_rn"}, {"Y": 3, "X": 1, "Z": -1, "Type": "cwc_minecraft_yellow_rn"}], "XPos": 0.3616806692069163, "TimeAlive": 2841, "ZPos": 0.8816367218792616, "Timestamp": "2018-04-12 22:43:14", "Yaw": 193.05006, "YPos": 2.742931601724881, "ScreenshotPath": "123594-Builder-putdown.png", "BuilderGridRelative": [{"Y": -1, "X": 0, "Z": -2, "Type": "cwc_minecraft_red_rn"}, {"Y": -1, "X": 1, "Z": -2, "Type": "cwc_minecraft_red_rn"}, {"Y": 0, "X": 0, "Z": -2, "Type": "cwc_minecraft_yellow_rn"}, {"Y": 0, "X": 1, "Z": -2, "Type": "cwc_minecraft_red_rn"}, {"Y": 1, "X": 1, "Z": -2, "Type": "cwc_minecraft_red_rn"}, {"Y": 1, "X": 1, "Z": -1, "Type": "cwc_minecraft_yellow_rn"}], "DistanceTravelled": 1628, "BuilderInventory": [{"Index": 0, "Type": "cwc_minecraft_red_rn", "Quantity": 16}, {"Index": 1, "Type": "cwc_minecraft_orange_rn", "Quantity": 20}, {"Index": 2, "Type": "cwc_minecraft_yellow_rn", "Quantity": 18}, {"Index": 3, "Type": "cwc_minecraft_green_rn", "Quantity": 20}, {"Index": 4, "Type": "cwc_minecraft_blue_rn", "Quantity": 20}, {"Index": 5, "Type": "cwc_minecraft_purple_rn", "Quantity": 20}], "Pitch": 38.699993}, {"BuilderGridAbsolute": [{"Y": 1, "X": 0, "Z": -2, "Type": "cwc_minecraft_red_rn"}, {"Y": 1, "X": 1, "Z": -2, "Type": "cwc_minecraft_red_rn"}, {"Y": 2, "X": 1, "Z": -2, "Type": "cwc_minecraft_red_rn"}, {"Y": 3, "X": 1, "Z": -2, "Type": "cwc_minecraft_red_rn"}, {"Y": 3, "X": 1, "Z": -1, "Type": "cwc_minecraft_yellow_rn"}], "XPos": 0.3616806692069163, "TimeAlive": 2863, "ZPos": 0.8715873362061012, "Timestamp": "2018-04-12 22:43:14", "Yaw": 190.50009, "YPos": 2.742931601724881, "BuilderGridRelative": [{"Y": -1, "X": 0, "Z": -2, "Type": "cwc_minecraft_red_rn"}, {"Y": -1, "X": 1, "Z": -2, "Type": "cwc_minecraft_red_rn"}, {"Y": 0, "X": 1, "Z": -2, "Type": "cwc_minecraft_red_rn"}, {"Y": 1, "X": 1, "Z": -2, "Type": "cwc_minecraft_red_rn"}, {"Y": 1, "X": 1, "Z": -1, "Type": "cwc_minecraft_yellow_rn"}], "DistanceTravelled": 1628, "BuilderInventory": [{"Index": 0, "Type": "cwc_minecraft_red_rn", "Quantity": 16}, {"Index": 1, "Type": "cwc_minecraft_orange_rn", "Quantity": 20}, {"Index": 2, "Type": "cwc_minecraft_yellow_rn", "Quantity": 19}, {"Index": 3, "Type": "cwc_minecraft_green_rn", "Quantity": 20}, {"Index": 4, "Type": "cwc_minecraft_blue_rn", "Quantity": 20}, {"Index": 5, "Type": "cwc_minecraft_purple_rn", "Quantity": 20}], "Pitch": 37.949986}, {"Timestamp": "2018-04-12 22:43:15", "ScreenshotPath": "124745-Builder-pickup.png"}, {"BuilderGridAbsolute": [{"Y": 1, "X": 0, "Z": -2, "Type": "cwc_minecraft_red_rn"}, {"Y": 1, "X": 1, "Z": -2, "Type": "cwc_minecraft_red_rn"}, {"Y": 2, "X": 1, "Z": -2, "Type": "cwc_minecraft_red_rn"}, {"Y": 3, "X": 1, "Z": -2, "Type": "cwc_minecraft_red_rn"}, {"Y": 3, "X": 0, "Z": -1, "Type": "cwc_minecraft_yellow_rn"}, {"Y": 3, "X": 1, "Z": -1, "Type": "cwc_minecraft_yellow_rn"}], "XPos": 0.3616806692069163, "TimeAlive": 2889, "ZPos": 0.8715873362061012, "Timestamp": "2018-04-12 22:43:16", "Yaw": 204.75008, "YPos": 2.742931601724881, "ScreenshotPath": "125996-Builder-putdown.png", "BuilderGridRelative": [{"Y": -1, "X": 0, "Z": -2, "Type": "cwc_minecraft_red_rn"}, {"Y": -1, "X": 1, "Z": -2, "Type": "cwc_minecraft_red_rn"}, {"Y": 0, "X": 1, "Z": -2, "Type": "cwc_minecraft_red_rn"}, {"Y": 1, "X": 1, "Z": -2, "Type": "cwc_minecraft_red_rn"}, {"Y": 1, "X": 0, "Z": -1, "Type": "cwc_minecraft_yellow_rn"}, {"Y": 1, "X": 1, "Z": -1, "Type": "cwc_minecraft_yellow_rn"}], "DistanceTravelled": 1628, "BuilderInventory": [{"Index": 0, "Type": "cwc_minecraft_red_rn", "Quantity": 16}, {"Index": 1, "Type": "cwc_minecraft_orange_rn", "Quantity": 20}, {"Index": 2, "Type": "cwc_minecraft_yellow_rn", "Quantity": 18}, {"Index": 3, "Type": "cwc_minecraft_green_rn", "Quantity": 20}, {"Index": 4, "Type": "cwc_minecraft_blue_rn", "Quantity": 20}, {"Index": 5, "Type": "cwc_minecraft_purple_rn", "Quantity": 20}], "Pitch": 27.599985}, {"Timestamp": "2018-04-12 22:43:20", "Chat": ["<Architect> and then two below that one"]}, {"Timestamp": "2018-04-12 22:43:21", "ScreenshotPath": "130598-Builder-chat.png"}, {"BuilderGridAbsolute": [{"Y": 1, "X": 0, "Z": -2, "Type": "cwc_minecraft_red_rn"}, {"Y": 1, "X": 1, "Z": -2, "Type": "cwc_minecraft_red_rn"}, {"Y": 2, "X": 1, "Z": -2, "Type": "cwc_minecraft_red_rn"}, {"Y": 3, "X": 1, "Z": -2, "Type": "cwc_minecraft_red_rn"}, {"Y": 3, "X": 0, "Z": -1, "Type": "cwc_minecraft_yellow_rn"}, {"Y": 3, "X": 1, "Z": -1, "Type": "cwc_minecraft_yellow_rn"}], "XPos": -0.5177281030436346, "TimeAlive": 2982, "ZPos": 2.816497521281064, "Timestamp": "2018-04-12 22:43:21", "Yaw": 201.00012, "YPos": 2.742931601724881, "BuilderGridRelative": [{"Y": -1, "X": 1, "Z": -4, "Type": "cwc_minecraft_red_rn"}, {"Y": -1, "X": 2, "Z": -4, "Type": "cwc_minecraft_red_rn"}, {"Y": 0, "X": 2, "Z": -4, "Type": "cwc_minecraft_red_rn"}, {"Y": 1, "X": 2, "Z": -4, "Type": "cwc_minecraft_red_rn"}, {"Y": 1, "X": 1, "Z": -3, "Type": "cwc_minecraft_yellow_rn"}, {"Y": 1, "X": 2, "Z": -3, "Type": "cwc_minecraft_yellow_rn"}], "DistanceTravelled": 1628, "BuilderInventory": [{"Index": 0, "Type": "cwc_minecraft_red_rn", "Quantity": 16}, {"Index": 1, "Type": "cwc_minecraft_orange_rn", "Quantity": 20}, {"Index": 2, "Type": "cwc_minecraft_yellow_rn", "Quantity": 18}, {"Index": 3, "Type": "cwc_minecraft_green_rn", "Quantity": 20}, {"Index": 4, "Type": "cwc_minecraft_blue_rn", "Quantity": 20}, {"Index": 5, "Type": "cwc_minecraft_purple_rn", "Quantity": 20}], "Pitch": 26.849989}, {"BuilderGridAbsolute": [{"Y": 1, "X": 0, "Z": -2, "Type": "cwc_minecraft_red_rn"}, {"Y": 1, "X": 1, "Z": -2, "Type": "cwc_minecraft_red_rn"}, {"Y": 2, "X": 1, "Z": -2, "Type": "cwc_minecraft_red_rn"}, {"Y": 2, "X": 0, "Z": -1, "Type": "cwc_minecraft_yellow_rn"}, {"Y": 3, "X": 1, "Z": -2, "Type": "cwc_minecraft_red_rn"}, {"Y": 3, "X": 0, "Z": -1, "Type": "cwc_minecraft_yellow_rn"}, {"Y": 3, "X": 1, "Z": -1, "Type": "cwc_minecraft_yellow_rn"}], "XPos": -0.281273275506799, "TimeAlive": 3123, "ZPos": 2.100834852313456, "Timestamp": "2018-04-12 22:43:27", "Yaw": 197.55019, "YPos": 1.2502842294140055, "BuilderGridRelative": [{"Y": 0, "X": 1, "Z": -4, "Type": "cwc_minecraft_red_rn"}, {"Y": 0, "X": 2, "Z": -4, "Type": "cwc_minecraft_red_rn"}, {"Y": 1, "X": 2, "Z": -4, "Type": "cwc_minecraft_red_rn"}, {"Y": 1, "X": 1, "Z": -3, "Type": "cwc_minecraft_yellow_rn"}, {"Y": 2, "X": 2, "Z": -4, "Type": "cwc_minecraft_red_rn"}, {"Y": 2, "X": 1, "Z": -3, "Type": "cwc_minecraft_yellow_rn"}, {"Y": 2, "X": 2, "Z": -3, "Type": "cwc_minecraft_yellow_rn"}], "DistanceTravelled": 1628, "BuilderInventory": [{"Index": 0, "Type": "cwc_minecraft_red_rn", "Quantity": 16}, {"Index": 1, "Type": "cwc_minecraft_orange_rn", "Quantity": 20}, {"Index": 2, "Type": "cwc_minecraft_yellow_rn", "Quantity": 17}, {"Index": 3, "Type": "cwc_minecraft_green_rn", "Quantity": 20}, {"Index": 4, "Type": "cwc_minecraft_blue_rn", "Quantity": 20}, {"Index": 5, "Type": "cwc_minecraft_purple_rn", "Quantity": 20}], "Pitch": -3.3000128}, {"Timestamp": "2018-04-12 22:43:28", "ScreenshotPath": "137699-Builder-putdown.png"}, {"BuilderGridAbsolute": [{"Y": 1, "X": 0, "Z": -2, "Type": "cwc_minecraft_red_rn"}, {"Y": 1, "X": 1, "Z": -2, "Type": "cwc_minecraft_red_rn"}, {"Y": 1, "X": 0, "Z": 0, "Type": "cwc_minecraft_yellow_rn"}, {"Y": 2, "X": 1, "Z": -2, "Type": "cwc_minecraft_red_rn"}, {"Y": 2, "X": 0, "Z": -1, "Type": "cwc_minecraft_yellow_rn"}, {"Y": 3, "X": 1, "Z": -2, "Type": "cwc_minecraft_red_rn"}, {"Y": 3, "X": 0, "Z": -1, "Type": "cwc_minecraft_yellow_rn"}, {"Y": 3, "X": 1, "Z": -1, "Type": "cwc_minecraft_yellow_rn"}], "XPos": -0.32535028021482054, "TimeAlive": 3179, "ZPos": 2.275829083968514, "Timestamp": "2018-04-12 22:43:30", "Yaw": 199.2002, "YPos": 1.2502842294140055, "BuilderGridRelative": [{"Y": 0, "X": 1, "Z": -4, "Type": "cwc_minecraft_red_rn"}, {"Y": 0, "X": 2, "Z": -4, "Type": "cwc_minecraft_red_rn"}, {"Y": 0, "X": 1, "Z": -2, "Type": "cwc_minecraft_yellow_rn"}, {"Y": 1, "X": 2, "Z": -4, "Type": "cwc_minecraft_red_rn"}, {"Y": 1, "X": 1, "Z": -3, "Type": "cwc_minecraft_yellow_rn"}, {"Y": 2, "X": 2, "Z": -4, "Type": "cwc_minecraft_red_rn"}, {"Y": 2, "X": 1, "Z": -3, "Type": "cwc_minecraft_yellow_rn"}, {"Y": 2, "X": 2, "Z": -3, "Type": "cwc_minecraft_yellow_rn"}], "DistanceTravelled": 1628, "BuilderInventory": [{"Index": 0, "Type": "cwc_minecraft_red_rn", "Quantity": 16}, {"Index": 1, "Type": "cwc_minecraft_orange_rn", "Quantity": 20}, {"Index": 2, "Type": "cwc_minecraft_yellow_rn", "Quantity": 16}, {"Index": 3, "Type": "cwc_minecraft_green_rn", "Quantity": 20}, {"Index": 4, "Type": "cwc_minecraft_blue_rn", "Quantity": 20}, {"Index": 5, "Type": "cwc_minecraft_purple_rn", "Quantity": 20}], "Pitch": 40.949974}, {"Timestamp": "2018-04-12 22:43:30", "ScreenshotPath": "140502-Builder-putdown.png"}, {"BuilderGridAbsolute": [{"Y": 1, "X": 0, "Z": -2, "Type": "cwc_minecraft_red_rn"}, {"Y": 1, "X": 1, "Z": -2, "Type": "cwc_minecraft_red_rn"}, {"Y": 2, "X": 1, "Z": -2, "Type": "cwc_minecraft_red_rn"}, {"Y": 2, "X": 0, "Z": -1, "Type": "cwc_minecraft_yellow_rn"}, {"Y": 3, "X": 1, "Z": -2, "Type": "cwc_minecraft_red_rn"}, {"Y": 3, "X": 0, "Z": -1, "Type": "cwc_minecraft_yellow_rn"}, {"Y": 3, "X": 1, "Z": -1, "Type": "cwc_minecraft_yellow_rn"}], "XPos": -0.32535028021482054, "TimeAlive": 3198, "ZPos": 2.275829083968514, "Timestamp": "2018-04-12 22:43:31", "Yaw": 199.2002, "YPos": 1.2502842294140055, "BuilderGridRelative": [{"Y": 0, "X": 1, "Z": -4, "Type": "cwc_minecraft_red_rn"}, {"Y": 0, "X": 2, "Z": -4, "Type": "cwc_minecraft_red_rn"}, {"Y": 1, "X": 2, "Z": -4, "Type": "cwc_minecraft_red_rn"}, {"Y": 1, "X": 1, "Z": -3, "Type": "cwc_minecraft_yellow_rn"}, {"Y": 2, "X": 2, "Z": -4, "Type": "cwc_minecraft_red_rn"}, {"Y": 2, "X": 1, "Z": -3, "Type": "cwc_minecraft_yellow_rn"}, {"Y": 2, "X": 2, "Z": -3, "Type": "cwc_minecraft_yellow_rn"}], "DistanceTravelled": 1628, "BuilderInventory": [{"Index": 0, "Type": "cwc_minecraft_red_rn", "Quantity": 16}, {"Index": 1, "Type": "cwc_minecraft_orange_rn", "Quantity": 20}, {"Index": 2, "Type": "cwc_minecraft_yellow_rn", "Quantity": 17}, {"Index": 3, "Type": "cwc_minecraft_green_rn", "Quantity": 20}, {"Index": 4, "Type": "cwc_minecraft_blue_rn", "Quantity": 20}, {"Index": 5, "Type": "cwc_minecraft_purple_rn", "Quantity": 20}], "Pitch": 38.39998}, {"Timestamp": "2018-04-12 22:43:31", "ScreenshotPath": "141501-Builder-pickup.png"}, {"BuilderGridAbsolute": [{"Y": 1, "X": 0, "Z": -2, "Type": "cwc_minecraft_red_rn"}, {"Y": 1, "X": 1, "Z": -2, "Type": "cwc_minecraft_red_rn"}, {"Y": 1, "X": 0, "Z": -1, "Type": "cwc_minecraft_yellow_rn"}, {"Y": 2, "X": 1, "Z": -2, "Type": "cwc_minecraft_red_rn"}, {"Y": 2, "X": 0, "Z": -1, "Type": "cwc_minecraft_yellow_rn"}, {"Y": 3, "X": 1, "Z": -2, "Type": "cwc_minecraft_red_rn"}, {"Y": 3, "X": 0, "Z": -1, "Type": "cwc_minecraft_yellow_rn"}, {"Y": 3, "X": 1, "Z": -1, "Type": "cwc_minecraft_yellow_rn"}], "XPos": -0.20404821293800007, "TimeAlive": 3227, "ZPos": 1.9274697738916564, "Timestamp": "2018-04-12 22:43:33", "Yaw": 199.2002, "YPos": 1.2502842294140055, "BuilderGridRelative": [{"Y": 0, "X": 1, "Z": -3, "Type": "cwc_minecraft_red_rn"}, {"Y": 0, "X": 2, "Z": -3, "Type": "cwc_minecraft_red_rn"}, {"Y": 0, "X": 1, "Z": -2, "Type": "cwc_minecraft_yellow_rn"}, {"Y": 1, "X": 2, "Z": -3, "Type": "cwc_minecraft_red_rn"}, {"Y": 1, "X": 1, "Z": -2, "Type": "cwc_minecraft_yellow_rn"}, {"Y": 2, "X": 2, "Z": -3, "Type": "cwc_minecraft_red_rn"}, {"Y": 2, "X": 1, "Z": -2, "Type": "cwc_minecraft_yellow_rn"}, {"Y": 2, "X": 2, "Z": -2, "Type": "cwc_minecraft_yellow_rn"}], "DistanceTravelled": 1628, "BuilderInventory": [{"Index": 0, "Type": "cwc_minecraft_red_rn", "Quantity": 16}, {"Index": 1, "Type": "cwc_minecraft_orange_rn", "Quantity": 20}, {"Index": 2, "Type": "cwc_minecraft_yellow_rn", "Quantity": 16}, {"Index": 3, "Type": "cwc_minecraft_green_rn", "Quantity": 20}, {"Index": 4, "Type": "cwc_minecraft_blue_rn", "Quantity": 20}, {"Index": 5, "Type": "cwc_minecraft_purple_rn", "Quantity": 20}], "Pitch": 38.39998}, {"Timestamp": "2018-04-12 22:43:33", "ScreenshotPath": "142901-Builder-putdown.png"}, {"Timestamp": "2018-04-12 22:43:39", "Chat": ["<Architect> looks like we're done!"]}, {"BuilderGridAbsolute": [{"Y": 1, "X": 0, "Z": -2, "Type": "cwc_minecraft_red_rn"}, {"Y": 1, "X": 1, "Z": -2, "Type": "cwc_minecraft_red_rn"}, {"Y": 1, "X": 0, "Z": -1, "Type": "cwc_minecraft_yellow_rn"}, {"Y": 2, "X": 1, "Z": -2, "Type": "cwc_minecraft_red_rn"}, {"Y": 2, "X": 0, "Z": -1, "Type": "cwc_minecraft_yellow_rn"}, {"Y": 3, "X": 1, "Z": -2, "Type": "cwc_minecraft_red_rn"}, {"Y": 3, "X": 0, "Z": -1, "Type": "cwc_minecraft_yellow_rn"}, {"Y": 3, "X": 1, "Z": -1, "Type": "cwc_minecraft_yellow_rn"}], "XPos": -3.2282597503777204, "TimeAlive": 3348, "ZPos": -0.39406851245441366, "Timestamp": "2018-04-12 22:43:39", "Yaw": 260.5503, "YPos": 1.2502842294140055, "ScreenshotPath": "148903-Builder-chat.png", "BuilderGridRelative": [{"Y": 0, "X": 4, "Z": -1, "Type": "cwc_minecraft_red_rn"}, {"Y": 0, "X": 5, "Z": -1, "Type": "cwc_minecraft_red_rn"}, {"Y": 0, "X": 4, "Z": 0, "Type": "cwc_minecraft_yellow_rn"}, {"Y": 1, "X": 5, "Z": -1, "Type": "cwc_minecraft_red_rn"}, {"Y": 1, "X": 4, "Z": 0, "Type": "cwc_minecraft_yellow_rn"}, {"Y": 2, "X": 5, "Z": -1, "Type": "cwc_minecraft_red_rn"}, {"Y": 2, "X": 4, "Z": 0, "Type": "cwc_minecraft_yellow_rn"}, {"Y": 2, "X": 5, "Z": 0, "Type": "cwc_minecraft_yellow_rn"}], "DistanceTravelled": 1628, "BuilderInventory": [{"Index": 0, "Type": "cwc_minecraft_red_rn", "Quantity": 16}, {"Index": 1, "Type": "cwc_minecraft_orange_rn", "Quantity": 20}, {"Index": 2, "Type": "cwc_minecraft_yellow_rn", "Quantity": 16}, {"Index": 3, "Type": "cwc_minecraft_green_rn", "Quantity": 20}, {"Index": 4, "Type": "cwc_minecraft_blue_rn", "Quantity": 20}, {"Index": 5, "Type": "cwc_minecraft_purple_rn", "Quantity": 20}], "Pitch": 13.499985}, {"Timestamp": "2018-04-12 22:43:44", "Chat": ["<Builder> nice"]}, {"BuilderGridAbsolute": [{"Y": 1, "X": 0, "Z": -2, "Type": "cwc_minecraft_red_rn"}, {"Y": 1, "X": 1, "Z": -2, "Type": "cwc_minecraft_red_rn"}, {"Y": 1, "X": 0, "Z": -1, "Type": "cwc_minecraft_yellow_rn"}, {"Y": 2, "X": 1, "Z": -2, "Type": "cwc_minecraft_red_rn"}, {"Y": 2, "X": 0, "Z": -1, "Type": "cwc_minecraft_yellow_rn"}, {"Y": 3, "X": 1, "Z": -2, "Type": "cwc_minecraft_red_rn"}, {"Y": 3, "X": 0, "Z": -1, "Type": "cwc_minecraft_yellow_rn"}, {"Y": 3, "X": 1, "Z": -1, "Type": "cwc_minecraft_yellow_rn"}], "XPos": -3.2282597503777204, "TimeAlive": 3456, "ZPos": -0.39406851245441366, "Timestamp": "2018-04-12 22:43:46", "Yaw": 260.5503, "YPos": 1.2502842294140055, "ScreenshotPath": "154306-Builder-chat.png", "BuilderGridRelative": [{"Y": 0, "X": 4, "Z": -1, "Type": "cwc_minecraft_red_rn"}, {"Y": 0, "X": 5, "Z": -1, "Type": "cwc_minecraft_red_rn"}, {"Y": 0, "X": 4, "Z": 0, "Type": "cwc_minecraft_yellow_rn"}, {"Y": 1, "X": 5, "Z": -1, "Type": "cwc_minecraft_red_rn"}, {"Y": 1, "X": 4, "Z": 0, "Type": "cwc_minecraft_yellow_rn"}, {"Y": 2, "X": 5, "Z": -1, "Type": "cwc_minecraft_red_rn"}, {"Y": 2, "X": 4, "Z": 0, "Type": "cwc_minecraft_yellow_rn"}, {"Y": 2, "X": 5, "Z": 0, "Type": "cwc_minecraft_yellow_rn"}], "DistanceTravelled": 1628, "BuilderInventory": [{"Index": 0, "Type": "cwc_minecraft_red_rn", "Quantity": 16}, {"Index": 1, "Type": "cwc_minecraft_orange_rn", "Quantity": 20}, {"Index": 2, "Type": "cwc_minecraft_yellow_rn", "Quantity": 16}, {"Index": 3, "Type": "cwc_minecraft_green_rn", "Quantity": 20}, {"Index": 4, "Type": "cwc_minecraft_blue_rn", "Quantity": 20}, {"Index": 5, "Type": "cwc_minecraft_purple_rn", "Quantity": 20}], "Pitch": 13.499985}], "NumFixedViewers": 4, "TimeElapsed": 185.14162516593933}