{"WorldStates": [{"Timestamp": "2018-04-12 23:23:36", "Chat": ["<Builder> Mission has started."], "ScreenshotPath": "0-Builder-chat.png"}, {"BuilderGridAbsolute": [], "XPos": 0.0, "TimeAlive": 123, "ZPos": 0.0, "Timestamp": "2018-04-12 23:23:36", "Yaw": 0.0, "YPos": 1.0, "BuilderGridRelative": [], "DistanceTravelled": 0, "BuilderInventory": [{"Index": 0, "Type": "cwc_minecraft_red_rn", "Quantity": 20}, {"Index": 1, "Type": "cwc_minecraft_orange_rn", "Quantity": 20}, {"Index": 2, "Type": "cwc_minecraft_yellow_rn", "Quantity": 20}, {"Index": 3, "Type": "cwc_minecraft_green_rn", "Quantity": 20}, {"Index": 4, "Type": "cwc_minecraft_blue_rn", "Quantity": 20}, {"Index": 5, "Type": "cwc_minecraft_purple_rn", "Quantity": 20}], "Pitch": 0.0}, {"Timestamp": "2018-04-12 23:24:24", "Chat": ["<Architect> ok near them middle and two blocks to the right of the left edge, build a 2 tall and 4 wide red wall"]}, {"BuilderGridAbsolute": [], "XPos": 0.11011570234465132, "TimeAlive": 1091, "ZPos": -4.805728218388774, "Timestamp": "2018-04-12 23:24:24", "Yaw": 0.15004465, "YPos": 1.0, "ScreenshotPath": "48425-Builder-chat.png", "BuilderGridRelative": [], "DistanceTravelled": 857, "BuilderInventory": [{"Index": 0, "Type": "cwc_minecraft_red_rn", "Quantity": 20}, {"Index": 1, "Type": "cwc_minecraft_orange_rn", "Quantity": 20}, {"Index": 2, "Type": "cwc_minecraft_yellow_rn", "Quantity": 20}, {"Index": 3, "Type": "cwc_minecraft_green_rn", "Quantity": 20}, {"Index": 4, "Type": "cwc_minecraft_blue_rn", "Quantity": 20}, {"Index": 5, "Type": "cwc_minecraft_purple_rn", "Quantity": 20}], "Pitch": 16.649881}, {"Timestamp": "2018-04-12 23:24:45", "Chat": ["<Architect> yea right there is fine"]}, {"Timestamp": "2018-04-12 23:24:45", "ScreenshotPath": "69173-Builder-chat.png"}, {"BuilderGridAbsolute": [], "XPos": 3.8214394746625295, "TimeAlive": 1506, "ZPos": -0.9376797653845836, "Timestamp": "2018-04-12 23:24:45", "Yaw": 5.2499695, "YPos": 1.0, "BuilderGridRelative": [], "DistanceTravelled": 1820, "BuilderInventory": [{"Index": 0, "Type": "cwc_minecraft_red_rn", "Quantity": 20}, {"Index": 1, "Type": "cwc_minecraft_orange_rn", "Quantity": 20}, {"Index": 2, "Type": "cwc_minecraft_yellow_rn", "Quantity": 20}, {"Index": 3, "Type": "cwc_minecraft_green_rn", "Quantity": 20}, {"Index": 4, "Type": "cwc_minecraft_blue_rn", "Quantity": 20}, {"Index": 5, "Type": "cwc_minecraft_purple_rn", "Quantity": 20}], "Pitch": 52.649906}, {"BuilderGridAbsolute": [{"Y": 1, "X": 3, "Z": 0, "Type": "cwc_minecraft_red_rn"}], "XPos": 3.8214394746625295, "TimeAlive": 1555, "ZPos": -0.9376797653845836, "Timestamp": "2018-04-12 23:24:47", "Yaw": 5.2499695, "YPos": 1.0, "ScreenshotPath": "71670-Builder-putdown.png", "BuilderGridRelative": [{"Y": 0, "X": 0, "Z": 1, "Type": "cwc_minecraft_red_rn"}], "DistanceTravelled": 1820, "BuilderInventory": [{"Index": 0, "Type": "cwc_minecraft_red_rn", "Quantity": 19}, {"Index": 1, "Type": "cwc_minecraft_orange_rn", "Quantity": 20}, {"Index": 2, "Type": "cwc_minecraft_yellow_rn", "Quantity": 20}, {"Index": 3, "Type": "cwc_minecraft_green_rn", "Quantity": 20}, {"Index": 4, "Type": "cwc_minecraft_blue_rn", "Quantity": 20}, {"Index": 5, "Type": "cwc_minecraft_purple_rn", "Quantity": 20}], "Pitch": 52.649906}, {"BuilderGridAbsolute": [{"Y": 1, "X": 3, "Z": 0, "Type": "cwc_minecraft_red_rn"}, {"Y": 2, "X": 3, "Z": 0, "Type": "cwc_minecraft_red_rn"}], "XPos": 3.182309198453992, "TimeAlive": 1642, "ZPos": -0.9909645367977762, "Timestamp": "2018-04-12 23:24:52", "Yaw": -15.750032, "YPos": 1.0, "BuilderGridRelative": [{"Y": 0, "X": 0, "Z": 1, "Type": "cwc_minecraft_red_rn"}, {"Y": 1, "X": 0, "Z": 1, "Type": "cwc_minecraft_red_rn"}], "DistanceTravelled": 1884, "BuilderInventory": [{"Index": 0, "Type": "cwc_minecraft_red_rn", "Quantity": 18}, {"Index": 1, "Type": "cwc_minecraft_orange_rn", "Quantity": 20}, {"Index": 2, "Type": "cwc_minecraft_yellow_rn", "Quantity": 20}, {"Index": 3, "Type": "cwc_minecraft_green_rn", "Quantity": 20}, {"Index": 4, "Type": "cwc_minecraft_blue_rn", "Quantity": 20}, {"Index": 5, "Type": "cwc_minecraft_purple_rn", "Quantity": 20}], "Pitch": 19.949905}, {"Timestamp": "2018-04-12 23:24:52", "ScreenshotPath": "76020-Builder-putdown.png"}, {"BuilderGridAbsolute": [{"Y": 1, "X": 2, "Z": 0, "Type": "cwc_minecraft_red_rn"}, {"Y": 1, "X": 3, "Z": 0, "Type": "cwc_minecraft_red_rn"}, {"Y": 2, "X": 3, "Z": 0, "Type": "cwc_minecraft_red_rn"}], "XPos": 2.5540567005727484, "TimeAlive": 1679, "ZPos": -0.9924866223107645, "Timestamp": "2018-04-12 23:24:54", "Yaw": -3.7500324, "YPos": 1.0, "ScreenshotPath": "77869-Builder-putdown.png", "BuilderGridRelative": [{"Y": 0, "X": 0, "Z": 1, "Type": "cwc_minecraft_red_rn"}, {"Y": 0, "X": 1, "Z": 1, "Type": "cwc_minecraft_red_rn"}, {"Y": 1, "X": 1, "Z": 1, "Type": "cwc_minecraft_red_rn"}], "DistanceTravelled": 1947, "BuilderInventory": [{"Index": 0, "Type": "cwc_minecraft_red_rn", "Quantity": 17}, {"Index": 1, "Type": "cwc_minecraft_orange_rn", "Quantity": 20}, {"Index": 2, "Type": "cwc_minecraft_yellow_rn", "Quantity": 20}, {"Index": 3, "Type": "cwc_minecraft_green_rn", "Quantity": 20}, {"Index": 4, "Type": "cwc_minecraft_blue_rn", "Quantity": 20}, {"Index": 5, "Type": "cwc_minecraft_purple_rn", "Quantity": 20}], "Pitch": 55.79991}, {"BuilderGridAbsolute": [{"Y": 1, "X": 1, "Z": 0, "Type": "cwc_minecraft_red_rn"}, {"Y": 1, "X": 2, "Z": 0, "Type": "cwc_minecraft_red_rn"}, {"Y": 1, "X": 3, "Z": 0, "Type": "cwc_minecraft_red_rn"}, {"Y": 2, "X": 3, "Z": 0, "Type": "cwc_minecraft_red_rn"}], "XPos": 1.7364051029912027, "TimeAlive": 1696, "ZPos": -1.176708437377203, "Timestamp": "2018-04-12 23:24:54", "Yaw": 10.049969, "YPos": 1.0, "ScreenshotPath": "78719-Builder-putdown.png", "BuilderGridRelative": [{"Y": 0, "X": 0, "Z": 2, "Type": "cwc_minecraft_red_rn"}, {"Y": 0, "X": 1, "Z": 2, "Type": "cwc_minecraft_red_rn"}, {"Y": 0, "X": 2, "Z": 2, "Type": "cwc_minecraft_red_rn"}, {"Y": 1, "X": 2, "Z": 2, "Type": "cwc_minecraft_red_rn"}], "DistanceTravelled": 2031, "BuilderInventory": [{"Index": 0, "Type": "cwc_minecraft_red_rn", "Quantity": 16}, {"Index": 1, "Type": "cwc_minecraft_orange_rn", "Quantity": 20}, {"Index": 2, "Type": "cwc_minecraft_yellow_rn", "Quantity": 20}, {"Index": 3, "Type": "cwc_minecraft_green_rn", "Quantity": 20}, {"Index": 4, "Type": "cwc_minecraft_blue_rn", "Quantity": 20}, {"Index": 5, "Type": "cwc_minecraft_purple_rn", "Quantity": 20}], "Pitch": 48.299915}, {"BuilderGridAbsolute": [{"Y": 1, "X": 0, "Z": 0, "Type": "cwc_minecraft_red_rn"}, {"Y": 1, "X": 1, "Z": 0, "Type": "cwc_minecraft_red_rn"}, {"Y": 1, "X": 2, "Z": 0, "Type": "cwc_minecraft_red_rn"}, {"Y": 1, "X": 3, "Z": 0, "Type": "cwc_minecraft_red_rn"}, {"Y": 2, "X": 3, "Z": 0, "Type": "cwc_minecraft_red_rn"}], "XPos": 1.0995148683481346, "TimeAlive": 1710, "ZPos": -1.3477216717999765, "Timestamp": "2018-04-12 23:24:55", "Yaw": 16.499968, "YPos": 1.0, "ScreenshotPath": "79422-Builder-putdown.png", "BuilderGridRelative": [{"Y": 0, "X": -1, "Z": 2, "Type": "cwc_minecraft_red_rn"}, {"Y": 0, "X": 0, "Z": 2, "Type": "cwc_minecraft_red_rn"}, {"Y": 0, "X": 1, "Z": 2, "Type": "cwc_minecraft_red_rn"}, {"Y": 0, "X": 2, "Z": 2, "Type": "cwc_minecraft_red_rn"}, {"Y": 1, "X": 2, "Z": 2, "Type": "cwc_minecraft_red_rn"}], "DistanceTravelled": 2097, "BuilderInventory": [{"Index": 0, "Type": "cwc_minecraft_red_rn", "Quantity": 15}, {"Index": 1, "Type": "cwc_minecraft_orange_rn", "Quantity": 20}, {"Index": 2, "Type": "cwc_minecraft_yellow_rn", "Quantity": 20}, {"Index": 3, "Type": "cwc_minecraft_green_rn", "Quantity": 20}, {"Index": 4, "Type": "cwc_minecraft_blue_rn", "Quantity": 20}, {"Index": 5, "Type": "cwc_minecraft_purple_rn", "Quantity": 20}], "Pitch": 43.79991}, {"BuilderGridAbsolute": [{"Y": 1, "X": 0, "Z": 0, "Type": "cwc_minecraft_red_rn"}, {"Y": 1, "X": 1, "Z": 0, "Type": "cwc_minecraft_red_rn"}, {"Y": 1, "X": 2, "Z": 0, "Type": "cwc_minecraft_red_rn"}, {"Y": 1, "X": 3, "Z": 0, "Type": "cwc_minecraft_red_rn"}, {"Y": 2, "X": 0, "Z": 0, "Type": "cwc_minecraft_red_rn"}, {"Y": 2, "X": 3, "Z": 0, "Type": "cwc_minecraft_red_rn"}], "XPos": 1.086478499001777, "TimeAlive": 1731, "ZPos": -1.3477216717999765, "Timestamp": "2018-04-12 23:24:56", "Yaw": 11.999965, "YPos": 1.0, "BuilderGridRelative": [{"Y": 0, "X": -1, "Z": 2, "Type": "cwc_minecraft_red_rn"}, {"Y": 0, "X": 0, "Z": 2, "Type": "cwc_minecraft_red_rn"}, {"Y": 0, "X": 1, "Z": 2, "Type": "cwc_minecraft_red_rn"}, {"Y": 0, "X": 2, "Z": 2, "Type": "cwc_minecraft_red_rn"}, {"Y": 1, "X": -1, "Z": 2, "Type": "cwc_minecraft_red_rn"}, {"Y": 1, "X": 2, "Z": 2, "Type": "cwc_minecraft_red_rn"}], "DistanceTravelled": 2098, "BuilderInventory": [{"Index": 0, "Type": "cwc_minecraft_red_rn", "Quantity": 14}, {"Index": 1, "Type": "cwc_minecraft_orange_rn", "Quantity": 20}, {"Index": 2, "Type": "cwc_minecraft_yellow_rn", "Quantity": 20}, {"Index": 3, "Type": "cwc_minecraft_green_rn", "Quantity": 20}, {"Index": 4, "Type": "cwc_minecraft_blue_rn", "Quantity": 20}, {"Index": 5, "Type": "cwc_minecraft_purple_rn", "Quantity": 20}], "Pitch": 21.149912}, {"Timestamp": "2018-04-12 23:24:56", "ScreenshotPath": "80469-Builder-putdown.png"}, {"BuilderGridAbsolute": [{"Y": 1, "X": 0, "Z": 0, "Type": "cwc_minecraft_red_rn"}, {"Y": 1, "X": 1, "Z": 0, "Type": "cwc_minecraft_red_rn"}, {"Y": 1, "X": 2, "Z": 0, "Type": "cwc_minecraft_red_rn"}, {"Y": 1, "X": 3, "Z": 0, "Type": "cwc_minecraft_red_rn"}, {"Y": 2, "X": 0, "Z": 0, "Type": "cwc_minecraft_red_rn"}, {"Y": 2, "X": 1, "Z": 0, "Type": "cwc_minecraft_red_rn"}, {"Y": 2, "X": 3, "Z": 0, "Type": "cwc_minecraft_red_rn"}], "XPos": 1.086478499001777, "TimeAlive": 1745, "ZPos": -1.3477216717999765, "Timestamp": "2018-04-12 23:24:57", "Yaw": -14.250034, "YPos": 1.0, "ScreenshotPath": "81169-Builder-putdown.png", "BuilderGridRelative": [{"Y": 0, "X": -1, "Z": 2, "Type": "cwc_minecraft_red_rn"}, {"Y": 0, "X": 0, "Z": 2, "Type": "cwc_minecraft_red_rn"}, {"Y": 0, "X": 1, "Z": 2, "Type": "cwc_minecraft_red_rn"}, {"Y": 0, "X": 2, "Z": 2, "Type": "cwc_minecraft_red_rn"}, {"Y": 1, "X": -1, "Z": 2, "Type": "cwc_minecraft_red_rn"}, {"Y": 1, "X": 0, "Z": 2, "Type": "cwc_minecraft_red_rn"}, {"Y": 1, "X": 2, "Z": 2, "Type": "cwc_minecraft_red_rn"}], "DistanceTravelled": 2098, "BuilderInventory": [{"Index": 0, "Type": "cwc_minecraft_red_rn", "Quantity": 13}, {"Index": 1, "Type": "cwc_minecraft_orange_rn", "Quantity": 20}, {"Index": 2, "Type": "cwc_minecraft_yellow_rn", "Quantity": 20}, {"Index": 3, "Type": "cwc_minecraft_green_rn", "Quantity": 20}, {"Index": 4, "Type": "cwc_minecraft_blue_rn", "Quantity": 20}, {"Index": 5, "Type": "cwc_minecraft_purple_rn", "Quantity": 20}], "Pitch": 17.399912}, {"BuilderGridAbsolute": [{"Y": 1, "X": 0, "Z": 0, "Type": "cwc_minecraft_red_rn"}, {"Y": 1, "X": 1, "Z": 0, "Type": "cwc_minecraft_red_rn"}, {"Y": 1, "X": 2, "Z": 0, "Type": "cwc_minecraft_red_rn"}, {"Y": 1, "X": 3, "Z": 0, "Type": "cwc_minecraft_red_rn"}, {"Y": 2, "X": 0, "Z": 0, "Type": "cwc_minecraft_red_rn"}, {"Y": 2, "X": 1, "Z": 0, "Type": "cwc_minecraft_red_rn"}, {"Y": 2, "X": 2, "Z": 0, "Type": "cwc_minecraft_red_rn"}, {"Y": 2, "X": 3, "Z": 0, "Type": "cwc_minecraft_red_rn"}], "XPos": 1.086478499001777, "TimeAlive": 1761, "ZPos": -1.3477216717999765, "Timestamp": "2018-04-12 23:24:57", "Yaw": -39.45004, "YPos": 1.0, "BuilderGridRelative": [{"Y": 0, "X": -1, "Z": 2, "Type": "cwc_minecraft_red_rn"}, {"Y": 0, "X": 0, "Z": 2, "Type": "cwc_minecraft_red_rn"}, {"Y": 0, "X": 1, "Z": 2, "Type": "cwc_minecraft_red_rn"}, {"Y": 0, "X": 2, "Z": 2, "Type": "cwc_minecraft_red_rn"}, {"Y": 1, "X": -1, "Z": 2, "Type": "cwc_minecraft_red_rn"}, {"Y": 1, "X": 0, "Z": 2, "Type": "cwc_minecraft_red_rn"}, {"Y": 1, "X": 1, "Z": 2, "Type": "cwc_minecraft_red_rn"}, {"Y": 1, "X": 2, "Z": 2, "Type": "cwc_minecraft_red_rn"}], "DistanceTravelled": 2098, "BuilderInventory": [{"Index": 0, "Type": "cwc_minecraft_red_rn", "Quantity": 12}, {"Index": 1, "Type": "cwc_minecraft_orange_rn", "Quantity": 20}, {"Index": 2, "Type": "cwc_minecraft_yellow_rn", "Quantity": 20}, {"Index": 3, "Type": "cwc_minecraft_green_rn", "Quantity": 20}, {"Index": 4, "Type": "cwc_minecraft_blue_rn", "Quantity": 20}, {"Index": 5, "Type": "cwc_minecraft_purple_rn", "Quantity": 20}], "Pitch": 14.549913}, {"Timestamp": "2018-04-12 23:24:58", "ScreenshotPath": "81970-Builder-putdown.png"}, {"Timestamp": "2018-04-12 23:25:16", "Chat": ["<Architect> break the top left corner and the 2nd bottom block from the right"], "ScreenshotPath": "99917-Builder-chat.png"}, {"BuilderGridAbsolute": [{"Y": 1, "X": 0, "Z": 0, "Type": "cwc_minecraft_red_rn"}, {"Y": 1, "X": 1, "Z": 0, "Type": "cwc_minecraft_red_rn"}, {"Y": 1, "X": 2, "Z": 0, "Type": "cwc_minecraft_red_rn"}, {"Y": 1, "X": 3, "Z": 0, "Type": "cwc_minecraft_red_rn"}, {"Y": 2, "X": 0, "Z": 0, "Type": "cwc_minecraft_red_rn"}, {"Y": 2, "X": 1, "Z": 0, "Type": "cwc_minecraft_red_rn"}, {"Y": 2, "X": 2, "Z": 0, "Type": "cwc_minecraft_red_rn"}, {"Y": 2, "X": 3, "Z": 0, "Type": "cwc_minecraft_red_rn"}], "XPos": 3.018038956775915, "TimeAlive": 2121, "ZPos": -4.646247306269772, "Timestamp": "2018-04-12 23:25:16", "Yaw": 3.4499574, "YPos": 1.0, "BuilderGridRelative": [{"Y": 0, "X": -3, "Z": 5, "Type": "cwc_minecraft_red_rn"}, {"Y": 0, "X": -2, "Z": 5, "Type": "cwc_minecraft_red_rn"}, {"Y": 0, "X": -1, "Z": 5, "Type": "cwc_minecraft_red_rn"}, {"Y": 0, "X": 0, "Z": 5, "Type": "cwc_minecraft_red_rn"}, {"Y": 1, "X": -3, "Z": 5, "Type": "cwc_minecraft_red_rn"}, {"Y": 1, "X": -2, "Z": 5, "Type": "cwc_minecraft_red_rn"}, {"Y": 1, "X": -1, "Z": 5, "Type": "cwc_minecraft_red_rn"}, {"Y": 1, "X": 0, "Z": 5, "Type": "cwc_minecraft_red_rn"}], "DistanceTravelled": 2824, "BuilderInventory": [{"Index": 0, "Type": "cwc_minecraft_red_rn", "Quantity": 12}, {"Index": 1, "Type": "cwc_minecraft_orange_rn", "Quantity": 20}, {"Index": 2, "Type": "cwc_minecraft_yellow_rn", "Quantity": 20}, {"Index": 3, "Type": "cwc_minecraft_green_rn", "Quantity": 20}, {"Index": 4, "Type": "cwc_minecraft_blue_rn", "Quantity": 20}, {"Index": 5, "Type": "cwc_minecraft_purple_rn", "Quantity": 20}], "Pitch": 11.699908}, {"BuilderGridAbsolute": [{"Y": 1, "X": 0, "Z": 0, "Type": "cwc_minecraft_red_rn"}, {"Y": 1, "X": 1, "Z": 0, "Type": "cwc_minecraft_red_rn"}, {"Y": 1, "X": 2, "Z": 0, "Type": "cwc_minecraft_red_rn"}, {"Y": 1, "X": 3, "Z": 0, "Type": "cwc_minecraft_red_rn"}, {"Y": 2, "X": 0, "Z": 0, "Type": "cwc_minecraft_red_rn"}, {"Y": 2, "X": 1, "Z": 0, "Type": "cwc_minecraft_red_rn"}, {"Y": 2, "X": 2, "Z": 0, "Type": "cwc_minecraft_red_rn"}], "XPos": 3.710628490042563, "TimeAlive": 2227, "ZPos": -2.259694391447968, "Timestamp": "2018-04-12 23:25:21", "Yaw": 2.549957, "YPos": 1.0, "BuilderGridRelative": [{"Y": 0, "X": -3, "Z": 3, "Type": "cwc_minecraft_red_rn"}, {"Y": 0, "X": -2, "Z": 3, "Type": "cwc_minecraft_red_rn"}, {"Y": 0, "X": -1, "Z": 3, "Type": "cwc_minecraft_red_rn"}, {"Y": 0, "X": 0, "Z": 3, "Type": "cwc_minecraft_red_rn"}, {"Y": 1, "X": -3, "Z": 3, "Type": "cwc_minecraft_red_rn"}, {"Y": 1, "X": -2, "Z": 3, "Type": "cwc_minecraft_red_rn"}, {"Y": 1, "X": -1, "Z": 3, "Type": "cwc_minecraft_red_rn"}], "DistanceTravelled": 3197, "BuilderInventory": [{"Index": 0, "Type": "cwc_minecraft_red_rn", "Quantity": 13}, {"Index": 1, "Type": "cwc_minecraft_orange_rn", "Quantity": 20}, {"Index": 2, "Type": "cwc_minecraft_yellow_rn", "Quantity": 20}, {"Index": 3, "Type": "cwc_minecraft_green_rn", "Quantity": 20}, {"Index": 4, "Type": "cwc_minecraft_blue_rn", "Quantity": 20}, {"Index": 5, "Type": "cwc_minecraft_purple_rn", "Quantity": 20}], "Pitch": 7.349908}, {"Timestamp": "2018-04-12 23:25:21", "ScreenshotPath": "105315-Builder-pickup.png"}, {"BuilderGridAbsolute": [{"Y": 1, "X": 0, "Z": 0, "Type": "cwc_minecraft_red_rn"}, {"Y": 1, "X": 2, "Z": 0, "Type": "cwc_minecraft_red_rn"}, {"Y": 1, "X": 3, "Z": 0, "Type": "cwc_minecraft_red_rn"}, {"Y": 2, "X": 0, "Z": 0, "Type": "cwc_minecraft_red_rn"}, {"Y": 2, "X": 1, "Z": 0, "Type": "cwc_minecraft_red_rn"}, {"Y": 2, "X": 2, "Z": 0, "Type": "cwc_minecraft_red_rn"}], "XPos": 2.293070696366792, "TimeAlive": 2266, "ZPos": -2.6209806694897435, "Timestamp": "2018-04-12 23:25:23", "Yaw": 13.799956, "YPos": 1.0, "BuilderGridRelative": [{"Y": 0, "X": -2, "Z": 3, "Type": "cwc_minecraft_red_rn"}, {"Y": 0, "X": 0, "Z": 3, "Type": "cwc_minecraft_red_rn"}, {"Y": 0, "X": 1, "Z": 3, "Type": "cwc_minecraft_red_rn"}, {"Y": 1, "X": -2, "Z": 3, "Type": "cwc_minecraft_red_rn"}, {"Y": 1, "X": -1, "Z": 3, "Type": "cwc_minecraft_red_rn"}, {"Y": 1, "X": 0, "Z": 3, "Type": "cwc_minecraft_red_rn"}], "DistanceTravelled": 3465, "BuilderInventory": [{"Index": 0, "Type": "cwc_minecraft_red_rn", "Quantity": 14}, {"Index": 1, "Type": "cwc_minecraft_orange_rn", "Quantity": 20}, {"Index": 2, "Type": "cwc_minecraft_yellow_rn", "Quantity": 20}, {"Index": 3, "Type": "cwc_minecraft_green_rn", "Quantity": 20}, {"Index": 4, "Type": "cwc_minecraft_blue_rn", "Quantity": 20}, {"Index": 5, "Type": "cwc_minecraft_purple_rn", "Quantity": 20}], "Pitch": 25.499903}, {"Timestamp": "2018-04-12 23:25:23", "ScreenshotPath": "107265-Builder-pickup.png"}, {"Timestamp": "2018-04-12 23:25:46", "Chat": ["<Architect> then put a column of two blue blocks next to the right side of the wall"]}, {"BuilderGridAbsolute": [{"Y": 1, "X": 0, "Z": 0, "Type": "cwc_minecraft_red_rn"}, {"Y": 1, "X": 2, "Z": 0, "Type": "cwc_minecraft_red_rn"}, {"Y": 1, "X": 3, "Z": 0, "Type": "cwc_minecraft_red_rn"}, {"Y": 2, "X": 0, "Z": 0, "Type": "cwc_minecraft_red_rn"}, {"Y": 2, "X": 1, "Z": 0, "Type": "cwc_minecraft_red_rn"}, {"Y": 2, "X": 2, "Z": 0, "Type": "cwc_minecraft_red_rn"}], "XPos": 2.1775197940515745, "TimeAlive": 2734, "ZPos": -3.9299839499099356, "Timestamp": "2018-04-12 23:25:46", "Yaw": -2.250039, "YPos": 1.0, "ScreenshotPath": "130578-Builder-chat.png", "BuilderGridRelative": [{"Y": 0, "X": -2, "Z": 4, "Type": "cwc_minecraft_red_rn"}, {"Y": 0, "X": 0, "Z": 4, "Type": "cwc_minecraft_red_rn"}, {"Y": 0, "X": 1, "Z": 4, "Type": "cwc_minecraft_red_rn"}, {"Y": 1, "X": -2, "Z": 4, "Type": "cwc_minecraft_red_rn"}, {"Y": 1, "X": -1, "Z": 4, "Type": "cwc_minecraft_red_rn"}, {"Y": 1, "X": 0, "Z": 4, "Type": "cwc_minecraft_red_rn"}], "DistanceTravelled": 3635, "BuilderInventory": [{"Index": 0, "Type": "cwc_minecraft_red_rn", "Quantity": 14}, {"Index": 1, "Type": "cwc_minecraft_orange_rn", "Quantity": 20}, {"Index": 2, "Type": "cwc_minecraft_yellow_rn", "Quantity": 20}, {"Index": 3, "Type": "cwc_minecraft_green_rn", "Quantity": 20}, {"Index": 4, "Type": "cwc_minecraft_blue_rn", "Quantity": 20}, {"Index": 5, "Type": "cwc_minecraft_purple_rn", "Quantity": 20}], "Pitch": 8.9999075}, {"BuilderGridAbsolute": [{"Y": 1, "X": -1, "Z": 0, "Type": "cwc_minecraft_blue_rn"}, {"Y": 1, "X": 0, "Z": 0, "Type": "cwc_minecraft_red_rn"}, {"Y": 1, "X": 2, "Z": 0, "Type": "cwc_minecraft_red_rn"}, {"Y": 1, "X": 3, "Z": 0, "Type": "cwc_minecraft_red_rn"}, {"Y": 2, "X": 0, "Z": 0, "Type": "cwc_minecraft_red_rn"}, {"Y": 2, "X": 1, "Z": 0, "Type": "cwc_minecraft_red_rn"}, {"Y": 2, "X": 2, "Z": 0, "Type": "cwc_minecraft_red_rn"}], "XPos": -0.4453747711012443, "TimeAlive": 2930, "ZPos": -1.962680287324527, "Timestamp": "2018-04-12 23:25:56", "Yaw": -1.9500386, "YPos": 1.0, "BuilderGridRelative": [{"Y": 0, "X": 0, "Z": 2, "Type": "cwc_minecraft_blue_rn"}, {"Y": 0, "X": 1, "Z": 2, "Type": "cwc_minecraft_red_rn"}, {"Y": 0, "X": 3, "Z": 2, "Type": "cwc_minecraft_red_rn"}, {"Y": 0, "X": 4, "Z": 2, "Type": "cwc_minecraft_red_rn"}, {"Y": 1, "X": 1, "Z": 2, "Type": "cwc_minecraft_red_rn"}, {"Y": 1, "X": 2, "Z": 2, "Type": "cwc_minecraft_red_rn"}, {"Y": 1, "X": 3, "Z": 2, "Type": "cwc_minecraft_red_rn"}], "DistanceTravelled": 4068, "BuilderInventory": [{"Index": 0, "Type": "cwc_minecraft_red_rn", "Quantity": 14}, {"Index": 1, "Type": "cwc_minecraft_orange_rn", "Quantity": 20}, {"Index": 2, "Type": "cwc_minecraft_yellow_rn", "Quantity": 20}, {"Index": 3, "Type": "cwc_minecraft_green_rn", "Quantity": 20}, {"Index": 4, "Type": "cwc_minecraft_blue_rn", "Quantity": 19}, {"Index": 5, "Type": "cwc_minecraft_purple_rn", "Quantity": 20}], "Pitch": 33.4499}, {"Timestamp": "2018-04-12 23:25:56", "ScreenshotPath": "140426-Builder-putdown.png"}, {"BuilderGridAbsolute": [{"Y": 1, "X": -1, "Z": 0, "Type": "cwc_minecraft_blue_rn"}, {"Y": 1, "X": 0, "Z": 0, "Type": "cwc_minecraft_red_rn"}, {"Y": 1, "X": 2, "Z": 0, "Type": "cwc_minecraft_red_rn"}, {"Y": 1, "X": 3, "Z": 0, "Type": "cwc_minecraft_red_rn"}, {"Y": 2, "X": -1, "Z": 0, "Type": "cwc_minecraft_blue_rn"}, {"Y": 2, "X": 0, "Z": 0, "Type": "cwc_minecraft_red_rn"}, {"Y": 2, "X": 1, "Z": 0, "Type": "cwc_minecraft_red_rn"}, {"Y": 2, "X": 2, "Z": 0, "Type": "cwc_minecraft_red_rn"}], "XPos": -0.45547531709023076, "TimeAlive": 2949, "ZPos": -1.9583077141382543, "Timestamp": "2018-04-12 23:25:57", "Yaw": 0.44996133, "YPos": 1.0, "BuilderGridRelative": [{"Y": 0, "X": 0, "Z": 2, "Type": "cwc_minecraft_blue_rn"}, {"Y": 0, "X": 1, "Z": 2, "Type": "cwc_minecraft_red_rn"}, {"Y": 0, "X": 3, "Z": 2, "Type": "cwc_minecraft_red_rn"}, {"Y": 0, "X": 4, "Z": 2, "Type": "cwc_minecraft_red_rn"}, {"Y": 1, "X": 0, "Z": 2, "Type": "cwc_minecraft_blue_rn"}, {"Y": 1, "X": 1, "Z": 2, "Type": "cwc_minecraft_red_rn"}, {"Y": 1, "X": 2, "Z": 2, "Type": "cwc_minecraft_red_rn"}, {"Y": 1, "X": 3, "Z": 2, "Type": "cwc_minecraft_red_rn"}], "DistanceTravelled": 4069, "BuilderInventory": [{"Index": 0, "Type": "cwc_minecraft_red_rn", "Quantity": 14}, {"Index": 1, "Type": "cwc_minecraft_orange_rn", "Quantity": 20}, {"Index": 2, "Type": "cwc_minecraft_yellow_rn", "Quantity": 20}, {"Index": 3, "Type": "cwc_minecraft_green_rn", "Quantity": 20}, {"Index": 4, "Type": "cwc_minecraft_blue_rn", "Quantity": 18}, {"Index": 5, "Type": "cwc_minecraft_purple_rn", "Quantity": 20}], "Pitch": 13.649902}, {"Timestamp": "2018-04-12 23:25:57", "ScreenshotPath": "141376-Builder-putdown.png"}, {"Timestamp": "2018-04-12 23:26:17", "Chat": ["<Architect> then build a 2 tall and 4 wide wall of blue blocks towards you"]}, {"BuilderGridAbsolute": [{"Y": 1, "X": -1, "Z": 0, "Type": "cwc_minecraft_blue_rn"}, {"Y": 1, "X": 0, "Z": 0, "Type": "cwc_minecraft_red_rn"}, {"Y": 1, "X": 2, "Z": 0, "Type": "cwc_minecraft_red_rn"}, {"Y": 1, "X": 3, "Z": 0, "Type": "cwc_minecraft_red_rn"}, {"Y": 2, "X": -1, "Z": 0, "Type": "cwc_minecraft_blue_rn"}, {"Y": 2, "X": 0, "Z": 0, "Type": "cwc_minecraft_red_rn"}, {"Y": 2, "X": 1, "Z": 0, "Type": "cwc_minecraft_red_rn"}, {"Y": 2, "X": 2, "Z": 0, "Type": "cwc_minecraft_red_rn"}], "XPos": 1.0500041436033283, "TimeAlive": 3351, "ZPos": -4.3368645988157315, "Timestamp": "2018-04-12 23:26:17", "Yaw": 1.3499595, "YPos": 1.0, "ScreenshotPath": "161423-Builder-chat.png", "BuilderGridRelative": [{"Y": 0, "X": -2, "Z": 5, "Type": "cwc_minecraft_blue_rn"}, {"Y": 0, "X": -1, "Z": 5, "Type": "cwc_minecraft_red_rn"}, {"Y": 0, "X": 1, "Z": 5, "Type": "cwc_minecraft_red_rn"}, {"Y": 0, "X": 2, "Z": 5, "Type": "cwc_minecraft_red_rn"}, {"Y": 1, "X": -2, "Z": 5, "Type": "cwc_minecraft_blue_rn"}, {"Y": 1, "X": -1, "Z": 5, "Type": "cwc_minecraft_red_rn"}, {"Y": 1, "X": 0, "Z": 5, "Type": "cwc_minecraft_red_rn"}, {"Y": 1, "X": 1, "Z": 5, "Type": "cwc_minecraft_red_rn"}], "DistanceTravelled": 4457, "BuilderInventory": [{"Index": 0, "Type": "cwc_minecraft_red_rn", "Quantity": 14}, {"Index": 1, "Type": "cwc_minecraft_orange_rn", "Quantity": 20}, {"Index": 2, "Type": "cwc_minecraft_yellow_rn", "Quantity": 20}, {"Index": 3, "Type": "cwc_minecraft_green_rn", "Quantity": 20}, {"Index": 4, "Type": "cwc_minecraft_blue_rn", "Quantity": 18}, {"Index": 5, "Type": "cwc_minecraft_purple_rn", "Quantity": 20}], "Pitch": 30.7499}, {"Timestamp": "2018-04-12 23:26:25", "Chat": ["<Architect> not including the two you just put down"]}, {"BuilderGridAbsolute": [{"Y": 1, "X": -1, "Z": 0, "Type": "cwc_minecraft_blue_rn"}, {"Y": 1, "X": 0, "Z": 0, "Type": "cwc_minecraft_red_rn"}, {"Y": 1, "X": 2, "Z": 0, "Type": "cwc_minecraft_red_rn"}, {"Y": 1, "X": 3, "Z": 0, "Type": "cwc_minecraft_red_rn"}, {"Y": 2, "X": -1, "Z": 0, "Type": "cwc_minecraft_blue_rn"}, {"Y": 2, "X": 0, "Z": 0, "Type": "cwc_minecraft_red_rn"}, {"Y": 2, "X": 1, "Z": 0, "Type": "cwc_minecraft_red_rn"}, {"Y": 2, "X": 2, "Z": 0, "Type": "cwc_minecraft_red_rn"}], "XPos": -0.36471975522864314, "TimeAlive": 3509, "ZPos": -4.100179007506736, "Timestamp": "2018-04-12 23:26:25", "Yaw": 1.4999596, "YPos": 1.0, "ScreenshotPath": "169323-Builder-chat.png", "BuilderGridRelative": [{"Y": 0, "X": 0, "Z": 5, "Type": "cwc_minecraft_blue_rn"}, {"Y": 0, "X": 1, "Z": 5, "Type": "cwc_minecraft_red_rn"}, {"Y": 0, "X": 3, "Z": 5, "Type": "cwc_minecraft_red_rn"}, {"Y": 0, "X": 4, "Z": 5, "Type": "cwc_minecraft_red_rn"}, {"Y": 1, "X": 0, "Z": 5, "Type": "cwc_minecraft_blue_rn"}, {"Y": 1, "X": 1, "Z": 5, "Type": "cwc_minecraft_red_rn"}, {"Y": 1, "X": 2, "Z": 5, "Type": "cwc_minecraft_red_rn"}, {"Y": 1, "X": 3, "Z": 5, "Type": "cwc_minecraft_red_rn"}], "DistanceTravelled": 4841, "BuilderInventory": [{"Index": 0, "Type": "cwc_minecraft_red_rn", "Quantity": 14}, {"Index": 1, "Type": "cwc_minecraft_orange_rn", "Quantity": 20}, {"Index": 2, "Type": "cwc_minecraft_yellow_rn", "Quantity": 20}, {"Index": 3, "Type": "cwc_minecraft_green_rn", "Quantity": 20}, {"Index": 4, "Type": "cwc_minecraft_blue_rn", "Quantity": 18}, {"Index": 5, "Type": "cwc_minecraft_purple_rn", "Quantity": 20}], "Pitch": 27.149895}, {"Timestamp": "2018-04-12 23:26:28", "Chat": ["<Architect> put connected to them"]}, {"BuilderGridAbsolute": [{"Y": 1, "X": -1, "Z": 0, "Type": "cwc_minecraft_blue_rn"}, {"Y": 1, "X": 0, "Z": 0, "Type": "cwc_minecraft_red_rn"}, {"Y": 1, "X": 2, "Z": 0, "Type": "cwc_minecraft_red_rn"}, {"Y": 1, "X": 3, "Z": 0, "Type": "cwc_minecraft_red_rn"}, {"Y": 2, "X": -1, "Z": 0, "Type": "cwc_minecraft_blue_rn"}, {"Y": 2, "X": 0, "Z": 0, "Type": "cwc_minecraft_red_rn"}, {"Y": 2, "X": 1, "Z": 0, "Type": "cwc_minecraft_red_rn"}, {"Y": 2, "X": 2, "Z": 0, "Type": "cwc_minecraft_red_rn"}], "XPos": -0.36471975522864314, "TimeAlive": 3582, "ZPos": -4.100179007506736, "Timestamp": "2018-04-12 23:26:29", "Yaw": 1.4999596, "YPos": 1.0, "ScreenshotPath": "172972-Builder-chat.png", "BuilderGridRelative": [{"Y": 0, "X": 0, "Z": 5, "Type": "cwc_minecraft_blue_rn"}, {"Y": 0, "X": 1, "Z": 5, "Type": "cwc_minecraft_red_rn"}, {"Y": 0, "X": 3, "Z": 5, "Type": "cwc_minecraft_red_rn"}, {"Y": 0, "X": 4, "Z": 5, "Type": "cwc_minecraft_red_rn"}, {"Y": 1, "X": 0, "Z": 5, "Type": "cwc_minecraft_blue_rn"}, {"Y": 1, "X": 1, "Z": 5, "Type": "cwc_minecraft_red_rn"}, {"Y": 1, "X": 2, "Z": 5, "Type": "cwc_minecraft_red_rn"}, {"Y": 1, "X": 3, "Z": 5, "Type": "cwc_minecraft_red_rn"}], "DistanceTravelled": 4841, "BuilderInventory": [{"Index": 0, "Type": "cwc_minecraft_red_rn", "Quantity": 14}, {"Index": 1, "Type": "cwc_minecraft_orange_rn", "Quantity": 20}, {"Index": 2, "Type": "cwc_minecraft_yellow_rn", "Quantity": 20}, {"Index": 3, "Type": "cwc_minecraft_green_rn", "Quantity": 20}, {"Index": 4, "Type": "cwc_minecraft_blue_rn", "Quantity": 18}, {"Index": 5, "Type": "cwc_minecraft_purple_rn", "Quantity": 20}], "Pitch": 27.149895}, {"BuilderGridAbsolute": [{"Y": 1, "X": -1, "Z": -1, "Type": "cwc_minecraft_blue_rn"}, {"Y": 1, "X": -1, "Z": 0, "Type": "cwc_minecraft_blue_rn"}, {"Y": 1, "X": 0, "Z": 0, "Type": "cwc_minecraft_red_rn"}, {"Y": 1, "X": 2, "Z": 0, "Type": "cwc_minecraft_red_rn"}, {"Y": 1, "X": 3, "Z": 0, "Type": "cwc_minecraft_red_rn"}, {"Y": 2, "X": -1, "Z": 0, "Type": "cwc_minecraft_blue_rn"}, {"Y": 2, "X": 0, "Z": 0, "Type": "cwc_minecraft_red_rn"}, {"Y": 2, "X": 1, "Z": 0, "Type": "cwc_minecraft_red_rn"}, {"Y": 2, "X": 2, "Z": 0, "Type": "cwc_minecraft_red_rn"}], "XPos": -0.36471975522864314, "TimeAlive": 3823, "ZPos": -4.100179007506736, "Timestamp": "2018-04-12 23:26:41", "Yaw": 1.4999596, "YPos": 1.0, "BuilderGridRelative": [{"Y": 0, "X": 0, "Z": 4, "Type": "cwc_minecraft_blue_rn"}, {"Y": 0, "X": 0, "Z": 5, "Type": "cwc_minecraft_blue_rn"}, {"Y": 0, "X": 1, "Z": 5, "Type": "cwc_minecraft_red_rn"}, {"Y": 0, "X": 3, "Z": 5, "Type": "cwc_minecraft_red_rn"}, {"Y": 0, "X": 4, "Z": 5, "Type": "cwc_minecraft_red_rn"}, {"Y": 1, "X": 0, "Z": 5, "Type": "cwc_minecraft_blue_rn"}, {"Y": 1, "X": 1, "Z": 5, "Type": "cwc_minecraft_red_rn"}, {"Y": 1, "X": 2, "Z": 5, "Type": "cwc_minecraft_red_rn"}, {"Y": 1, "X": 3, "Z": 5, "Type": "cwc_minecraft_red_rn"}], "DistanceTravelled": 4841, "BuilderInventory": [{"Index": 0, "Type": "cwc_minecraft_red_rn", "Quantity": 14}, {"Index": 1, "Type": "cwc_minecraft_orange_rn", "Quantity": 20}, {"Index": 2, "Type": "cwc_minecraft_yellow_rn", "Quantity": 20}, {"Index": 3, "Type": "cwc_minecraft_green_rn", "Quantity": 20}, {"Index": 4, "Type": "cwc_minecraft_blue_rn", "Quantity": 17}, {"Index": 5, "Type": "cwc_minecraft_purple_rn", "Quantity": 20}], "Pitch": 27.149895}, {"Timestamp": "2018-04-12 23:26:41", "ScreenshotPath": "185071-Builder-putdown.png"}, {"BuilderGridAbsolute": [{"Y": 1, "X": -1, "Z": -2, "Type": "cwc_minecraft_blue_rn"}, {"Y": 1, "X": -1, "Z": -1, "Type": "cwc_minecraft_blue_rn"}, {"Y": 1, "X": -1, "Z": 0, "Type": "cwc_minecraft_blue_rn"}, {"Y": 1, "X": 0, "Z": 0, "Type": "cwc_minecraft_red_rn"}, {"Y": 1, "X": 2, "Z": 0, "Type": "cwc_minecraft_red_rn"}, {"Y": 1, "X": 3, "Z": 0, "Type": "cwc_minecraft_red_rn"}, {"Y": 2, "X": -1, "Z": 0, "Type": "cwc_minecraft_blue_rn"}, {"Y": 2, "X": 0, "Z": 0, "Type": "cwc_minecraft_red_rn"}, {"Y": 2, "X": 1, "Z": 0, "Type": "cwc_minecraft_red_rn"}, {"Y": 2, "X": 2, "Z": 0, "Type": "cwc_minecraft_red_rn"}], "XPos": -0.36471975522864314, "TimeAlive": 3842, "ZPos": -4.100179007506736, "Timestamp": "2018-04-12 23:26:42", "Yaw": 1.3499596, "YPos": 1.0, "BuilderGridRelative": [{"Y": 0, "X": 0, "Z": 3, "Type": "cwc_minecraft_blue_rn"}, {"Y": 0, "X": 0, "Z": 4, "Type": "cwc_minecraft_blue_rn"}, {"Y": 0, "X": 0, "Z": 5, "Type": "cwc_minecraft_blue_rn"}, {"Y": 0, "X": 1, "Z": 5, "Type": "cwc_minecraft_red_rn"}, {"Y": 0, "X": 3, "Z": 5, "Type": "cwc_minecraft_red_rn"}, {"Y": 0, "X": 4, "Z": 5, "Type": "cwc_minecraft_red_rn"}, {"Y": 1, "X": 0, "Z": 5, "Type": "cwc_minecraft_blue_rn"}, {"Y": 1, "X": 1, "Z": 5, "Type": "cwc_minecraft_red_rn"}, {"Y": 1, "X": 2, "Z": 5, "Type": "cwc_minecraft_red_rn"}, {"Y": 1, "X": 3, "Z": 5, "Type": "cwc_minecraft_red_rn"}], "DistanceTravelled": 4841, "BuilderInventory": [{"Index": 0, "Type": "cwc_minecraft_red_rn", "Quantity": 14}, {"Index": 1, "Type": "cwc_minecraft_orange_rn", "Quantity": 20}, {"Index": 2, "Type": "cwc_minecraft_yellow_rn", "Quantity": 20}, {"Index": 3, "Type": "cwc_minecraft_green_rn", "Quantity": 20}, {"Index": 4, "Type": "cwc_minecraft_blue_rn", "Quantity": 16}, {"Index": 5, "Type": "cwc_minecraft_purple_rn", "Quantity": 20}], "Pitch": 28.499891}, {"Timestamp": "2018-04-12 23:26:42", "ScreenshotPath": "186020-Builder-putdown.png"}, {"BuilderGridAbsolute": [{"Y": 1, "X": -1, "Z": -3, "Type": "cwc_minecraft_blue_rn"}, {"Y": 1, "X": -1, "Z": -2, "Type": "cwc_minecraft_blue_rn"}, {"Y": 1, "X": -1, "Z": -1, "Type": "cwc_minecraft_blue_rn"}, {"Y": 1, "X": -1, "Z": 0, "Type": "cwc_minecraft_blue_rn"}, {"Y": 1, "X": 0, "Z": 0, "Type": "cwc_minecraft_red_rn"}, {"Y": 1, "X": 2, "Z": 0, "Type": "cwc_minecraft_red_rn"}, {"Y": 1, "X": 3, "Z": 0, "Type": "cwc_minecraft_red_rn"}, {"Y": 2, "X": -1, "Z": 0, "Type": "cwc_minecraft_blue_rn"}, {"Y": 2, "X": 0, "Z": 0, "Type": "cwc_minecraft_red_rn"}, {"Y": 2, "X": 1, "Z": 0, "Type": "cwc_minecraft_red_rn"}, {"Y": 2, "X": 2, "Z": 0, "Type": "cwc_minecraft_red_rn"}], "XPos": -0.36471975522864314, "TimeAlive": 3859, "ZPos": -4.100179007506736, "Timestamp": "2018-04-12 23:26:43", "Yaw": 1.6499597, "YPos": 1.0, "ScreenshotPath": "186873-Builder-putdown.png", "BuilderGridRelative": [{"Y": 0, "X": 0, "Z": 2, "Type": "cwc_minecraft_blue_rn"}, {"Y": 0, "X": 0, "Z": 3, "Type": "cwc_minecraft_blue_rn"}, {"Y": 0, "X": 0, "Z": 4, "Type": "cwc_minecraft_blue_rn"}, {"Y": 0, "X": 0, "Z": 5, "Type": "cwc_minecraft_blue_rn"}, {"Y": 0, "X": 1, "Z": 5, "Type": "cwc_minecraft_red_rn"}, {"Y": 0, "X": 3, "Z": 5, "Type": "cwc_minecraft_red_rn"}, {"Y": 0, "X": 4, "Z": 5, "Type": "cwc_minecraft_red_rn"}, {"Y": 1, "X": 0, "Z": 5, "Type": "cwc_minecraft_blue_rn"}, {"Y": 1, "X": 1, "Z": 5, "Type": "cwc_minecraft_red_rn"}, {"Y": 1, "X": 2, "Z": 5, "Type": "cwc_minecraft_red_rn"}, {"Y": 1, "X": 3, "Z": 5, "Type": "cwc_minecraft_red_rn"}], "DistanceTravelled": 4841, "BuilderInventory": [{"Index": 0, "Type": "cwc_minecraft_red_rn", "Quantity": 14}, {"Index": 1, "Type": "cwc_minecraft_orange_rn", "Quantity": 20}, {"Index": 2, "Type": "cwc_minecraft_yellow_rn", "Quantity": 20}, {"Index": 3, "Type": "cwc_minecraft_green_rn", "Quantity": 20}, {"Index": 4, "Type": "cwc_minecraft_blue_rn", "Quantity": 15}, {"Index": 5, "Type": "cwc_minecraft_purple_rn", "Quantity": 20}], "Pitch": 43.049904}, {"BuilderGridAbsolute": [{"Y": 1, "X": -1, "Z": -4, "Type": "cwc_minecraft_blue_rn"}, {"Y": 1, "X": -1, "Z": -3, "Type": "cwc_minecraft_blue_rn"}, {"Y": 1, "X": -1, "Z": -2, "Type": "cwc_minecraft_blue_rn"}, {"Y": 1, "X": -1, "Z": -1, "Type": "cwc_minecraft_blue_rn"}, {"Y": 1, "X": -1, "Z": 0, "Type": "cwc_minecraft_blue_rn"}, {"Y": 1, "X": 0, "Z": 0, "Type": "cwc_minecraft_red_rn"}, {"Y": 1, "X": 2, "Z": 0, "Type": "cwc_minecraft_red_rn"}, {"Y": 1, "X": 3, "Z": 0, "Type": "cwc_minecraft_red_rn"}, {"Y": 2, "X": -1, "Z": 0, "Type": "cwc_minecraft_blue_rn"}, {"Y": 2, "X": 0, "Z": 0, "Type": "cwc_minecraft_red_rn"}, {"Y": 2, "X": 1, "Z": 0, "Type": "cwc_minecraft_red_rn"}, {"Y": 2, "X": 2, "Z": 0, "Type": "cwc_minecraft_red_rn"}], "XPos": -0.28168981347420974, "TimeAlive": 3911, "ZPos": -4.722634868314428, "Timestamp": "2018-04-12 23:26:45", "Yaw": 9.149959, "YPos": 1.0, "BuilderGridRelative": [{"Y": 0, "X": 0, "Z": 1, "Type": "cwc_minecraft_blue_rn"}, {"Y": 0, "X": 0, "Z": 2, "Type": "cwc_minecraft_blue_rn"}, {"Y": 0, "X": 0, "Z": 3, "Type": "cwc_minecraft_blue_rn"}, {"Y": 0, "X": 0, "Z": 4, "Type": "cwc_minecraft_blue_rn"}, {"Y": 0, "X": 0, "Z": 5, "Type": "cwc_minecraft_blue_rn"}, {"Y": 0, "X": 1, "Z": 5, "Type": "cwc_minecraft_red_rn"}, {"Y": 0, "X": 3, "Z": 5, "Type": "cwc_minecraft_red_rn"}, {"Y": 0, "X": 4, "Z": 5, "Type": "cwc_minecraft_red_rn"}, {"Y": 1, "X": 0, "Z": 5, "Type": "cwc_minecraft_blue_rn"}, {"Y": 1, "X": 1, "Z": 5, "Type": "cwc_minecraft_red_rn"}, {"Y": 1, "X": 2, "Z": 5, "Type": "cwc_minecraft_red_rn"}, {"Y": 1, "X": 3, "Z": 5, "Type": "cwc_minecraft_red_rn"}], "DistanceTravelled": 4904, "BuilderInventory": [{"Index": 0, "Type": "cwc_minecraft_red_rn", "Quantity": 14}, {"Index": 1, "Type": "cwc_minecraft_orange_rn", "Quantity": 20}, {"Index": 2, "Type": "cwc_minecraft_yellow_rn", "Quantity": 20}, {"Index": 3, "Type": "cwc_minecraft_green_rn", "Quantity": 20}, {"Index": 4, "Type": "cwc_minecraft_blue_rn", "Quantity": 14}, {"Index": 5, "Type": "cwc_minecraft_purple_rn", "Quantity": 20}], "Pitch": 57.449898}, {"Timestamp": "2018-04-12 23:26:45", "ScreenshotPath": "189471-Builder-putdown.png"}, {"Timestamp": "2018-04-12 23:26:48", "Chat": ["<Architect> yea like that"]}, {"Timestamp": "2018-04-12 23:26:49", "ScreenshotPath": "192820-Builder-chat.png"}, {"BuilderGridAbsolute": [{"Y": 1, "X": -1, "Z": -4, "Type": "cwc_minecraft_blue_rn"}, {"Y": 1, "X": -1, "Z": -3, "Type": "cwc_minecraft_blue_rn"}, {"Y": 1, "X": -1, "Z": -2, "Type": "cwc_minecraft_blue_rn"}, {"Y": 1, "X": -1, "Z": -1, "Type": "cwc_minecraft_blue_rn"}, {"Y": 1, "X": -1, "Z": 0, "Type": "cwc_minecraft_blue_rn"}, {"Y": 1, "X": 0, "Z": 0, "Type": "cwc_minecraft_red_rn"}, {"Y": 1, "X": 2, "Z": 0, "Type": "cwc_minecraft_red_rn"}, {"Y": 1, "X": 3, "Z": 0, "Type": "cwc_minecraft_red_rn"}, {"Y": 2, "X": -1, "Z": 0, "Type": "cwc_minecraft_blue_rn"}, {"Y": 2, "X": 0, "Z": 0, "Type": "cwc_minecraft_red_rn"}, {"Y": 2, "X": 1, "Z": 0, "Type": "cwc_minecraft_red_rn"}, {"Y": 2, "X": 2, "Z": 0, "Type": "cwc_minecraft_red_rn"}], "XPos": 0.8912211373243724, "TimeAlive": 3979, "ZPos": -3.440676181237626, "Timestamp": "2018-04-12 23:26:49", "Yaw": 23.999952, "YPos": 1.0, "BuilderGridRelative": [{"Y": 0, "X": -1, "Z": 0, "Type": "cwc_minecraft_blue_rn"}, {"Y": 0, "X": -1, "Z": 1, "Type": "cwc_minecraft_blue_rn"}, {"Y": 0, "X": -1, "Z": 2, "Type": "cwc_minecraft_blue_rn"}, {"Y": 0, "X": -1, "Z": 3, "Type": "cwc_minecraft_blue_rn"}, {"Y": 0, "X": -1, "Z": 4, "Type": "cwc_minecraft_blue_rn"}, {"Y": 0, "X": 0, "Z": 4, "Type": "cwc_minecraft_red_rn"}, {"Y": 0, "X": 2, "Z": 4, "Type": "cwc_minecraft_red_rn"}, {"Y": 0, "X": 3, "Z": 4, "Type": "cwc_minecraft_red_rn"}, {"Y": 1, "X": -1, "Z": 4, "Type": "cwc_minecraft_blue_rn"}, {"Y": 1, "X": 0, "Z": 4, "Type": "cwc_minecraft_red_rn"}, {"Y": 1, "X": 1, "Z": 4, "Type": "cwc_minecraft_red_rn"}, {"Y": 1, "X": 2, "Z": 4, "Type": "cwc_minecraft_red_rn"}], "DistanceTravelled": 5162, "BuilderInventory": [{"Index": 0, "Type": "cwc_minecraft_red_rn", "Quantity": 14}, {"Index": 1, "Type": "cwc_minecraft_orange_rn", "Quantity": 20}, {"Index": 2, "Type": "cwc_minecraft_yellow_rn", "Quantity": 20}, {"Index": 3, "Type": "cwc_minecraft_green_rn", "Quantity": 20}, {"Index": 4, "Type": "cwc_minecraft_blue_rn", "Quantity": 14}, {"Index": 5, "Type": "cwc_minecraft_purple_rn", "Quantity": 20}], "Pitch": 15.29989}, {"BuilderGridAbsolute": [{"Y": 1, "X": -1, "Z": -4, "Type": "cwc_minecraft_blue_rn"}, {"Y": 1, "X": -1, "Z": -3, "Type": "cwc_minecraft_blue_rn"}, {"Y": 1, "X": -1, "Z": -2, "Type": "cwc_minecraft_blue_rn"}, {"Y": 1, "X": -1, "Z": -1, "Type": "cwc_minecraft_blue_rn"}, {"Y": 1, "X": -1, "Z": 0, "Type": "cwc_minecraft_blue_rn"}, {"Y": 1, "X": 0, "Z": 0, "Type": "cwc_minecraft_red_rn"}, {"Y": 1, "X": 2, "Z": 0, "Type": "cwc_minecraft_red_rn"}, {"Y": 1, "X": 3, "Z": 0, "Type": "cwc_minecraft_red_rn"}, {"Y": 2, "X": -1, "Z": -1, "Type": "cwc_minecraft_blue_rn"}, {"Y": 2, "X": -1, "Z": 0, "Type": "cwc_minecraft_blue_rn"}, {"Y": 2, "X": 0, "Z": 0, "Type": "cwc_minecraft_red_rn"}, {"Y": 2, "X": 1, "Z": 0, "Type": "cwc_minecraft_red_rn"}, {"Y": 2, "X": 2, "Z": 0, "Type": "cwc_minecraft_red_rn"}], "XPos": 1.135828586350765, "TimeAlive": 4023, "ZPos": -2.3943348556776454, "Timestamp": "2018-04-12 23:26:51", "Yaw": 34.49995, "YPos": 1.0, "BuilderGridRelative": [{"Y": 0, "X": -2, "Z": -1, "Type": "cwc_minecraft_blue_rn"}, {"Y": 0, "X": -2, "Z": 0, "Type": "cwc_minecraft_blue_rn"}, {"Y": 0, "X": -2, "Z": 1, "Type": "cwc_minecraft_blue_rn"}, {"Y": 0, "X": -2, "Z": 2, "Type": "cwc_minecraft_blue_rn"}, {"Y": 0, "X": -2, "Z": 3, "Type": "cwc_minecraft_blue_rn"}, {"Y": 0, "X": -1, "Z": 3, "Type": "cwc_minecraft_red_rn"}, {"Y": 0, "X": 1, "Z": 3, "Type": "cwc_minecraft_red_rn"}, {"Y": 0, "X": 2, "Z": 3, "Type": "cwc_minecraft_red_rn"}, {"Y": 1, "X": -2, "Z": 2, "Type": "cwc_minecraft_blue_rn"}, {"Y": 1, "X": -2, "Z": 3, "Type": "cwc_minecraft_blue_rn"}, {"Y": 1, "X": -1, "Z": 3, "Type": "cwc_minecraft_red_rn"}, {"Y": 1, "X": 0, "Z": 3, "Type": "cwc_minecraft_red_rn"}, {"Y": 1, "X": 1, "Z": 3, "Type": "cwc_minecraft_red_rn"}], "DistanceTravelled": 5302, "BuilderInventory": [{"Index": 0, "Type": "cwc_minecraft_red_rn", "Quantity": 14}, {"Index": 1, "Type": "cwc_minecraft_orange_rn", "Quantity": 20}, {"Index": 2, "Type": "cwc_minecraft_yellow_rn", "Quantity": 20}, {"Index": 3, "Type": "cwc_minecraft_green_rn", "Quantity": 20}, {"Index": 4, "Type": "cwc_minecraft_blue_rn", "Quantity": 13}, {"Index": 5, "Type": "cwc_minecraft_purple_rn", "Quantity": 20}], "Pitch": 16.199888}, {"Timestamp": "2018-04-12 23:26:51", "ScreenshotPath": "195069-Builder-putdown.png"}, {"BuilderGridAbsolute": [{"Y": 1, "X": -1, "Z": -4, "Type": "cwc_minecraft_blue_rn"}, {"Y": 1, "X": -1, "Z": -3, "Type": "cwc_minecraft_blue_rn"}, {"Y": 1, "X": -1, "Z": -2, "Type": "cwc_minecraft_blue_rn"}, {"Y": 1, "X": -1, "Z": -1, "Type": "cwc_minecraft_blue_rn"}, {"Y": 1, "X": -1, "Z": 0, "Type": "cwc_minecraft_blue_rn"}, {"Y": 1, "X": 0, "Z": 0, "Type": "cwc_minecraft_red_rn"}, {"Y": 1, "X": 2, "Z": 0, "Type": "cwc_minecraft_red_rn"}, {"Y": 1, "X": 3, "Z": 0, "Type": "cwc_minecraft_red_rn"}, {"Y": 2, "X": -1, "Z": -2, "Type": "cwc_minecraft_blue_rn"}, {"Y": 2, "X": -1, "Z": -1, "Type": "cwc_minecraft_blue_rn"}, {"Y": 2, "X": -1, "Z": 0, "Type": "cwc_minecraft_blue_rn"}, {"Y": 2, "X": 0, "Z": 0, "Type": "cwc_minecraft_red_rn"}, {"Y": 2, "X": 1, "Z": 0, "Type": "cwc_minecraft_red_rn"}, {"Y": 2, "X": 2, "Z": 0, "Type": "cwc_minecraft_red_rn"}], "XPos": 1.135828586350765, "TimeAlive": 4035, "ZPos": -2.3943348556776454, "Timestamp": "2018-04-12 23:26:51", "Yaw": 52.799946, "YPos": 1.0, "BuilderGridRelative": [{"Y": 0, "X": -2, "Z": -1, "Type": "cwc_minecraft_blue_rn"}, {"Y": 0, "X": -2, "Z": 0, "Type": "cwc_minecraft_blue_rn"}, {"Y": 0, "X": -2, "Z": 1, "Type": "cwc_minecraft_blue_rn"}, {"Y": 0, "X": -2, "Z": 2, "Type": "cwc_minecraft_blue_rn"}, {"Y": 0, "X": -2, "Z": 3, "Type": "cwc_minecraft_blue_rn"}, {"Y": 0, "X": -1, "Z": 3, "Type": "cwc_minecraft_red_rn"}, {"Y": 0, "X": 1, "Z": 3, "Type": "cwc_minecraft_red_rn"}, {"Y": 0, "X": 2, "Z": 3, "Type": "cwc_minecraft_red_rn"}, {"Y": 1, "X": -2, "Z": 1, "Type": "cwc_minecraft_blue_rn"}, {"Y": 1, "X": -2, "Z": 2, "Type": "cwc_minecraft_blue_rn"}, {"Y": 1, "X": -2, "Z": 3, "Type": "cwc_minecraft_blue_rn"}, {"Y": 1, "X": -1, "Z": 3, "Type": "cwc_minecraft_red_rn"}, {"Y": 1, "X": 0, "Z": 3, "Type": "cwc_minecraft_red_rn"}, {"Y": 1, "X": 1, "Z": 3, "Type": "cwc_minecraft_red_rn"}], "DistanceTravelled": 5302, "BuilderInventory": [{"Index": 0, "Type": "cwc_minecraft_red_rn", "Quantity": 14}, {"Index": 1, "Type": "cwc_minecraft_orange_rn", "Quantity": 20}, {"Index": 2, "Type": "cwc_minecraft_yellow_rn", "Quantity": 20}, {"Index": 3, "Type": "cwc_minecraft_green_rn", "Quantity": 20}, {"Index": 4, "Type": "cwc_minecraft_blue_rn", "Quantity": 12}, {"Index": 5, "Type": "cwc_minecraft_purple_rn", "Quantity": 20}], "Pitch": 20.99989}, {"Timestamp": "2018-04-12 23:26:51", "ScreenshotPath": "195670-Builder-putdown.png"}, {"BuilderGridAbsolute": [{"Y": 1, "X": -1, "Z": -4, "Type": "cwc_minecraft_blue_rn"}, {"Y": 1, "X": -1, "Z": -3, "Type": "cwc_minecraft_blue_rn"}, {"Y": 1, "X": -1, "Z": -2, "Type": "cwc_minecraft_blue_rn"}, {"Y": 1, "X": -1, "Z": -1, "Type": "cwc_minecraft_blue_rn"}, {"Y": 1, "X": -1, "Z": 0, "Type": "cwc_minecraft_blue_rn"}, {"Y": 1, "X": 0, "Z": 0, "Type": "cwc_minecraft_red_rn"}, {"Y": 1, "X": 2, "Z": 0, "Type": "cwc_minecraft_red_rn"}, {"Y": 1, "X": 3, "Z": 0, "Type": "cwc_minecraft_red_rn"}, {"Y": 2, "X": -1, "Z": -3, "Type": "cwc_minecraft_blue_rn"}, {"Y": 2, "X": -1, "Z": -2, "Type": "cwc_minecraft_blue_rn"}, {"Y": 2, "X": -1, "Z": -1, "Type": "cwc_minecraft_blue_rn"}, {"Y": 2, "X": -1, "Z": 0, "Type": "cwc_minecraft_blue_rn"}, {"Y": 2, "X": 0, "Z": 0, "Type": "cwc_minecraft_red_rn"}, {"Y": 2, "X": 1, "Z": 0, "Type": "cwc_minecraft_red_rn"}, {"Y": 2, "X": 2, "Z": 0, "Type": "cwc_minecraft_red_rn"}], "XPos": 1.135828586350765, "TimeAlive": 4048, "ZPos": -2.3943348556776454, "Timestamp": "2018-04-12 23:26:52", "Yaw": 91.19995, "YPos": 1.0, "ScreenshotPath": "196319-Builder-putdown.png", "BuilderGridRelative": [{"Y": 0, "X": -2, "Z": -1, "Type": "cwc_minecraft_blue_rn"}, {"Y": 0, "X": -2, "Z": 0, "Type": "cwc_minecraft_blue_rn"}, {"Y": 0, "X": -2, "Z": 1, "Type": "cwc_minecraft_blue_rn"}, {"Y": 0, "X": -2, "Z": 2, "Type": "cwc_minecraft_blue_rn"}, {"Y": 0, "X": -2, "Z": 3, "Type": "cwc_minecraft_blue_rn"}, {"Y": 0, "X": -1, "Z": 3, "Type": "cwc_minecraft_red_rn"}, {"Y": 0, "X": 1, "Z": 3, "Type": "cwc_minecraft_red_rn"}, {"Y": 0, "X": 2, "Z": 3, "Type": "cwc_minecraft_red_rn"}, {"Y": 1, "X": -2, "Z": 0, "Type": "cwc_minecraft_blue_rn"}, {"Y": 1, "X": -2, "Z": 1, "Type": "cwc_minecraft_blue_rn"}, {"Y": 1, "X": -2, "Z": 2, "Type": "cwc_minecraft_blue_rn"}, {"Y": 1, "X": -2, "Z": 3, "Type": "cwc_minecraft_blue_rn"}, {"Y": 1, "X": -1, "Z": 3, "Type": "cwc_minecraft_red_rn"}, {"Y": 1, "X": 0, "Z": 3, "Type": "cwc_minecraft_red_rn"}, {"Y": 1, "X": 1, "Z": 3, "Type": "cwc_minecraft_red_rn"}], "DistanceTravelled": 5302, "BuilderInventory": [{"Index": 0, "Type": "cwc_minecraft_red_rn", "Quantity": 14}, {"Index": 1, "Type": "cwc_minecraft_orange_rn", "Quantity": 20}, {"Index": 2, "Type": "cwc_minecraft_yellow_rn", "Quantity": 20}, {"Index": 3, "Type": "cwc_minecraft_green_rn", "Quantity": 20}, {"Index": 4, "Type": "cwc_minecraft_blue_rn", "Quantity": 11}, {"Index": 5, "Type": "cwc_minecraft_purple_rn", "Quantity": 20}], "Pitch": 24.599888}, {"BuilderGridAbsolute": [{"Y": 1, "X": -1, "Z": -4, "Type": "cwc_minecraft_blue_rn"}, {"Y": 1, "X": -1, "Z": -3, "Type": "cwc_minecraft_blue_rn"}, {"Y": 1, "X": -1, "Z": -2, "Type": "cwc_minecraft_blue_rn"}, {"Y": 1, "X": -1, "Z": -1, "Type": "cwc_minecraft_blue_rn"}, {"Y": 1, "X": -1, "Z": 0, "Type": "cwc_minecraft_blue_rn"}, {"Y": 1, "X": 0, "Z": 0, "Type": "cwc_minecraft_red_rn"}, {"Y": 1, "X": 2, "Z": 0, "Type": "cwc_minecraft_red_rn"}, {"Y": 1, "X": 3, "Z": 0, "Type": "cwc_minecraft_red_rn"}, {"Y": 2, "X": -1, "Z": -4, "Type": "cwc_minecraft_blue_rn"}, {"Y": 2, "X": -1, "Z": -3, "Type": "cwc_minecraft_blue_rn"}, {"Y": 2, "X": -1, "Z": -2, "Type": "cwc_minecraft_blue_rn"}, {"Y": 2, "X": -1, "Z": -1, "Type": "cwc_minecraft_blue_rn"}, {"Y": 2, "X": -1, "Z": 0, "Type": "cwc_minecraft_blue_rn"}, {"Y": 2, "X": 0, "Z": 0, "Type": "cwc_minecraft_red_rn"}, {"Y": 2, "X": 1, "Z": 0, "Type": "cwc_minecraft_red_rn"}, {"Y": 2, "X": 2, "Z": 0, "Type": "cwc_minecraft_red_rn"}], "XPos": 1.135828586350765, "TimeAlive": 4061, "ZPos": -2.3943348556776454, "Timestamp": "2018-04-12 23:26:52", "Yaw": 120.14995, "YPos": 1.0, "BuilderGridRelative": [{"Y": 0, "X": -2, "Z": -1, "Type": "cwc_minecraft_blue_rn"}, {"Y": 0, "X": -2, "Z": 0, "Type": "cwc_minecraft_blue_rn"}, {"Y": 0, "X": -2, "Z": 1, "Type": "cwc_minecraft_blue_rn"}, {"Y": 0, "X": -2, "Z": 2, "Type": "cwc_minecraft_blue_rn"}, {"Y": 0, "X": -2, "Z": 3, "Type": "cwc_minecraft_blue_rn"}, {"Y": 0, "X": -1, "Z": 3, "Type": "cwc_minecraft_red_rn"}, {"Y": 0, "X": 1, "Z": 3, "Type": "cwc_minecraft_red_rn"}, {"Y": 0, "X": 2, "Z": 3, "Type": "cwc_minecraft_red_rn"}, {"Y": 1, "X": -2, "Z": -1, "Type": "cwc_minecraft_blue_rn"}, {"Y": 1, "X": -2, "Z": 0, "Type": "cwc_minecraft_blue_rn"}, {"Y": 1, "X": -2, "Z": 1, "Type": "cwc_minecraft_blue_rn"}, {"Y": 1, "X": -2, "Z": 2, "Type": "cwc_minecraft_blue_rn"}, {"Y": 1, "X": -2, "Z": 3, "Type": "cwc_minecraft_blue_rn"}, {"Y": 1, "X": -1, "Z": 3, "Type": "cwc_minecraft_red_rn"}, {"Y": 1, "X": 0, "Z": 3, "Type": "cwc_minecraft_red_rn"}, {"Y": 1, "X": 1, "Z": 3, "Type": "cwc_minecraft_red_rn"}], "DistanceTravelled": 5302, "BuilderInventory": [{"Index": 0, "Type": "cwc_minecraft_red_rn", "Quantity": 14}, {"Index": 1, "Type": "cwc_minecraft_orange_rn", "Quantity": 20}, {"Index": 2, "Type": "cwc_minecraft_yellow_rn", "Quantity": 20}, {"Index": 3, "Type": "cwc_minecraft_green_rn", "Quantity": 20}, {"Index": 4, "Type": "cwc_minecraft_blue_rn", "Quantity": 10}, {"Index": 5, "Type": "cwc_minecraft_purple_rn", "Quantity": 20}], "Pitch": 21.449892}, {"Timestamp": "2018-04-12 23:26:53", "ScreenshotPath": "196970-Builder-putdown.png"}, {"Timestamp": "2018-04-12 23:26:59", "Chat": ["<Architect> now go on the other side of the blue wall"]}, {"Timestamp": "2018-04-12 23:26:59", "ScreenshotPath": "203420-Builder-chat.png"}, {"BuilderGridAbsolute": [{"Y": 1, "X": -1, "Z": -4, "Type": "cwc_minecraft_blue_rn"}, {"Y": 1, "X": -1, "Z": -3, "Type": "cwc_minecraft_blue_rn"}, {"Y": 1, "X": -1, "Z": -2, "Type": "cwc_minecraft_blue_rn"}, {"Y": 1, "X": -1, "Z": -1, "Type": "cwc_minecraft_blue_rn"}, {"Y": 1, "X": -1, "Z": 0, "Type": "cwc_minecraft_blue_rn"}, {"Y": 1, "X": 0, "Z": 0, "Type": "cwc_minecraft_red_rn"}, {"Y": 1, "X": 2, "Z": 0, "Type": "cwc_minecraft_red_rn"}, {"Y": 1, "X": 3, "Z": 0, "Type": "cwc_minecraft_red_rn"}, {"Y": 2, "X": -1, "Z": -4, "Type": "cwc_minecraft_blue_rn"}, {"Y": 2, "X": -1, "Z": -3, "Type": "cwc_minecraft_blue_rn"}, {"Y": 2, "X": -1, "Z": -2, "Type": "cwc_minecraft_blue_rn"}, {"Y": 2, "X": -1, "Z": -1, "Type": "cwc_minecraft_blue_rn"}, {"Y": 2, "X": -1, "Z": 0, "Type": "cwc_minecraft_blue_rn"}, {"Y": 2, "X": 0, "Z": 0, "Type": "cwc_minecraft_red_rn"}, {"Y": 2, "X": 1, "Z": 0, "Type": "cwc_minecraft_red_rn"}, {"Y": 2, "X": 2, "Z": 0, "Type": "cwc_minecraft_red_rn"}], "XPos": 3.5801730495836925, "TimeAlive": 4191, "ZPos": -5.518170965508234, "Timestamp": "2018-04-12 23:26:59", "Yaw": 36.449863, "YPos": 1.0, "BuilderGridRelative": [{"Y": 0, "X": -4, "Z": 2, "Type": "cwc_minecraft_blue_rn"}, {"Y": 0, "X": -4, "Z": 3, "Type": "cwc_minecraft_blue_rn"}, {"Y": 0, "X": -4, "Z": 4, "Type": "cwc_minecraft_blue_rn"}, {"Y": 0, "X": -4, "Z": 5, "Type": "cwc_minecraft_blue_rn"}, {"Y": 0, "X": -4, "Z": 6, "Type": "cwc_minecraft_blue_rn"}, {"Y": 0, "X": -3, "Z": 6, "Type": "cwc_minecraft_red_rn"}, {"Y": 0, "X": -1, "Z": 6, "Type": "cwc_minecraft_red_rn"}, {"Y": 0, "X": 0, "Z": 6, "Type": "cwc_minecraft_red_rn"}, {"Y": 1, "X": -4, "Z": 2, "Type": "cwc_minecraft_blue_rn"}, {"Y": 1, "X": -4, "Z": 3, "Type": "cwc_minecraft_blue_rn"}, {"Y": 1, "X": -4, "Z": 4, "Type": "cwc_minecraft_blue_rn"}, {"Y": 1, "X": -4, "Z": 5, "Type": "cwc_minecraft_blue_rn"}, {"Y": 1, "X": -4, "Z": 6, "Type": "cwc_minecraft_blue_rn"}, {"Y": 1, "X": -3, "Z": 6, "Type": "cwc_minecraft_red_rn"}, {"Y": 1, "X": -2, "Z": 6, "Type": "cwc_minecraft_red_rn"}, {"Y": 1, "X": -1, "Z": 6, "Type": "cwc_minecraft_red_rn"}], "DistanceTravelled": 5950, "BuilderInventory": [{"Index": 0, "Type": "cwc_minecraft_red_rn", "Quantity": 14}, {"Index": 1, "Type": "cwc_minecraft_orange_rn", "Quantity": 20}, {"Index": 2, "Type": "cwc_minecraft_yellow_rn", "Quantity": 20}, {"Index": 3, "Type": "cwc_minecraft_green_rn", "Quantity": 20}, {"Index": 4, "Type": "cwc_minecraft_blue_rn", "Quantity": 10}, {"Index": 5, "Type": "cwc_minecraft_purple_rn", "Quantity": 20}], "Pitch": 19.049898}, {"Timestamp": "2018-04-12 23:27:16", "Chat": ["<Architect> replace the bottom right block of the wall with a red block"], "ScreenshotPath": "219817-Builder-chat.png"}, {"BuilderGridAbsolute": [{"Y": 1, "X": -1, "Z": -4, "Type": "cwc_minecraft_blue_rn"}, {"Y": 1, "X": -1, "Z": -3, "Type": "cwc_minecraft_blue_rn"}, {"Y": 1, "X": -1, "Z": -2, "Type": "cwc_minecraft_blue_rn"}, {"Y": 1, "X": -1, "Z": -1, "Type": "cwc_minecraft_blue_rn"}, {"Y": 1, "X": -1, "Z": 0, "Type": "cwc_minecraft_blue_rn"}, {"Y": 1, "X": 0, "Z": 0, "Type": "cwc_minecraft_red_rn"}, {"Y": 1, "X": 2, "Z": 0, "Type": "cwc_minecraft_red_rn"}, {"Y": 1, "X": 3, "Z": 0, "Type": "cwc_minecraft_red_rn"}, {"Y": 2, "X": -1, "Z": -4, "Type": "cwc_minecraft_blue_rn"}, {"Y": 2, "X": -1, "Z": -3, "Type": "cwc_minecraft_blue_rn"}, {"Y": 2, "X": -1, "Z": -2, "Type": "cwc_minecraft_blue_rn"}, {"Y": 2, "X": -1, "Z": -1, "Type": "cwc_minecraft_blue_rn"}, {"Y": 2, "X": -1, "Z": 0, "Type": "cwc_minecraft_blue_rn"}, {"Y": 2, "X": 0, "Z": 0, "Type": "cwc_minecraft_red_rn"}, {"Y": 2, "X": 1, "Z": 0, "Type": "cwc_minecraft_red_rn"}, {"Y": 2, "X": 2, "Z": 0, "Type": "cwc_minecraft_red_rn"}], "XPos": -5.106874682586406, "TimeAlive": 4519, "ZPos": -1.573172446950446, "Timestamp": "2018-04-12 23:27:16", "Yaw": -87.9001, "YPos": 1.0, "BuilderGridRelative": [{"Y": 0, "X": 5, "Z": -2, "Type": "cwc_minecraft_blue_rn"}, {"Y": 0, "X": 5, "Z": -1, "Type": "cwc_minecraft_blue_rn"}, {"Y": 0, "X": 5, "Z": 0, "Type": "cwc_minecraft_blue_rn"}, {"Y": 0, "X": 5, "Z": 1, "Type": "cwc_minecraft_blue_rn"}, {"Y": 0, "X": 5, "Z": 2, "Type": "cwc_minecraft_blue_rn"}, {"Y": 0, "X": 6, "Z": 2, "Type": "cwc_minecraft_red_rn"}, {"Y": 0, "X": 8, "Z": 2, "Type": "cwc_minecraft_red_rn"}, {"Y": 0, "X": 9, "Z": 2, "Type": "cwc_minecraft_red_rn"}, {"Y": 1, "X": 5, "Z": -2, "Type": "cwc_minecraft_blue_rn"}, {"Y": 1, "X": 5, "Z": -1, "Type": "cwc_minecraft_blue_rn"}, {"Y": 1, "X": 5, "Z": 0, "Type": "cwc_minecraft_blue_rn"}, {"Y": 1, "X": 5, "Z": 1, "Type": "cwc_minecraft_blue_rn"}, {"Y": 1, "X": 5, "Z": 2, "Type": "cwc_minecraft_blue_rn"}, {"Y": 1, "X": 6, "Z": 2, "Type": "cwc_minecraft_red_rn"}, {"Y": 1, "X": 7, "Z": 2, "Type": "cwc_minecraft_red_rn"}, {"Y": 1, "X": 8, "Z": 2, "Type": "cwc_minecraft_red_rn"}], "DistanceTravelled": 7296, "BuilderInventory": [{"Index": 0, "Type": "cwc_minecraft_red_rn", "Quantity": 14}, {"Index": 1, "Type": "cwc_minecraft_orange_rn", "Quantity": 20}, {"Index": 2, "Type": "cwc_minecraft_yellow_rn", "Quantity": 20}, {"Index": 3, "Type": "cwc_minecraft_green_rn", "Quantity": 20}, {"Index": 4, "Type": "cwc_minecraft_blue_rn", "Quantity": 10}, {"Index": 5, "Type": "cwc_minecraft_purple_rn", "Quantity": 20}], "Pitch": 14.399899}, {"BuilderGridAbsolute": [{"Y": 1, "X": -1, "Z": -4, "Type": "cwc_minecraft_blue_rn"}, {"Y": 1, "X": -1, "Z": -3, "Type": "cwc_minecraft_blue_rn"}, {"Y": 1, "X": -1, "Z": -2, "Type": "cwc_minecraft_blue_rn"}, {"Y": 1, "X": -1, "Z": -1, "Type": "cwc_minecraft_blue_rn"}, {"Y": 1, "X": 0, "Z": 0, "Type": "cwc_minecraft_red_rn"}, {"Y": 1, "X": 2, "Z": 0, "Type": "cwc_minecraft_red_rn"}, {"Y": 1, "X": 3, "Z": 0, "Type": "cwc_minecraft_red_rn"}, {"Y": 2, "X": -1, "Z": -4, "Type": "cwc_minecraft_blue_rn"}, {"Y": 2, "X": -1, "Z": -3, "Type": "cwc_minecraft_blue_rn"}, {"Y": 2, "X": -1, "Z": -2, "Type": "cwc_minecraft_blue_rn"}, {"Y": 2, "X": -1, "Z": -1, "Type": "cwc_minecraft_blue_rn"}, {"Y": 2, "X": -1, "Z": 0, "Type": "cwc_minecraft_blue_rn"}, {"Y": 2, "X": 0, "Z": 0, "Type": "cwc_minecraft_red_rn"}, {"Y": 2, "X": 1, "Z": 0, "Type": "cwc_minecraft_red_rn"}, {"Y": 2, "X": 2, "Z": 0, "Type": "cwc_minecraft_red_rn"}], "XPos": -3.253611412961944, "TimeAlive": 4624, "ZPos": 0.43870677666348046, "Timestamp": "2018-04-12 23:27:21", "Yaw": -88.9501, "YPos": 1.0, "BuilderGridRelative": [{"Y": 0, "X": 3, "Z": -4, "Type": "cwc_minecraft_blue_rn"}, {"Y": 0, "X": 3, "Z": -3, "Type": "cwc_minecraft_blue_rn"}, {"Y": 0, "X": 3, "Z": -2, "Type": "cwc_minecraft_blue_rn"}, {"Y": 0, "X": 3, "Z": -1, "Type": "cwc_minecraft_blue_rn"}, {"Y": 0, "X": 4, "Z": 0, "Type": "cwc_minecraft_red_rn"}, {"Y": 0, "X": 6, "Z": 0, "Type": "cwc_minecraft_red_rn"}, {"Y": 0, "X": 7, "Z": 0, "Type": "cwc_minecraft_red_rn"}, {"Y": 1, "X": 3, "Z": -4, "Type": "cwc_minecraft_blue_rn"}, {"Y": 1, "X": 3, "Z": -3, "Type": "cwc_minecraft_blue_rn"}, {"Y": 1, "X": 3, "Z": -2, "Type": "cwc_minecraft_blue_rn"}, {"Y": 1, "X": 3, "Z": -1, "Type": "cwc_minecraft_blue_rn"}, {"Y": 1, "X": 3, "Z": 0, "Type": "cwc_minecraft_blue_rn"}, {"Y": 1, "X": 4, "Z": 0, "Type": "cwc_minecraft_red_rn"}, {"Y": 1, "X": 5, "Z": 0, "Type": "cwc_minecraft_red_rn"}, {"Y": 1, "X": 6, "Z": 0, "Type": "cwc_minecraft_red_rn"}], "DistanceTravelled": 7663, "BuilderInventory": [{"Index": 0, "Type": "cwc_minecraft_red_rn", "Quantity": 14}, {"Index": 1, "Type": "cwc_minecraft_orange_rn", "Quantity": 20}, {"Index": 2, "Type": "cwc_minecraft_yellow_rn", "Quantity": 20}, {"Index": 3, "Type": "cwc_minecraft_green_rn", "Quantity": 20}, {"Index": 4, "Type": "cwc_minecraft_blue_rn", "Quantity": 11}, {"Index": 5, "Type": "cwc_minecraft_purple_rn", "Quantity": 20}], "Pitch": 26.99988}, {"Timestamp": "2018-04-12 23:27:21", "ScreenshotPath": "225166-Builder-pickup.png"}, {"BuilderGridAbsolute": [{"Y": 1, "X": -1, "Z": -4, "Type": "cwc_minecraft_blue_rn"}, {"Y": 1, "X": -1, "Z": -3, "Type": "cwc_minecraft_blue_rn"}, {"Y": 1, "X": -1, "Z": -2, "Type": "cwc_minecraft_blue_rn"}, {"Y": 1, "X": -1, "Z": -1, "Type": "cwc_minecraft_blue_rn"}, {"Y": 1, "X": -1, "Z": 0, "Type": "cwc_minecraft_red_rn"}, {"Y": 1, "X": 0, "Z": 0, "Type": "cwc_minecraft_red_rn"}, {"Y": 1, "X": 2, "Z": 0, "Type": "cwc_minecraft_red_rn"}, {"Y": 1, "X": 3, "Z": 0, "Type": "cwc_minecraft_red_rn"}, {"Y": 2, "X": -1, "Z": -4, "Type": "cwc_minecraft_blue_rn"}, {"Y": 2, "X": -1, "Z": -3, "Type": "cwc_minecraft_blue_rn"}, {"Y": 2, "X": -1, "Z": -2, "Type": "cwc_minecraft_blue_rn"}, {"Y": 2, "X": -1, "Z": -1, "Type": "cwc_minecraft_blue_rn"}, {"Y": 2, "X": -1, "Z": 0, "Type": "cwc_minecraft_blue_rn"}, {"Y": 2, "X": 0, "Z": 0, "Type": "cwc_minecraft_red_rn"}, {"Y": 2, "X": 1, "Z": 0, "Type": "cwc_minecraft_red_rn"}, {"Y": 2, "X": 2, "Z": 0, "Type": "cwc_minecraft_red_rn"}], "XPos": -3.253611412961944, "TimeAlive": 4682, "ZPos": 0.43870677666348046, "Timestamp": "2018-04-12 23:27:24", "Yaw": -87.450096, "YPos": 1.0, "ScreenshotPath": "228031-Builder-putdown.png", "BuilderGridRelative": [{"Y": 0, "X": 3, "Z": -4, "Type": "cwc_minecraft_blue_rn"}, {"Y": 0, "X": 3, "Z": -3, "Type": "cwc_minecraft_blue_rn"}, {"Y": 0, "X": 3, "Z": -2, "Type": "cwc_minecraft_blue_rn"}, {"Y": 0, "X": 3, "Z": -1, "Type": "cwc_minecraft_blue_rn"}, {"Y": 0, "X": 3, "Z": 0, "Type": "cwc_minecraft_red_rn"}, {"Y": 0, "X": 4, "Z": 0, "Type": "cwc_minecraft_red_rn"}, {"Y": 0, "X": 6, "Z": 0, "Type": "cwc_minecraft_red_rn"}, {"Y": 0, "X": 7, "Z": 0, "Type": "cwc_minecraft_red_rn"}, {"Y": 1, "X": 3, "Z": -4, "Type": "cwc_minecraft_blue_rn"}, {"Y": 1, "X": 3, "Z": -3, "Type": "cwc_minecraft_blue_rn"}, {"Y": 1, "X": 3, "Z": -2, "Type": "cwc_minecraft_blue_rn"}, {"Y": 1, "X": 3, "Z": -1, "Type": "cwc_minecraft_blue_rn"}, {"Y": 1, "X": 3, "Z": 0, "Type": "cwc_minecraft_blue_rn"}, {"Y": 1, "X": 4, "Z": 0, "Type": "cwc_minecraft_red_rn"}, {"Y": 1, "X": 5, "Z": 0, "Type": "cwc_minecraft_red_rn"}, {"Y": 1, "X": 6, "Z": 0, "Type": "cwc_minecraft_red_rn"}], "DistanceTravelled": 7663, "BuilderInventory": [{"Index": 0, "Type": "cwc_minecraft_red_rn", "Quantity": 13}, {"Index": 1, "Type": "cwc_minecraft_orange_rn", "Quantity": 20}, {"Index": 2, "Type": "cwc_minecraft_yellow_rn", "Quantity": 20}, {"Index": 3, "Type": "cwc_minecraft_green_rn", "Quantity": 20}, {"Index": 4, "Type": "cwc_minecraft_blue_rn", "Quantity": 11}, {"Index": 5, "Type": "cwc_minecraft_purple_rn", "Quantity": 20}], "Pitch": 29.999874}, {"Timestamp": "2018-04-12 23:27:28", "Chat": ["<Architect> break the bottom leftmost block"]}, {"BuilderGridAbsolute": [{"Y": 1, "X": -1, "Z": -4, "Type": "cwc_minecraft_blue_rn"}, {"Y": 1, "X": -1, "Z": -3, "Type": "cwc_minecraft_blue_rn"}, {"Y": 1, "X": -1, "Z": -2, "Type": "cwc_minecraft_blue_rn"}, {"Y": 1, "X": -1, "Z": -1, "Type": "cwc_minecraft_blue_rn"}, {"Y": 1, "X": -1, "Z": 0, "Type": "cwc_minecraft_red_rn"}, {"Y": 1, "X": 0, "Z": 0, "Type": "cwc_minecraft_red_rn"}, {"Y": 1, "X": 2, "Z": 0, "Type": "cwc_minecraft_red_rn"}, {"Y": 1, "X": 3, "Z": 0, "Type": "cwc_minecraft_red_rn"}, {"Y": 2, "X": -1, "Z": -4, "Type": "cwc_minecraft_blue_rn"}, {"Y": 2, "X": -1, "Z": -3, "Type": "cwc_minecraft_blue_rn"}, {"Y": 2, "X": -1, "Z": -2, "Type": "cwc_minecraft_blue_rn"}, {"Y": 2, "X": -1, "Z": -1, "Type": "cwc_minecraft_blue_rn"}, {"Y": 2, "X": -1, "Z": 0, "Type": "cwc_minecraft_blue_rn"}, {"Y": 2, "X": 0, "Z": 0, "Type": "cwc_minecraft_red_rn"}, {"Y": 2, "X": 1, "Z": 0, "Type": "cwc_minecraft_red_rn"}, {"Y": 2, "X": 2, "Z": 0, "Type": "cwc_minecraft_red_rn"}], "XPos": -5.423290025845138, "TimeAlive": 4768, "ZPos": -0.7720184753617889, "Timestamp": "2018-04-12 23:27:28", "Yaw": -83.1001, "YPos": 1.0, "ScreenshotPath": "232281-Builder-chat.png", "BuilderGridRelative": [{"Y": 0, "X": 5, "Z": -3, "Type": "cwc_minecraft_blue_rn"}, {"Y": 0, "X": 5, "Z": -2, "Type": "cwc_minecraft_blue_rn"}, {"Y": 0, "X": 5, "Z": -1, "Type": "cwc_minecraft_blue_rn"}, {"Y": 0, "X": 5, "Z": 0, "Type": "cwc_minecraft_blue_rn"}, {"Y": 0, "X": 5, "Z": 1, "Type": "cwc_minecraft_red_rn"}, {"Y": 0, "X": 6, "Z": 1, "Type": "cwc_minecraft_red_rn"}, {"Y": 0, "X": 8, "Z": 1, "Type": "cwc_minecraft_red_rn"}, {"Y": 0, "X": 9, "Z": 1, "Type": "cwc_minecraft_red_rn"}, {"Y": 1, "X": 5, "Z": -3, "Type": "cwc_minecraft_blue_rn"}, {"Y": 1, "X": 5, "Z": -2, "Type": "cwc_minecraft_blue_rn"}, {"Y": 1, "X": 5, "Z": -1, "Type": "cwc_minecraft_blue_rn"}, {"Y": 1, "X": 5, "Z": 0, "Type": "cwc_minecraft_blue_rn"}, {"Y": 1, "X": 5, "Z": 1, "Type": "cwc_minecraft_blue_rn"}, {"Y": 1, "X": 6, "Z": 1, "Type": "cwc_minecraft_red_rn"}, {"Y": 1, "X": 7, "Z": 1, "Type": "cwc_minecraft_red_rn"}, {"Y": 1, "X": 8, "Z": 1, "Type": "cwc_minecraft_red_rn"}], "DistanceTravelled": 7985, "BuilderInventory": [{"Index": 0, "Type": "cwc_minecraft_red_rn", "Quantity": 13}, {"Index": 1, "Type": "cwc_minecraft_orange_rn", "Quantity": 20}, {"Index": 2, "Type": "cwc_minecraft_yellow_rn", "Quantity": 20}, {"Index": 3, "Type": "cwc_minecraft_green_rn", "Quantity": 20}, {"Index": 4, "Type": "cwc_minecraft_blue_rn", "Quantity": 11}, {"Index": 5, "Type": "cwc_minecraft_purple_rn", "Quantity": 20}], "Pitch": 9.89989}, {"BuilderGridAbsolute": [{"Y": 1, "X": -1, "Z": -3, "Type": "cwc_minecraft_blue_rn"}, {"Y": 1, "X": -1, "Z": -2, "Type": "cwc_minecraft_blue_rn"}, {"Y": 1, "X": -1, "Z": -1, "Type": "cwc_minecraft_blue_rn"}, {"Y": 1, "X": -1, "Z": 0, "Type": "cwc_minecraft_red_rn"}, {"Y": 1, "X": 0, "Z": 0, "Type": "cwc_minecraft_red_rn"}, {"Y": 1, "X": 2, "Z": 0, "Type": "cwc_minecraft_red_rn"}, {"Y": 1, "X": 3, "Z": 0, "Type": "cwc_minecraft_red_rn"}, {"Y": 2, "X": -1, "Z": -4, "Type": "cwc_minecraft_blue_rn"}, {"Y": 2, "X": -1, "Z": -3, "Type": "cwc_minecraft_blue_rn"}, {"Y": 2, "X": -1, "Z": -2, "Type": "cwc_minecraft_blue_rn"}, {"Y": 2, "X": -1, "Z": -1, "Type": "cwc_minecraft_blue_rn"}, {"Y": 2, "X": -1, "Z": 0, "Type": "cwc_minecraft_blue_rn"}, {"Y": 2, "X": 0, "Z": 0, "Type": "cwc_minecraft_red_rn"}, {"Y": 2, "X": 1, "Z": 0, "Type": "cwc_minecraft_red_rn"}, {"Y": 2, "X": 2, "Z": 0, "Type": "cwc_minecraft_red_rn"}], "XPos": -3.88922852968318, "TimeAlive": 4824, "ZPos": -3.0925176603235123, "Timestamp": "2018-04-12 23:27:31", "Yaw": -99.6001, "YPos": 1.0, "BuilderGridRelative": [{"Y": 0, "X": 3, "Z": 1, "Type": "cwc_minecraft_blue_rn"}, {"Y": 0, "X": 3, "Z": 2, "Type": "cwc_minecraft_blue_rn"}, {"Y": 0, "X": 3, "Z": 3, "Type": "cwc_minecraft_blue_rn"}, {"Y": 0, "X": 3, "Z": 4, "Type": "cwc_minecraft_red_rn"}, {"Y": 0, "X": 4, "Z": 4, "Type": "cwc_minecraft_red_rn"}, {"Y": 0, "X": 6, "Z": 4, "Type": "cwc_minecraft_red_rn"}, {"Y": 0, "X": 7, "Z": 4, "Type": "cwc_minecraft_red_rn"}, {"Y": 1, "X": 3, "Z": 0, "Type": "cwc_minecraft_blue_rn"}, {"Y": 1, "X": 3, "Z": 1, "Type": "cwc_minecraft_blue_rn"}, {"Y": 1, "X": 3, "Z": 2, "Type": "cwc_minecraft_blue_rn"}, {"Y": 1, "X": 3, "Z": 3, "Type": "cwc_minecraft_blue_rn"}, {"Y": 1, "X": 3, "Z": 4, "Type": "cwc_minecraft_blue_rn"}, {"Y": 1, "X": 4, "Z": 4, "Type": "cwc_minecraft_red_rn"}, {"Y": 1, "X": 5, "Z": 4, "Type": "cwc_minecraft_red_rn"}, {"Y": 1, "X": 6, "Z": 4, "Type": "cwc_minecraft_red_rn"}], "DistanceTravelled": 8321, "BuilderInventory": [{"Index": 0, "Type": "cwc_minecraft_red_rn", "Quantity": 13}, {"Index": 1, "Type": "cwc_minecraft_orange_rn", "Quantity": 20}, {"Index": 2, "Type": "cwc_minecraft_yellow_rn", "Quantity": 20}, {"Index": 3, "Type": "cwc_minecraft_green_rn", "Quantity": 20}, {"Index": 4, "Type": "cwc_minecraft_blue_rn", "Quantity": 12}, {"Index": 5, "Type": "cwc_minecraft_purple_rn", "Quantity": 20}], "Pitch": 24.29989}, {"Timestamp": "2018-04-12 23:27:31", "ScreenshotPath": "235181-Builder-pickup.png"}, {"Timestamp": "2018-04-12 23:27:41", "Chat": ["<Architect> break the top block on the 3rd column"]}, {"BuilderGridAbsolute": [{"Y": 1, "X": -1, "Z": -3, "Type": "cwc_minecraft_blue_rn"}, {"Y": 1, "X": -1, "Z": -2, "Type": "cwc_minecraft_blue_rn"}, {"Y": 1, "X": -1, "Z": -1, "Type": "cwc_minecraft_blue_rn"}, {"Y": 1, "X": -1, "Z": 0, "Type": "cwc_minecraft_red_rn"}, {"Y": 1, "X": 0, "Z": 0, "Type": "cwc_minecraft_red_rn"}, {"Y": 1, "X": 2, "Z": 0, "Type": "cwc_minecraft_red_rn"}, {"Y": 1, "X": 3, "Z": 0, "Type": "cwc_minecraft_red_rn"}, {"Y": 2, "X": -1, "Z": -4, "Type": "cwc_minecraft_blue_rn"}, {"Y": 2, "X": -1, "Z": -3, "Type": "cwc_minecraft_blue_rn"}, {"Y": 2, "X": -1, "Z": -2, "Type": "cwc_minecraft_blue_rn"}, {"Y": 2, "X": -1, "Z": -1, "Type": "cwc_minecraft_blue_rn"}, {"Y": 2, "X": -1, "Z": 0, "Type": "cwc_minecraft_blue_rn"}, {"Y": 2, "X": 0, "Z": 0, "Type": "cwc_minecraft_red_rn"}, {"Y": 2, "X": 1, "Z": 0, "Type": "cwc_minecraft_red_rn"}, {"Y": 2, "X": 2, "Z": 0, "Type": "cwc_minecraft_red_rn"}], "XPos": -4.739576276176098, "TimeAlive": 5037, "ZPos": -3.01488748242586, "Timestamp": "2018-04-12 23:27:41", "Yaw": -95.4001, "YPos": 1.0, "ScreenshotPath": "245729-Builder-chat.png", "BuilderGridRelative": [{"Y": 0, "X": 4, "Z": 1, "Type": "cwc_minecraft_blue_rn"}, {"Y": 0, "X": 4, "Z": 2, "Type": "cwc_minecraft_blue_rn"}, {"Y": 0, "X": 4, "Z": 3, "Type": "cwc_minecraft_blue_rn"}, {"Y": 0, "X": 4, "Z": 4, "Type": "cwc_minecraft_red_rn"}, {"Y": 0, "X": 5, "Z": 4, "Type": "cwc_minecraft_red_rn"}, {"Y": 0, "X": 7, "Z": 4, "Type": "cwc_minecraft_red_rn"}, {"Y": 0, "X": 8, "Z": 4, "Type": "cwc_minecraft_red_rn"}, {"Y": 1, "X": 4, "Z": 0, "Type": "cwc_minecraft_blue_rn"}, {"Y": 1, "X": 4, "Z": 1, "Type": "cwc_minecraft_blue_rn"}, {"Y": 1, "X": 4, "Z": 2, "Type": "cwc_minecraft_blue_rn"}, {"Y": 1, "X": 4, "Z": 3, "Type": "cwc_minecraft_blue_rn"}, {"Y": 1, "X": 4, "Z": 4, "Type": "cwc_minecraft_blue_rn"}, {"Y": 1, "X": 5, "Z": 4, "Type": "cwc_minecraft_red_rn"}, {"Y": 1, "X": 6, "Z": 4, "Type": "cwc_minecraft_red_rn"}, {"Y": 1, "X": 7, "Z": 4, "Type": "cwc_minecraft_red_rn"}], "DistanceTravelled": 8406, "BuilderInventory": [{"Index": 0, "Type": "cwc_minecraft_red_rn", "Quantity": 13}, {"Index": 1, "Type": "cwc_minecraft_orange_rn", "Quantity": 20}, {"Index": 2, "Type": "cwc_minecraft_yellow_rn", "Quantity": 20}, {"Index": 3, "Type": "cwc_minecraft_green_rn", "Quantity": 20}, {"Index": 4, "Type": "cwc_minecraft_blue_rn", "Quantity": 12}, {"Index": 5, "Type": "cwc_minecraft_purple_rn", "Quantity": 20}], "Pitch": 22.04989}, {"BuilderGridAbsolute": [{"Y": 1, "X": -1, "Z": -3, "Type": "cwc_minecraft_blue_rn"}, {"Y": 1, "X": -1, "Z": -2, "Type": "cwc_minecraft_blue_rn"}, {"Y": 1, "X": -1, "Z": -1, "Type": "cwc_minecraft_blue_rn"}, {"Y": 1, "X": -1, "Z": 0, "Type": "cwc_minecraft_red_rn"}, {"Y": 1, "X": 0, "Z": 0, "Type": "cwc_minecraft_red_rn"}, {"Y": 1, "X": 2, "Z": 0, "Type": "cwc_minecraft_red_rn"}, {"Y": 1, "X": 3, "Z": 0, "Type": "cwc_minecraft_red_rn"}, {"Y": 2, "X": -1, "Z": -4, "Type": "cwc_minecraft_blue_rn"}, {"Y": 2, "X": -1, "Z": -3, "Type": "cwc_minecraft_blue_rn"}, {"Y": 2, "X": -1, "Z": -1, "Type": "cwc_minecraft_blue_rn"}, {"Y": 2, "X": -1, "Z": 0, "Type": "cwc_minecraft_blue_rn"}, {"Y": 2, "X": 0, "Z": 0, "Type": "cwc_minecraft_red_rn"}, {"Y": 2, "X": 1, "Z": 0, "Type": "cwc_minecraft_red_rn"}, {"Y": 2, "X": 2, "Z": 0, "Type": "cwc_minecraft_red_rn"}], "XPos": -3.9793657289349857, "TimeAlive": 5132, "ZPos": -1.787307427141101, "Timestamp": "2018-04-12 23:27:46", "Yaw": -82.20011, "YPos": 1.0, "BuilderGridRelative": [{"Y": 0, "X": 3, "Z": -1, "Type": "cwc_minecraft_blue_rn"}, {"Y": 0, "X": 3, "Z": 0, "Type": "cwc_minecraft_blue_rn"}, {"Y": 0, "X": 3, "Z": 1, "Type": "cwc_minecraft_blue_rn"}, {"Y": 0, "X": 3, "Z": 2, "Type": "cwc_minecraft_red_rn"}, {"Y": 0, "X": 4, "Z": 2, "Type": "cwc_minecraft_red_rn"}, {"Y": 0, "X": 6, "Z": 2, "Type": "cwc_minecraft_red_rn"}, {"Y": 0, "X": 7, "Z": 2, "Type": "cwc_minecraft_red_rn"}, {"Y": 1, "X": 3, "Z": -2, "Type": "cwc_minecraft_blue_rn"}, {"Y": 1, "X": 3, "Z": -1, "Type": "cwc_minecraft_blue_rn"}, {"Y": 1, "X": 3, "Z": 1, "Type": "cwc_minecraft_blue_rn"}, {"Y": 1, "X": 3, "Z": 2, "Type": "cwc_minecraft_blue_rn"}, {"Y": 1, "X": 4, "Z": 2, "Type": "cwc_minecraft_red_rn"}, {"Y": 1, "X": 5, "Z": 2, "Type": "cwc_minecraft_red_rn"}, {"Y": 1, "X": 6, "Z": 2, "Type": "cwc_minecraft_red_rn"}], "DistanceTravelled": 8597, "BuilderInventory": [{"Index": 0, "Type": "cwc_minecraft_red_rn", "Quantity": 13}, {"Index": 1, "Type": "cwc_minecraft_orange_rn", "Quantity": 20}, {"Index": 2, "Type": "cwc_minecraft_yellow_rn", "Quantity": 20}, {"Index": 3, "Type": "cwc_minecraft_green_rn", "Quantity": 20}, {"Index": 4, "Type": "cwc_minecraft_blue_rn", "Quantity": 13}, {"Index": 5, "Type": "cwc_minecraft_purple_rn", "Quantity": 20}], "Pitch": 4.1998916}, {"Timestamp": "2018-04-12 23:27:46", "ScreenshotPath": "250578-Builder-pickup.png"}, {"Timestamp": "2018-04-12 23:27:48", "Chat": ["<Architect> perfect"]}, {"BuilderGridAbsolute": [{"Y": 1, "X": -1, "Z": -3, "Type": "cwc_minecraft_blue_rn"}, {"Y": 1, "X": -1, "Z": -2, "Type": "cwc_minecraft_blue_rn"}, {"Y": 1, "X": -1, "Z": -1, "Type": "cwc_minecraft_blue_rn"}, {"Y": 1, "X": -1, "Z": 0, "Type": "cwc_minecraft_red_rn"}, {"Y": 1, "X": 0, "Z": 0, "Type": "cwc_minecraft_red_rn"}, {"Y": 1, "X": 2, "Z": 0, "Type": "cwc_minecraft_red_rn"}, {"Y": 1, "X": 3, "Z": 0, "Type": "cwc_minecraft_red_rn"}, {"Y": 2, "X": -1, "Z": -4, "Type": "cwc_minecraft_blue_rn"}, {"Y": 2, "X": -1, "Z": -3, "Type": "cwc_minecraft_blue_rn"}, {"Y": 2, "X": -1, "Z": -1, "Type": "cwc_minecraft_blue_rn"}, {"Y": 2, "X": -1, "Z": 0, "Type": "cwc_minecraft_blue_rn"}, {"Y": 2, "X": 0, "Z": 0, "Type": "cwc_minecraft_red_rn"}, {"Y": 2, "X": 1, "Z": 0, "Type": "cwc_minecraft_red_rn"}, {"Y": 2, "X": 2, "Z": 0, "Type": "cwc_minecraft_red_rn"}], "XPos": -4.831357518877093, "TimeAlive": 5176, "ZPos": -1.874736363477608, "Timestamp": "2018-04-12 23:27:48", "Yaw": -83.550125, "YPos": 1.0, "ScreenshotPath": "252678-Builder-chat.png", "BuilderGridRelative": [{"Y": 0, "X": 4, "Z": -1, "Type": "cwc_minecraft_blue_rn"}, {"Y": 0, "X": 4, "Z": 0, "Type": "cwc_minecraft_blue_rn"}, {"Y": 0, "X": 4, "Z": 1, "Type": "cwc_minecraft_blue_rn"}, {"Y": 0, "X": 4, "Z": 2, "Type": "cwc_minecraft_red_rn"}, {"Y": 0, "X": 5, "Z": 2, "Type": "cwc_minecraft_red_rn"}, {"Y": 0, "X": 7, "Z": 2, "Type": "cwc_minecraft_red_rn"}, {"Y": 0, "X": 8, "Z": 2, "Type": "cwc_minecraft_red_rn"}, {"Y": 1, "X": 4, "Z": -2, "Type": "cwc_minecraft_blue_rn"}, {"Y": 1, "X": 4, "Z": -1, "Type": "cwc_minecraft_blue_rn"}, {"Y": 1, "X": 4, "Z": 1, "Type": "cwc_minecraft_blue_rn"}, {"Y": 1, "X": 4, "Z": 2, "Type": "cwc_minecraft_blue_rn"}, {"Y": 1, "X": 5, "Z": 2, "Type": "cwc_minecraft_red_rn"}, {"Y": 1, "X": 6, "Z": 2, "Type": "cwc_minecraft_red_rn"}, {"Y": 1, "X": 7, "Z": 2, "Type": "cwc_minecraft_red_rn"}], "DistanceTravelled": 8683, "BuilderInventory": [{"Index": 0, "Type": "cwc_minecraft_red_rn", "Quantity": 13}, {"Index": 1, "Type": "cwc_minecraft_orange_rn", "Quantity": 20}, {"Index": 2, "Type": "cwc_minecraft_yellow_rn", "Quantity": 20}, {"Index": 3, "Type": "cwc_minecraft_green_rn", "Quantity": 20}, {"Index": 4, "Type": "cwc_minecraft_blue_rn", "Quantity": 13}, {"Index": 5, "Type": "cwc_minecraft_purple_rn", "Quantity": 20}], "Pitch": 6.4498925}], "NumFixedViewers": 4, "TimeElapsed": 265.16245007514954}