{"WorldStates": [{"BuilderPosition": {"Y": 1.0, "X": 0.0, "Yaw": -76.049995, "Z": 0.0, "Pitch": 38.399998}, "ChatHistory": ["<Builder> Mission has started."], "Timestamp": "2018-04-13 20:08:06", "BlocksInGrid": [], "ScreenshotPath": "0-Builder-chat.png", "BuilderInventory": [{"Index": 0, "Type": "cwc_minecraft_red_rn", "Quantity": 20}, {"Index": 1, "Type": "cwc_minecraft_orange_rn", "Quantity": 20}, {"Index": 2, "Type": "cwc_minecraft_yellow_rn", "Quantity": 20}, {"Index": 3, "Type": "cwc_minecraft_green_rn", "Quantity": 20}, {"Index": 4, "Type": "cwc_minecraft_blue_rn", "Quantity": 20}, {"Index": 5, "Type": "cwc_minecraft_purple_rn", "Quantity": 20}]}, {"BuilderPosition": {"Y": 1.0, "X": 0.0, "Yaw": 46.5, "Z": 0.0, "Pitch": 15.6}, "BuilderInventory": [{"Index": 0, "Type": "cwc_minecraft_red_rn", "Quantity": 20}, {"Index": 1, "Type": "cwc_minecraft_orange_rn", "Quantity": 20}, {"Index": 2, "Type": "cwc_minecraft_yellow_rn", "Quantity": 20}, {"Index": 3, "Type": "cwc_minecraft_green_rn", "Quantity": 20}, {"Index": 4, "Type": "cwc_minecraft_blue_rn", "Quantity": 20}, {"Index": 5, "Type": "cwc_minecraft_purple_rn", "Quantity": 20}], "ChatHistory": ["<Builder> Mission has started.", "<Architect> hello I'm ready"], "Timestamp": "2018-04-13 20:08:10", "BlocksInGrid": [], "ScreenshotPath": "3910-Builder-chat.png"}, {"BuilderPosition": {"Y": 1.0, "X": 0.0, "Yaw": 14.400003, "Z": 0.0, "Pitch": 13.500001}, "BuilderInventory": [{"Index": 0, "Type": "cwc_minecraft_red_rn", "Quantity": 20}, {"Index": 1, "Type": "cwc_minecraft_orange_rn", "Quantity": 20}, {"Index": 2, "Type": "cwc_minecraft_yellow_rn", "Quantity": 20}, {"Index": 3, "Type": "cwc_minecraft_green_rn", "Quantity": 20}, {"Index": 4, "Type": "cwc_minecraft_blue_rn", "Quantity": 20}, {"Index": 5, "Type": "cwc_minecraft_purple_rn", "Quantity": 20}], "ChatHistory": ["<Builder> Mission has started.", "<Architect> hello I'm ready", "<Builder> same"], "Timestamp": "2018-04-13 20:08:13", "BlocksInGrid": [], "ScreenshotPath": "6961-Builder-chat.png"}, {"BuilderPosition": {"Y": 1.0, "X": 3.091747322179259, "Yaw": -123.3, "Z": -2.66710709607328, "Pitch": 36.600006}, "ChatHistory": ["<Builder> Mission has started.", "<Architect> hello I'm ready", "<Builder> same", "<Architect> I mean are you ready? lol mb"], "Timestamp": "2018-04-13 20:08:17", "BlocksInGrid": [], "ScreenshotPath": "10526-Builder-chat.png", "BuilderInventory": [{"Index": 0, "Type": "cwc_minecraft_red_rn", "Quantity": 20}, {"Index": 1, "Type": "cwc_minecraft_orange_rn", "Quantity": 20}, {"Index": 2, "Type": "cwc_minecraft_yellow_rn", "Quantity": 20}, {"Index": 3, "Type": "cwc_minecraft_green_rn", "Quantity": 20}, {"Index": 4, "Type": "cwc_minecraft_blue_rn", "Quantity": 20}, {"Index": 5, "Type": "cwc_minecraft_purple_rn", "Quantity": 20}]}, {"BuilderPosition": {"Y": 1.0, "X": 5.436698052312227, "Yaw": 35.24998, "Z": -4.416884795013646, "Pitch": 90.0}, "ChatHistory": ["<Builder> Mission has started.", "<Architect> hello I'm ready", "<Builder> same", "<Architect> I mean are you ready? lol mb", "<Architect> please don't move at the beginning of the missions"], "Timestamp": "2018-04-13 20:08:24", "BlocksInGrid": [], "ScreenshotPath": "17177-Builder-chat.png", "BuilderInventory": [{"Index": 0, "Type": "cwc_minecraft_red_rn", "Quantity": 20}, {"Index": 1, "Type": "cwc_minecraft_orange_rn", "Quantity": 20}, {"Index": 2, "Type": "cwc_minecraft_yellow_rn", "Quantity": 20}, {"Index": 3, "Type": "cwc_minecraft_green_rn", "Quantity": 20}, {"Index": 4, "Type": "cwc_minecraft_blue_rn", "Quantity": 20}, {"Index": 5, "Type": "cwc_minecraft_purple_rn", "Quantity": 20}]}, {"BuilderPosition": {"Y": 1.0, "X": 5.436698052312227, "Yaw": 35.24998, "Z": -4.416884795013646, "Pitch": 90.0}, "ChatHistory": ["<Builder> Mission has started.", "<Architect> hello I'm ready", "<Builder> same", "<Architect> I mean are you ready? lol mb", "<Architect> please don't move at the beginning of the missions", "<Builder> sorry"], "Timestamp": "2018-04-13 20:08:32", "BlocksInGrid": [], "ScreenshotPath": "25424-Builder-chat.png", "BuilderInventory": [{"Index": 0, "Type": "cwc_minecraft_red_rn", "Quantity": 20}, {"Index": 1, "Type": "cwc_minecraft_orange_rn", "Quantity": 20}, {"Index": 2, "Type": "cwc_minecraft_yellow_rn", "Quantity": 20}, {"Index": 3, "Type": "cwc_minecraft_green_rn", "Quantity": 20}, {"Index": 4, "Type": "cwc_minecraft_blue_rn", "Quantity": 20}, {"Index": 5, "Type": "cwc_minecraft_purple_rn", "Quantity": 20}]}, {"BuilderPosition": {"Y": 1.0, "X": 5.436698052312227, "Yaw": 35.24998, "Z": -4.416884795013646, "Pitch": 90.0}, "ChatHistory": ["<Builder> Mission has started.", "<Architect> hello I'm ready", "<Builder> same", "<Architect> I mean are you ready? lol mb", "<Architect> please don't move at the beginning of the missions", "<Builder> sorry", "<Architect> place 3 blue blocks horizontally anywhere you want"], "Timestamp": "2018-04-13 20:08:34", "BlocksInGrid": [], "ScreenshotPath": "27825-Builder-chat.png", "BuilderInventory": [{"Index": 0, "Type": "cwc_minecraft_red_rn", "Quantity": 20}, {"Index": 1, "Type": "cwc_minecraft_orange_rn", "Quantity": 20}, {"Index": 2, "Type": "cwc_minecraft_yellow_rn", "Quantity": 20}, {"Index": 3, "Type": "cwc_minecraft_green_rn", "Quantity": 20}, {"Index": 4, "Type": "cwc_minecraft_blue_rn", "Quantity": 20}, {"Index": 5, "Type": "cwc_minecraft_purple_rn", "Quantity": 20}]}, {"BuilderPosition": {"Y": 1.0, "X": 2.9271546977639256, "Yaw": 18.29996, "Z": -2.430025377629999, "Pitch": 37.49999}, "BuilderInventory": [{"Index": 0, "Type": "cwc_minecraft_red_rn", "Quantity": 20}, {"Index": 1, "Type": "cwc_minecraft_orange_rn", "Quantity": 20}, {"Index": 2, "Type": "cwc_minecraft_yellow_rn", "Quantity": 20}, {"Index": 3, "Type": "cwc_minecraft_green_rn", "Quantity": 20}, {"Index": 4, "Type": "cwc_minecraft_blue_rn", "Quantity": 19}, {"Index": 5, "Type": "cwc_minecraft_purple_rn", "Quantity": 20}], "ChatHistory": ["<Builder> Mission has started.", "<Architect> hello I'm ready", "<Builder> same", "<Architect> I mean are you ready? lol mb", "<Architect> please don't move at the beginning of the missions", "<Builder> sorry", "<Architect> place 3 blue blocks horizontally anywhere you want"], "Timestamp": "2018-04-13 20:08:39", "BlocksInGrid": [{"PerspectiveCoordinates": {"Y": 1.1559472249762874, "X": 0.627983586286, "Z": 1.5064602976591774}, "AbsoluteCoordinates": {"Y": 1, "X": 2, "Z": -1}, "Type": "cwc_minecraft_blue_rn"}], "ScreenshotPath": "33372-Builder-putdown.png"}, {"BuilderPosition": {"Y": 1.0, "X": 0.8182045320947118, "Yaw": -19.650038, "Z": -2.829215751562262, "Pitch": 23.699991}, "ChatHistory": ["<Builder> Mission has started.", "<Architect> hello I'm ready", "<Builder> same", "<Architect> I mean are you ready? lol mb", "<Architect> please don't move at the beginning of the missions", "<Builder> sorry", "<Architect> place 3 blue blocks horizontally anywhere you want"], "Timestamp": "2018-04-13 20:08:41", "BlocksInGrid": [{"PerspectiveCoordinates": {"Y": 1.0274089395743187, "X": 1.2109799352800001, "Z": 2.340503891736481}, "AbsoluteCoordinates": {"Y": 1, "X": 2, "Z": -1}, "Type": "cwc_minecraft_blue_rn"}, {"PerspectiveCoordinates": {"Y": 1.4059488040636876, "X": 0.874705768548, "Z": 3.202842140790309}, "AbsoluteCoordinates": {"Y": 1, "X": 2, "Z": 0}, "Type": "cwc_minecraft_blue_rn"}], "ScreenshotPath": "34824-Builder-putdown.png", "BuilderInventory": [{"Index": 0, "Type": "cwc_minecraft_red_rn", "Quantity": 20}, {"Index": 1, "Type": "cwc_minecraft_orange_rn", "Quantity": 20}, {"Index": 2, "Type": "cwc_minecraft_yellow_rn", "Quantity": 20}, {"Index": 3, "Type": "cwc_minecraft_green_rn", "Quantity": 20}, {"Index": 4, "Type": "cwc_minecraft_blue_rn", "Quantity": 18}, {"Index": 5, "Type": "cwc_minecraft_purple_rn", "Quantity": 20}]}, {"BuilderPosition": {"Y": 1.0, "X": 0.8151061953120176, "Yaw": -42.600037, "Z": -2.829215751562262, "Pitch": 30.59999}, "ChatHistory": ["<Builder> Mission has started.", "<Architect> hello I'm ready", "<Builder> same", "<Architect> I mean are you ready? lol mb", "<Architect> please don't move at the beginning of the missions", "<Builder> sorry", "<Architect> place 3 blue blocks horizontally anywhere you want"], "Timestamp": "2018-04-13 20:08:45", "BlocksInGrid": [{"PerspectiveCoordinates": {"Y": 1.0638196546339647, "X": 0.7953168549909999, "Z": 1.7988215149307074}, "AbsoluteCoordinates": {"Y": 1, "X": 2, "Z": -2}, "Type": "cwc_minecraft_blue_rn"}, {"PerspectiveCoordinates": {"Y": 1.4385232249033137, "X": 0.11844040995799987, "Z": 2.432410902930661}, "AbsoluteCoordinates": {"Y": 1, "X": 2, "Z": -1}, "Type": "cwc_minecraft_blue_rn"}, {"PerspectiveCoordinates": {"Y": 1.813226795172663, "X": -0.5584360350750002, "Z": 3.0660002909306145}, "AbsoluteCoordinates": {"Y": 1, "X": 2, "Z": 0}, "Type": "cwc_minecraft_blue_rn"}], "ScreenshotPath": "38423-Builder-putdown.png", "BuilderInventory": [{"Index": 0, "Type": "cwc_minecraft_red_rn", "Quantity": 20}, {"Index": 1, "Type": "cwc_minecraft_orange_rn", "Quantity": 20}, {"Index": 2, "Type": "cwc_minecraft_yellow_rn", "Quantity": 20}, {"Index": 3, "Type": "cwc_minecraft_green_rn", "Quantity": 20}, {"Index": 4, "Type": "cwc_minecraft_blue_rn", "Quantity": 17}, {"Index": 5, "Type": "cwc_minecraft_purple_rn", "Quantity": 20}]}, {"BuilderPosition": {"Y": 1.0, "X": 0.8151061953120176, "Yaw": -42.600037, "Z": -2.829215751562262, "Pitch": 30.59999}, "ChatHistory": ["<Builder> Mission has started.", "<Architect> hello I'm ready", "<Builder> same", "<Architect> I mean are you ready? lol mb", "<Architect> please don't move at the beginning of the missions", "<Builder> sorry", "<Architect> place 3 blue blocks horizontally anywhere you want", "<Builder> like that?"], "Timestamp": "2018-04-13 20:08:48", "BlocksInGrid": [{"PerspectiveCoordinates": {"Y": 1.0638196546339647, "X": 0.7953168549909999, "Z": 1.7988215149307074}, "AbsoluteCoordinates": {"Y": 1, "X": 2, "Z": -2}, "Type": "cwc_minecraft_blue_rn"}, {"PerspectiveCoordinates": {"Y": 1.4385232249033137, "X": 0.11844040995799987, "Z": 2.432410902930661}, "AbsoluteCoordinates": {"Y": 1, "X": 2, "Z": -1}, "Type": "cwc_minecraft_blue_rn"}, {"PerspectiveCoordinates": {"Y": 1.813226795172663, "X": -0.5584360350750002, "Z": 3.0660002909306145}, "AbsoluteCoordinates": {"Y": 1, "X": 2, "Z": 0}, "Type": "cwc_minecraft_blue_rn"}], "ScreenshotPath": "41571-Builder-chat.png", "BuilderInventory": [{"Index": 0, "Type": "cwc_minecraft_red_rn", "Quantity": 20}, {"Index": 1, "Type": "cwc_minecraft_orange_rn", "Quantity": 20}, {"Index": 2, "Type": "cwc_minecraft_yellow_rn", "Quantity": 20}, {"Index": 3, "Type": "cwc_minecraft_green_rn", "Quantity": 20}, {"Index": 4, "Type": "cwc_minecraft_blue_rn", "Quantity": 17}, {"Index": 5, "Type": "cwc_minecraft_purple_rn", "Quantity": 20}]}, {"BuilderPosition": {"Y": 1.0, "X": 0.8151061953120176, "Yaw": -38.70004, "Z": -2.829215751562262, "Pitch": 29.100014}, "ChatHistory": ["<Builder> Mission has started.", "<Architect> hello I'm ready", "<Builder> same", "<Architect> I mean are you ready? lol mb", "<Architect> please don't move at the beginning of the missions", "<Builder> sorry", "<Architect> place 3 blue blocks horizontally anywhere you want", "<Builder> like that?", "<Architect> place 2 blue blocks on top of the left most blue block"], "Timestamp": "2018-04-13 20:09:02", "BlocksInGrid": [{"PerspectiveCoordinates": {"Y": 0.9877069205713419, "X": 0.9356167404929999, "Z": 1.774558072861985}, "AbsoluteCoordinates": {"Y": 1, "X": 2, "Z": -2}, "Type": "cwc_minecraft_blue_rn"}, {"PerspectiveCoordinates": {"Y": 1.3672577939555188, "X": 0.3103735393139999, "Z": 2.456476010660882}, "AbsoluteCoordinates": {"Y": 1, "X": 2, "Z": -1}, "Type": "cwc_minecraft_blue_rn"}, {"PerspectiveCoordinates": {"Y": 1.7468086673396956, "X": -0.3148696618650001, "Z": 3.1383939484597785}, "AbsoluteCoordinates": {"Y": 1, "X": 2, "Z": 0}, "Type": "cwc_minecraft_blue_rn"}], "ScreenshotPath": "55619-Builder-chat.png", "BuilderInventory": [{"Index": 0, "Type": "cwc_minecraft_red_rn", "Quantity": 20}, {"Index": 1, "Type": "cwc_minecraft_orange_rn", "Quantity": 20}, {"Index": 2, "Type": "cwc_minecraft_yellow_rn", "Quantity": 20}, {"Index": 3, "Type": "cwc_minecraft_green_rn", "Quantity": 20}, {"Index": 4, "Type": "cwc_minecraft_blue_rn", "Quantity": 17}, {"Index": 5, "Type": "cwc_minecraft_purple_rn", "Quantity": 20}]}, {"BuilderPosition": {"Y": 1.0, "X": 0.8151061953120176, "Yaw": -37.050037, "Z": -2.829215751562262, "Pitch": 22.200012}, "ChatHistory": ["<Builder> Mission has started.", "<Architect> hello I'm ready", "<Builder> same", "<Architect> I mean are you ready? lol mb", "<Architect> please don't move at the beginning of the missions", "<Builder> sorry", "<Architect> place 3 blue blocks horizontally anywhere you want", "<Builder> like that?", "<Architect> place 2 blue blocks on top of the left most blue block", "<Builder> relative to my position correct?"], "Timestamp": "2018-04-13 20:09:16", "BlocksInGrid": [{"PerspectiveCoordinates": {"Y": 0.7568661660226437, "X": 0.9937070182330001, "Z": 1.8546428143026863}, "AbsoluteCoordinates": {"Y": 1, "X": 2, "Z": -2}, "Type": "cwc_minecraft_blue_rn"}, {"PerspectiveCoordinates": {"Y": 1.0584246929589436, "X": 0.3911947679680001, "Z": 2.593588984948897}, "AbsoluteCoordinates": {"Y": 1, "X": 2, "Z": -1}, "Type": "cwc_minecraft_blue_rn"}, {"PerspectiveCoordinates": {"Y": 1.3599832198952437, "X": -0.21131748229699987, "Z": 3.332535155595108}, "AbsoluteCoordinates": {"Y": 1, "X": 2, "Z": 0}, "Type": "cwc_minecraft_blue_rn"}], "ScreenshotPath": "69267-Builder-chat.png", "BuilderInventory": [{"Index": 0, "Type": "cwc_minecraft_red_rn", "Quantity": 20}, {"Index": 1, "Type": "cwc_minecraft_orange_rn", "Quantity": 20}, {"Index": 2, "Type": "cwc_minecraft_yellow_rn", "Quantity": 20}, {"Index": 3, "Type": "cwc_minecraft_green_rn", "Quantity": 20}, {"Index": 4, "Type": "cwc_minecraft_blue_rn", "Quantity": 17}, {"Index": 5, "Type": "cwc_minecraft_purple_rn", "Quantity": 20}]}, {"BuilderPosition": {"Y": 1.0, "X": 0.8151061953120176, "Yaw": -35.550037, "Z": -2.829215751562262, "Pitch": 12.600014}, "ChatHistory": ["<Builder> Mission has started.", "<Architect> hello I'm ready", "<Builder> same", "<Architect> I mean are you ready? lol mb", "<Architect> please don't move at the beginning of the missions", "<Builder> sorry", "<Architect> place 3 blue blocks horizontally anywhere you want", "<Builder> like that?", "<Architect> place 2 blue blocks on top of the left most blue block", "<Builder> relative to my position correct?"], "Timestamp": "2018-04-13 20:09:17", "BlocksInGrid": [{"PerspectiveCoordinates": {"Y": 0.4311465162647721, "X": 1.045802438355, "Z": 1.928836421638129}, "AbsoluteCoordinates": {"Y": 1, "X": 2, "Z": -2}, "Type": "cwc_minecraft_blue_rn"}, {"PerspectiveCoordinates": {"Y": 0.6086298127764229, "X": 0.46438872863000014, "Z": 2.722850135374921}, "AbsoluteCoordinates": {"Y": 1, "X": 2, "Z": -1}, "Type": "cwc_minecraft_blue_rn"}, {"PerspectiveCoordinates": {"Y": 0.786113109288074, "X": -0.11702498109499981, "Z": 3.516863849111713}, "AbsoluteCoordinates": {"Y": 1, "X": 2, "Z": 0}, "Type": "cwc_minecraft_blue_rn"}, {"PerspectiveCoordinates": {"Y": 1.584546521412423, "X": 0.46438872863000014, "Z": 2.504706655516921}, "AbsoluteCoordinates": {"Y": 2, "X": 2, "Z": -1}, "Type": "cwc_minecraft_blue_rn"}], "ScreenshotPath": "70918-Builder-putdown.png", "BuilderInventory": [{"Index": 0, "Type": "cwc_minecraft_red_rn", "Quantity": 20}, {"Index": 1, "Type": "cwc_minecraft_orange_rn", "Quantity": 20}, {"Index": 2, "Type": "cwc_minecraft_yellow_rn", "Quantity": 20}, {"Index": 3, "Type": "cwc_minecraft_green_rn", "Quantity": 20}, {"Index": 4, "Type": "cwc_minecraft_blue_rn", "Quantity": 16}, {"Index": 5, "Type": "cwc_minecraft_purple_rn", "Quantity": 20}]}, {"BuilderPosition": {"Y": 1.0, "X": 0.8151061953120176, "Yaw": -48.150036, "Z": -2.829215751562262, "Pitch": 14.850014}, "ChatHistory": ["<Builder> Mission has started.", "<Architect> hello I'm ready", "<Builder> same", "<Architect> I mean are you ready? lol mb", "<Architect> please don't move at the beginning of the missions", "<Builder> sorry", "<Architect> place 3 blue blocks horizontally anywhere you want", "<Builder> like that?", "<Architect> place 2 blue blocks on top of the left most blue block", "<Builder> relative to my position correct?"], "Timestamp": "2018-04-13 20:09:18", "BlocksInGrid": [{"PerspectiveCoordinates": {"Y": 0.5528093190915765, "X": 0.5894701219530001, "Z": 2.084928495670228}, "AbsoluteCoordinates": {"Y": 1, "X": 2, "Z": -2}, "Type": "cwc_minecraft_blue_rn"}, {"PerspectiveCoordinates": {"Y": 0.723801209813879, "X": -0.15542435384199993, "Z": 2.7298269320448156}, "AbsoluteCoordinates": {"Y": 1, "X": 2, "Z": -1}, "Type": "cwc_minecraft_blue_rn"}, {"PerspectiveCoordinates": {"Y": 0.8947931005361816, "X": -0.9003188296369999, "Z": 3.3747253684194036}, "AbsoluteCoordinates": {"Y": 1, "X": 2, "Z": 0}, "Type": "cwc_minecraft_blue_rn"}, {"PerspectiveCoordinates": {"Y": 1.5194093584855766, "X": 0.5894701219530001, "Z": 1.828638886352228}, "AbsoluteCoordinates": {"Y": 2, "X": 2, "Z": -2}, "Type": "cwc_minecraft_blue_rn"}, {"PerspectiveCoordinates": {"Y": 1.690401249207879, "X": -0.15542435384199993, "Z": 2.4735373227268154}, "AbsoluteCoordinates": {"Y": 2, "X": 2, "Z": -1}, "Type": "cwc_minecraft_blue_rn"}], "ScreenshotPath": "71317-Builder-putdown.png", "BuilderInventory": [{"Index": 0, "Type": "cwc_minecraft_red_rn", "Quantity": 20}, {"Index": 1, "Type": "cwc_minecraft_orange_rn", "Quantity": 20}, {"Index": 2, "Type": "cwc_minecraft_yellow_rn", "Quantity": 20}, {"Index": 3, "Type": "cwc_minecraft_green_rn", "Quantity": 20}, {"Index": 4, "Type": "cwc_minecraft_blue_rn", "Quantity": 15}, {"Index": 5, "Type": "cwc_minecraft_purple_rn", "Quantity": 20}]}, {"BuilderPosition": {"Y": 1.0, "X": 0.8151061953120176, "Yaw": -32.700035, "Z": -2.829215751562262, "Pitch": 7.050012}, "BuilderInventory": [{"Index": 0, "Type": "cwc_minecraft_red_rn", "Quantity": 20}, {"Index": 1, "Type": "cwc_minecraft_orange_rn", "Quantity": 20}, {"Index": 2, "Type": "cwc_minecraft_yellow_rn", "Quantity": 20}, {"Index": 3, "Type": "cwc_minecraft_green_rn", "Quantity": 20}, {"Index": 4, "Type": "cwc_minecraft_blue_rn", "Quantity": 16}, {"Index": 5, "Type": "cwc_minecraft_purple_rn", "Quantity": 20}], "ChatHistory": ["<Builder> Mission has started.", "<Architect> hello I'm ready", "<Builder> same", "<Architect> I mean are you ready? lol mb", "<Architect> please don't move at the beginning of the missions", "<Builder> sorry", "<Architect> place 3 blue blocks horizontally anywhere you want", "<Builder> like that?", "<Architect> place 2 blue blocks on top of the left most blue block", "<Builder> relative to my position correct?"], "Timestamp": "2018-04-13 20:09:22", "BlocksInGrid": [{"PerspectiveCoordinates": {"Y": 0.2358969804461431, "X": 1.142780069335, "Z": 1.907460701494927}, "AbsoluteCoordinates": {"Y": 1, "X": 2, "Z": -2}, "Type": "cwc_minecraft_blue_rn"}, {"PerspectiveCoordinates": {"Y": 0.3391803250847559, "X": 0.6025392348080001, "Z": 2.7426088269372917}, "AbsoluteCoordinates": {"Y": 1, "X": 2, "Z": -1}, "Type": "cwc_minecraft_blue_rn"}, {"PerspectiveCoordinates": {"Y": 0.44246366972336865, "X": 0.06229840028100009, "Z": 3.5777569523796573}, "AbsoluteCoordinates": {"Y": 1, "X": 2, "Z": 0}, "Type": "cwc_minecraft_blue_rn"}, {"PerspectiveCoordinates": {"Y": 1.2283363773971432, "X": 1.142780069335, "Z": 1.784725036831927}, "AbsoluteCoordinates": {"Y": 2, "X": 2, "Z": -2}, "Type": "cwc_minecraft_blue_rn"}], "ScreenshotPath": "75966-Builder-pickup.png"}, {"BuilderPosition": {"Y": 2.176759275064237, "X": 0.8151061953120176, "Yaw": -52.350048, "Z": -2.829215751562262, "Pitch": 22.800016}, "ChatHistory": ["<Builder> Mission has started.", "<Architect> hello I'm ready", "<Builder> same", "<Architect> I mean are you ready? lol mb", "<Architect> please don't move at the beginning of the missions", "<Builder> sorry", "<Architect> place 3 blue blocks horizontally anywhere you want", "<Builder> like that?", "<Architect> place 2 blue blocks on top of the left most blue block", "<Builder> relative to my position correct?"], "Timestamp": "2018-04-13 20:09:26", "BlocksInGrid": [{"PerspectiveCoordinates": {"Y": -0.07151746763221409, "X": 0.429913941291, "Z": 2.410406450147725}, "AbsoluteCoordinates": {"Y": 1, "X": 2, "Z": -2}, "Type": "cwc_minecraft_blue_rn"}, {"PerspectiveCoordinates": {"Y": 0.1651910330190664, "X": -0.36184346008199997, "Z": 2.973513281123243}, "AbsoluteCoordinates": {"Y": 1, "X": 2, "Z": -1}, "Type": "cwc_minecraft_blue_rn"}, {"PerspectiveCoordinates": {"Y": 0.40189953367034686, "X": -1.153600861455, "Z": 3.5366201120987606}, "AbsoluteCoordinates": {"Y": 1, "X": 2, "Z": 0}, "Type": "cwc_minecraft_blue_rn"}, {"PerspectiveCoordinates": {"Y": 0.8503455757417859, "X": 0.429913941291, "Z": 2.0228906062627248}, "AbsoluteCoordinates": {"Y": 2, "X": 2, "Z": -2}, "Type": "cwc_minecraft_blue_rn"}, {"PerspectiveCoordinates": {"Y": 1.772208619115786, "X": 0.429913941291, "Z": 1.6353747623777248}, "AbsoluteCoordinates": {"Y": 3, "X": 2, "Z": -2}, "Type": "cwc_minecraft_blue_rn"}], "ScreenshotPath": "80115-Builder-putdown.png", "BuilderInventory": [{"Index": 0, "Type": "cwc_minecraft_red_rn", "Quantity": 20}, {"Index": 1, "Type": "cwc_minecraft_orange_rn", "Quantity": 20}, {"Index": 2, "Type": "cwc_minecraft_yellow_rn", "Quantity": 20}, {"Index": 3, "Type": "cwc_minecraft_green_rn", "Quantity": 20}, {"Index": 4, "Type": "cwc_minecraft_blue_rn", "Quantity": 15}, {"Index": 5, "Type": "cwc_minecraft_purple_rn", "Quantity": 20}]}, {"BuilderPosition": {"Y": 1.0, "X": 0.8151061953120176, "Yaw": -47.250046, "Z": -2.829215751562262, "Pitch": 23.55002}, "ChatHistory": ["<Builder> Mission has started.", "<Architect> hello I'm ready", "<Builder> same", "<Architect> I mean are you ready? lol mb", "<Architect> please don't move at the beginning of the missions", "<Builder> sorry", "<Architect> place 3 blue blocks horizontally anywhere you want", "<Builder> like that?", "<Architect> place 2 blue blocks on top of the left most blue block", "<Builder> relative to my position correct?", "<Architect> that's good"], "Timestamp": "2018-04-13 20:09:30", "BlocksInGrid": [{"PerspectiveCoordinates": {"Y": 0.8580111304939487, "X": 0.62327725755, "Z": 1.9685889261543361}, "AbsoluteCoordinates": {"Y": 1, "X": 2, "Z": -2}, "Type": "cwc_minecraft_blue_rn"}, {"PerspectiveCoordinates": {"Y": 1.1292254089409177, "X": -0.111045796862, "Z": 2.590852911072895}, "AbsoluteCoordinates": {"Y": 1, "X": 2, "Z": -1}, "Type": "cwc_minecraft_blue_rn"}, {"PerspectiveCoordinates": {"Y": 1.4004396873878866, "X": -0.845368851274, "Z": 3.2131168959914524}, "AbsoluteCoordinates": {"Y": 1, "X": 2, "Z": 0}, "Type": "cwc_minecraft_blue_rn"}, {"PerspectiveCoordinates": {"Y": 1.7747227420569487, "X": 0.62327725755, "Z": 1.5690394032833361}, "AbsoluteCoordinates": {"Y": 2, "X": 2, "Z": -2}, "Type": "cwc_minecraft_blue_rn"}, {"PerspectiveCoordinates": {"Y": 2.6914343536199485, "X": 0.62327725755, "Z": 1.1694898804123361}, "AbsoluteCoordinates": {"Y": 3, "X": 2, "Z": -2}, "Type": "cwc_minecraft_blue_rn"}], "ScreenshotPath": "83866-Builder-chat.png", "BuilderInventory": [{"Index": 0, "Type": "cwc_minecraft_red_rn", "Quantity": 20}, {"Index": 1, "Type": "cwc_minecraft_orange_rn", "Quantity": 20}, {"Index": 2, "Type": "cwc_minecraft_yellow_rn", "Quantity": 20}, {"Index": 3, "Type": "cwc_minecraft_green_rn", "Quantity": 20}, {"Index": 4, "Type": "cwc_minecraft_blue_rn", "Quantity": 15}, {"Index": 5, "Type": "cwc_minecraft_purple_rn", "Quantity": 20}]}], "NumFixedViewers": 4, "TimeElapsed": 107.62222099304199}