{"WorldStates": [{"Timestamp": "2018-04-13 20:08:06", "Chat": ["<Builder> Mission has started."], "ScreenshotPath": "0-Builder-chat.png"}, {"BuilderGridAbsolute": [], "XPos": 0.0, "TimeAlive": 303, "ZPos": 0.0, "Timestamp": "2018-04-13 20:08:06", "Yaw": -76.049995, "YPos": 1.0, "BuilderGridRelative": [], "DistanceTravelled": 0, "BuilderInventory": [{"Index": 0, "Type": "cwc_minecraft_red_rn", "Quantity": 20}, {"Index": 1, "Type": "cwc_minecraft_orange_rn", "Quantity": 20}, {"Index": 2, "Type": "cwc_minecraft_yellow_rn", "Quantity": 20}, {"Index": 3, "Type": "cwc_minecraft_green_rn", "Quantity": 20}, {"Index": 4, "Type": "cwc_minecraft_blue_rn", "Quantity": 20}, {"Index": 5, "Type": "cwc_minecraft_purple_rn", "Quantity": 20}], "Pitch": 38.399998}, {"Timestamp": "2018-04-13 20:08:10", "Chat": ["<Architect> hello I'm ready"]}, {"BuilderGridAbsolute": [], "XPos": 0.0, "TimeAlive": 380, "ZPos": 0.0, "Timestamp": "2018-04-13 20:08:10", "Yaw": 46.5, "YPos": 1.0, "ScreenshotPath": "3910-Builder-chat.png", "BuilderGridRelative": [], "DistanceTravelled": 0, "BuilderInventory": [{"Index": 0, "Type": "cwc_minecraft_red_rn", "Quantity": 20}, {"Index": 1, "Type": "cwc_minecraft_orange_rn", "Quantity": 20}, {"Index": 2, "Type": "cwc_minecraft_yellow_rn", "Quantity": 20}, {"Index": 3, "Type": "cwc_minecraft_green_rn", "Quantity": 20}, {"Index": 4, "Type": "cwc_minecraft_blue_rn", "Quantity": 20}, {"Index": 5, "Type": "cwc_minecraft_purple_rn", "Quantity": 20}], "Pitch": 15.6}, {"Timestamp": "2018-04-13 20:08:13", "Chat": ["<Builder> same"]}, {"BuilderGridAbsolute": [], "XPos": 0.0, "TimeAlive": 441, "ZPos": 0.0, "Timestamp": "2018-04-13 20:08:13", "Yaw": 14.400003, "YPos": 1.0, "ScreenshotPath": "6961-Builder-chat.png", "BuilderGridRelative": [], "DistanceTravelled": 0, "BuilderInventory": [{"Index": 0, "Type": "cwc_minecraft_red_rn", "Quantity": 20}, {"Index": 1, "Type": "cwc_minecraft_orange_rn", "Quantity": 20}, {"Index": 2, "Type": "cwc_minecraft_yellow_rn", "Quantity": 20}, {"Index": 3, "Type": "cwc_minecraft_green_rn", "Quantity": 20}, {"Index": 4, "Type": "cwc_minecraft_blue_rn", "Quantity": 20}, {"Index": 5, "Type": "cwc_minecraft_purple_rn", "Quantity": 20}], "Pitch": 13.500001}, {"Timestamp": "2018-04-13 20:08:17", "Chat": ["<Architect> I mean are you ready? lol mb"], "ScreenshotPath": "10526-Builder-chat.png"}, {"BuilderGridAbsolute": [], "XPos": 3.091747322179259, "TimeAlive": 513, "ZPos": -2.66710709607328, "Timestamp": "2018-04-13 20:08:17", "Yaw": -123.3, "YPos": 1.0, "BuilderGridRelative": [], "DistanceTravelled": 425, "BuilderInventory": [{"Index": 0, "Type": "cwc_minecraft_red_rn", "Quantity": 20}, {"Index": 1, "Type": "cwc_minecraft_orange_rn", "Quantity": 20}, {"Index": 2, "Type": "cwc_minecraft_yellow_rn", "Quantity": 20}, {"Index": 3, "Type": "cwc_minecraft_green_rn", "Quantity": 20}, {"Index": 4, "Type": "cwc_minecraft_blue_rn", "Quantity": 20}, {"Index": 5, "Type": "cwc_minecraft_purple_rn", "Quantity": 20}], "Pitch": 36.600006}, {"Timestamp": "2018-04-13 20:08:24", "Chat": ["<Architect> please don't move at the beginning of the missions"], "ScreenshotPath": "17177-Builder-chat.png"}, {"BuilderGridAbsolute": [], "XPos": 5.436698052312227, "TimeAlive": 646, "ZPos": -4.416884795013646, "Timestamp": "2018-04-13 20:08:24", "Yaw": 35.24998, "YPos": 1.0, "BuilderGridRelative": [], "DistanceTravelled": 847, "BuilderInventory": [{"Index": 0, "Type": "cwc_minecraft_red_rn", "Quantity": 20}, {"Index": 1, "Type": "cwc_minecraft_orange_rn", "Quantity": 20}, {"Index": 2, "Type": "cwc_minecraft_yellow_rn", "Quantity": 20}, {"Index": 3, "Type": "cwc_minecraft_green_rn", "Quantity": 20}, {"Index": 4, "Type": "cwc_minecraft_blue_rn", "Quantity": 20}, {"Index": 5, "Type": "cwc_minecraft_purple_rn", "Quantity": 20}], "Pitch": 90.0}, {"Timestamp": "2018-04-13 20:08:32", "Chat": ["<Builder> sorry"], "ScreenshotPath": "25424-Builder-chat.png"}, {"BuilderGridAbsolute": [], "XPos": 5.436698052312227, "TimeAlive": 811, "ZPos": -4.416884795013646, "Timestamp": "2018-04-13 20:08:32", "Yaw": 35.24998, "YPos": 1.0, "BuilderGridRelative": [], "DistanceTravelled": 847, "BuilderInventory": [{"Index": 0, "Type": "cwc_minecraft_red_rn", "Quantity": 20}, {"Index": 1, "Type": "cwc_minecraft_orange_rn", "Quantity": 20}, {"Index": 2, "Type": "cwc_minecraft_yellow_rn", "Quantity": 20}, {"Index": 3, "Type": "cwc_minecraft_green_rn", "Quantity": 20}, {"Index": 4, "Type": "cwc_minecraft_blue_rn", "Quantity": 20}, {"Index": 5, "Type": "cwc_minecraft_purple_rn", "Quantity": 20}], "Pitch": 90.0}, {"Timestamp": "2018-04-13 20:08:34", "Chat": ["<Architect> place 3 blue blocks horizontally anywhere you want"], "ScreenshotPath": "27825-Builder-chat.png"}, {"BuilderGridAbsolute": [], "XPos": 5.436698052312227, "TimeAlive": 859, "ZPos": -4.416884795013646, "Timestamp": "2018-04-13 20:08:34", "Yaw": 35.24998, "YPos": 1.0, "BuilderGridRelative": [], "DistanceTravelled": 847, "BuilderInventory": [{"Index": 0, "Type": "cwc_minecraft_red_rn", "Quantity": 20}, {"Index": 1, "Type": "cwc_minecraft_orange_rn", "Quantity": 20}, {"Index": 2, "Type": "cwc_minecraft_yellow_rn", "Quantity": 20}, {"Index": 3, "Type": "cwc_minecraft_green_rn", "Quantity": 20}, {"Index": 4, "Type": "cwc_minecraft_blue_rn", "Quantity": 20}, {"Index": 5, "Type": "cwc_minecraft_purple_rn", "Quantity": 20}], "Pitch": 90.0}, {"BuilderGridAbsolute": [{"Y": 1, "X": 2, "Z": -1, "Type": "cwc_minecraft_blue_rn"}], "XPos": 2.9271546977639256, "TimeAlive": 968, "ZPos": -2.430025377629999, "Timestamp": "2018-04-13 20:08:39", "Yaw": 18.29996, "YPos": 1.0, "BuilderGridRelative": [{"Y": 0, "X": 0, "Z": 2, "Type": "cwc_minecraft_blue_rn"}], "DistanceTravelled": 1203, "BuilderInventory": [{"Index": 0, "Type": "cwc_minecraft_red_rn", "Quantity": 20}, {"Index": 1, "Type": "cwc_minecraft_orange_rn", "Quantity": 20}, {"Index": 2, "Type": "cwc_minecraft_yellow_rn", "Quantity": 20}, {"Index": 3, "Type": "cwc_minecraft_green_rn", "Quantity": 20}, {"Index": 4, "Type": "cwc_minecraft_blue_rn", "Quantity": 19}, {"Index": 5, "Type": "cwc_minecraft_purple_rn", "Quantity": 20}], "Pitch": 37.49999}, {"Timestamp": "2018-04-13 20:08:40", "ScreenshotPath": "33372-Builder-putdown.png"}, {"BuilderGridAbsolute": [{"Y": 1, "X": 2, "Z": -1, "Type": "cwc_minecraft_blue_rn"}, {"Y": 1, "X": 2, "Z": 0, "Type": "cwc_minecraft_blue_rn"}], "XPos": 0.8182045320947118, "TimeAlive": 998, "ZPos": -2.829215751562262, "Timestamp": "2018-04-13 20:08:41", "Yaw": -19.650038, "YPos": 1.0, "ScreenshotPath": "34824-Builder-putdown.png", "BuilderGridRelative": [{"Y": 0, "X": 2, "Z": 2, "Type": "cwc_minecraft_blue_rn"}, {"Y": 0, "X": 2, "Z": 3, "Type": "cwc_minecraft_blue_rn"}], "DistanceTravelled": 1418, "BuilderInventory": [{"Index": 0, "Type": "cwc_minecraft_red_rn", "Quantity": 20}, {"Index": 1, "Type": "cwc_minecraft_orange_rn", "Quantity": 20}, {"Index": 2, "Type": "cwc_minecraft_yellow_rn", "Quantity": 20}, {"Index": 3, "Type": "cwc_minecraft_green_rn", "Quantity": 20}, {"Index": 4, "Type": "cwc_minecraft_blue_rn", "Quantity": 18}, {"Index": 5, "Type": "cwc_minecraft_purple_rn", "Quantity": 20}], "Pitch": 23.699991}, {"BuilderGridAbsolute": [{"Y": 1, "X": 2, "Z": -2, "Type": "cwc_minecraft_blue_rn"}, {"Y": 1, "X": 2, "Z": -1, "Type": "cwc_minecraft_blue_rn"}, {"Y": 1, "X": 2, "Z": 0, "Type": "cwc_minecraft_blue_rn"}], "XPos": 0.8151061953120176, "TimeAlive": 1070, "ZPos": -2.829215751562262, "Timestamp": "2018-04-13 20:08:45", "Yaw": -42.600037, "YPos": 1.0, "ScreenshotPath": "38423-Builder-putdown.png", "BuilderGridRelative": [{"Y": 0, "X": 2, "Z": 1, "Type": "cwc_minecraft_blue_rn"}, {"Y": 0, "X": 2, "Z": 2, "Type": "cwc_minecraft_blue_rn"}, {"Y": 0, "X": 2, "Z": 3, "Type": "cwc_minecraft_blue_rn"}], "DistanceTravelled": 1418, "BuilderInventory": [{"Index": 0, "Type": "cwc_minecraft_red_rn", "Quantity": 20}, {"Index": 1, "Type": "cwc_minecraft_orange_rn", "Quantity": 20}, {"Index": 2, "Type": "cwc_minecraft_yellow_rn", "Quantity": 20}, {"Index": 3, "Type": "cwc_minecraft_green_rn", "Quantity": 20}, {"Index": 4, "Type": "cwc_minecraft_blue_rn", "Quantity": 17}, {"Index": 5, "Type": "cwc_minecraft_purple_rn", "Quantity": 20}], "Pitch": 30.59999}, {"Timestamp": "2018-04-13 20:08:48", "Chat": ["<Builder> like that?"], "ScreenshotPath": "41571-Builder-chat.png"}, {"BuilderGridAbsolute": [{"Y": 1, "X": 2, "Z": -2, "Type": "cwc_minecraft_blue_rn"}, {"Y": 1, "X": 2, "Z": -1, "Type": "cwc_minecraft_blue_rn"}, {"Y": 1, "X": 2, "Z": 0, "Type": "cwc_minecraft_blue_rn"}], "XPos": 0.8151061953120176, "TimeAlive": 1134, "ZPos": -2.829215751562262, "Timestamp": "2018-04-13 20:08:48", "Yaw": -42.600037, "YPos": 1.0, "BuilderGridRelative": [{"Y": 0, "X": 2, "Z": 1, "Type": "cwc_minecraft_blue_rn"}, {"Y": 0, "X": 2, "Z": 2, "Type": "cwc_minecraft_blue_rn"}, {"Y": 0, "X": 2, "Z": 3, "Type": "cwc_minecraft_blue_rn"}], "DistanceTravelled": 1418, "BuilderInventory": [{"Index": 0, "Type": "cwc_minecraft_red_rn", "Quantity": 20}, {"Index": 1, "Type": "cwc_minecraft_orange_rn", "Quantity": 20}, {"Index": 2, "Type": "cwc_minecraft_yellow_rn", "Quantity": 20}, {"Index": 3, "Type": "cwc_minecraft_green_rn", "Quantity": 20}, {"Index": 4, "Type": "cwc_minecraft_blue_rn", "Quantity": 17}, {"Index": 5, "Type": "cwc_minecraft_purple_rn", "Quantity": 20}], "Pitch": 30.59999}, {"Timestamp": "2018-04-13 20:09:02", "Chat": ["<Architect> place 2 blue blocks on top of the left most blue block"], "ScreenshotPath": "55619-Builder-chat.png"}, {"BuilderGridAbsolute": [{"Y": 1, "X": 2, "Z": -2, "Type": "cwc_minecraft_blue_rn"}, {"Y": 1, "X": 2, "Z": -1, "Type": "cwc_minecraft_blue_rn"}, {"Y": 1, "X": 2, "Z": 0, "Type": "cwc_minecraft_blue_rn"}], "XPos": 0.8151061953120176, "TimeAlive": 1415, "ZPos": -2.829215751562262, "Timestamp": "2018-04-13 20:09:02", "Yaw": -38.70004, "YPos": 1.0, "BuilderGridRelative": [{"Y": 0, "X": 2, "Z": 1, "Type": "cwc_minecraft_blue_rn"}, {"Y": 0, "X": 2, "Z": 2, "Type": "cwc_minecraft_blue_rn"}, {"Y": 0, "X": 2, "Z": 3, "Type": "cwc_minecraft_blue_rn"}], "DistanceTravelled": 1418, "BuilderInventory": [{"Index": 0, "Type": "cwc_minecraft_red_rn", "Quantity": 20}, {"Index": 1, "Type": "cwc_minecraft_orange_rn", "Quantity": 20}, {"Index": 2, "Type": "cwc_minecraft_yellow_rn", "Quantity": 20}, {"Index": 3, "Type": "cwc_minecraft_green_rn", "Quantity": 20}, {"Index": 4, "Type": "cwc_minecraft_blue_rn", "Quantity": 17}, {"Index": 5, "Type": "cwc_minecraft_purple_rn", "Quantity": 20}], "Pitch": 29.100014}, {"Timestamp": "2018-04-13 20:09:16", "Chat": ["<Builder> relative to my position correct?"], "ScreenshotPath": "69267-Builder-chat.png"}, {"BuilderGridAbsolute": [{"Y": 1, "X": 2, "Z": -2, "Type": "cwc_minecraft_blue_rn"}, {"Y": 1, "X": 2, "Z": -1, "Type": "cwc_minecraft_blue_rn"}, {"Y": 1, "X": 2, "Z": 0, "Type": "cwc_minecraft_blue_rn"}], "XPos": 0.8151061953120176, "TimeAlive": 1688, "ZPos": -2.829215751562262, "Timestamp": "2018-04-13 20:09:16", "Yaw": -37.050037, "YPos": 1.0, "BuilderGridRelative": [{"Y": 0, "X": 2, "Z": 1, "Type": "cwc_minecraft_blue_rn"}, {"Y": 0, "X": 2, "Z": 2, "Type": "cwc_minecraft_blue_rn"}, {"Y": 0, "X": 2, "Z": 3, "Type": "cwc_minecraft_blue_rn"}], "DistanceTravelled": 1418, "BuilderInventory": [{"Index": 0, "Type": "cwc_minecraft_red_rn", "Quantity": 20}, {"Index": 1, "Type": "cwc_minecraft_orange_rn", "Quantity": 20}, {"Index": 2, "Type": "cwc_minecraft_yellow_rn", "Quantity": 20}, {"Index": 3, "Type": "cwc_minecraft_green_rn", "Quantity": 20}, {"Index": 4, "Type": "cwc_minecraft_blue_rn", "Quantity": 17}, {"Index": 5, "Type": "cwc_minecraft_purple_rn", "Quantity": 20}], "Pitch": 22.200012}, {"BuilderGridAbsolute": [{"Y": 1, "X": 2, "Z": -2, "Type": "cwc_minecraft_blue_rn"}, {"Y": 1, "X": 2, "Z": -1, "Type": "cwc_minecraft_blue_rn"}, {"Y": 1, "X": 2, "Z": 0, "Type": "cwc_minecraft_blue_rn"}, {"Y": 2, "X": 2, "Z": -1, "Type": "cwc_minecraft_blue_rn"}], "XPos": 0.8151061953120176, "TimeAlive": 1720, "ZPos": -2.829215751562262, "Timestamp": "2018-04-13 20:09:17", "Yaw": -35.550037, "YPos": 1.0, "ScreenshotPath": "70918-Builder-putdown.png", "BuilderGridRelative": [{"Y": 0, "X": 2, "Z": 1, "Type": "cwc_minecraft_blue_rn"}, {"Y": 0, "X": 2, "Z": 2, "Type": "cwc_minecraft_blue_rn"}, {"Y": 0, "X": 2, "Z": 3, "Type": "cwc_minecraft_blue_rn"}, {"Y": 1, "X": 2, "Z": 2, "Type": "cwc_minecraft_blue_rn"}], "DistanceTravelled": 1418, "BuilderInventory": [{"Index": 0, "Type": "cwc_minecraft_red_rn", "Quantity": 20}, {"Index": 1, "Type": "cwc_minecraft_orange_rn", "Quantity": 20}, {"Index": 2, "Type": "cwc_minecraft_yellow_rn", "Quantity": 20}, {"Index": 3, "Type": "cwc_minecraft_green_rn", "Quantity": 20}, {"Index": 4, "Type": "cwc_minecraft_blue_rn", "Quantity": 16}, {"Index": 5, "Type": "cwc_minecraft_purple_rn", "Quantity": 20}], "Pitch": 12.600014}, {"BuilderGridAbsolute": [{"Y": 1, "X": 2, "Z": -2, "Type": "cwc_minecraft_blue_rn"}, {"Y": 1, "X": 2, "Z": -1, "Type": "cwc_minecraft_blue_rn"}, {"Y": 1, "X": 2, "Z": 0, "Type": "cwc_minecraft_blue_rn"}, {"Y": 2, "X": 2, "Z": -2, "Type": "cwc_minecraft_blue_rn"}, {"Y": 2, "X": 2, "Z": -1, "Type": "cwc_minecraft_blue_rn"}], "XPos": 0.8151061953120176, "TimeAlive": 1728, "ZPos": -2.829215751562262, "Timestamp": "2018-04-13 20:09:18", "Yaw": -48.150036, "YPos": 1.0, "ScreenshotPath": "71317-Builder-putdown.png", "BuilderGridRelative": [{"Y": 0, "X": 2, "Z": 1, "Type": "cwc_minecraft_blue_rn"}, {"Y": 0, "X": 2, "Z": 2, "Type": "cwc_minecraft_blue_rn"}, {"Y": 0, "X": 2, "Z": 3, "Type": "cwc_minecraft_blue_rn"}, {"Y": 1, "X": 2, "Z": 1, "Type": "cwc_minecraft_blue_rn"}, {"Y": 1, "X": 2, "Z": 2, "Type": "cwc_minecraft_blue_rn"}], "DistanceTravelled": 1418, "BuilderInventory": [{"Index": 0, "Type": "cwc_minecraft_red_rn", "Quantity": 20}, {"Index": 1, "Type": "cwc_minecraft_orange_rn", "Quantity": 20}, {"Index": 2, "Type": "cwc_minecraft_yellow_rn", "Quantity": 20}, {"Index": 3, "Type": "cwc_minecraft_green_rn", "Quantity": 20}, {"Index": 4, "Type": "cwc_minecraft_blue_rn", "Quantity": 15}, {"Index": 5, "Type": "cwc_minecraft_purple_rn", "Quantity": 20}], "Pitch": 14.850014}, {"BuilderGridAbsolute": [{"Y": 1, "X": 2, "Z": -2, "Type": "cwc_minecraft_blue_rn"}, {"Y": 1, "X": 2, "Z": -1, "Type": "cwc_minecraft_blue_rn"}, {"Y": 1, "X": 2, "Z": 0, "Type": "cwc_minecraft_blue_rn"}, {"Y": 2, "X": 2, "Z": -2, "Type": "cwc_minecraft_blue_rn"}], "XPos": 0.8151061953120176, "TimeAlive": 1819, "ZPos": -2.829215751562262, "Timestamp": "2018-04-13 20:09:22", "Yaw": -32.700035, "YPos": 1.0, "BuilderGridRelative": [{"Y": 0, "X": 2, "Z": 1, "Type": "cwc_minecraft_blue_rn"}, {"Y": 0, "X": 2, "Z": 2, "Type": "cwc_minecraft_blue_rn"}, {"Y": 0, "X": 2, "Z": 3, "Type": "cwc_minecraft_blue_rn"}, {"Y": 1, "X": 2, "Z": 1, "Type": "cwc_minecraft_blue_rn"}], "DistanceTravelled": 1418, "BuilderInventory": [{"Index": 0, "Type": "cwc_minecraft_red_rn", "Quantity": 20}, {"Index": 1, "Type": "cwc_minecraft_orange_rn", "Quantity": 20}, {"Index": 2, "Type": "cwc_minecraft_yellow_rn", "Quantity": 20}, {"Index": 3, "Type": "cwc_minecraft_green_rn", "Quantity": 20}, {"Index": 4, "Type": "cwc_minecraft_blue_rn", "Quantity": 16}, {"Index": 5, "Type": "cwc_minecraft_purple_rn", "Quantity": 20}], "Pitch": 7.050012}, {"Timestamp": "2018-04-13 20:09:22", "ScreenshotPath": "75966-Builder-pickup.png"}, {"BuilderGridAbsolute": [{"Y": 1, "X": 2, "Z": -2, "Type": "cwc_minecraft_blue_rn"}, {"Y": 1, "X": 2, "Z": -1, "Type": "cwc_minecraft_blue_rn"}, {"Y": 1, "X": 2, "Z": 0, "Type": "cwc_minecraft_blue_rn"}, {"Y": 2, "X": 2, "Z": -2, "Type": "cwc_minecraft_blue_rn"}, {"Y": 3, "X": 2, "Z": -2, "Type": "cwc_minecraft_blue_rn"}], "XPos": 0.8151061953120176, "TimeAlive": 1904, "ZPos": -2.829215751562262, "Timestamp": "2018-04-13 20:09:26", "Yaw": -52.350048, "YPos": 2.176759275064237, "ScreenshotPath": "80115-Builder-putdown.png", "BuilderGridRelative": [{"Y": -1, "X": 2, "Z": 1, "Type": "cwc_minecraft_blue_rn"}, {"Y": -1, "X": 2, "Z": 2, "Type": "cwc_minecraft_blue_rn"}, {"Y": -1, "X": 2, "Z": 3, "Type": "cwc_minecraft_blue_rn"}, {"Y": 0, "X": 2, "Z": 1, "Type": "cwc_minecraft_blue_rn"}, {"Y": 1, "X": 2, "Z": 1, "Type": "cwc_minecraft_blue_rn"}], "DistanceTravelled": 1418, "BuilderInventory": [{"Index": 0, "Type": "cwc_minecraft_red_rn", "Quantity": 20}, {"Index": 1, "Type": "cwc_minecraft_orange_rn", "Quantity": 20}, {"Index": 2, "Type": "cwc_minecraft_yellow_rn", "Quantity": 20}, {"Index": 3, "Type": "cwc_minecraft_green_rn", "Quantity": 20}, {"Index": 4, "Type": "cwc_minecraft_blue_rn", "Quantity": 15}, {"Index": 5, "Type": "cwc_minecraft_purple_rn", "Quantity": 20}], "Pitch": 22.800016}, {"Timestamp": "2018-04-13 20:09:30", "Chat": ["<Architect> that's good"], "ScreenshotPath": "83866-Builder-chat.png"}, {"BuilderGridAbsolute": [{"Y": 1, "X": 2, "Z": -2, "Type": "cwc_minecraft_blue_rn"}, {"Y": 1, "X": 2, "Z": -1, "Type": "cwc_minecraft_blue_rn"}, {"Y": 1, "X": 2, "Z": 0, "Type": "cwc_minecraft_blue_rn"}, {"Y": 2, "X": 2, "Z": -2, "Type": "cwc_minecraft_blue_rn"}, {"Y": 3, "X": 2, "Z": -2, "Type": "cwc_minecraft_blue_rn"}], "XPos": 0.8151061953120176, "TimeAlive": 1980, "ZPos": -2.829215751562262, "Timestamp": "2018-04-13 20:09:30", "Yaw": -47.250046, "YPos": 1.0, "BuilderGridRelative": [{"Y": 0, "X": 2, "Z": 1, "Type": "cwc_minecraft_blue_rn"}, {"Y": 0, "X": 2, "Z": 2, "Type": "cwc_minecraft_blue_rn"}, {"Y": 0, "X": 2, "Z": 3, "Type": "cwc_minecraft_blue_rn"}, {"Y": 1, "X": 2, "Z": 1, "Type": "cwc_minecraft_blue_rn"}, {"Y": 2, "X": 2, "Z": 1, "Type": "cwc_minecraft_blue_rn"}], "DistanceTravelled": 1418, "BuilderInventory": [{"Index": 0, "Type": "cwc_minecraft_red_rn", "Quantity": 20}, {"Index": 1, "Type": "cwc_minecraft_orange_rn", "Quantity": 20}, {"Index": 2, "Type": "cwc_minecraft_yellow_rn", "Quantity": 20}, {"Index": 3, "Type": "cwc_minecraft_green_rn", "Quantity": 20}, {"Index": 4, "Type": "cwc_minecraft_blue_rn", "Quantity": 15}, {"Index": 5, "Type": "cwc_minecraft_purple_rn", "Quantity": 20}], "Pitch": 23.55002}], "NumFixedViewers": 4, "TimeElapsed": 107.62222099304199}